t;K;theta_a;theta_o;theta_h;ll
0;0.369;22.1;41.8;49.3;0
1;0.3687;22.1;41.7;49.3;0
2;0.3686;22.2;41.7;49.3;0
3;0.3683;22.1;41.7;49.2;0
4;0.3671;22.2;41.7;49.2;0
5;0.366;22.1;41.7;49.1;0
6;0.3677;22.1;41.7;49.0;0
7;0.369;22.1;41.6;49.1;0
8;0.3692;22.1;41.6;49.0;0
9;0.3672;22.0;41.5;49.0;0
10;0.3678;22.1;41.6;49.0;0
11;0.3654;22.0;41.6;48.7;0
12;0.3669;22.1;41.6;48.9;0
13;0.3672;22.1;41.5;48.9;0
14;0.3644;22.0;41.5;48.6;0
15;0.3639;22.1;41.4;48.6;0
16;0.3636;22.1;41.5;48.6;0
17;0.364;22.0;41.5;48.7;0
18;0.3661;22.0;41.4;48.5;0
19;0.3667;22.0;41.4;48.5;0
20;0.3658;22.0;41.4;48.6;0
21;0.3672;21.9;41.3;48.4;0
22;0.3685;22.0;41.3;48.7;0
23;0.366;21.9;41.3;48.3;0
24;0.3656;21.9;41.3;48.5;0
25;0.3664;21.9;41.3;48.5;0
26;0.3665;22.0;41.3;48.3;0
27;0.3652;21.9;41.3;48.5;0
28;0.3661;21.9;41.2;48.4;0
29;0.3647;21.8;41.2;48.2;0
30;0.3641;21.9;41.2;48.2;0
31;0.3618;21.8;41.2;48.1;0
32;0.3611;21.9;41.2;48.1;0
33;0.3615;21.9;41.2;48.1;0
34;0.361;21.9;41.2;48.0;0
35;0.3595;21.9;41.2;48.1;0
36;0.3606;21.9;41.1;48.0;0
37;0.3615;21.9;41.1;48.0;0
38;0.3619;21.9;41.1;47.9;0
39;0.3637;21.9;41.1;47.9;0
40;0.3632;21.9;41.1;47.7;0
41;0.3638;21.9;41.1;47.8;0
42;0.3648;21.8;41.1;47.9;0
43;0.3641;21.8;41.1;47.8;0
44;0.3637;21.8;41.0;47.9;0
45;0.3616;21.9;41.0;47.7;0
46;0.3629;21.8;41.0;47.7;0
47;0.3623;21.8;41.0;47.7;0
48;0.3616;21.8;41.0;47.7;0
49;0.36;21.8;41.0;47.7;0
50;0.3594;21.8;41.0;47.7;0
51;0.3594;21.8;41.0;47.6;0
52;0.3602;21.8;41.0;47.7;0
53;0.3599;21.9;40.9;47.6;0
54;0.3598;21.8;40.9;47.6;0
55;0.3611;21.9;40.9;47.5;0
56;0.3637;21.9;40.9;47.5;0
57;0.3632;21.9;40.9;47.5;0
58;0.3595;21.9;40.9;47.6;0
59;0.3594;21.9;40.9;47.5;0
60;0.3595;21.9;40.9;47.5;0
61;0.3576;21.8;40.9;47.4;0
62;0.3584;21.8;40.9;47.5;0
63;0.358;21.8;40.8;47.4;0
64;0.3573;21.8;40.8;47.3;0
65;0.3579;21.8;40.8;47.3;0
66;0.3561;21.9;40.8;47.3;0
67;0.3558;21.8;40.7;47.2;0
68;0.3574;21.8;40.7;47.3;0
69;0.3583;21.8;40.7;47.2;0
70;0.3596;21.8;40.8;47.1;0
71;0.3573;21.8;40.8;47.2;0
72;0.3583;21.8;40.8;47.2;0
73;0.3576;21.9;40.7;47.2;0
74;0.3563;21.9;40.6;47.1;0
75;0.3564;21.9;40.6;47.0;0
76;0.3576;21.9;40.6;47.1;0
77;0.3575;21.9;40.6;47.1;0
78;0.3569;21.9;40.6;47.0;0
79;0.3542;21.9;40.6;47.0;0
80;0.3573;21.9;40.6;46.9;0
81;0.3563;22.0;40.6;47.0;0
82;0.3554;21.9;40.5;46.9;0
83;0.3544;21.9;40.5;46.8;0
84;0.3546;21.9;40.5;46.9;0
85;0.3579;22.0;40.5;46.8;0
86;0.3582;21.9;40.5;46.8;0
87;0.357;22.0;40.5;46.8;0
88;0.3562;22.0;40.4;46.8;0
89;0.3551;22.0;40.4;46.8;0
90;0.354;22.0;40.4;46.7;0
91;0.3548;21.9;40.4;46.7;0
92;0.3546;22.0;40.4;46.7;0
93;0.3552;21.9;40.4;46.6;0
94;0.3564;21.9;40.4;46.7;0
95;0.3565;21.9;40.4;46.6;0
96;0.3559;21.9;40.2;46.6;0
97;0.3553;21.9;40.3;46.6;0
98;0.3566;21.9;40.2;46.6;0
99;0.3572;21.9;40.2;46.6;0
100;0.3564;21.9;40.2;46.5;0
101;0.3573;21.9;40.3;46.5;0
102;0.3555;21.9;40.2;46.6;0
103;0.356;22.0;40.3;46.5;0
104;0.3554;21.9;40.3;46.4;0
105;0.3561;22.0;40.3;46.4;0
106;0.3547;21.9;40.3;46.4;0
107;0.3544;22.0;40.2;46.5;0
108;0.356;21.9;40.1;46.4;0
109;0.3546;21.9;40.1;46.3;0
110;0.3544;21.9;40.1;46.4;0
111;0.354;21.9;40.1;46.4;0
112;0.3537;21.9;40.2;46.4;0
113;0.3554;21.9;40.2;46.3;0
114;0.3551;21.9;40.2;46.3;0
115;0.3551;21.9;40.2;46.3;0
116;0.3557;21.9;40.2;46.3;0
117;0.3565;21.9;40.1;46.2;0
118;0.3569;21.8;40.1;46.2;0
119;0.3559;21.8;40.0;46.2;0
120;0.3561;21.8;40.1;46.3;0
121;0.3556;21.9;40.0;46.2;0
122;0.3516;21.8;40.0;46.2;0
123;0.3529;21.8;40.0;46.2;0
124;0.352;21.8;40.0;46.2;0
125;0.3535;21.8;40.0;46.1;0
126;0.3537;21.8;40.0;46.1;0
127;0.354;21.8;40.0;46.1;0
128;0.3529;21.8;40.0;46.1;0
129;0.3522;21.8;40.0;46.1;0
130;0.3514;21.8;40.0;46.0;0
131;0.3505;21.8;39.9;46.1;0
132;0.3521;21.8;39.9;46.0;0
133;0.3513;21.8;39.9;46.0;0
134;0.354;21.8;39.9;46.0;0
135;0.3502;21.8;39.9;46.0;0
136;0.3519;21.8;39.9;46.0;0
137;0.3508;21.8;39.9;45.9;0
138;0.3507;21.8;39.9;45.9;0
139;0.3508;21.8;40.0;45.9;0
140;0.3506;21.9;39.9;45.9;0
141;0.3517;21.8;39.9;45.9;0
142;0.3517;21.8;39.9;45.9;0
143;0.3514;21.8;39.8;45.9;0
144;0.3501;21.8;39.8;45.8;0
145;0.3533;21.8;39.7;45.8;0
146;0.3542;21.8;39.8;45.8;0
147;0.3535;21.8;39.8;45.8;0
148;0.3517;21.8;39.7;45.8;0
149;0.3525;21.8;39.7;45.8;0
150;0.352;21.8;39.7;45.7;0
151;0.3512;21.8;39.7;45.8;0
152;0.3498;21.8;39.8;45.8;0
153;0.3494;21.8;39.7;45.8;0
154;0.3488;21.8;39.7;45.6;0
155;0.3482;21.8;39.8;45.7;0
156;0.348;21.7;39.8;45.6;0
157;0.3482;21.8;39.6;45.6;0
158;0.349;21.7;39.6;45.6;0
159;0.3489;21.7;39.6;45.6;0
160;0.3496;21.7;39.6;45.6;0
161;0.3488;21.8;39.6;45.6;0
162;0.3479;21.8;39.6;45.5;0
163;0.3482;21.7;39.6;45.5;0
164;0.3473;21.8;39.7;45.5;0
165;0.3475;21.7;39.7;45.5;0
166;0.3501;21.8;39.6;45.5;0
167;0.3489;21.8;39.6;45.5;0
168;0.3512;21.7;39.6;45.5;0
169;0.3518;21.7;39.5;45.4;0
170;0.3527;21.6;39.5;45.5;0
171;0.3516;21.7;39.5;45.4;0
172;0.3515;21.7;39.5;45.5;0
173;0.3515;21.7;39.5;45.5;0
174;0.3514;21.7;39.5;45.5;0
175;0.3505;21.7;39.5;45.5;0
176;0.3492;21.7;39.5;45.4;0
177;0.3486;21.6;39.5;45.4;0
178;0.3485;21.5;39.5;45.4;0
179;0.3491;21.6;39.4;45.3;0
180;0.3485;21.6;39.4;45.3;0
181;0.3487;21.6;39.4;45.3;0
182;0.3498;21.6;39.4;45.4;0
183;0.3477;21.6;39.4;45.3;0
184;0.3468;21.5;39.4;45.3;0
185;0.3461;21.6;39.4;45.1;0
186;0.3475;21.5;39.4;45.2;0
187;0.3469;21.5;39.4;45.2;0
188;0.3472;21.5;39.4;45.2;0
189;0.346;21.5;39.4;45.0;0
190;0.3472;21.5;39.4;45.0;0
191;0.3467;21.5;39.4;45.1;0
192;0.3469;21.6;39.4;45.2;0
193;0.3494;21.6;39.4;44.9;0
194;0.3521;21.6;39.4;45.1;0
195;0.3507;21.6;39.3;45.2;0
196;0.3471;21.6;39.3;44.9;0
197;0.3478;21.6;39.3;44.9;0
198;0.3469;21.5;39.3;45.1;0
199;0.3477;21.5;39.3;45.1;0
200;0.3452;21.5;39.3;45.1;0
201;0.3455;21.4;39.3;44.9;0
202;0.3448;21.4;39.3;44.9;0
203;0.344;21.4;39.3;44.8;0
204;0.3444;21.4;39.2;44.8;0
205;0.3428;21.5;39.2;44.8;0
206;0.3434;21.5;39.2;44.9;0
207;0.3439;21.5;39.2;45.0;0
208;0.3446;21.5;39.2;44.8;0
209;0.3459;21.5;39.2;44.7;0
210;0.3455;21.5;39.2;44.7;0
211;0.346;21.5;39.2;44.7;0
212;0.3459;21.3;39.2;44.7;0
213;0.3464;21.3;39.2;44.7;0
214;0.3475;21.3;39.0;44.7;0
215;0.3503;21.3;39.0;44.9;0
216;0.3498;21.3;39.1;44.7;0
217;0.3491;21.3;39.0;44.9;0
218;0.3477;21.3;39.1;44.8;0
219;0.3483;21.3;39.1;44.7;0
220;0.348;21.3;39.0;44.9;0
221;0.3486;21.3;39.0;44.7;0
222;0.348;21.2;38.9;44.7;0
223;0.3463;21.2;38.9;44.8;0
224;0.3477;21.2;38.9;44.7;0
225;0.347;21.2;39.0;44.6;0
226;0.3477;21.2;39.0;44.7;0
227;0.3446;21.2;38.9;44.6;0
228;0.3441;21.2;38.9;44.6;0
229;0.3464;21.1;38.9;44.7;0
230;0.3469;21.1;38.9;44.6;0
231;0.3459;21.1;38.9;44.6;0
232;0.3458;21.1;38.9;44.6;0
233;0.345;21.1;38.8;44.6;0
234;0.3443;21.1;38.8;44.6;0
235;0.3456;21.1;38.8;44.6;0
236;0.3474;21.1;38.8;44.5;0
237;0.3486;21.1;38.8;44.6;0
238;0.3475;21.1;38.8;44.5;0
239;0.3485;21.1;38.8;44.6;0
240;0.3499;21.1;38.8;44.5;0
241;0.3515;21.1;38.8;44.5;0
242;0.3529;21.1;38.8;44.6;0
243;0.3528;21.1;38.7;44.5;0
244;0.3536;21.1;38.6;44.6;0
245;0.3542;21.1;38.7;44.7;0
246;0.3537;21.0;38.7;44.6;0
247;0.3541;21.0;38.7;44.6;0
248;0.3549;21.0;38.7;44.6;0
249;0.356;20.9;38.7;44.6;0
250;0.3545;20.9;38.7;44.7;0
251;0.3561;20.9;38.7;44.6;0
252;0.3591;20.9;38.7;44.6;0
253;0.3565;20.9;38.7;44.9;0
254;0.3555;20.9;38.7;44.8;0
255;0.3554;21.0;38.7;44.7;0
256;0.3563;20.9;38.7;44.9;0
257;0.3583;20.9;38.7;44.8;0
258;0.3571;21.0;38.7;45.0;0
259;0.3564;21.1;38.7;44.8;0
260;0.3566;21.1;38.7;44.9;0
261;0.3559;21.1;38.7;44.8;0
262;0.3574;21.1;38.6;44.7;0
263;0.3586;21.1;38.7;44.7;0
264;0.3585;21.1;38.5;44.8;0
265;0.3598;21.1;38.6;44.9;0
266;0.3598;21.1;38.6;44.9;0
267;0.3602;21.1;38.6;44.8;0
268;0.3614;21.1;38.6;44.8;0
269;0.3593;21.1;38.5;44.9;0
270;0.3615;21.1;38.5;44.8;0
271;0.3605;21.1;38.6;45.0;0
272;0.3607;21.1;38.5;44.8;0
273;0.3626;21.1;38.6;44.8;0
274;0.364;21.1;38.6;44.8;0
275;0.3639;21.1;38.6;45.0;0
276;0.3637;21.1;38.6;45.0;0
277;0.3631;21.1;38.6;44.9;0
278;0.3611;21.1;38.6;44.9;0
279;0.3594;21.1;38.6;44.8;0
280;0.3589;21.1;38.6;45.1;0
281;0.3594;21.2;38.6;44.8;0
282;0.3586;21.2;38.6;45.0;0
283;0.3584;21.2;38.6;44.8;0
284;0.3578;21.2;38.6;44.8;0
285;0.3582;21.2;38.6;45.0;0
286;0.3589;21.2;38.6;44.8;0
287;0.3597;21.2;38.6;44.9;0
288;0.362;21.2;38.6;44.8;0
289;0.3635;21.2;38.6;45.0;0
290;0.3628;21.2;38.6;44.8;0
291;0.3644;21.2;38.6;44.8;0
292;0.3642;21.2;38.6;44.9;0
293;0.3641;21.2;38.6;44.9;0
294;0.3649;21.2;38.6;45.1;0
295;0.366;21.2;38.6;45.2;0
296;0.3673;21.2;38.6;45.1;0
297;0.3686;21.2;38.6;45.1;0
298;0.3664;21.2;38.5;45.0;0
299;0.3657;21.2;38.5;45.1;0
300;0.3667;21.2;38.6;45.2;0
301;0.369;21.2;38.6;45.2;0
302;0.37;21.2;38.6;45.2;0
303;0.3714;21.2;38.6;45.2;0
304;0.3721;21.2;38.6;45.2;0
305;0.3724;21.2;38.6;45.0;0
306;0.3714;21.2;38.6;45.2;0
307;0.3757;21.2;38.5;45.3;0
308;0.3758;21.2;38.6;45.4;0
309;0.3769;21.2;38.5;45.5;0
310;0.376;21.2;38.5;45.4;0
311;0.378;21.2;38.5;45.5;0
312;0.3769;21.2;38.5;45.5;0
313;0.3772;21.2;38.5;45.5;0
314;0.3786;21.2;38.5;45.5;0
315;0.3779;21.2;38.6;45.6;0
316;0.3798;21.2;38.5;45.6;0
317;0.3801;21.2;38.5;45.6;0
318;0.3805;21.2;38.5;45.7;0
319;0.3821;21.2;38.5;45.7;0
320;0.3831;21.2;38.5;45.8;0
321;0.3831;21.2;38.4;45.7;0
322;0.3824;21.2;38.4;45.8;0
323;0.3835;21.2;38.4;45.8;0
324;0.3842;21.2;38.4;45.8;0
325;0.3849;21.2;38.4;45.9;0
326;0.3872;21.2;38.5;45.9;0
327;0.3871;21.3;38.5;45.9;0
328;0.3853;21.3;38.5;45.9;0
329;0.3868;21.2;38.5;45.9;0
330;0.3863;21.2;38.5;46.0;0
331;0.3887;21.2;38.5;45.9;0
332;0.3879;21.2;38.5;46.0;0
333;0.3903;21.2;38.5;46.0;0
334;0.3902;21.2;38.5;46.1;0
335;0.3934;21.2;38.6;46.1;0
336;0.3976;21.2;38.5;46.2;0
337;0.397;21.2;38.6;46.1;0
338;0.4006;21.2;38.6;46.3;0
339;0.4012;21.2;38.6;46.4;0
340;0.4015;21.2;38.6;46.4;0
341;0.4037;21.1;38.6;46.4;0
342;0.4026;21.1;38.6;46.3;0
343;0.4044;21.1;38.6;46.5;0
344;0.4068;21.1;38.6;46.5;0
345;0.4061;21.1;38.6;46.5;0
346;0.4075;21.1;38.6;46.6;0
347;0.411;21.1;38.6;46.6;0
348;0.4078;21.2;38.6;46.7;0
349;0.4112;21.2;38.6;46.7;0
350;0.4107;21.2;38.6;46.8;0
351;0.4118;21.2;38.6;46.9;0
352;0.4127;21.2;38.6;46.9;0
353;0.4116;21.2;38.6;46.9;0
354;0.4125;21.2;38.6;47.0;0
355;0.4172;21.2;38.6;47.0;0
356;0.4192;21.3;38.6;47.0;0
357;0.4209;21.3;38.6;47.1;0
358;0.4199;21.3;38.6;47.2;0
359;0.4209;21.3;38.6;47.3;0
360;0.4203;21.3;38.6;47.2;0
361;0.424;21.3;38.6;47.4;0
362;0.4253;21.3;38.5;47.4;0
363;0.4277;21.3;38.5;47.4;0
364;0.4291;21.4;38.5;47.5;0
365;0.4278;21.3;38.5;47.6;0
366;0.4301;21.3;38.5;47.5;0
367;0.4313;21.3;38.6;47.6;0
368;0.4314;21.3;38.6;47.7;0
369;0.43;21.3;38.6;47.7;0
370;0.4303;21.3;38.7;47.7;0
371;0.43;21.3;38.7;47.8;0
372;0.4315;21.3;38.7;47.7;0
373;0.4345;21.3;38.7;47.8;0
374;0.4356;21.3;38.7;47.9;0
375;0.4372;21.4;38.7;47.9;0
376;0.436;21.4;38.7;47.9;0
377;0.4371;21.4;38.7;48.0;0
378;0.4367;21.4;38.7;48.0;0
379;0.4375;21.3;38.8;48.1;0
380;0.4387;21.3;38.8;48.1;0
381;0.438;21.4;38.8;48.1;0
382;0.4401;21.3;38.8;48.1;0
383;0.4409;21.3;38.8;48.2;0
384;0.4401;21.3;38.8;48.3;0
385;0.4396;21.3;38.8;48.3;0
386;0.4414;21.3;38.8;48.3;0
387;0.4428;21.3;38.8;48.3;0
388;0.4443;21.3;38.8;48.6;0
389;0.4435;21.3;38.8;48.6;0
390;0.4439;21.3;38.9;48.6;0
391;0.4455;21.3;38.9;48.7;0
392;0.447;21.3;38.9;48.8;0
393;0.4476;21.3;39.0;48.7;0
394;0.4454;21.4;39.0;48.8;0
395;0.4498;21.4;38.9;48.8;0
396;0.4515;21.4;38.9;48.8;0
397;0.4515;21.4;39.0;48.6;0
398;0.453;21.4;38.9;48.8;0
399;0.4549;21.4;39.0;48.9;0
400;0.4547;21.5;39.0;49.0;0
401;0.4552;21.5;39.1;49.0;0
402;0.4544;21.5;39.0;49.1;0
403;0.4557;21.6;39.1;49.1;0
404;0.4553;21.6;39.1;49.2;0
405;0.4551;21.6;39.2;49.2;0
406;0.4543;21.6;39.2;49.3;0
407;0.4557;21.6;39.2;49.3;0
408;0.4562;21.6;39.2;49.2;0
409;0.4579;21.6;39.2;49.4;0
410;0.4595;21.5;39.1;49.4;0
411;0.4609;21.6;39.2;49.4;0
412;0.4577;21.7;39.3;49.5;0
413;0.4574;21.6;39.3;49.6;0
414;0.461;21.7;39.3;49.6;0
415;0.4611;21.7;39.3;49.7;0
416;0.4616;21.7;39.3;49.7;0
417;0.463;21.7;39.4;49.8;0
418;0.462;21.7;39.4;49.9;0
419;0.4649;21.7;39.4;49.9;0
420;0.4675;21.7;39.4;49.9;0
421;0.4704;21.7;39.4;50.0;0
422;0.4676;21.7;39.4;50.0;0
423;0.4701;21.7;39.5;50.1;0
424;0.4705;21.7;39.6;50.1;0
425;0.4689;21.7;39.5;50.2;0
426;0.4677;21.7;39.5;50.3;0
427;0.471;21.6;39.5;50.3;0
428;0.4699;21.6;39.5;50.4;0
429;0.4715;21.6;39.5;50.4;0
430;0.4718;21.6;39.5;50.5;0
431;0.4707;21.5;39.5;50.6;0
432;0.4733;21.6;39.6;50.5;0
433;0.4734;21.6;39.6;50.6;0
434;0.4711;21.6;39.6;50.5;0
435;0.4696;21.6;39.6;50.6;0
436;0.473;21.7;39.7;50.6;0
437;0.4754;21.7;39.7;50.7;0
438;0.4762;21.7;39.7;50.7;0
439;0.4769;21.7;39.7;50.8;0
440;0.4769;21.7;39.7;50.8;0
441;0.4777;21.8;39.8;50.8;0
442;0.4791;21.8;39.9;50.8;0
443;0.4769;21.8;39.9;50.8;0
444;0.4781;21.8;39.9;50.9;0
445;0.4766;21.8;39.9;50.9;0
446;0.4777;21.9;40.0;50.9;0
447;0.4763;21.9;40.0;50.9;0
448;0.4745;22.0;40.0;51.0;0
449;0.4764;22.1;40.0;51.0;0
450;0.4735;22.0;40.1;51.0;0
451;0.4762;22.1;40.1;51.0;0
452;0.4742;22.2;40.1;51.0;0
453;0.4768;22.2;40.1;51.1;0
454;0.4761;22.2;40.1;51.0;0
455;0.4755;22.3;40.1;51.1;0
456;0.4754;22.3;40.2;51.1;0
457;0.4755;22.3;40.3;51.1;0
458;0.4777;22.3;40.2;51.1;0
459;0.478;22.3;40.2;51.2;0
460;0.4755;22.2;40.2;51.1;0
461;0.4761;22.2;40.2;51.2;0
462;0.4787;22.1;40.2;51.2;0
463;0.4785;22.1;40.3;51.3;0
464;0.4795;22.1;40.2;51.4;0
465;0.4797;22.1;40.3;51.4;0
466;0.4789;22.1;40.4;51.5;0
467;0.4774;21.9;40.4;51.5;0
468;0.479;21.9;40.4;51.7;0
469;0.4801;21.9;40.4;51.9;0
470;0.4812;21.7;40.4;51.9;0
471;0.4804;21.8;40.4;51.9;0
472;0.4815;21.8;40.4;51.9;0
473;0.4824;21.7;40.4;52.0;0
474;0.4824;21.7;40.4;52.0;0
475;0.4802;21.7;40.4;52.0;0
476;0.473;21.6;40.4;52.0;0
477;0.4751;21.6;40.4;52.0;0
478;0.4794;21.6;40.4;52.1;0
479;0.4797;21.6;40.5;52.0;0
480;0.4791;21.6;40.5;52.0;0
481;0.483;21.6;40.5;52.0;0
482;0.4823;21.6;40.5;52.0;0
483;0.4818;21.6;40.5;51.9;0
484;0.482;21.6;40.6;52.1;0
485;0.4809;21.6;40.6;52.2;0
486;0.4825;21.6;40.6;52.2;0
487;0.4827;21.6;40.6;52.2;0
488;0.483;21.6;40.6;52.3;0
489;0.4804;21.6;40.7;52.3;0
490;0.4812;21.6;40.7;52.3;0
491;0.4814;21.6;40.8;52.3;0
492;0.4812;21.6;40.7;52.3;0
493;0.4825;21.6;40.7;52.3;0
494;0.4824;21.7;40.7;52.3;0
495;0.4812;21.7;40.7;52.3;0
496;0.4837;21.7;40.8;52.3;0
497;0.4815;21.7;40.9;52.4;0
498;0.4808;21.7;40.9;52.3;0
499;0.4847;21.7;40.9;52.4;0
500;0.4857;21.8;40.8;52.4;0
501;0.4856;21.8;40.8;52.5;0
502;0.4876;21.8;41.0;52.5;0
503;0.4868;21.8;41.0;52.5;0
504;0.4863;21.8;41.0;52.5;0
505;0.4866;21.8;41.0;52.5;0
506;0.4869;21.9;41.0;52.5;0
507;0.487;21.9;41.0;52.5;0
508;0.488;21.9;41.1;52.6;0
509;0.488;21.9;41.1;52.6;0
510;0.4882;21.9;41.1;52.5;0
511;0.4892;21.9;41.1;52.6;0
512;0.4901;22.0;41.1;52.6;0
513;0.4883;22.0;41.2;52.7;0
514;0.49;22.0;41.2;52.7;0
515;0.4896;22.0;41.2;52.7;0
516;0.4893;22.0;41.2;52.7;0
517;0.4897;22.1;41.2;52.8;0
518;0.4887;22.1;41.2;52.8;0
519;0.4865;22.2;41.3;52.8;0
520;0.4897;22.1;41.4;52.8;0
521;0.4902;22.3;41.3;52.8;0
522;0.4906;22.3;41.4;52.8;0
523;0.4898;22.4;41.5;52.9;0
524;0.489;22.5;41.5;52.9;0
525;0.4909;22.5;41.5;52.9;0
526;0.4906;22.5;41.5;52.9;0
527;0.4898;22.7;41.6;53.0;0
528;0.4938;22.7;41.6;53.1;0
529;0.4919;22.8;41.6;53.1;0
530;0.4911;22.7;41.6;53.1;0
531;0.49;22.9;41.7;53.1;0
532;0.4907;22.9;41.7;53.1;0
533;0.6788;22.9;41.7;53.1;0
534;0.678;23.0;41.6;54.7;0
535;0.6774;23.0;41.8;56.1;0
536;0.6781;23.0;41.8;57.6;0
537;0.6792;23.0;41.8;58.7;0
538;0.6775;23.0;41.8;59.9;0
539;0.6738;23.1;41.9;60.6;0
540;0.6791;23.1;42.0;61.3;0
541;0.6798;23.1;41.9;62.0;0
542;0.6798;23.1;42.0;62.7;0
543;0.6789;23.1;42.1;63.2;0
544;0.6811;23.1;42.1;63.6;0
545;0.5164;23.1;42.2;63.5;0
546;0.5196;23.1;42.2;62.2;0
547;0.5227;23.1;42.3;61.3;0
548;0.5192;23.1;42.4;60.5;0
549;0.5197;23.2;42.4;60.0;0
550;0.5202;23.2;42.6;59.5;0
551;0.5218;23.2;42.5;59.0;0
552;0.5183;23.2;42.7;58.6;0
553;0.5169;23.3;42.7;58.3;0
554;0.5202;23.3;42.8;58.2;0
555;0.5207;23.4;42.8;58.0;0
556;0.5215;23.5;42.9;57.9;0
557;0.5225;23.5;42.9;57.8;0
558;0.5217;23.5;43.1;57.7;0
559;0.5229;23.6;43.1;57.7;0
560;0.5206;23.6;43.2;57.6;0
561;0.5212;23.7;43.2;57.5;0
562;0.5225;23.7;43.2;57.5;0
563;0.5233;23.9;43.3;57.5;0
564;0.527;23.9;43.3;57.5;0
565;0.5255;24.0;43.3;57.5;0
566;0.5256;23.9;43.4;57.5;0
567;0.5264;24.1;43.4;57.5;0
568;0.5226;24.1;43.5;57.4;0
569;0.5238;24.1;43.5;57.4;0
570;0.5256;24.2;43.5;57.3;0
571;0.5229;24.2;43.6;57.3;0
572;0.5275;24.2;43.6;57.3;0
573;0.5246;24.3;43.6;57.3;0
574;0.5297;24.3;43.7;57.3;0
575;0.5278;24.4;43.8;57.3;0
576;0.5255;24.4;43.8;57.4;0
577;0.525;24.4;43.8;57.3;0
578;0.526;24.4;43.8;57.3;0
579;0.5242;24.4;43.9;57.3;0
580;0.5278;24.5;43.8;57.3;0
581;0.526;24.5;43.9;57.3;0
582;0.5265;24.5;44.1;57.4;0
583;0.5261;24.7;44.0;57.4;0
584;0.5265;24.7;44.0;57.4;0
585;0.5249;24.7;44.0;57.5;0
586;0.5306;24.7;44.0;57.4;0
587;0.5269;24.7;44.0;57.5;0
588;0.5278;24.7;44.1;57.5;0
589;0.5273;24.6;44.1;57.5;0
590;0.5271;24.5;44.1;57.5;0
591;0.5281;24.5;44.1;57.5;0
592;0.5289;24.5;44.3;57.6;0
593;0.527;24.5;44.3;57.7;0
594;0.5265;24.5;44.3;57.7;0
595;0.5291;24.6;44.3;57.8;0
596;0.5336;24.7;44.2;57.8;0
597;0.5319;24.7;44.3;57.8;0
598;0.5281;24.7;44.4;57.9;0
599;0.5287;24.6;44.4;57.9;0
600;0.532;24.7;44.3;57.9;0
601;0.5327;24.7;44.4;58.0;0
602;0.532;24.8;44.5;58.0;0
603;0.5312;24.7;44.5;58.1;0
604;0.5295;24.8;44.5;58.2;0
605;0.5311;24.7;44.5;58.1;0
606;0.5314;24.7;44.5;58.2;0
607;0.5306;24.8;44.5;58.2;0
608;0.5317;24.8;44.6;58.2;0
609;0.5317;24.8;44.6;58.3;0
610;0.5294;24.7;44.6;58.3;0
611;0.5317;24.7;44.6;58.3;0
612;0.5318;24.8;44.7;58.3;0
613;0.5316;24.7;44.7;58.4;0
614;0.5323;24.8;44.7;58.4;0
615;0.5351;24.8;44.9;58.4;0
616;0.5342;24.7;44.8;58.5;0
617;0.5359;24.9;44.9;58.5;0
618;0.5366;24.9;44.9;58.6;0
619;0.5365;24.9;45.0;58.6;0
620;0.537;25.0;45.0;58.6;0
621;0.5368;25.1;45.0;58.7;0
622;0.5398;25.0;45.0;58.7;0
623;0.5369;25.0;45.1;58.8;0
624;0.5369;25.2;45.1;58.7;0
625;0.5371;25.2;45.1;58.8;0
626;0.5351;25.1;45.1;58.9;0
627;0.5359;25.1;45.2;58.9;0
628;0.5333;25.1;45.2;58.9;0
629;0.5355;25.3;45.2;58.9;0
630;0.5333;25.2;45.3;59.0;0
631;0.5328;25.3;45.4;59.1;0
632;0.5328;25.2;45.4;59.1;0
633;0.5348;25.4;45.4;59.1;0
634;0.536;25.3;45.5;59.1;0
635;0.5361;25.4;45.4;59.1;0
636;0.5378;25.4;45.5;59.2;0
637;0.5363;25.4;45.6;59.2;0
638;0.5358;25.5;45.6;59.3;0
639;0.537;25.5;45.6;59.3;0
640;0.5369;25.5;45.6;59.3;0
641;0.5391;25.6;45.7;59.3;0
642;0.54;25.6;45.8;59.4;0
643;0.5389;25.7;45.7;59.6;0
644;0.5382;25.7;45.7;59.4;0
645;0.5407;25.7;45.8;59.5;0
646;0.5417;25.7;45.8;59.6;0
647;0.5408;25.8;45.8;59.7;0
648;0.5419;25.8;45.9;59.7;0
649;0.5409;25.9;46.0;59.8;0
650;0.5415;25.8;46.0;59.8;0
651;0.542;25.9;46.0;59.9;0
652;0.5396;26.0;45.9;59.9;0
653;0.5418;26.0;46.1;59.8;0
654;0.5413;26.0;46.1;60.1;0
655;0.5404;26.1;46.1;60.1;0
656;0.5426;26.1;46.1;60.1;0
657;0.5436;26.1;46.2;60.2;0
658;0.5406;26.2;46.2;60.2;0
659;0.5448;26.2;46.2;60.2;0
660;0.5438;26.2;46.2;60.3;0
661;0.5433;26.2;46.3;60.3;0
662;0.5459;26.3;46.3;60.3;0
663;0.5462;26.4;46.4;60.4;0
664;0.5473;26.3;46.5;60.5;0
665;0.5455;26.3;46.5;60.6;0
666;0.5498;26.4;46.5;60.5;0
667;0.545;26.5;46.5;60.6;0
668;0.5475;26.5;46.6;60.7;0
669;0.5486;26.5;46.6;60.7;0
670;0.5488;26.5;46.6;60.7;0
671;0.5479;26.6;46.7;60.8;0
672;0.5469;26.6;46.7;60.8;0
673;0.5468;26.6;46.7;60.9;0
674;0.5486;26.5;46.7;60.9;0
675;0.5488;26.5;46.7;60.9;0
676;0.5485;26.6;46.8;61.0;0
677;0.55;26.7;46.8;61.0;0
678;0.5517;26.7;46.8;61.1;0
679;0.5506;26.8;46.9;61.1;0
680;0.5521;26.8;46.9;61.2;0
681;0.5523;26.8;46.9;61.2;0
682;0.5537;26.8;46.9;61.2;0
683;0.5541;26.8;46.9;61.3;0
684;0.5543;27.0;47.0;61.4;0
685;0.5546;26.9;47.0;61.4;0
686;0.5548;27.0;47.0;61.5;0
687;0.5519;27.0;47.2;61.5;0
688;0.5517;27.1;47.2;61.5;0
689;0.5489;27.0;47.2;61.6;0
690;0.5489;27.0;47.2;61.6;0
691;0.5473;27.1;47.2;61.6;0
692;0.5487;27.1;47.2;61.6;0
693;0.5511;27.0;47.3;61.5;0
694;0.5515;27.0;47.3;61.5;0
695;0.5505;27.1;47.3;61.7;0
696;0.5503;27.2;47.3;61.6;0
697;0.5511;27.2;47.4;61.6;0
698;0.5486;27.2;47.4;61.7;0
699;0.5496;27.2;47.4;61.7;0
700;0.5493;27.2;47.4;61.8;0
701;0.5499;27.2;47.4;61.8;0
702;0.5457;27.0;47.5;61.8;0
703;0.546;27.1;47.5;61.8;0
704;0.5487;27.1;47.5;61.8;0
705;0.5478;27.2;47.7;61.9;0
706;0.5506;27.2;47.7;61.9;0
707;0.5491;27.2;47.7;62.0;0
708;0.5481;27.2;47.6;62.1;0
709;0.55;27.2;47.7;62.1;0
710;0.5466;27.2;47.8;62.1;0
711;0.5445;27.2;47.7;62.1;0
712;0.5452;27.2;47.8;62.1;0
713;0.5464;27.3;47.8;62.0;0
714;0.5457;27.3;47.8;62.1;0
715;0.5468;27.3;47.8;62.1;0
716;0.5504;27.4;47.9;62.1;0
717;0.5504;27.4;48.0;62.3;0
718;0.5493;27.4;47.9;62.2;0
719;0.5518;27.5;47.9;62.1;0
720;0.5505;27.6;48.0;62.2;0
721;0.5516;27.5;48.1;62.2;0
722;0.5498;27.6;48.0;62.3;0
723;0.552;27.5;48.0;62.3;0
724;0.5484;27.5;48.0;62.3;0
725;0.5516;27.6;48.0;62.3;0
726;0.5496;27.4;48.0;62.3;0
727;0.5518;27.4;48.1;62.4;0
728;0.5491;27.3;48.1;62.4;0
729;0.5492;27.3;48.2;62.4;0
730;0.5468;27.3;48.1;62.4;0
731;0.5484;27.3;48.2;62.4;0
732;0.5486;27.3;48.2;62.5;0
733;0.5516;27.3;48.3;62.4;0
734;0.5523;27.4;48.3;62.5;0
735;0.5531;27.4;48.3;62.6;0
736;0.5513;27.4;48.3;62.7;0
737;0.5504;27.4;48.3;62.8;0
738;0.5491;27.4;48.4;62.7;0
739;0.5516;27.4;48.4;62.7;0
740;0.5527;27.4;48.4;62.7;0
741;0.5508;27.4;48.4;62.9;0
742;0.5498;27.5;48.4;63.0;0
743;0.5494;27.5;48.4;63.0;0
744;0.5503;27.5;48.5;63.0;0
745;0.5481;27.5;48.5;63.1;0
746;0.5486;27.5;48.5;63.1;0
747;0.5483;27.5;48.5;63.1;0
748;0.5493;27.5;48.5;63.1;0
749;0.5469;27.5;48.5;63.1;0
750;0.5484;27.5;48.5;63.1;0
751;0.5477;27.5;48.5;63.1;0
752;0.5477;27.7;48.6;63.1;0
753;0.5441;27.6;48.6;63.1;0
754;0.5469;27.6;48.6;63.1;0
755;0.5473;27.6;48.7;63.2;0
756;0.5454;27.6;48.7;63.2;0
757;0.5458;27.6;48.6;63.1;0
758;0.5441;27.5;48.6;62.9;0
759;0.546;27.6;48.6;63.1;0
760;0.5423;27.4;48.7;63.1;0
761;0.5411;27.4;48.7;63.1;0
762;0.545;27.3;48.6;63.0;0
763;0.5436;27.3;48.7;62.8;0
764;0.5439;27.2;48.7;63.0;0
765;0.5441;27.1;48.7;63.1;0
766;0.5451;27.1;48.7;63.0;0
767;0.5428;27.1;48.7;63.0;0
768;0.5401;27.1;48.8;63.0;0
769;0.5413;27.1;48.8;63.0;0
770;0.5412;27.0;48.8;63.0;0
771;0.5395;27.1;48.8;62.8;0
772;0.5383;27.2;48.8;63.0;0
773;0.536;27.1;48.9;63.0;0
774;0.5366;27.0;48.8;63.0;0
775;0.5392;27.1;48.8;62.9;0
776;0.5436;27.1;48.8;62.9;0
777;0.5391;27.0;48.8;62.9;0
778;0.5425;26.9;48.8;63.0;0
779;0.5392;26.9;48.8;62.9;0
780;0.5403;26.8;48.8;62.9;0
781;0.5428;26.8;48.8;62.9;0
782;0.5416;26.8;48.8;62.9;0
783;0.5415;26.8;48.8;63.0;0
784;0.5403;26.8;48.9;63.0;0
785;0.5385;26.8;48.9;63.0;0
786;0.539;26.8;48.9;62.8;0
787;0.5391;26.9;48.9;62.9;0
788;0.542;26.9;48.9;63.0;0
789;0.5401;26.8;48.9;63.1;0
790;0.5404;26.8;48.9;63.0;0
791;0.5395;26.9;48.9;62.8;0
792;0.5412;26.8;48.9;63.0;0
793;0.5388;26.7;48.9;62.9;0
794;0.5377;26.7;48.9;62.8;0
795;0.5379;26.6;48.9;62.8;0
796;0.5389;26.5;48.9;62.9;0
797;0.5396;26.6;49.0;62.9;0
798;0.5396;26.6;49.0;62.9;0
799;0.5411;26.6;49.1;63.0;0
800;0.5394;26.6;49.3;63.0;0
801;0.5416;26.6;49.3;63.0;0
802;0.5397;26.6;49.3;63.0;0
803;0.5386;26.6;49.4;63.0;0
804;0.5404;26.6;49.4;63.0;0
805;0.5418;26.8;49.4;63.0;0
806;0.5416;26.7;49.4;63.0;0
807;0.5445;26.9;49.5;63.0;0
808;0.5441;26.8;49.6;63.1;0
809;0.5454;27.0;49.6;63.2;0
810;0.5433;27.1;49.6;63.1;0
811;0.5465;27.1;49.7;63.2;0
812;0.5453;27.2;49.8;63.1;0
813;0.5443;27.2;49.9;63.1;0
814;0.5457;27.3;49.9;63.1;0
815;0.5436;27.3;50.0;63.2;0
816;0.5465;27.5;50.1;63.1;0
817;0.546;27.5;50.0;63.2;0
818;0.5456;27.4;50.0;63.1;0
819;0.5472;27.5;50.1;63.2;0
820;0.5425;27.5;50.1;63.2;0
821;0.5437;27.5;50.1;63.2;0
822;0.5445;27.5;50.2;63.2;0
823;0.5438;27.5;50.2;63.3;0
824;0.5437;27.5;50.3;63.2;0
825;0.5448;27.7;50.4;63.3;0
826;0.547;27.8;50.3;63.3;0
827;0.5477;27.8;50.3;63.4;0
828;0.5462;27.8;50.4;63.5;0
829;0.5466;27.7;50.5;63.5;0
830;0.5449;27.6;50.5;63.5;0
831;0.5462;27.6;50.6;63.5;0
832;0.5444;27.5;50.6;63.6;1
833;0.5438;27.6;50.6;63.5;1
834;0.546;27.5;50.6;63.6;1
835;0.546;27.6;50.7;63.6;1
836;0.5491;27.5;50.7;63.6;1
837;0.5488;27.5;50.7;63.7;1
838;0.5499;27.6;50.7;63.7;1
839;0.5487;27.5;50.8;63.8;1
840;0.547;27.5;50.8;63.8;1
841;0.5463;27.5;50.9;63.7;1
842;0.5487;27.7;51.0;63.8;1
843;0.5469;27.8;51.0;63.8;1
844;0.5497;27.8;51.0;63.7;1
845;0.5466;27.8;50.9;63.8;1
846;0.5468;27.8;51.0;63.8;1
847;0.5487;27.8;51.1;63.9;1
848;0.5469;27.8;51.1;63.9;1
849;0.5464;27.8;51.1;63.8;1
850;0.5468;27.8;51.1;63.7;1
851;0.5441;27.8;51.1;63.8;1
852;0.5469;27.8;51.2;63.8;1
853;0.5448;27.8;51.2;63.8;1
854;0.546;27.8;51.2;63.8;1
855;0.5456;27.8;51.2;63.9;1
856;0.5484;27.8;51.2;64.0;1
857;0.5482;27.8;51.2;64.0;1
858;0.548;27.8;51.3;64.0;1
859;0.5488;27.8;51.4;64.0;1
860;0.5475;27.8;51.3;64.1;1
861;0.5488;27.8;51.4;64.1;1
862;0.5522;27.8;51.4;64.2;1
863;0.5496;27.7;51.3;64.2;1
864;0.5539;27.7;51.3;64.2;1
865;0.5499;27.8;51.3;64.2;1
866;0.5502;27.8;51.4;64.2;1
867;0.5479;27.8;51.3;64.2;1
868;0.5472;27.8;51.3;64.2;1
869;0.5485;27.8;51.3;64.3;1
870;0.548;27.8;51.3;64.2;1
871;0.5493;27.8;51.3;64.3;1
872;0.5511;27.8;51.3;64.2;1
873;0.5534;27.8;51.3;64.3;1
874;0.5538;27.7;51.3;64.3;1
875;0.5484;27.7;51.3;64.3;1
876;0.5491;27.7;51.4;64.2;1
877;0.5489;27.7;51.4;64.3;1
878;0.5487;27.7;51.4;64.2;1
879;0.5499;27.6;51.5;64.3;1
880;0.5508;27.6;51.5;64.3;1
881;0.5492;27.5;51.4;64.3;1
882;0.5486;27.5;51.4;64.3;1
883;0.5499;27.6;51.5;64.4;1
884;0.5504;27.4;51.5;64.4;1
885;0.5503;27.4;51.4;64.5;1
886;0.5512;27.4;51.4;64.5;1
887;0.5512;27.5;51.5;64.5;1
888;0.5495;27.5;51.6;64.6;1
889;0.5506;27.5;51.6;64.6;1
890;0.5493;27.5;51.6;64.6;1
891;0.5514;27.7;51.5;64.5;1
892;0.5483;27.7;51.6;64.6;1
893;0.5505;27.7;51.7;64.5;1
894;0.5507;27.8;51.7;64.5;1
895;0.549;27.8;51.6;64.5;1
896;0.5541;27.8;51.7;64.4;1
897;0.5527;27.8;51.7;64.5;1
898;0.5495;27.7;51.7;64.6;1
899;0.5522;27.8;51.7;64.6;1
900;0.5532;27.8;51.7;64.6;1
901;0.5498;27.8;51.7;64.6;1
902;0.5516;27.8;51.7;64.6;1
903;0.5532;27.8;51.8;64.7;1
904;0.5522;27.8;51.9;64.7;1
905;0.5539;27.9;51.9;64.7;1
906;0.5525;27.9;51.8;64.7;1
907;0.5535;27.9;51.8;64.7;1
908;0.5528;27.9;51.8;65.0;1
909;0.5505;27.9;51.9;64.7;1
910;0.5535;27.9;51.8;64.7;1
911;0.5532;27.9;51.8;64.8;1
912;0.552;27.9;51.8;64.7;1
913;0.551;27.9;51.8;64.8;1
914;0.5499;28.0;51.8;64.8;1
915;0.5509;28.0;51.9;64.9;1
916;0.5541;28.1;51.9;64.9;1
917;0.553;28.0;52.0;64.9;1
918;0.556;28.0;52.0;64.9;1
919;0.5532;28.1;51.9;65.0;1
920;0.5553;28.1;51.9;65.0;1
921;0.5539;28.1;52.0;65.0;1
922;0.554;28.0;52.0;65.0;1
923;0.5519;28.0;51.9;65.1;1
924;0.5509;28.0;51.9;65.0;1
925;0.5555;28.0;51.9;65.0;1
926;0.5516;28.1;51.9;65.2;1
927;0.5529;28.1;52.0;65.2;1
928;0.5533;28.1;52.1;65.3;1
929;0.5559;28.1;52.1;65.0;1
930;0.554;28.1;52.1;65.3;1
931;0.5542;28.1;52.1;65.5;1
932;0.5533;28.1;52.1;65.5;1
933;0.554;28.2;52.1;65.4;1
934;0.5534;28.1;52.1;65.2;1
935;0.5542;28.1;52.1;65.2;1
936;0.5542;28.1;52.1;65.5;1
937;0.5542;28.1;51.9;65.6;1
938;0.5539;28.0;51.9;65.6;1
939;0.5532;28.0;51.9;65.4;1
940;0.5519;28.0;51.8;65.5;1
941;0.5544;27.9;51.8;65.6;1
942;0.5538;27.8;51.8;65.6;1
943;0.554;27.8;51.8;65.6;1
944;0.554;27.8;51.8;65.4;1
945;0.5575;27.8;51.8;65.6;1
946;0.5541;27.8;51.8;65.6;1
947;0.5582;27.8;51.9;65.7;1
948;0.557;27.8;51.8;65.7;1
949;0.5562;27.7;51.8;65.8;1
950;0.5567;27.7;51.7;65.8;1
951;0.5569;27.7;51.7;65.9;1
952;0.5569;27.7;51.7;65.8;1
953;0.558;27.6;51.7;66.0;1
954;0.5594;27.6;51.7;65.8;1
955;0.5604;27.6;51.7;65.9;1
956;0.5586;27.6;51.7;66.0;1
957;0.5589;27.6;51.7;65.8;1
958;0.5611;27.5;51.6;66.0;1
959;0.5637;27.5;51.6;66.1;1
960;0.5626;27.6;51.6;66.1;1
961;0.56;27.6;51.6;66.0;1
962;0.561;27.5;51.6;66.1;1
963;0.5607;27.6;51.4;66.2;1
964;0.5576;27.5;51.3;66.2;1
965;0.5594;27.5;51.4;66.1;1
966;0.5607;27.4;51.2;66.2;1
967;0.5608;27.4;51.1;66.1;1
968;0.5595;27.3;51.1;66.3;1
969;0.5592;27.3;51.0;66.2;1
970;0.5578;27.3;51.1;66.3;1
971;0.5599;27.3;51.1;66.3;1
972;0.5589;27.2;51.0;66.2;1
973;0.5593;27.1;50.9;66.2;1
974;0.5599;27.2;50.9;66.2;1
975;0.5633;27.2;50.9;66.2;1
976;0.5634;27.2;50.9;66.3;1
977;0.5627;27.2;50.9;66.3;1
978;0.5614;27.2;50.9;66.2;1
979;0.5661;27.3;51.0;66.3;1
980;0.5657;27.3;51.0;66.4;1
981;0.565;27.3;51.0;66.4;1
982;0.5646;27.3;50.9;66.4;1
983;0.5644;27.3;50.9;66.5;1
984;0.5666;27.2;50.8;66.4;1
985;0.5662;27.2;50.9;66.5;1
986;0.5681;27.2;50.8;66.5;1
987;0.5665;27.3;50.8;66.5;1
988;0.563;27.2;50.8;66.5;1
989;0.5627;27.2;50.9;66.5;1
990;0.5635;27.2;50.8;66.5;1
991;0.569;27.2;50.8;66.5;1
992;0.566;27.3;50.8;66.7;1
993;0.5663;27.2;50.8;66.7;1
994;0.5665;27.2;50.9;66.7;1
995;0.5656;27.3;50.9;66.7;1
996;0.5675;27.2;50.8;66.6;1
997;0.5687;27.3;50.8;66.7;1
998;0.5705;27.3;50.9;66.7;1
999;0.5698;27.3;50.9;66.7;1
1000;0.5707;27.3;50.9;66.7;1
1001;0.569;27.3;50.9;66.7;1
1002;0.5702;27.3;50.8;66.7;1
1003;0.5689;27.3;50.8;66.7;1
1004;0.57;27.3;50.8;66.7;1
1005;0.568;27.3;50.8;66.7;1
1006;0.5692;27.3;50.8;66.7;1
1007;0.571;27.3;50.9;66.8;1
1008;0.5715;27.3;50.9;66.8;1
1009;0.5703;27.3;50.9;66.9;1
1010;0.5678;27.3;50.9;66.8;1
1011;0.5692;27.4;50.9;66.9;1
1012;0.5688;27.2;50.9;66.8;1
1013;0.5687;27.2;50.8;66.9;1
1014;0.5719;27.2;50.8;66.8;1
1015;0.5719;27.3;50.8;66.9;1
1016;0.5753;27.3;50.9;66.8;1
1017;0.5755;27.3;50.8;66.9;1
1018;0.5731;27.3;50.8;66.9;1
1019;0.5737;27.2;50.8;67.0;1
1020;0.5725;27.2;50.8;66.9;1
1021;0.5719;27.0;50.8;66.9;1
1022;0.5708;27.1;51.0;66.9;1
1023;0.5699;27.1;51.0;66.9;1
1024;0.5699;27.0;51.1;66.9;1
1025;0.5701;26.9;51.2;66.9;1
1026;0.57;26.9;51.2;66.9;1
1027;0.5663;27.0;51.2;66.8;1
1028;0.5685;27.0;51.2;66.9;1
1029;0.5678;26.9;51.3;66.7;1
1030;0.5648;27.0;51.3;66.8;1
1031;0.5646;27.1;51.3;66.7;1
1032;0.5655;26.9;51.3;66.8;1
1033;0.5655;27.0;51.3;66.8;1
1034;0.5642;27.0;51.3;66.8;1
1035;0.5599;26.9;51.4;66.7;1
1036;0.5621;26.8;51.2;66.8;1
1037;0.562;26.8;51.2;66.7;1
1038;0.5616;26.8;51.2;66.7;1
1039;0.5602;26.8;51.2;66.7;1
1040;0.5605;26.8;51.4;66.7;1
1041;0.562;26.8;51.4;66.6;1
1042;0.5642;26.9;51.3;66.7;1
1043;0.5625;26.9;51.3;66.7;1
1044;0.5639;26.9;51.3;66.7;1
1045;0.5618;27.0;51.3;66.6;1
1046;0.5632;26.9;51.3;66.6;1
1047;0.5652;27.0;51.3;66.6;1
1048;0.5621;26.9;51.3;66.7;1
1049;0.5634;26.9;51.4;66.6;1
1050;0.5654;26.9;51.3;66.6;1
1051;0.5597;27.0;51.2;66.6;1
1052;0.5586;27.0;51.2;66.6;1
1053;0.558;26.9;51.2;66.5;1
1054;0.5582;27.0;51.2;66.5;1
1055;0.5594;27.0;51.4;66.5;1
1056;0.5571;27.0;51.4;66.4;1
1057;0.557;27.0;51.4;66.3;1
1058;0.5582;27.0;51.4;66.3;1
1059;0.5597;27.0;51.4;66.3;1
1060;0.5603;27.0;51.4;66.3;1
1061;0.5599;27.0;51.3;66.3;1
1062;0.5563;27.1;51.3;66.3;1
1063;0.5548;27.0;51.3;66.3;1
1064;0.5534;27.0;51.3;66.2;1
1065;0.5542;27.1;51.3;66.3;1
1066;0.5557;27.0;51.4;66.3;1
1067;0.5546;27.0;51.3;66.4;1
1068;0.5535;27.0;51.3;66.2;1
1069;0.5547;27.0;51.2;66.3;1
1070;0.552;26.9;51.2;66.4;1
1071;0.5523;27.0;51.2;66.4;1
1072;0.5497;27.0;51.2;66.3;1
1073;0.5519;26.8;51.2;66.3;2
1074;0.5488;26.8;51.2;66.3;2
1075;0.548;26.8;51.2;66.2;2
1076;0.5491;26.8;51.2;66.2;2
1077;0.547;26.8;51.2;66.2;2
1078;0.5442;26.8;51.2;66.1;2
1079;0.545;26.9;51.2;66.1;2
1080;0.5443;26.9;51.2;66.1;2
1081;0.546;26.9;51.2;66.1;2
1082;0.5445;26.8;51.2;66.0;2
1083;0.5422;26.7;51.2;66.0;2
1084;0.5429;26.7;51.2;66.0;2
1085;0.5412;26.8;51.2;65.9;2
1086;0.5448;26.8;51.2;65.9;2
1087;0.5425;26.7;51.2;65.9;2
1088;0.5419;26.5;51.1;65.8;2
1089;0.5399;26.6;51.1;65.9;2
1090;0.5406;26.5;51.1;65.8;2
1091;0.5413;26.5;51.1;65.7;2
1092;0.5397;26.6;51.1;65.6;2
1093;0.5401;26.6;51.1;65.6;2
1094;0.5397;26.6;51.1;65.6;2
1095;0.5404;26.6;51.1;65.6;2
1096;0.5407;26.7;51.1;65.5;2
1097;0.5403;26.8;51.1;65.6;2
1098;0.5401;26.7;51.0;65.5;2
1099;0.5382;26.8;51.0;65.5;2
1100;0.5384;26.9;51.0;65.3;2
1101;0.5385;26.9;51.0;65.5;2
1102;0.54;26.9;51.0;65.4;2
1103;0.5372;26.8;51.0;65.2;2
1104;0.5375;26.9;51.0;65.4;2
1105;0.5379;26.9;50.9;65.2;2
1106;0.5396;26.7;50.9;65.0;2
1107;0.5373;26.6;50.9;65.0;2
1108;0.5385;26.6;50.9;65.0;2
1109;0.5348;26.5;50.8;64.9;2
1110;0.5333;26.5;50.7;64.8;2
1111;0.5343;26.3;50.7;64.8;2
1112;0.5348;26.4;50.7;64.7;2
1113;0.5327;26.2;50.7;64.7;2
1114;0.5358;26.2;50.7;64.6;2
1115;0.5341;26.3;50.6;64.6;2
1116;0.5323;26.2;50.6;64.6;2
1117;0.5338;26.2;50.6;64.6;2
1118;0.5355;26.2;50.6;64.6;2
1119;0.5359;26.2;50.5;64.6;2
1120;0.5352;26.2;50.5;64.5;2
1121;0.5347;26.3;50.5;64.5;2
1122;0.532;26.2;50.5;64.4;2
1123;0.532;26.2;50.5;64.4;2
1124;0.5324;26.2;50.5;64.4;2
1125;0.5324;26.2;50.3;64.4;2
1126;0.5335;26.2;50.4;64.3;2
1127;0.5297;26.2;50.4;64.3;2
1128;0.5314;26.2;50.4;64.3;2
1129;0.5314;26.1;50.4;64.3;2
1130;0.5311;26.1;50.3;64.2;2
1131;0.5296;26.1;50.3;64.2;2
1132;0.5287;26.0;50.2;64.3;2
1133;0.5278;26.0;50.3;64.2;2
1134;0.5292;26.0;50.2;64.2;2
1135;0.528;25.9;50.1;64.1;2
1136;0.5327;25.9;50.1;64.1;2
1137;0.5319;25.9;50.2;64.1;2
1138;0.531;25.9;50.1;64.0;2
1139;0.5309;25.9;50.1;64.0;2
1140;0.5309;25.9;50.0;64.1;2
1141;0.5268;25.9;50.0;63.9;2
1142;0.5257;25.9;50.0;63.9;2
1143;0.5274;25.9;50.0;63.9;2
1144;0.5247;25.9;50.0;63.9;2
1145;0.5255;25.9;49.9;63.8;2
1146;0.5265;26.0;50.0;63.8;2
1147;0.528;26.0;49.9;63.8;2
1148;0.5262;26.0;49.8;63.7;2
1149;0.5276;26.0;49.9;63.7;2
1150;0.5251;26.0;49.9;63.7;2
1151;0.5247;26.0;49.9;63.7;2
1152;0.5234;26.0;49.9;63.6;2
1153;0.5234;26.0;49.8;63.6;2
1154;0.5227;26.0;49.8;63.6;2
1155;0.5227;26.0;49.8;63.6;2
1156;0.5259;25.9;49.8;63.5;2
1157;0.5229;26.0;49.7;63.5;2
1158;0.5246;26.0;49.6;63.5;2
1159;0.5251;26.0;49.6;63.5;2
1160;0.5261;26.0;49.6;63.4;2
1161;0.5258;26.0;49.7;63.3;2
1162;0.5257;26.0;49.6;63.3;2
1163;0.5244;26.0;49.6;63.3;2
1164;0.5256;26.0;49.5;63.4;2
1165;0.5239;26.0;49.5;63.4;2
1166;0.5264;26.0;49.5;63.4;2
1167;0.5248;26.0;49.5;63.4;2
1168;0.5244;26.0;49.5;63.4;2
1169;0.5265;26.0;49.5;63.3;2
1170;0.5265;25.9;49.5;63.3;2
1171;0.5279;25.9;49.4;63.3;2
1172;0.5234;25.8;49.4;63.3;2
1173;0.5199;25.7;49.4;63.2;2
1174;0.5207;25.7;49.4;63.1;2
1175;0.5198;25.6;49.4;63.1;2
1176;0.5233;25.6;49.4;63.1;2
1177;0.5204;25.6;49.3;63.1;2
1178;0.5228;25.5;49.3;63.1;2
1179;0.5242;25.4;49.3;63.0;2
1180;0.5203;25.4;49.3;63.0;2
1181;0.524;25.3;49.3;63.0;2
1182;0.5241;25.2;49.2;63.0;2
1183;0.5248;25.2;49.2;62.9;2
1184;0.526;25.2;49.2;63.0;2
1185;0.5262;25.3;49.1;62.9;2
1186;0.5274;25.2;49.1;62.9;2
1187;0.5252;25.3;49.1;62.9;2
1188;0.5256;25.2;49.1;62.7;2
1189;0.5235;25.2;49.1;62.7;2
1190;0.5257;25.3;49.0;62.8;2
1191;0.5242;25.2;49.0;62.8;2
1192;0.5267;25.3;49.0;62.6;2
1193;0.5235;25.2;49.0;62.8;2
1194;0.5258;25.3;49.0;62.6;2
1195;0.5251;25.3;49.0;62.7;2
1196;0.5245;25.3;48.9;62.6;2
1197;0.5236;25.3;48.9;62.5;2
1198;0.5219;25.3;48.9;62.7;2
1199;0.5208;25.2;48.9;62.5;2
1200;0.5231;25.2;48.9;62.7;2
1201;0.5215;25.2;48.9;62.4;2
1202;0.5192;25.2;48.9;62.4;2
1203;0.5178;25.2;48.8;62.6;2
1204;0.5157;25.1;48.8;62.4;2
1205;0.5144;25.0;48.8;62.3;2
1206;0.5162;25.1;48.8;62.2;2
1207;0.5133;24.9;48.8;62.1;2
1208;0.5141;24.9;48.8;62.1;2
1209;0.5122;24.9;48.7;62.1;2
1210;0.5129;24.9;48.7;62.1;2
1211;0.5097;25.0;48.6;61.9;2
1212;0.5108;24.9;48.6;61.9;2
1213;0.5113;24.9;48.7;61.8;2
1214;0.5098;24.9;48.7;61.8;2
1215;0.508;24.9;48.6;61.7;2
1216;0.5069;24.9;48.5;61.8;2
1217;0.5076;24.9;48.5;61.7;2
1218;0.508;24.9;48.5;61.6;2
1219;0.5059;24.9;48.5;61.6;2
1220;0.5052;24.9;48.5;61.6;2
1221;0.5005;24.9;48.5;61.5;2
1222;0.5013;24.9;48.5;61.5;2
1223;0.5008;25.0;48.5;61.4;2
1224;0.5014;24.9;48.4;61.4;2
1225;0.5018;25.0;48.4;61.4;2
1226;0.5002;25.0;48.4;61.3;2
1227;0.5008;25.0;48.4;61.3;2
1228;0.4995;25.0;48.4;61.1;2
1229;0.5016;25.0;48.4;61.2;2
1230;0.4988;25.0;48.4;61.2;2
1231;0.497;25.1;48.5;61.1;2
1232;0.4953;25.2;48.4;61.1;2
1233;0.4967;25.2;48.4;61.0;2
1234;0.4955;25.2;48.3;60.9;2
1235;0.4956;25.1;48.3;60.9;2
1236;0.4962;25.1;48.3;60.9;2
1237;0.4961;25.2;48.3;60.8;2
1238;0.4976;25.2;48.3;60.8;2
1239;0.4967;25.2;48.3;60.7;2
1240;0.4932;25.2;48.3;60.8;2
1241;0.4916;25.2;48.2;60.7;2
1242;0.4922;25.2;48.2;60.7;2
1243;0.4938;25.1;48.2;60.6;2
1244;0.4915;25.2;48.2;60.5;2
1245;0.4901;25.2;48.2;60.5;2
1246;0.4877;25.2;48.2;60.5;2
1247;0.4884;25.2;48.1;60.4;2
1248;0.4873;25.2;48.1;60.4;2
1249;0.487;25.2;48.0;60.3;2
1250;0.4877;25.1;48.1;60.3;2
1251;0.486;25.2;48.1;60.3;2
1252;0.4863;25.2;48.1;60.2;2
1253;0.4861;25.2;48.0;60.1;2
1254;0.4848;25.1;47.9;60.1;2
1255;0.4842;25.1;47.9;60.0;2
1256;0.4853;25.2;47.9;59.9;2
1257;0.4867;25.1;47.9;59.9;2
1258;0.4835;25.2;47.9;59.9;2
1259;0.4819;25.1;47.9;59.7;2
1260;0.4817;25.0;47.8;59.6;2
1261;0.4808;25.1;47.8;59.6;2
1262;0.4818;25.0;47.7;59.5;2
1263;0.4805;25.0;47.7;59.5;2
1264;0.479;25.0;47.7;59.5;2
1265;0.4802;25.0;47.8;59.3;2
1266;0.4796;25.0;47.8;59.3;2
1267;0.4799;25.0;47.7;59.2;2
1268;0.4777;24.9;47.7;59.2;2
1269;0.4769;24.9;47.7;59.2;2
1270;0.4761;24.9;47.7;59.1;2
1271;0.4767;24.9;47.6;59.0;2
1272;0.476;24.9;47.5;59.1;2
1273;0.4742;24.9;47.5;59.0;2
1274;0.4752;24.9;47.5;59.0;2
1275;0.473;24.9;47.5;58.9;2
1276;0.4711;24.7;47.6;58.9;2
1277;0.4721;24.7;47.4;58.8;2
1278;0.4726;24.7;47.4;58.7;2
1279;0.4726;24.7;47.4;58.7;2
1280;0.4699;24.6;47.4;58.7;2
1281;0.4688;24.5;47.3;58.7;2
1282;0.4699;24.5;47.3;58.5;2
1283;0.4685;24.4;47.3;58.6;2
1284;0.467;24.4;47.3;58.5;2
1285;0.4672;24.4;47.3;58.5;2
1286;0.4651;24.5;47.3;58.4;2
1287;0.4678;24.5;47.2;58.4;2
1288;0.4649;24.4;47.2;58.4;2
1289;0.463;24.4;47.2;58.3;2
1290;0.4613;24.4;47.2;58.3;2
1291;0.4618;24.4;47.2;58.2;2
1292;0.4584;24.3;47.1;58.1;2
1293;0.4607;24.3;47.1;58.0;2
1294;0.4559;24.3;47.1;57.9;2
1295;0.4559;24.3;47.1;57.9;2
1296;0.4561;24.4;47.1;57.9;2
1297;0.4583;24.5;47.1;57.8;2
1298;0.4582;24.5;47.0;57.7;2
1299;0.4571;24.5;47.0;57.7;2
1300;0.457;24.5;47.0;57.6;2
1301;0.4546;24.4;47.0;57.6;2
1302;0.453;24.4;47.0;57.6;2
1303;0.4513;24.4;46.9;57.5;2
1304;0.4515;24.4;46.8;57.4;2
1305;0.4514;24.4;46.8;57.4;2
1306;0.4495;24.4;46.8;57.4;2
1307;0.4505;24.4;46.8;57.3;2
1308;0.4504;24.4;46.7;57.3;2
1309;0.4494;24.4;46.7;57.2;2
1310;0.45;24.4;46.7;57.2;2
1311;0.4487;24.4;46.7;57.1;2
1312;0.4495;24.4;46.6;57.0;2
1313;0.4478;24.4;46.6;57.0;2
1314;0.449;24.4;46.6;56.9;2
1315;0.4492;24.4;46.6;56.9;2
1316;0.4494;24.4;46.6;56.9;2
1317;0.4479;24.5;46.5;56.8;2
1318;0.4471;24.5;46.5;56.8;2
1319;0.4473;24.5;46.4;56.7;2
1320;0.4463;24.4;46.5;56.7;2
1321;0.444;24.4;46.5;56.7;2
1322;0.442;24.3;46.5;56.6;2
1323;0.4432;24.3;46.4;56.6;2
1324;0.4429;24.3;46.3;56.6;2
1325;0.4415;24.3;46.3;56.3;2
1326;0.4425;24.3;46.4;56.4;2
1327;0.4407;24.2;46.3;56.3;2
1328;0.439;24.2;46.2;56.3;2
1329;0.4372;24.2;46.2;56.3;2
1330;0.4361;24.2;46.2;56.0;2
1331;0.4359;24.2;46.2;56.2;2
1332;0.4366;24.2;46.2;56.0;2
1333;0.4356;24.2;46.1;55.9;2
1334;0.4343;24.2;46.1;55.9;2
1335;0.4315;24.2;46.1;56.0;2
1336;0.4339;24.2;46.1;55.8;2
1337;0.4338;24.2;46.0;55.8;2
1338;0.4339;24.2;45.9;55.8;2
1339;0.4347;24.2;46.0;55.7;2
1340;0.4333;24.2;46.0;55.7;2
1341;0.4312;24.2;46.0;55.6;2
1342;0.4308;24.2;46.0;55.6;2
1343;0.4322;24.2;45.9;55.5;2
1344;0.4316;24.2;45.8;55.5;2
1345;0.4294;24.2;45.9;55.5;2
1346;0.4282;24.2;45.9;55.5;2
1347;0.427;24.2;45.9;55.3;2
1348;0.4264;24.2;45.9;55.3;2
1349;0.4251;24.1;45.8;55.2;2
1350;0.425;24.1;45.8;55.2;2
1351;0.4232;24.1;45.7;55.1;2
1352;0.423;24.1;45.8;55.0;2
1353;0.4224;24.1;45.7;55.0;2
1354;0.4205;24.1;45.6;55.0;2
1355;0.4198;24.1;45.6;54.9;2
1356;0.4209;24.0;45.6;54.8;2
1357;0.4218;24.0;45.6;54.8;2
1358;0.4209;24.0;45.5;54.7;2
1359;0.4188;24.0;45.6;54.7;2
1360;0.419;24.0;45.5;54.6;2
1361;0.4199;24.0;45.5;54.6;2
1362;0.419;24.0;45.5;54.7;2
1363;0.4181;24.0;45.4;54.4;2
1364;0.4186;24.0;45.4;54.6;2
1365;0.4172;24.0;45.4;54.3;2
1366;0.4193;23.9;45.4;54.3;2
1367;0.4191;23.9;45.3;54.2;2
1368;0.4193;23.8;45.3;54.4;2
1369;0.4167;23.7;45.2;54.4;2
1370;0.4164;23.7;45.2;54.2;2
1371;0.416;23.6;45.1;54.0;2
1372;0.4138;23.6;45.1;54.0;2
1373;0.4131;23.5;45.1;54.0;2
1374;0.4119;23.5;45.1;54.0;2
1375;0.4103;23.5;45.1;53.9;2
1376;0.4134;23.4;45.0;53.8;2
1377;0.4099;23.5;45.0;53.8;2
1378;0.4107;23.4;45.0;53.7;2
1379;0.41;23.4;45.0;53.7;2
1380;0.4111;23.4;44.9;53.7;2
1381;0.4108;23.4;44.9;53.5;2
1382;0.4082;23.5;44.9;53.5;2
1383;0.4098;23.5;44.9;53.5;2
1384;0.408;23.5;44.9;53.4;2
1385;0.4078;23.5;44.9;53.4;2
1386;0.4067;23.5;44.7;53.3;2
1387;0.4064;23.6;44.7;53.3;2
1388;0.4073;23.6;44.8;53.3;2
1389;0.407;23.6;44.8;53.2;2
1390;0.4076;23.6;44.8;53.2;2
1391;0.407;23.6;44.7;53.1;2
1392;0.4066;23.6;44.6;53.0;2
1393;0.407;23.5;44.6;53.0;2
1394;0.4072;23.5;44.6;53.0;2
1395;0.4063;23.5;44.7;53.0;2
1396;0.4053;23.5;44.7;52.9;2
1397;0.405;23.5;44.6;52.9;2
1398;0.4063;23.5;44.6;52.9;2
1399;0.4045;23.5;44.5;52.8;2
1400;0.404;23.5;44.5;52.8;2
1401;0.4053;23.5;44.5;52.8;2
1402;0.4035;23.5;44.4;52.7;2
1403;0.4034;23.5;44.4;52.7;2
1404;0.4024;23.5;44.4;52.7;2
1405;0.4023;23.5;44.4;52.6;2
1406;0.4021;23.5;44.4;52.6;2
1407;0.4013;23.5;44.2;52.6;2
1408;0.4015;23.5;44.3;52.5;2
1409;0.402;23.5;44.3;52.4;2
1410;0.4018;23.5;44.3;52.4;2
1411;0.4;23.5;44.3;52.4;2
1412;0.3998;23.5;44.2;52.2;2
1413;0.3974;23.5;44.1;52.2;2
1414;0.3976;23.5;44.1;52.2;2
1415;0.3973;23.5;44.2;51.9;2
1416;0.3995;23.5;44.1;51.9;2
1417;0.3972;23.5;44.1;52.1;2
1418;0.3968;23.5;44.0;52.0;2
1419;0.398;23.5;44.0;51.8;2
1420;0.3972;23.5;44.0;51.8;2
1421;0.3987;23.5;44.1;51.8;2
1422;0.3976;23.5;44.0;51.9;2
1423;0.3957;23.5;43.9;51.7;2
1424;0.399;23.5;43.9;51.8;2
1425;0.3972;23.5;43.9;51.6;2
1426;0.3969;23.5;43.9;51.6;2
1427;0.3955;23.5;43.9;51.6;2
1428;0.3956;23.5;43.8;51.6;2
1429;0.3937;23.5;43.7;51.5;2
1430;0.395;23.5;43.8;51.4;2
1431;0.3921;23.4;43.8;51.5;2
1432;0.3931;23.5;43.8;51.4;2
1433;0.3926;23.4;43.7;51.3;2
1434;0.3957;23.5;43.7;51.3;2
1435;0.3948;23.5;43.6;51.3;2
1436;0.3947;23.4;43.6;51.2;2
1437;0.3937;23.4;43.7;51.3;2
1438;0.3911;23.4;43.7;51.2;2
1439;0.3909;23.4;43.6;51.1;2
1440;0.3909;23.4;43.5;51.1;2
1441;0.3906;23.4;43.5;51.1;2
1442;0.3888;23.4;43.6;51.0;2
1443;0.39;23.4;43.6;51.1;2
1444;0.389;23.4;43.5;50.9;2
1445;0.3867;23.4;43.5;50.9;2
1446;0.3912;23.4;43.4;50.9;2
1447;0.3898;23.4;43.4;50.9;2
1448;0.3893;23.4;43.4;50.8;2
1449;0.3912;23.4;43.4;50.9;2
1450;0.3898;23.4;43.4;50.8;2
1451;0.3886;23.4;43.3;50.7;2
1452;0.3888;23.4;43.3;50.7;2
1453;0.3872;23.4;43.3;50.6;2
1454;0.3875;23.4;43.3;50.7;2
1455;0.3881;23.4;43.3;50.6;2
1456;0.3889;23.4;43.3;50.6;2
1457;0.3889;23.4;43.3;50.6;2
1458;0.3906;23.4;43.2;50.6;2
1459;0.3888;23.4;43.2;50.5;2
1460;0.3883;23.4;43.2;50.5;2
1461;0.3857;23.4;43.2;50.5;2
1462;0.3868;23.4;43.1;50.5;2
1463;0.3873;23.4;43.1;50.4;2
1464;0.3874;23.4;43.1;50.4;2
1465;0.3894;23.4;43.0;50.4;2
1466;0.3876;23.4;43.1;50.4;2
1467;0.3887;23.4;43.1;50.4;2
1468;0.3878;23.4;43.0;50.3;2
1469;0.3872;23.4;43.0;50.3;2
1470;0.3893;23.4;42.9;50.3;2
1471;0.3874;23.4;43.0;50.2;2
1472;0.3868;23.4;43.0;50.3;2
1473;0.3864;23.4;43.0;50.2;2
1474;0.386;23.4;42.9;50.2;2
1475;0.3858;23.4;42.9;50.2;2
1476;0.3858;23.4;42.9;50.2;2
1477;0.384;23.4;42.8;50.2;2
1478;0.3853;23.4;42.8;50.2;2
1479;0.3854;23.4;42.8;50.1;2
1480;0.3862;23.4;42.8;50.1;2
1481;0.3849;23.4;42.8;50.0;2
1482;0.3845;23.4;42.7;50.1;2
1483;0.3853;23.4;42.7;49.9;2
1484;0.3864;23.4;42.7;49.9;2
1485;0.3856;23.4;42.7;49.9;2
1486;0.3858;23.4;42.7;49.9;2
1487;0.3855;23.3;42.6;49.9;2
1488;0.3855;23.3;42.6;49.9;2
1489;0.3862;23.3;42.6;49.8;2
1490;0.3857;23.3;42.6;49.8;2
1491;0.3846;23.3;42.6;49.9;2
1492;0.3839;23.3;42.6;49.8;2
1493;0.3831;23.3;42.6;49.8;2
1494;0.383;23.3;42.5;49.7;2
1495;0.3815;23.3;42.5;49.7;2
1496;0.3845;23.3;42.5;49.7;2
1497;0.3814;23.3;42.5;49.7;2
1498;0.3814;23.2;42.4;49.6;2
1499;0.3809;23.2;42.5;49.7;2
1500;0.3817;23.3;42.5;49.7;2
1501;0.3816;23.3;42.5;49.6;2
1502;0.3819;23.2;42.4;49.5;2
1503;0.3802;23.2;42.4;49.5;2
1504;0.3797;23.3;42.3;49.5;2
1505;0.382;23.3;42.3;49.4;2
1506;0.3825;23.3;42.3;49.4;2
1507;0.3813;23.3;42.3;49.4;2
1508;0.3806;23.3;42.4;49.4;2
1509;0.3818;23.3;42.3;49.4;2
1510;0.3814;23.3;42.3;49.4;2
1511;0.382;23.3;42.3;49.4;2
1512;0.3774;23.3;42.2;49.3;2
1513;0.3799;23.3;42.2;49.3;2
1514;0.3792;23.2;42.2;49.2;2
1515;0.3796;23.2;42.2;49.2;2
1516;0.3789;23.2;42.2;49.1;2
1517;0.3792;23.2;42.2;49.2;2
1518;0.3793;23.2;42.2;49.1;2
1519;0.3785;23.2;42.2;49.1;2
1520;0.3779;23.2;42.2;49.1;2
1521;0.3791;23.2;42.2;49.1;2
1522;0.3785;23.2;42.2;49.1;2
1523;0.3782;23.2;42.2;49.1;2
1524;0.3785;23.2;42.2;49.0;2
1525;0.3787;23.3;42.2;49.0;2
1526;0.3775;23.3;42.1;49.0;2
1527;0.3778;23.3;42.1;49.0;2
1528;0.3767;23.2;42.1;49.0;2
1529;0.3751;23.2;42.1;49.0;2
1530;0.3749;23.1;42.1;48.9;2
1531;0.3752;23.2;42.1;48.8;2
1532;0.3751;23.1;42.1;48.9;2
1533;0.3736;23.2;42.0;48.8;2
1534;0.3745;23.1;42.0;48.8;2
1535;0.3745;23.1;42.0;48.8;2
1536;0.3746;23.2;42.0;48.8;2
1537;0.3756;23.1;42.0;48.8;2
1538;0.374;23.1;42.1;48.8;2
1539;0.3754;23.2;41.9;48.8;2
1540;0.3746;23.2;41.8;48.8;2
1541;0.3753;23.2;41.9;48.7;2
1542;0.3759;23.2;41.9;48.5;2
1543;0.3744;23.0;41.9;48.7;2
1544;0.3751;23.0;41.8;48.7;2
1545;0.3738;23.0;41.8;48.7;2
1546;0.3746;23.0;41.8;48.4;2
1547;0.374;23.0;41.7;48.4;2
1548;0.3752;23.0;41.7;48.4;2
1549;0.3753;23.0;41.7;48.3;2
1550;0.3741;23.0;41.7;48.4;2
1551;0.3752;23.0;41.7;48.3;2
1552;0.3744;23.0;41.7;48.3;2
1553;0.3736;23.0;41.7;48.5;2
1554;0.3756;23.0;41.7;48.3;2
1555;0.3757;23.0;41.6;48.2;2
1556;0.3747;23.0;41.6;48.3;2
1557;0.3744;23.0;41.7;48.2;2
1558;0.3745;23.1;41.7;48.2;2
1559;0.3754;23.1;41.7;48.2;2
1560;0.3746;23.1;41.6;48.1;2
1561;0.3716;23.0;41.6;48.2;2
1562;0.3723;23.0;41.6;48.1;2
1563;0.3725;23.0;41.6;48.2;2
1564;0.372;23.0;41.6;48.1;2
1565;0.3704;23.0;41.6;48.1;2
1566;0.3702;23.0;41.7;48.1;2
1567;0.3721;23.0;41.6;48.0;2
1568;0.3729;23.0;41.6;48.0;2
1569;0.3728;23.0;41.6;48.0;2
1570;0.3729;23.0;41.6;48.0;2
1571;0.3725;23.0;41.5;48.0;2
1572;0.3724;23.0;41.5;48.0;2
1573;0.3726;23.0;41.4;48.0;2
1574;0.3735;23.0;41.5;48.0;2
1575;0.3753;23.0;41.5;48.0;2
1576;0.3753;23.0;41.5;48.1;2
1577;0.3751;23.0;41.5;48.0;2
1578;0.3764;23.0;41.5;48.0;2
1579;0.3764;23.0;41.5;48.0;2
1580;0.3755;23.0;41.5;47.9;2
1581;0.3759;23.0;41.5;48.0;2
1582;0.376;23.1;41.5;48.0;2
1583;0.3749;23.1;41.4;48.0;2
1584;0.3743;23.1;41.4;48.0;2
1585;0.3759;23.1;41.4;48.0;2
1586;0.3757;23.1;41.4;48.0;2
1587;0.3759;23.2;41.4;47.9;2
1588;0.3775;23.2;41.4;48.0;2
1589;0.3748;23.1;41.4;47.9;2
1590;0.3751;23.1;41.4;47.9;2
1591;0.373;23.1;41.4;47.9;2
1592;0.3713;23.1;41.4;47.9;2
1593;0.3721;23.0;41.3;47.8;2
1594;0.3709;23.1;41.3;47.9;2
1595;0.3706;23.1;41.2;47.7;2
1596;0.369;23.0;41.3;47.7;2
1597;0.367;23.0;41.2;47.7;2
1598;0.3684;23.0;41.2;47.7;2
1599;0.3685;23.0;41.2;47.7;2
1600;0.3689;23.0;41.2;47.7;2
1601;0.3689;23.0;41.2;47.6;2
1602;0.371;23.0;41.2;47.6;2
1603;0.3697;23.0;41.2;47.6;2
1604;0.3695;23.0;41.2;47.6;2
1605;0.3682;23.0;41.2;47.6;2
1606;0.3691;23.0;41.2;47.6;2
1607;0.3673;23.0;41.2;47.5;2
1608;0.3683;23.0;41.1;47.5;2
1609;0.369;23.0;41.2;47.5;2
1610;0.3692;23.1;41.1;47.5;2
1611;0.3677;23.0;41.1;47.5;2
1612;0.3681;23.0;41.1;47.5;2
1613;0.3685;23.0;41.1;47.4;2
1614;0.3681;23.1;41.1;47.4;2
1615;0.3688;23.0;41.1;47.4;2
1616;0.3699;23.0;41.0;47.4;2
1617;0.3704;22.9;41.0;47.3;2
1618;0.3697;22.9;41.0;47.4;2
1619;0.3693;22.9;41.0;47.4;2
1620;0.3704;22.9;41.0;47.3;2
1621;0.3681;22.8;41.0;47.4;2
1622;0.368;22.9;41.0;47.3;2
1623;0.3685;22.9;41.0;47.4;2
1624;0.3679;22.9;41.0;47.4;2
1625;0.3693;22.9;41.0;47.4;2
1626;0.3689;23.0;41.0;47.4;2
1627;0.3679;23.0;41.0;47.4;2
1628;0.3672;23.0;41.0;47.3;2
1629;0.3651;23.0;41.0;47.4;2
1630;0.3679;23.0;40.9;47.3;2
1631;0.3685;23.0;40.9;47.3;2
1632;0.3678;23.0;40.9;47.3;2
1633;0.3659;22.9;40.9;47.3;2
1634;0.368;22.9;40.9;47.3;2
1635;0.3655;22.9;40.9;47.3;2
1636;0.3659;23.0;40.9;47.3;2
1637;0.3665;22.9;40.9;47.3;2
1638;0.3669;22.9;40.9;47.2;2
1639;0.3651;22.9;40.9;47.2;2
1640;0.3668;22.9;40.9;47.2;2
1641;0.3676;22.9;40.8;47.2;2
1642;0.3672;22.9;40.8;47.2;2
1643;0.3674;22.9;40.9;47.2;2
1644;0.3682;22.9;40.8;47.2;2
1645;0.3678;22.9;40.8;47.2;2
1646;0.3698;22.9;40.8;47.1;2
1647;0.3682;22.9;40.7;47.2;2
1648;0.37;22.9;40.8;47.2;2
1649;0.3701;22.9;40.8;47.1;2
1650;0.3688;22.9;40.8;47.2;2
1651;0.3694;22.9;40.7;47.2;2
1652;0.369;22.9;40.7;47.1;2
1653;0.368;22.9;40.8;47.1;2
1654;0.368;22.9;40.8;47.2;2
1655;0.3676;22.9;40.8;47.1;2
1656;0.3681;22.9;40.8;47.2;2
1657;0.3689;22.9;40.8;47.0;2
1658;0.3672;22.9;40.8;47.1;2
1659;0.3668;22.9;40.8;47.1;2
1660;0.3655;22.9;40.7;47.1;2
1661;0.3647;22.9;40.7;47.1;2
1662;0.367;22.9;40.6;47.0;2
1663;0.3686;22.9;40.7;47.0;2
1664;0.368;22.9;40.7;47.1;2
1665;0.3678;22.9;40.6;47.0;2
1666;0.3685;22.9;40.6;47.0;2
1667;0.3688;22.9;40.6;47.0;2
1668;0.3696;22.9;40.6;47.0;2
1669;0.3699;22.9;40.6;47.0;2
1670;0.3708;22.9;40.6;47.1;2
1671;0.3716;22.9;40.7;47.0;2
1672;0.372;22.9;40.7;47.0;2
1673;0.3709;22.9;40.7;47.0;2
1674;0.3694;22.9;40.6;47.1;2
1675;0.37;22.9;40.6;47.0;2
1676;0.3722;22.9;40.7;47.0;2
1677;0.3723;22.9;40.7;47.0;2
1678;0.3702;22.9;40.6;47.0;2
1679;0.3705;22.9;40.6;47.0;2
1680;0.3704;22.9;40.7;47.0;2
1681;0.3718;22.9;40.7;47.0;2
1682;0.3743;22.9;40.6;47.0;2
1683;0.3736;23.0;40.7;47.0;2
1684;0.373;23.0;40.7;47.0;2
1685;0.3724;23.0;40.7;47.0;2
1686;0.3713;22.9;40.7;47.0;2
1687;0.371;22.9;40.6;47.1;2
1688;0.3728;22.9;40.6;47.0;2
1689;0.3743;22.9;40.6;47.0;2
1690;0.3762;22.9;40.6;47.0;2
1691;0.3757;22.9;40.5;47.1;2
1692;0.3765;22.9;40.6;47.1;2
1693;0.3773;22.9;40.5;47.1;2
1694;0.3765;22.9;40.5;47.1;2
1695;0.3785;22.9;40.5;47.1;2
1696;0.377;22.9;40.5;47.2;2
1697;0.3767;22.9;40.5;47.2;2
1698;0.3783;23.0;40.5;47.2;2
1699;0.3777;23.0;40.5;47.2;2
1700;0.3792;23.0;40.5;47.1;2
1701;0.3779;23.0;40.5;47.2;2
1702;0.3777;23.1;40.5;47.2;2
1703;0.3769;23.0;40.5;47.2;2
1704;0.3781;23.0;40.5;47.1;2
1705;0.378;22.9;40.5;47.1;2
1706;0.3777;23.0;40.5;47.1;2
1707;0.3771;23.0;40.5;47.0;2
1708;0.3799;23.0;40.5;47.1;2
1709;0.3772;23.0;40.5;47.1;2
1710;0.3774;23.0;40.5;47.1;2
1711;0.3805;23.0;40.5;47.1;2
1712;0.3796;23.0;40.5;47.1;2
1713;0.3788;22.9;40.4;47.1;2
1714;0.3794;23.0;40.4;47.2;2
1715;0.3777;22.9;40.4;47.1;2
1716;0.3771;22.9;40.4;47.2;2
1717;0.3778;22.9;40.4;47.1;2
1718;0.3777;22.9;40.4;47.2;2
1719;0.3787;22.9;40.4;47.1;2
1720;0.378;22.9;40.4;47.1;2
1721;0.3779;22.9;40.4;47.1;2
1722;0.3764;22.9;40.4;47.1;2
1723;0.3777;22.9;40.4;47.1;2
1724;0.3797;22.9;40.4;47.1;2
1725;0.3809;22.9;40.4;47.1;2
1726;0.3812;22.9;40.4;47.1;2
1727;0.3798;22.9;40.4;47.2;2
1728;0.3809;22.9;40.4;47.1;2
1729;0.3827;23.0;40.4;47.2;2
1730;0.3835;22.9;40.4;47.2;2
1731;0.3831;23.0;40.4;47.3;2
1732;0.3816;23.0;40.4;47.2;2
1733;0.3818;23.0;40.4;47.3;2
1734;0.3824;23.0;40.4;47.3;2
1735;0.3819;23.0;40.4;47.3;2
1736;0.3849;23.0;40.4;47.3;2
1737;0.3855;23.0;40.4;47.3;2
1738;0.3853;23.1;40.4;47.3;2
1739;0.3839;23.0;40.4;47.3;2
1740;0.3867;23.0;40.4;47.3;2
1741;0.3908;23.0;40.4;47.4;2
1742;0.3927;23.0;40.4;47.4;2
1743;0.396;23.0;40.4;47.5;2
1744;0.3962;23.0;40.4;47.5;2
1745;0.3993;23.0;40.4;47.5;2
1746;0.4008;23.0;40.4;47.6;2
1747;0.4019;23.0;40.4;47.7;2
1748;0.4035;23.0;40.4;47.7;2
1749;0.4045;22.9;40.4;47.8;2
1750;0.405;23.0;40.4;47.9;2
1751;0.4053;23.0;40.4;47.8;2
1752;0.406;23.0;40.4;47.9;2
1753;0.404;23.0;40.4;47.9;2
1754;0.4025;23.0;40.4;48.0;2
1755;0.4032;23.0;40.4;48.0;2
1756;0.4054;23.0;40.4;48.2;2
1757;0.405;23.0;40.4;48.2;2
1758;0.4065;23.0;40.4;48.2;2
1759;0.4067;23.0;40.4;48.2;2
1760;0.4053;23.0;40.4;48.2;2
1761;0.4075;22.9;40.4;48.2;2
1762;0.4104;23.1;40.4;48.3;2
1763;0.4109;23.0;40.4;48.3;2
1764;0.4106;23.0;40.4;48.3;2
1765;0.4111;23.0;40.4;48.3;2
1766;0.4126;23.0;40.4;48.6;2
1767;0.4141;23.0;40.4;48.6;2
1768;0.4138;23.0;40.4;48.5;2
1769;0.4135;23.0;40.4;48.7;2
1770;0.4147;23.0;40.4;48.7;2
1771;0.4135;23.0;40.4;48.7;2
1772;0.4153;22.9;40.4;48.7;2
1773;0.4176;22.9;40.4;48.6;2
1774;0.4199;23.0;40.5;48.9;2
1775;0.4214;23.0;40.5;48.9;2
1776;0.4243;23.0;40.5;48.9;2
1777;0.4257;23.0;40.5;49.0;2
1778;0.4247;23.0;40.6;49.1;2
1779;0.424;23.0;40.5;49.1;2
1780;0.4266;23.0;40.6;49.2;2
1781;0.4237;23.0;40.5;49.2;2
1782;0.4245;22.9;40.5;49.3;2
1783;0.4274;22.9;40.5;49.3;2
1784;0.4253;22.9;40.5;49.3;2
1785;0.4277;22.9;40.5;49.3;2
1786;0.4288;22.9;40.5;49.4;2
1787;0.4297;22.9;40.5;49.5;2
1788;0.43;22.9;40.5;49.4;2
1789;0.4319;22.8;40.5;49.5;2
1790;0.4311;22.9;40.5;49.6;2
1791;0.4319;22.7;40.5;49.5;2
1792;0.4332;22.7;40.5;49.5;2
1793;0.4363;22.7;40.5;49.7;2
1794;0.4373;22.8;40.6;49.7;2
1795;0.4382;22.7;40.6;49.7;2
1796;0.4414;22.7;40.5;49.7;2
1797;0.4407;22.7;40.5;49.8;2
1798;0.4406;22.7;40.5;49.9;2
1799;0.4416;22.6;40.7;49.9;2
1800;0.4415;22.6;40.6;50.0;2
1801;0.4435;22.6;40.6;50.0;2
1802;0.4456;22.7;40.6;50.0;2
1803;0.4446;22.7;40.6;50.1;2
1804;0.4488;22.7;40.6;50.1;2
1805;0.4498;22.7;40.6;50.1;2
1806;0.4487;22.7;40.6;50.3;2
1807;0.4514;22.7;40.6;50.3;2
1808;0.4515;22.7;40.6;50.3;2
1809;0.4506;22.7;40.6;50.4;2
1810;0.4525;22.7;40.6;50.5;2
1811;0.4526;22.7;40.6;50.5;2
1812;0.453;22.7;40.6;50.6;2
1813;0.4547;22.7;40.6;50.6;2
1814;0.4578;22.6;40.6;50.7;2
1815;0.4589;22.6;40.7;50.8;2
1816;0.4601;22.6;40.7;50.8;2
1817;0.4556;22.5;40.7;50.9;2
1818;0.459;22.5;40.6;51.0;2
1819;0.4585;22.5;40.7;51.0;2
1820;0.4615;22.5;40.7;51.0;2
1821;0.4624;22.5;40.8;51.1;2
1822;0.4618;22.5;40.8;51.1;2
1823;0.4635;22.5;40.8;51.2;2
1824;0.4652;22.5;40.8;51.3;2
1825;0.4643;22.5;40.7;51.3;2
1826;0.4681;22.5;40.8;51.3;2
1827;0.4677;22.5;40.8;51.4;2
1828;0.4671;22.5;40.8;51.4;2
1829;0.4685;22.6;40.9;51.7;2
1830;0.4686;22.6;40.9;51.5;2
1831;0.4686;22.5;40.9;51.8;2
1832;0.4691;22.5;40.9;51.6;2
1833;0.4678;22.5;40.9;51.7;2
1834;0.4702;22.5;40.9;51.6;2
1835;0.4688;22.5;41.0;51.9;2
1836;0.4716;22.5;41.0;51.9;2
1837;0.4749;22.5;41.0;52.0;2
1838;0.4745;22.5;41.0;51.9;2
1839;0.4762;22.5;41.0;52.0;2
1840;0.4777;22.5;41.0;52.0;2
1841;0.4786;22.5;41.0;52.1;2
1842;0.4759;22.4;41.0;52.2;2
1843;0.4799;22.4;41.0;52.2;2
1844;0.4779;22.4;41.0;52.3;2
1845;0.4815;22.4;41.1;52.3;2
1846;0.4794;22.4;41.1;52.3;2
1847;0.4799;22.4;41.1;52.3;2
1848;0.4793;22.4;41.1;52.4;2
1849;0.4777;22.4;41.1;52.4;2
1850;0.4785;22.4;41.1;52.5;2
1851;0.4826;22.4;41.1;52.5;2
1852;0.4841;22.4;41.1;52.5;2
1853;0.483;22.4;41.1;52.6;2
1854;0.4818;22.4;41.1;52.6;2
1855;0.4831;22.4;41.1;52.6;2
1856;0.4871;22.4;41.2;52.7;2
1857;0.492;22.4;41.3;52.8;2
1858;0.4861;22.4;41.2;52.9;2
1859;0.4858;22.4;41.2;52.9;2
1860;0.491;22.4;41.2;53.0;2
1861;0.4893;22.4;41.3;53.0;2
1862;0.491;22.4;41.3;53.1;2
1863;0.4941;22.4;41.3;53.2;2
1864;0.4957;22.4;41.4;53.3;2
1865;0.4979;22.4;41.3;53.3;2
1866;0.4977;22.4;41.3;53.4;2
1867;0.4986;22.4;41.3;53.5;2
1868;0.4988;22.4;41.3;53.6;2
1869;0.4973;22.4;41.3;53.6;2
1870;0.4979;22.4;41.3;53.6;2
1871;0.4992;22.4;41.4;53.7;2
1872;0.4994;22.4;41.5;53.7;2
1873;0.4996;22.4;41.5;53.7;2
1874;0.4983;22.5;41.5;53.7;2
1875;0.5002;22.5;41.5;53.8;2
1876;0.5;22.5;41.5;53.8;2
1877;0.5025;22.6;41.5;53.9;2
1878;0.5041;22.5;41.6;53.9;2
1879;0.5016;22.7;41.7;54.0;2
1880;0.504;22.7;41.6;54.1;2
1881;0.5029;22.7;41.6;54.2;2
1882;0.5022;22.7;41.6;54.3;2
1883;0.5027;22.6;41.7;54.4;2
1884;0.5029;22.6;41.7;54.2;2
1885;0.5019;22.8;41.7;54.4;2
1886;0.5039;22.8;41.7;54.4;2
1887;0.501;22.8;41.7;54.5;2
1888;0.5007;22.8;41.8;54.6;2
1889;0.5005;22.8;41.8;54.6;2
1890;0.4996;22.7;41.9;54.6;2
1891;0.4988;22.7;41.8;54.5;2
1892;0.4991;22.6;41.8;54.5;2
1893;0.5024;22.7;41.8;54.5;2
1894;0.5032;22.7;41.9;54.6;2
1895;0.5032;22.7;42.0;54.4;2
1896;0.5056;22.6;41.9;54.6;2
1897;0.5039;22.8;41.9;54.7;2
1898;0.5069;22.8;42.1;54.7;2
1899;0.5054;22.8;42.1;54.7;2
1900;0.505;22.8;42.1;54.8;2
1901;0.5057;22.8;42.1;54.8;2
1902;0.5042;22.7;42.1;54.8;2
1903;0.5051;22.7;42.0;54.9;2
1904;0.5065;22.8;42.1;54.9;2
1905;0.5107;22.8;42.1;54.9;2
1906;0.5074;22.7;42.2;55.0;2
1907;0.5075;22.7;42.2;55.0;2
1908;0.5089;22.8;42.2;55.0;2
1909;0.505;22.7;42.2;55.1;2
1910;0.507;22.8;42.2;55.0;2
1911;0.5068;22.8;42.3;55.1;2
1912;0.5108;22.9;42.3;55.0;2
1913;0.5101;22.9;42.3;55.1;2
1914;0.5107;22.9;42.3;55.1;2
1915;0.512;22.9;42.3;55.2;2
1916;0.5134;22.9;42.4;55.2;2
1917;0.5153;22.9;42.4;55.3;2
1918;0.5158;22.9;42.5;55.4;2
1919;0.5134;23.0;42.5;55.5;2
1920;0.5184;23.0;42.4;55.5;2
1921;0.5171;23.0;42.5;55.6;2
1922;0.5172;23.0;42.5;55.6;2
1923;0.5173;23.1;42.6;55.7;2
1924;0.5172;23.2;42.6;55.6;2
1925;0.5189;23.2;42.6;55.6;2
1926;0.5191;23.1;42.6;55.8;2
1927;0.5163;23.2;42.7;55.8;2
1928;0.5174;23.2;42.7;55.8;2
1929;0.5185;23.2;42.7;55.9;2
1930;0.5196;23.2;42.7;55.9;2
1931;0.5205;23.2;42.7;55.9;2
1932;0.5215;23.2;42.7;56.0;2
1933;0.5219;23.2;42.8;56.0;3
1934;0.5202;23.2;42.8;56.2;3
1935;0.5222;23.2;42.8;56.2;3
1936;0.5239;23.2;42.8;56.2;3
1937;0.5268;23.3;42.9;56.2;3
1938;0.5247;23.2;42.9;56.2;3
1939;0.5249;23.3;42.9;56.4;3
1940;0.5254;23.3;42.9;56.4;3
1941;0.523;23.4;43.0;56.5;3
1942;0.5216;23.4;43.0;56.5;3
1943;0.5219;23.4;43.1;56.5;3
1944;0.5232;23.5;43.0;56.3;3
1945;0.5224;23.5;43.0;56.5;3
1946;0.5238;23.6;43.1;56.5;3
1947;0.5233;23.6;43.2;56.6;3
1948;0.5248;23.6;43.2;56.6;3
1949;0.5248;23.6;43.2;56.7;3
1950;0.5287;23.7;43.2;56.8;3
1951;0.5251;23.7;43.3;56.8;3
1952;0.5236;23.7;43.3;56.9;3
1953;0.5268;23.7;43.2;56.8;3
1954;0.5288;23.7;43.3;56.9;3
1955;0.5264;23.7;43.4;57.0;3
1956;0.5275;23.7;43.4;57.0;3
1957;0.5292;23.8;43.4;57.1;3
1958;0.5261;23.9;43.5;57.0;3
1959;0.5257;24.0;43.5;57.1;3
1960;0.5244;24.0;43.5;57.1;3
1961;0.524;24.1;43.6;57.1;3
1962;0.5236;24.1;43.6;57.1;3
1963;0.525;24.2;43.6;57.1;3
1964;0.5245;24.2;43.6;57.0;3
1965;0.5255;24.2;43.7;57.1;3
1966;0.5266;24.3;43.8;57.1;3
1967;0.525;24.3;43.8;57.2;3
1968;0.5294;24.3;43.7;57.3;3
1969;0.527;24.3;43.8;57.3;3
1970;0.5276;24.4;43.9;57.3;3
1971;0.527;24.4;43.9;57.3;3
1972;0.5273;24.5;43.9;57.3;3
1973;0.529;24.4;43.9;57.4;3
1974;0.531;24.4;43.9;57.5;3
1975;0.5301;24.4;44.0;57.5;3
1976;0.5315;24.4;44.1;57.5;3
1977;0.5344;24.5;44.0;57.6;3
1978;0.5316;24.5;44.1;57.5;3
1979;0.5327;24.5;44.1;57.6;3
1980;0.5341;24.6;44.2;57.8;3
1981;0.5347;24.5;44.1;57.8;3
1982;0.5372;24.7;44.2;57.8;3
1983;0.536;24.6;44.3;57.8;3
1984;0.5378;24.8;44.2;57.9;3
1985;0.5348;24.7;44.3;58.0;3
1986;0.5365;25.0;44.3;58.0;3
1987;0.5355;24.9;44.4;58.0;3
1988;0.5376;25.0;44.4;58.1;3
1989;0.5372;25.0;44.4;58.1;3
1990;0.5373;25.1;44.5;58.1;3
1991;0.5367;25.1;44.5;58.2;3
1992;0.5374;25.2;44.5;58.2;3
1993;0.5372;25.3;44.6;58.2;3
1994;0.5336;25.2;44.6;58.3;3
1995;0.5369;25.4;44.6;58.3;3
1996;0.5363;25.4;44.7;58.4;3
1997;0.5382;25.5;44.8;58.4;3
1998;0.5374;25.5;44.7;58.4;3
1999;0.5374;25.6;44.8;58.6;3
2000;0.5376;25.6;44.8;58.6;3
2001;0.5394;25.6;44.9;58.7;3
2002;0.5377;25.7;44.9;58.6;3
2003;0.5396;25.8;44.9;58.8;3
2004;0.5384;25.7;45.0;58.8;3
2005;0.5365;25.9;45.0;58.8;3
2006;0.5407;25.9;45.0;58.9;3
2007;0.5426;25.8;45.0;58.9;3
2008;0.5421;25.9;45.0;59.0;3
2009;0.5419;25.9;45.0;59.0;3
2010;0.5421;26.0;45.1;59.1;3
2011;0.5456;26.0;45.1;59.2;3
2012;0.5427;26.1;45.1;59.2;3
2013;0.5442;26.1;45.1;59.2;3
2014;0.542;26.1;45.2;59.3;3
2015;0.5442;26.2;45.2;59.3;3
2016;0.5421;26.2;45.3;59.5;3
2017;0.5443;26.3;45.3;59.6;3
2018;0.5453;26.3;45.4;59.4;3
2019;0.5483;26.3;45.4;59.7;3
2020;0.5465;26.5;45.5;59.6;3
2021;0.5454;26.5;45.5;59.7;3
2022;0.5455;26.6;45.5;59.9;3
2023;0.5476;26.6;45.6;59.9;3
2024;0.5475;26.6;45.6;60.0;3
2025;0.5489;26.6;45.6;60.1;3
2026;0.5474;26.7;45.8;60.1;3
2027;0.5495;26.8;45.8;60.1;3
2028;0.5498;26.7;45.7;60.2;3
2029;0.5513;26.8;45.8;60.2;3
2030;0.5517;26.7;45.8;60.3;3
2031;0.55;26.7;45.9;60.4;3
2032;0.5495;26.8;45.8;60.4;3
2033;0.5485;26.8;46.0;60.4;3
2034;0.5524;26.8;45.9;60.5;3
2035;0.5499;26.8;45.9;60.5;3
2036;0.5552;26.8;46.0;60.6;3
2037;0.5585;26.8;46.1;60.7;3
2038;0.5539;26.8;46.0;60.7;3
2039;0.5555;26.8;46.1;60.8;3
2040;0.5562;26.9;46.2;60.9;3
2041;0.5541;26.9;46.2;60.9;3
2042;0.5534;27.1;46.2;61.0;3
2043;0.5544;27.1;46.3;61.1;3
2044;0.5518;27.2;46.3;61.1;3
2045;0.5527;27.2;46.4;61.1;3
2046;0.5534;27.3;46.5;61.2;3
2047;0.5537;27.4;46.5;61.2;3
2048;0.557;27.5;46.6;61.2;3
2049;0.5554;27.5;46.6;61.3;3
2050;0.554;27.7;46.7;61.5;3
2051;0.554;27.8;46.7;61.5;3
2052;0.5545;27.8;46.8;61.6;3
2053;0.554;27.9;46.8;61.6;3
2054;0.5536;27.9;46.8;61.7;3
2055;0.5551;27.9;46.8;61.7;3
2056;0.5562;27.9;46.8;61.7;3
2057;0.5598;27.9;46.9;61.8;3
2058;0.5603;27.9;46.9;61.8;3
2059;0.5597;27.9;47.0;61.9;3
2060;0.5599;27.9;47.0;61.9;3
2061;0.56;28.0;47.0;61.9;3
2062;0.5614;28.1;47.1;61.9;3
2063;0.5623;28.0;47.2;62.0;3
2064;0.5616;28.0;47.2;62.1;3
2065;0.5656;28.0;47.3;62.1;3
2066;0.5628;28.0;47.3;62.2;3
2067;0.5626;28.0;47.3;62.3;3
2068;0.5634;28.0;47.5;62.3;3
2069;0.564;28.0;47.4;62.5;3
2070;0.5619;28.1;47.4;62.4;3
2071;0.5593;28.1;47.4;62.7;3
2072;0.5624;28.1;47.6;62.5;3
2073;0.5603;28.0;47.6;62.6;3
2074;0.562;28.0;47.6;62.9;3
2075;0.5624;28.0;47.6;62.8;3
2076;0.5624;28.0;47.7;62.9;3
2077;0.5662;28.0;47.6;63.0;3
2078;0.567;28.1;47.7;63.1;3
2079;0.5692;28.1;47.7;63.1;3
2080;0.5697;28.1;47.8;63.2;3
2081;0.5733;28.2;47.8;63.3;3
2082;0.5692;28.3;47.9;63.3;3
2083;0.5689;28.2;47.9;63.4;3
2084;0.5677;28.3;47.9;63.5;3
2085;0.57;28.4;47.9;63.5;3
2086;0.5684;28.4;48.0;63.5;3
2087;0.5693;28.3;48.1;63.5;3
2088;0.57;28.5;48.0;63.5;3
2089;0.5704;28.4;48.2;63.6;3
2090;0.5716;28.5;48.2;63.6;3
2091;0.5737;28.6;48.3;63.7;3
2092;0.5754;28.7;48.3;63.8;3
2093;0.574;28.8;48.4;63.9;3
2094;0.5735;28.8;48.4;63.9;3
2095;0.5722;29.0;48.4;64.1;3
2096;0.5772;28.9;48.6;64.1;3
2097;0.5729;29.1;48.6;64.2;3
2098;0.5725;29.1;48.6;64.3;3
2099;0.572;29.2;48.7;64.3;3
2100;0.573;29.2;48.7;64.4;3
2101;0.5751;29.3;48.8;64.4;3
2102;0.5768;29.3;48.8;64.5;3
2103;0.5766;29.4;48.9;64.5;3
2104;0.5756;29.5;48.9;64.6;3
2105;0.5777;29.6;49.0;64.7;3
2106;0.5813;29.6;49.0;64.7;3
2107;0.5798;29.6;49.1;64.8;3
2108;0.5772;29.7;49.1;64.9;3
2109;0.579;29.7;49.1;65.1;3
2110;0.5795;29.7;49.3;65.2;3
2111;0.5806;29.7;49.2;65.1;3
2112;0.5794;29.6;49.4;65.3;3
2113;0.5795;29.7;49.4;65.4;3
2114;0.5799;29.6;49.4;65.5;3
2115;0.5816;29.6;49.5;65.5;3
2116;0.5812;29.6;49.5;65.6;3
2117;0.5788;29.7;49.5;65.5;3
2118;0.5795;29.6;49.6;65.6;3
2119;0.579;29.6;49.7;65.4;3
2120;0.5774;29.6;49.6;65.7;3
2121;0.58;29.6;49.7;65.7;3
2122;0.5741;29.6;49.7;65.8;3
2123;0.5742;29.6;49.7;65.8;3
2124;0.575;29.5;49.7;65.8;3
2125;0.5798;29.4;49.8;65.9;3
2126;0.5799;29.3;49.8;66.0;3
2127;0.5824;29.3;49.7;66.1;3
2128;0.5804;29.3;49.8;66.1;3
2129;0.5784;29.3;49.8;66.1;3
2130;0.578;29.3;49.9;66.1;3
2131;0.5781;29.2;49.9;66.1;3
2132;0.5798;29.2;49.8;66.2;3
2133;0.579;29.2;49.8;66.1;3
2134;0.5769;29.2;49.9;66.2;3
2135;0.5789;29.2;50.0;66.2;3
2136;0.58;29.2;50.0;66.2;3
2137;0.5812;29.3;50.1;66.2;3
2138;0.5791;29.3;50.1;66.3;3
2139;0.5781;29.3;50.1;66.2;3
2140;0.5779;29.3;50.2;66.2;3
2141;0.5811;29.3;50.3;66.3;3
2142;0.5811;29.3;50.3;66.3;3
2143;0.5796;29.3;50.2;66.3;3
2144;0.5798;29.4;50.4;66.3;3
2145;0.5798;29.4;50.4;66.3;3
2146;0.5776;29.4;50.4;66.4;3
2147;0.581;29.6;50.4;66.4;3
2148;0.5783;29.6;50.5;66.4;3
2149;0.5792;29.6;50.5;66.4;3
2150;0.5828;29.7;50.5;66.6;3
2151;0.5807;29.7;50.6;66.5;3
2152;0.581;29.8;50.6;66.5;3
2153;0.5794;29.8;50.6;66.6;3
2154;0.585;29.8;50.7;66.7;3
2155;0.5851;29.9;50.7;66.8;3
2156;0.5884;29.9;50.7;66.9;3
2157;0.5885;29.9;50.8;66.9;3
2158;0.5868;30.1;50.8;67.0;3
2159;0.5857;30.1;50.8;66.9;3
2160;0.5871;30.1;50.9;67.0;3
2161;0.5872;30.1;50.9;67.0;3
2162;0.5844;30.2;50.9;67.0;3
2163;0.5835;30.2;50.9;67.0;3
2164;0.5845;30.2;51.0;67.0;3
2165;0.5839;30.2;51.1;67.0;3
2166;0.5839;30.2;51.1;67.1;3
2167;0.5866;30.1;51.1;67.1;3
2168;0.5851;30.1;51.1;67.1;3
2169;0.5818;30.1;51.1;67.1;3
2170;0.5824;30.1;51.1;67.1;3
2171;0.58;29.9;51.1;67.2;3
2172;0.5785;29.9;51.2;67.2;3
2173;0.5787;29.9;51.2;67.2;3
2174;0.5771;29.9;51.2;67.2;3
2175;0.5807;29.8;51.1;67.3;3
2176;0.5782;29.8;51.3;67.3;3
2177;0.5791;29.8;51.2;67.3;3
2178;0.5803;29.7;51.2;67.2;3
2179;0.5771;29.7;51.2;67.3;3
2180;0.5768;29.6;51.2;67.3;3
2181;0.5773;29.6;51.2;67.3;3
2182;0.5753;29.4;51.2;67.3;3
2183;0.5745;29.4;51.2;67.3;3
2184;0.5736;29.4;51.2;67.3;3
2185;0.5742;29.4;51.3;67.3;3
2186;0.5716;29.4;51.3;67.3;3
2187;0.5711;29.3;51.3;67.3;3
2188;0.5705;29.3;51.4;67.3;3
2189;0.5707;29.2;51.3;67.2;3
2190;0.5714;29.1;51.4;67.2;3
2191;0.5728;29.0;51.3;67.2;3
2192;0.5724;29.0;51.3;67.2;3
2193;0.5726;28.9;51.3;67.1;3
2194;0.5716;28.9;51.3;67.1;3
2195;0.5696;28.8;51.3;67.1;3
2196;0.5715;28.7;51.3;67.2;3
2197;0.5722;28.7;51.3;67.2;3
2198;0.5742;28.8;51.3;67.2;3
2199;0.5755;28.8;51.4;67.2;3
2200;0.5758;28.7;51.2;67.2;3
2201;0.5743;28.7;51.2;67.1;3
2202;0.5756;28.7;51.2;67.2;3
2203;0.5731;28.7;51.1;67.2;3
2204;0.5738;28.6;51.1;67.2;3
2205;0.5732;28.7;51.1;67.1;3
2206;0.5757;28.6;51.1;67.0;3
2207;0.5747;28.6;51.1;67.1;3
2208;0.573;28.6;51.0;67.1;3
2209;0.5717;28.6;51.0;67.1;3
2210;0.574;28.5;51.1;67.0;4
2211;0.5705;28.5;51.1;67.1;4
2212;0.5712;28.5;51.0;67.0;4
2213;0.5706;28.5;51.0;67.0;4
2214;0.5683;28.5;51.0;67.0;4
2215;0.5715;28.4;51.0;67.0;4
2216;0.569;28.4;51.1;67.0;4
2217;0.5696;28.4;51.0;67.1;4
2218;0.5661;28.3;51.0;67.1;4
2219;0.5648;28.2;51.0;67.0;4
2220;0.5661;28.2;50.9;67.0;4
2221;0.566;28.1;50.9;67.1;4
2222;0.5657;28.0;50.9;67.0;4
2223;0.5643;27.9;50.9;67.0;4
2224;0.562;27.9;50.9;67.0;4
2225;0.5589;27.8;50.9;67.0;4
2226;0.5589;27.8;50.8;66.9;4
2227;0.5563;27.6;50.7;66.8;4
2228;0.5578;27.7;50.8;66.9;4
2229;0.5558;27.5;50.9;66.8;4
2230;0.5566;27.5;50.9;66.7;4
2231;0.5562;27.5;50.9;66.7;4
2232;0.5596;27.4;50.8;66.6;4
2233;0.5562;27.3;50.9;66.6;4
2234;0.5552;27.3;50.8;66.6;4
2235;0.5576;27.3;50.8;66.5;4
2236;0.5565;27.2;50.9;66.5;4
2237;0.5573;27.1;50.7;66.4;4
2238;0.5564;27.1;50.6;66.4;4
2239;0.5554;27.0;50.6;66.3;4
2240;0.5539;27.0;50.6;66.2;4
2241;0.5529;26.9;50.6;66.2;4
2242;0.5533;26.9;50.7;66.2;4
2243;0.5559;26.9;50.6;66.1;4
2244;0.5541;27.0;50.6;66.1;4
2245;0.5539;26.9;50.6;66.1;4
2246;0.5569;27.0;50.6;66.1;4
2247;0.5532;27.0;50.6;66.1;4
2248;0.5555;27.0;50.6;66.1;4
2249;0.552;27.0;50.6;66.1;4
2250;0.5532;27.0;50.5;66.1;4
2251;0.5525;27.0;50.5;66.0;4
2252;0.552;26.9;50.5;65.9;4
2253;0.5517;26.8;50.5;65.9;4
2254;0.5516;26.8;50.3;65.8;4
2255;0.5524;26.9;50.5;65.9;4
2256;0.5545;26.8;50.5;65.9;4
2257;0.5525;26.8;50.5;66.0;4
2258;0.5492;26.8;50.5;65.9;4
2259;0.5466;26.6;50.5;66.0;4
2260;0.5486;26.6;50.4;65.8;4
2261;0.5502;26.5;50.3;65.9;4
2262;0.5498;26.5;50.5;65.9;4
2263;0.5484;26.5;50.3;65.7;4
2264;0.5504;26.5;50.4;65.8;4
2265;0.5498;26.4;50.4;65.8;4
2266;0.548;26.3;50.4;65.7;4
2267;0.5481;26.3;50.4;65.8;4
2268;0.5493;26.4;50.4;65.8;4
2269;0.5446;26.4;50.4;65.7;4
2270;0.5477;26.4;50.4;65.7;4
2271;0.5518;26.4;50.4;65.7;4
2272;0.549;26.4;50.4;65.7;4
2273;0.5469;26.2;50.4;65.7;4
2274;0.5528;26.2;50.3;65.7;4
2275;0.5463;26.1;50.3;65.7;4
2276;0.5488;26.0;50.2;65.6;4
2277;0.5481;26.0;50.1;65.5;4
2278;0.5403;25.9;50.1;65.6;4
2279;0.5396;25.8;50.0;65.2;4
2280;0.5367;25.8;50.0;65.2;4
2281;0.5378;25.7;50.0;65.0;4
2282;0.5342;25.6;50.0;65.0;4
2283;0.5349;25.5;49.8;64.8;4
2284;0.5351;25.4;49.9;64.7;4
2285;0.5359;25.3;49.9;64.7;4
2286;0.5366;25.3;49.9;64.6;4
2287;0.5342;25.2;49.8;64.5;4
2288;0.5363;25.2;49.7;64.5;4
2289;0.5317;25.0;49.6;64.3;4
2290;0.5315;25.0;49.6;64.2;4
2291;0.5344;25.0;49.6;64.1;4
2292;0.5308;24.9;49.5;64.1;4
2293;0.5327;24.9;49.3;64.0;4
2294;0.5324;24.9;49.3;63.9;4
2295;0.5321;24.7;49.2;63.8;4
2296;0.5322;24.6;49.1;63.6;4
2297;0.5343;24.7;49.0;63.5;4
2298;0.5354;24.5;48.9;63.5;4
2299;0.5367;24.5;48.9;63.4;4
2300;0.5348;24.5;48.8;63.4;4
2301;0.5325;24.4;48.8;63.3;4
2302;0.5334;24.3;48.8;63.2;4
2303;0.5339;24.3;48.7;63.2;4
2304;0.5349;24.2;48.6;63.1;4
2305;0.5329;24.2;48.5;63.1;4
2306;0.5347;24.2;48.5;63.0;4
2307;0.5301;24.1;48.3;63.1;4
2308;0.5304;24.1;48.2;62.9;4
2309;0.5306;24.0;48.1;62.8;4
2310;0.5343;24.0;48.1;62.8;4
2311;0.534;23.9;48.0;62.8;4
2312;0.531;23.8;47.9;62.6;4
2313;0.5353;23.8;47.9;62.7;4
2314;0.532;23.8;47.9;62.5;4
2315;0.531;23.7;47.8;62.5;4
2316;0.5326;23.7;47.8;62.6;4
2317;0.5298;23.8;47.8;62.4;4
2318;0.5301;23.8;47.7;62.3;4
2319;0.5313;23.8;47.7;62.3;4
2320;0.5255;23.7;47.7;62.2;4
2321;0.5278;23.8;47.7;62.2;4
2322;0.5277;23.8;47.6;62.1;4
2323;0.5306;23.8;47.6;62.1;4
2324;0.5278;23.8;47.5;62.2;4
2325;0.5287;23.8;47.4;62.1;4
2326;0.53;23.8;47.4;62.1;4
2327;0.5286;23.7;47.3;62.1;4
2328;0.5315;23.6;47.2;62.1;4
2329;0.5325;23.6;47.2;62.2;4
2330;0.5276;23.6;47.1;62.1;4
2331;0.5265;23.6;47.1;62.1;4
2332;0.5261;23.6;47.0;62.0;4
2333;0.5215;23.5;47.0;62.0;4
2334;0.5214;23.5;46.9;61.9;4
2335;0.5248;23.4;47.0;61.8;4
2336;0.5261;23.4;47.0;61.8;4
2337;0.5276;23.4;47.0;61.7;4
2338;0.5254;23.4;46.9;61.8;4
2339;0.527;23.4;46.8;61.7;4
2340;0.5278;23.4;46.7;61.6;4
2341;0.5274;23.4;46.7;61.6;4
2342;0.5271;23.4;46.6;61.6;4
2343;0.5243;23.4;46.5;61.5;4
2344;0.5225;23.4;46.5;61.4;4
2345;0.5231;23.4;46.5;61.5;4
2346;0.5205;23.4;46.4;61.4;4
2347;0.5212;23.4;46.3;61.3;4
2348;0.5226;23.3;45.9;61.2;4
2349;0.522;23.2;45.3;61.1;4
2350;0.5225;23.2;44.6;61.0;4
2351;0.5223;23.1;44.4;60.9;4
2352;0.5237;22.9;44.2;60.7;4
2353;0.5211;22.8;44.0;60.7;4
2354;0.5193;22.7;44.0;60.6;4
2355;0.5207;22.5;44.0;60.5;4
2356;0.5203;22.5;44.2;60.4;4
2357;0.5204;22.4;44.1;60.3;4
2358;0.5203;22.3;44.3;60.2;4
2359;0.5208;22.3;44.3;60.1;4
2360;0.5193;22.2;44.2;60.0;4
2361;0.5201;22.2;44.3;60.0;4
2362;0.5214;22.2;44.3;59.9;4
2363;0.5213;22.1;44.3;59.9;4
2364;0.5237;22.1;44.3;59.9;4
2365;0.5232;22.1;44.3;59.9;4
2366;0.5206;22.0;44.3;59.6;4
2367;0.5209;22.0;44.3;59.6;4
2368;0.5218;22.0;44.2;59.5;4
2369;0.5196;22.0;44.3;59.5;4
2370;0.5204;21.9;44.3;59.6;4
2371;0.5249;21.9;44.4;59.5;4
2372;0.519;22.0;44.3;59.7;4
2373;0.5216;22.1;44.4;59.4;4
2374;0.5185;22.1;44.2;59.6;4
2375;0.5194;22.0;44.4;59.6;4
2376;0.5217;22.1;44.4;59.6;4
2377;0.5202;22.2;44.4;59.7;4
2378;0.5227;22.2;44.4;59.7;4
2379;0.523;22.2;44.4;59.8;4
2380;0.5213;22.2;44.4;59.7;4
2381;0.5239;22.3;44.4;59.7;4
2382;0.5264;22.3;44.4;59.7;4
2383;0.5255;22.3;44.3;59.8;4
2384;0.5248;22.3;44.3;59.8;4
2385;0.5249;22.3;44.3;59.7;4
2386;0.5227;22.3;44.0;59.5;4
2387;0.5225;22.3;43.9;59.5;4
2388;0.5227;22.2;43.8;59.5;4
2389;0.5243;22.2;43.6;59.2;4
2390;0.5251;22.2;43.6;59.2;4
2391;0.5276;22.2;43.5;59.2;4
2392;0.525;22.1;43.6;59.1;4
2393;0.5264;22.1;43.5;59.0;4
2394;0.5228;22.0;43.5;58.9;4
2395;0.5251;21.9;43.4;58.8;4
2396;0.5229;21.8;43.4;58.9;4
2397;0.5264;21.8;43.4;58.8;4
2398;0.5237;21.8;43.4;58.8;4
2399;0.5259;21.7;43.4;58.7;4
2400;0.5242;21.8;43.4;58.7;4
2401;0.5232;21.8;43.5;58.7;4
2402;0.5204;21.8;43.6;58.7;4
2403;0.5234;21.8;43.5;58.7;4
2404;0.523;21.8;43.4;58.6;4
2405;0.5224;21.8;43.4;58.7;4
2406;0.5226;21.8;43.5;58.6;4
2407;0.5221;21.8;43.6;58.6;4
2408;0.5263;21.8;43.6;58.7;4
2409;0.5268;21.9;43.6;58.6;4
2410;0.5258;22.0;43.6;58.6;4
2411;0.5271;21.9;43.6;58.7;4
2412;0.5271;21.9;43.6;58.6;4
2413;0.5294;22.0;43.6;58.7;4
2414;0.5267;22.1;43.5;58.7;4
2415;0.5249;22.1;43.5;58.7;4
2416;0.5259;22.1;43.6;58.6;4
2417;0.5261;22.1;43.7;58.5;4
2418;0.5287;22.1;43.6;58.6;4
2419;0.5291;22.1;43.6;58.5;4
2420;0.5332;22.1;43.6;58.5;4
2421;0.5308;22.1;43.7;58.5;4
2422;0.5334;22.1;43.6;58.6;4
2423;0.5329;22.0;43.6;58.6;4
2424;0.5346;22.1;43.6;58.6;4
2425;0.5298;22.1;43.7;58.6;4
2426;0.532;22.1;43.8;58.6;4
2427;0.5331;22.1;43.7;58.6;4
2428;0.531;22.2;43.7;58.6;4
2429;0.5327;22.2;43.8;58.6;4
2430;0.5335;22.2;43.8;58.6;4
2431;0.5359;22.2;43.9;58.7;4
2432;0.5342;22.3;43.9;58.7;4
2433;0.5363;22.2;43.9;58.7;4
2434;0.5318;22.3;43.9;58.7;4
2435;0.5319;22.3;44.1;58.7;4
2436;0.5302;22.3;44.0;58.7;4
2437;0.5313;22.3;44.0;58.7;4
2438;0.5346;22.3;44.0;58.7;4
2439;0.5348;22.3;44.0;58.7;4
2440;0.5362;22.4;44.1;58.7;4
2441;0.5353;22.4;44.2;58.7;4
2442;0.5351;22.4;44.1;58.8;4
2443;0.5359;22.5;44.1;58.8;4
2444;0.5321;22.5;44.2;58.8;4
2445;0.532;22.5;44.2;58.8;4
2446;0.5326;22.5;44.3;58.7;4
2447;0.5371;22.7;44.3;58.7;4
2448;0.5353;22.7;44.3;58.7;4
2449;0.5346;22.6;44.3;58.7;4
2450;0.5355;22.7;44.4;58.7;4
2451;0.5352;22.8;44.4;58.7;4
2452;0.537;22.7;44.4;58.7;4
2453;0.5339;22.9;44.4;58.8;4
2454;0.5363;22.9;44.4;58.9;4
2455;0.5357;22.9;44.5;58.8;4
2456;0.5386;22.8;44.4;58.9;4
2457;0.5392;22.7;44.3;58.9;4
2458;0.539;22.8;44.4;58.9;4
2459;0.5353;22.8;44.4;58.9;4
2460;0.5361;22.8;44.5;58.9;4
2461;0.5331;22.8;44.5;58.9;4
2462;0.5323;22.8;44.5;58.9;4
2463;0.5334;22.8;44.5;58.9;4
2464;0.5307;22.8;44.5;58.9;4
2465;0.5338;22.8;44.5;58.8;4
2466;0.5342;22.8;44.6;58.8;4
2467;0.534;22.8;44.6;58.8;4
2468;0.5315;22.8;44.6;58.8;4
2469;0.5309;22.9;44.7;58.8;4
2470;0.5266;22.9;44.7;58.8;4
2471;0.5259;22.9;44.7;58.7;4
2472;0.5264;23.0;44.7;58.7;4
2473;0.5281;23.0;44.9;58.7;4
2474;0.526;23.1;44.9;58.8;4
2475;0.5266;23.1;45.0;58.7;4
2476;0.5259;23.2;45.0;58.7;4
2477;0.5259;23.2;45.0;58.7;4
2478;0.5262;23.2;45.1;58.7;4
2479;0.5283;23.4;45.1;58.8;4
2480;0.5281;23.4;45.2;58.8;4
2481;0.5261;23.4;45.2;58.8;4
2482;0.5279;23.4;45.2;58.7;4
2483;0.5281;23.4;45.3;58.7;4
2484;0.5253;23.3;45.3;58.8;4
2485;0.5299;23.4;45.2;58.7;4
2486;0.5325;23.5;45.2;58.7;4
2487;0.5321;23.5;45.2;58.7;4
2488;0.5297;23.5;45.2;58.8;4
2489;0.527;23.5;45.2;58.8;4
2490;0.5262;23.5;45.2;58.8;4
2491;0.5244;23.5;45.2;58.7;4
2492;0.5281;23.5;45.2;58.8;4
2493;0.5251;23.6;45.2;58.8;4
2494;0.5272;23.6;45.2;58.7;4
2495;0.5254;23.6;45.2;58.8;4
2496;0.5262;23.6;45.2;58.8;4
2497;0.5297;23.6;45.2;58.7;4
2498;0.5279;23.6;45.2;58.8;4
2499;0.5278;23.6;45.2;58.8;4
2500;0.527;23.6;45.2;58.8;4
2501;0.5282;23.7;45.2;58.8;4
2502;0.5278;23.7;45.2;58.8;4
2503;0.5259;23.7;45.2;58.9;4
2504;0.5282;23.7;45.3;58.9;4
2505;0.5277;23.7;45.3;58.9;4
2506;0.5281;23.8;45.3;58.9;4
2507;0.527;23.8;45.4;59.0;4
2508;0.5277;23.9;45.4;59.0;4
2509;0.5275;23.9;45.4;59.0;4
2510;0.5281;24.0;45.4;59.0;4
2511;0.5287;24.0;45.4;59.0;4
2512;0.5243;24.0;45.4;59.1;4
2513;0.5247;24.0;45.5;59.0;4
2514;0.5239;23.9;45.5;59.0;4
2515;0.5241;23.9;45.5;59.0;4
2516;0.5252;24.0;45.5;58.9;4
2517;0.5245;24.1;45.5;58.9;4
2518;0.5205;24.1;45.5;58.9;4
2519;0.5215;24.1;45.5;58.8;4
2520;0.5218;24.1;45.5;58.9;4
2521;0.5186;24.1;45.5;58.9;4
2522;0.5191;24.0;45.5;58.9;4
2523;0.5176;24.0;45.5;58.8;4
2524;0.5154;23.9;45.5;58.8;4
2525;0.5159;24.0;45.5;58.8;4
2526;0.5175;24.0;45.6;58.7;4
2527;0.5158;24.0;45.6;58.8;4
2528;0.5167;24.0;45.6;58.7;4
2529;0.5128;23.9;45.6;58.8;4
2530;0.5138;23.9;45.6;58.8;4
2531;0.5161;23.9;45.6;58.8;4
2532;0.5156;23.9;45.6;58.8;4
2533;0.5172;23.9;45.6;58.8;4
2534;0.5189;23.8;45.6;58.9;4
2535;0.5197;23.8;45.6;58.8;4
2536;0.5176;23.8;45.6;58.8;4
2537;0.5174;23.9;45.6;58.8;4
2538;0.5143;23.8;45.6;58.8;4
2539;0.5145;23.8;45.6;58.8;4
2540;0.5133;23.8;45.6;58.8;4
2541;0.5122;23.8;45.6;58.8;4
2542;0.5124;23.7;45.7;58.8;4
2543;0.5136;23.7;45.6;58.8;4
2544;0.5143;23.7;45.6;58.8;4
2545;0.5122;23.7;45.6;58.7;4
2546;0.5104;23.7;45.6;58.8;4
2547;0.5124;23.7;45.6;58.8;4
2548;0.5097;23.7;45.6;58.7;4
2549;0.507;23.7;45.7;58.7;4
2550;0.5089;23.6;45.6;58.8;4
2551;0.5083;23.7;45.6;58.6;4
2552;0.5093;23.6;45.6;58.8;4
2553;0.5103;23.6;45.6;58.7;4
2554;0.511;23.6;45.6;58.6;4
2555;0.5112;23.6;45.7;58.7;4
2556;0.5114;23.5;45.6;58.8;4
2557;0.5121;23.5;45.6;58.8;4
2558;0.5114;23.5;45.6;58.7;4
2559;0.5113;23.5;45.6;58.8;4
2560;0.5133;23.4;45.5;58.8;4
2561;0.5113;23.4;45.6;58.8;4
2562;0.5105;23.4;45.6;58.9;4
2563;0.5088;23.4;45.6;58.8;4
2564;0.5106;23.3;45.6;58.8;4
2565;0.5118;23.2;45.6;58.8;4
2566;0.5089;23.3;45.6;58.7;4
2567;0.5074;23.2;45.6;58.7;4
2568;0.5082;23.1;45.6;58.7;4
2569;0.5102;23.1;45.5;58.7;4
2570;0.5087;23.0;45.5;58.6;4
2571;0.5076;23.1;45.5;58.6;4
2572;0.5072;23.0;45.5;58.6;4
2573;0.5089;23.0;45.6;58.6;4
2574;0.5065;22.9;45.5;58.6;4
2575;0.5094;23.0;45.5;58.6;4
2576;0.5085;23.0;45.5;58.6;4
2577;0.5055;23.0;45.5;58.5;4
2578;0.5066;23.0;45.5;58.6;4
2579;0.5075;23.0;45.5;58.5;4
2580;0.5046;23.0;45.5;58.5;4
2581;0.5069;23.0;45.5;58.5;4
2582;0.5073;23.0;45.5;58.4;4
2583;0.5075;23.1;45.5;58.4;4
2584;0.5058;23.1;45.4;58.4;4
2585;0.5034;23.2;45.4;58.4;4
2586;0.5024;23.1;45.5;58.4;4
2587;0.5045;23.2;45.4;58.3;4
2588;0.5031;23.2;45.5;58.3;4
2589;0.5035;23.2;45.5;58.3;4
2590;0.5017;23.1;45.5;58.3;5
2591;0.5059;23.2;45.5;58.2;5
2592;0.5017;23.3;45.5;58.2;5
2593;0.4997;23.3;45.5;58.2;5
2594;0.5024;23.3;45.5;58.2;5
2595;0.5023;23.3;45.5;58.2;5
2596;0.5015;23.3;45.4;58.1;5
2597;0.5006;23.2;45.5;58.0;5
2598;0.5006;23.3;45.5;58.0;5
2599;0.4982;23.2;45.5;57.9;5
2600;0.4993;23.2;45.5;57.9;5
2601;0.4987;23.2;45.5;58.0;5
2602;0.4984;23.2;45.5;57.9;5
2603;0.497;23.3;45.5;57.8;5
2604;0.4969;23.2;45.4;57.8;5
2605;0.4991;23.2;45.4;57.9;5
2606;0.4973;23.2;45.4;57.8;5
2607;0.4985;23.2;45.4;57.7;5
2608;0.499;23.2;45.4;57.8;5
2609;0.5017;23.1;45.5;57.8;5
2610;0.5014;23.2;45.4;57.7;5
2611;0.5018;23.1;45.4;57.8;5
2612;0.4988;23.2;45.4;57.7;5
2613;0.5011;23.1;45.3;57.7;5
2614;0.5;23.2;45.4;57.7;5
2615;0.4978;23.1;45.3;57.7;5
2616;0.4972;23.1;45.4;57.7;5
2617;0.4947;23.1;45.4;57.6;5
2618;0.4949;23.0;45.3;57.6;5
2619;0.4947;23.0;45.3;57.6;5
2620;0.493;23.0;45.2;57.6;5
2621;0.494;22.9;45.2;57.5;5
2622;0.4942;22.9;45.2;57.5;5
2623;0.4943;22.7;45.2;57.5;5
2624;0.4938;22.8;45.2;57.5;5
2625;0.4938;22.7;45.2;57.5;5
2626;0.494;22.7;45.2;57.4;5
2627;0.4952;22.7;45.1;57.5;5
2628;0.4981;22.5;45.1;57.5;5
2629;0.4977;22.5;45.1;57.5;5
2630;0.4976;22.5;45.1;57.5;5
2631;0.4979;22.5;45.1;57.5;5
2632;0.4981;22.5;45.0;57.5;5
2633;0.4984;22.4;45.0;57.5;5
2634;0.4983;22.4;45.0;57.6;5
2635;0.4968;22.4;45.0;57.6;5
2636;0.4983;22.3;45.0;57.5;5
2637;0.4988;22.3;45.0;57.5;5
2638;0.5002;22.2;44.9;57.5;5
2639;0.4967;22.2;44.9;57.5;5
2640;0.4978;22.2;44.9;57.5;5
2641;0.496;22.2;44.9;57.5;5
2642;0.4953;22.2;44.9;57.5;5
2643;0.4936;22.1;44.9;57.4;5
2644;0.4894;22.1;44.9;57.4;5
2645;0.4903;22.1;44.9;57.3;5
2646;0.4881;22.0;44.7;57.2;5
2647;0.4852;22.1;44.7;57.2;5
2648;0.4835;22.1;44.7;57.2;5
2649;0.4831;22.0;44.7;57.0;5
2650;0.4815;22.0;44.7;57.0;5
2651;0.4816;22.0;44.7;56.9;5
2652;0.4822;21.9;44.6;56.8;5
2653;0.484;22.0;44.6;56.8;5
2654;0.485;22.0;44.6;56.8;5
2655;0.485;22.0;44.6;56.7;5
2656;0.4834;22.0;44.6;56.7;5
2657;0.4841;21.9;44.6;56.7;5
2658;0.4825;21.9;44.6;56.7;5
2659;0.482;22.0;44.5;56.6;5
2660;0.4808;21.9;44.5;56.6;5
2661;0.4812;21.9;44.5;56.6;5
2662;0.4793;21.9;44.5;56.5;5
2663;0.4792;21.9;44.5;56.5;5
2664;0.479;21.9;44.5;56.2;5
2665;0.4796;21.9;44.5;56.5;5
2666;0.481;21.9;44.5;56.3;5
2667;0.4804;21.9;44.4;56.4;5
2668;0.4796;21.9;44.4;56.4;5
2669;0.4787;21.8;44.4;56.2;5
2670;0.4761;21.8;44.4;56.0;5
2671;0.4759;21.8;44.4;56.1;5
2672;0.4727;21.8;44.4;56.0;5
2673;0.4699;21.8;44.4;55.9;5
2674;0.4673;21.8;44.4;55.8;5
2675;0.4668;21.8;44.4;55.7;5
2676;0.4672;21.8;44.4;55.7;5
2677;0.466;21.8;44.3;55.6;5
2678;0.4652;21.8;44.2;55.6;5
2679;0.4646;21.7;44.2;55.5;5
2680;0.4645;21.7;44.3;55.4;5
2681;0.4621;21.7;44.2;55.4;5
2682;0.4643;21.7;44.1;55.4;5
2683;0.4619;21.7;44.1;55.3;5
2684;0.4624;21.6;44.1;55.3;5
2685;0.462;21.6;44.1;55.2;5
2686;0.4623;21.6;44.1;55.3;5
2687;0.4634;21.6;44.1;55.3;5
2688;0.4614;21.6;44.1;55.2;5
2689;0.4609;21.6;44.1;55.1;5
2690;0.4607;21.6;44.0;55.1;5
2691;0.4606;21.6;44.0;55.1;5
2692;0.4613;21.6;44.0;55.0;5
2693;0.4611;21.6;44.0;55.1;5
2694;0.4623;21.6;44.0;55.0;5
2695;0.4619;21.6;43.9;55.0;5
2696;0.4617;21.6;43.9;54.9;5
2697;0.4602;21.6;43.9;54.9;5
2698;0.4589;21.6;43.9;54.9;5
2699;0.4591;21.6;43.9;54.9;5
2700;0.4585;21.6;44.0;54.8;5
2701;0.459;21.6;43.8;54.8;5
2702;0.4608;21.5;43.8;54.8;5
2703;0.4574;21.5;43.8;54.8;5
2704;0.4558;21.4;43.8;54.7;5
2705;0.4568;21.4;43.7;54.8;5
2706;0.4565;21.4;43.6;54.8;5
2707;0.4556;21.5;43.6;54.6;5
2708;0.456;21.4;43.6;54.6;5
2709;0.4555;21.4;43.6;54.5;5
2710;0.453;21.4;43.6;54.5;5
2711;0.4544;21.4;43.6;54.4;5
2712;0.4526;21.5;43.6;54.4;5
2713;0.4524;21.4;43.5;54.1;5
2714;0.4511;21.5;43.5;54.3;5
2715;0.4528;21.4;43.5;54.0;5
2716;0.4516;21.4;43.5;54.0;5
2717;0.4494;21.4;43.5;53.9;5
2718;0.4487;21.5;43.4;53.9;5
2719;0.4474;21.5;43.4;53.8;5
2720;0.447;21.5;43.4;53.8;5
2721;0.4502;21.5;43.4;53.7;5
2722;0.4483;21.4;43.3;53.7;5
2723;0.4468;21.3;43.3;53.7;5
2724;0.4475;21.3;43.3;53.7;5
2725;0.4465;21.3;43.3;53.6;5
2726;0.4457;21.3;43.3;53.5;5
2727;0.4451;21.3;43.2;53.5;5
2728;0.4437;21.3;43.2;53.5;5
2729;0.4408;21.3;43.1;53.3;5
2730;0.4418;21.3;43.1;53.4;5
2731;0.444;21.4;43.2;53.4;5
2732;0.4393;21.2;43.1;53.3;5
2733;0.437;21.2;43.0;53.2;5
2734;0.4446;21.4;43.2;53.4;5
2735;0.443;21.3;43.2;53.3;5
2736;0.4366;21.2;43.0;53.2;5
2737;0.4356;21.2;43.1;53.1;5
2738;0.4333;21.2;43.1;53.1;5
2739;0.4329;21.2;43.1;52.9;5
2740;0.4337;21.1;43.0;52.9;5
2741;0.4333;21.1;42.9;53.0;5
2742;0.4309;21.1;42.9;52.8;5
2743;0.4313;21.1;43.0;52.9;5
2744;0.4302;21.1;42.9;52.7;5
2745;0.4302;21.1;43.0;52.8;5
2746;0.4324;21.1;42.9;52.8;5
2747;0.4293;21.1;42.7;52.5;5
2748;0.4306;21.0;42.7;52.5;5
2749;0.4298;20.9;42.7;52.4;5
2750;0.43;20.9;42.6;52.4;5
2751;0.4291;20.9;42.5;52.4;5
2752;0.4292;21.0;42.6;52.3;5
2753;0.4298;20.9;42.5;52.4;5
2754;0.4283;20.9;42.6;52.4;5
2755;0.4289;21.0;42.5;52.3;5
2756;0.4281;21.0;42.6;52.3;5
2757;0.428;20.9;42.6;52.2;5
2758;0.4292;20.9;42.5;52.2;5
2759;0.427;20.8;42.4;52.1;5
2760;0.427;20.8;42.4;52.1;5
2761;0.4276;20.8;42.4;52.0;5
2762;0.425;20.8;42.4;52.0;5
2763;0.4282;20.8;42.4;52.0;5
2764;0.4276;20.8;42.4;52.0;5
2765;0.4252;20.8;42.3;51.7;5
2766;0.4235;20.8;42.3;51.9;5
2767;0.4252;20.9;42.3;51.8;5
2768;0.4228;20.8;42.3;51.6;5
2769;0.4232;20.8;42.3;51.6;5
2770;0.4255;20.7;42.2;51.7;5
2771;0.4242;20.7;42.2;51.5;5
2772;0.4237;20.7;42.2;51.7;5
2773;0.4231;20.7;42.2;51.4;5
2774;0.4223;20.7;42.2;51.4;5
2775;0.4232;20.7;42.2;51.3;5
2776;0.4197;20.7;42.1;51.3;5
2777;0.4186;20.6;42.0;51.2;5
2778;0.4167;20.6;42.0;51.2;5
2779;0.4139;20.6;42.1;51.2;5
2780;0.4144;20.6;42.1;51.0;5
2781;0.4161;20.6;42.1;51.0;5
2782;0.4157;20.6;42.0;51.0;5
2783;0.4167;20.6;42.0;51.0;5
2784;0.4151;20.5;41.9;51.0;5
2785;0.4142;20.5;41.9;50.9;5
2786;0.4144;20.5;41.9;50.8;5
2787;0.4146;20.5;42.0;50.8;5
2788;0.4139;20.5;41.8;50.8;5
2789;0.413;20.4;41.8;50.7;5
2790;0.4104;20.4;41.8;50.6;5
2791;0.4121;20.4;41.8;50.6;5
2792;0.4116;20.4;41.9;50.5;5
2793;0.4124;20.4;41.9;50.5;5
2794;0.4111;20.4;41.7;50.5;5
2795;0.4109;20.4;41.7;50.4;5
2796;0.4104;20.3;41.7;50.4;5
2797;0.4094;20.3;41.6;50.3;5
2798;0.4087;20.3;41.5;50.3;5
2799;0.4084;20.3;41.6;50.3;5
2800;0.4074;20.3;41.5;50.2;5
2801;0.4076;20.4;41.6;50.2;5
2802;0.4075;20.4;41.6;50.1;5
2803;0.4051;20.4;41.6;50.1;5
2804;0.4048;20.4;41.5;50.1;5
2805;0.4054;20.4;41.4;50.1;5
2806;0.4057;20.4;41.4;50.1;5
2807;0.4053;20.4;41.4;50.1;5
2808;0.406;20.4;41.4;50.0;5
2809;0.4042;20.5;41.3;49.9;5
2810;0.4025;20.5;41.3;49.9;5
2811;0.4016;20.5;41.2;49.9;5
2812;0.4013;20.5;41.2;49.8;5
2813;0.4008;20.4;41.2;49.8;5
2814;0.4014;20.5;41.1;49.7;5
2815;0.4008;20.5;41.1;49.7;5
2816;0.4012;20.7;41.1;49.7;5
2817;0.3986;20.6;41.0;49.6;5
2818;0.3977;20.6;41.0;49.5;5
2819;0.3964;20.7;41.0;49.5;5
2820;0.3984;20.7;41.0;49.4;5
2821;0.3989;20.7;41.0;49.4;5
2822;0.3984;20.9;41.0;49.3;5
2823;0.3978;20.8;41.0;49.2;5
2824;0.3969;20.8;40.9;49.2;5
2825;0.3966;20.8;40.9;49.2;5
2826;0.3974;20.8;40.9;49.1;5
2827;0.3949;20.9;40.8;49.1;5
2828;0.3947;21.0;40.7;49.1;5
2829;0.3942;20.9;40.7;49.0;5
2830;0.3926;20.9;40.7;49.0;5
2831;0.3956;20.9;40.8;49.0;5
2832;0.3955;20.9;40.7;48.9;5
2833;0.3944;20.9;40.6;48.9;5
2834;0.3926;20.9;40.6;48.9;5
2835;0.3931;20.9;40.6;48.8;5
2836;0.3942;20.9;40.6;48.8;5
2837;0.3916;20.9;40.6;48.6;5
2838;0.3922;21.0;40.6;48.8;5
2839;0.3928;20.9;40.6;48.7;5
2840;0.3923;21.0;40.6;48.4;5
2841;0.3925;20.9;40.6;48.4;5
2842;0.3915;21.0;40.5;48.3;5
2843;0.3932;21.0;40.5;48.3;5
2844;0.3907;21.0;40.5;48.2;5
2845;0.3912;21.0;40.5;48.2;5
2846;0.391;20.9;40.4;48.3;5
2847;0.3901;21.0;40.4;48.1;5
2848;0.3893;21.0;40.4;48.1;5
2849;0.3904;21.0;40.3;48.1;5
2850;0.3909;20.9;40.3;48.1;5
2851;0.3902;21.0;40.4;48.0;5
2852;0.3901;20.9;40.4;48.1;5
2853;0.3897;20.9;40.4;48.0;5
2854;0.3901;20.9;40.3;47.9;5
2855;0.3882;20.9;40.2;48.0;5
2856;0.3888;20.9;40.2;47.9;5
2857;0.3892;20.9;40.2;47.9;5
2858;0.3895;20.9;40.2;47.9;5
2859;0.385;20.9;40.1;47.9;5
2860;0.3856;20.9;40.1;47.8;5
2861;0.3852;20.9;40.1;47.8;5
2862;0.3828;20.9;40.2;47.6;5
2863;0.3826;21.0;40.1;47.7;5
2864;0.3826;20.9;40.0;47.6;5
2865;0.3816;21.0;40.0;47.7;5
2866;0.3817;20.9;40.0;47.5;5
2867;0.3831;20.9;40.0;47.6;5
2868;0.3843;20.9;40.0;47.5;5
2869;0.3831;20.9;39.9;47.5;5
2870;0.3828;21.0;39.9;47.5;5
2871;0.3841;20.9;39.9;47.4;5
2872;0.3826;20.8;39.9;47.4;5
2873;0.3834;20.8;39.8;47.4;5
2874;0.3807;20.8;39.9;47.4;5
2875;0.3814;20.9;39.9;47.3;5
2876;0.3827;20.8;39.8;47.3;5
2877;0.3832;20.8;39.8;47.3;5
2878;0.3818;20.7;39.7;47.2;5
2879;0.3802;20.7;39.7;47.2;5
2880;0.3798;20.7;39.7;47.2;5
2881;0.3812;20.7;39.7;47.1;5
2882;0.3806;20.7;39.7;47.0;5
2883;0.3792;20.6;39.6;47.1;5
2884;0.3793;20.6;39.6;47.0;5
2885;0.3784;20.6;39.6;47.0;5
2886;0.3776;20.6;39.5;46.9;5
2887;0.3795;20.6;39.5;46.9;5
2888;0.3778;20.6;39.5;46.9;5
2889;0.3771;20.6;39.5;46.9;5
2890;0.3784;20.6;39.6;46.9;5
2891;0.3785;20.5;39.4;46.8;5
2892;0.3778;20.5;39.4;46.8;5
2893;0.3787;20.5;39.4;46.8;5
2894;0.3772;20.5;39.3;46.8;5
2895;0.3752;20.4;39.3;46.7;5
2896;0.3738;20.3;39.3;46.6;5
2897;0.374;20.4;39.3;46.6;5
2898;0.3747;20.4;39.3;46.5;5
2899;0.3754;20.3;39.1;46.5;5
2900;0.376;20.3;39.1;46.5;5
2901;0.3786;20.3;39.2;46.5;5
2902;0.3784;20.3;39.1;46.5;5
2903;0.375;20.2;39.0;46.4;5
2904;0.3754;20.2;39.0;46.4;5
2905;0.375;20.1;39.1;46.4;5
2906;0.3753;20.1;39.0;46.3;5
2907;0.3769;20.1;39.0;46.3;5
2908;0.3733;20.1;39.0;46.2;5
2909;0.3725;20.1;39.0;46.2;5
2910;0.3732;20.1;38.9;46.3;5
2911;0.3754;20.1;38.9;46.3;5
2912;0.3757;20.1;38.9;46.3;5
2913;0.3742;20.1;38.9;46.2;5
2914;0.3751;20.1;38.9;46.2;5
2915;0.3753;20.1;38.9;46.2;5
2916;0.3732;20.0;38.9;46.2;5
2917;0.3738;20.0;38.9;46.2;5
2918;0.3729;20.0;38.9;46.1;5
2919;0.3719;19.9;38.9;46.1;5
2920;0.3736;19.9;38.8;46.0;5
2921;0.3745;19.8;38.8;46.0;5
2922;0.3717;19.9;38.8;46.0;5
2923;0.3742;19.9;38.8;46.0;5
2924;0.3764;19.8;38.8;46.0;5
2925;0.3753;19.8;38.8;46.0;5
2926;0.3749;19.7;38.8;46.0;5
2927;0.3745;19.8;38.8;46.0;5
2928;0.3742;19.8;38.8;46.0;5
2929;0.3763;19.8;38.7;45.9;5
2930;0.3715;19.8;38.6;45.9;5
2931;0.3724;19.8;38.6;45.9;5
2932;0.3734;19.7;38.6;45.9;5
2933;0.3731;19.7;38.7;45.9;5
2934;0.3733;19.7;38.6;45.9;5
2935;0.3721;19.6;38.7;45.8;5
2936;0.3731;19.7;38.7;45.8;5
2937;0.3722;19.7;38.6;45.8;5
2938;0.3703;19.7;38.6;45.7;5
2939;0.3704;19.6;38.6;45.7;5
2940;0.3711;19.5;38.5;45.7;5
2941;0.3733;19.5;38.6;45.7;5
2942;0.3725;19.5;38.6;45.7;5
2943;0.3726;19.4;38.5;45.7;5
2944;0.3731;19.4;38.4;45.6;5
2945;0.3722;19.4;38.4;45.6;5
2946;0.3721;19.4;38.4;45.6;5
2947;0.3733;19.4;38.4;45.5;5
2948;0.3725;19.3;38.4;45.5;5
2949;0.3723;19.2;38.4;45.5;5
2950;0.3717;19.3;38.3;45.5;5
2951;0.3724;19.3;38.3;45.5;5
2952;0.3709;19.3;38.3;45.4;5
2953;0.3713;19.3;38.3;45.4;5
2954;0.3697;19.3;38.3;45.4;5
2955;0.3679;19.2;38.3;45.4;5
2956;0.368;19.1;38.2;45.3;5
2957;0.369;19.1;38.1;45.3;5
2958;0.3685;19.2;38.1;45.3;5
2959;0.3687;19.1;38.2;45.0;5
2960;0.3676;19.1;38.2;45.2;5
2961;0.3662;19.0;38.2;45.2;5
2962;0.3661;19.1;38.2;45.0;5
2963;0.3675;19.0;38.2;45.1;5
2964;0.3658;18.9;38.1;45.0;5
2965;0.3672;18.9;38.1;45.1;5
2966;0.3676;18.9;38.1;44.8;5
2967;0.368;18.9;38.1;44.8;5
2968;0.3673;18.9;38.0;45.1;5
2969;0.3678;18.9;38.1;44.8;5
2970;0.3673;18.8;38.0;44.8;5
2971;0.3672;18.8;37.9;44.7;5
2972;0.3663;18.8;37.9;44.8;5
2973;0.3661;18.8;37.9;44.8;5
2974;0.3674;18.8;37.9;44.8;5
2975;0.3663;18.7;37.9;44.8;5
2976;0.3667;18.7;37.9;44.8;5
2977;0.3655;18.7;37.8;44.7;5
2978;0.3649;18.7;37.8;44.7;5
2979;0.3647;18.7;37.8;44.7;5
2980;0.3651;18.7;37.8;44.6;5
2981;0.3646;18.6;37.8;44.6;5
2982;0.3644;18.6;37.7;44.6;5
2983;0.3657;18.6;37.7;44.6;5
2984;0.3649;18.6;37.7;44.6;5
2985;0.3637;18.5;37.7;44.5;5
2986;0.3634;18.5;37.7;44.5;5
2987;0.3622;18.5;37.7;44.5;5
2988;0.363;18.5;37.7;44.4;5
2989;0.3621;18.4;37.6;44.4;5
2990;0.3632;18.4;37.5;44.4;5
2991;0.3611;18.3;37.5;44.4;5
2992;0.3627;18.3;37.5;44.3;5
2993;0.3614;18.3;37.5;44.3;5
2994;0.3647;18.3;37.4;44.3;5
2995;0.3631;18.3;37.4;44.3;5
2996;0.363;18.3;37.4;44.2;5
2997;0.3645;18.3;37.4;44.3;5
2998;0.3628;18.2;37.4;44.2;5
2999;0.366;18.2;37.4;44.3;5
3000;0.3636;18.2;37.4;44.2;5
3001;0.363;18.2;37.3;44.2;5
3002;0.3653;18.2;37.3;44.1;5
3003;0.3646;18.2;37.3;44.1;5
3004;0.3639;18.2;37.3;44.1;5
3005;0.3642;18.2;37.3;44.1;5
3006;0.3629;18.2;37.3;44.1;5
3007;0.3606;18.1;37.2;44.0;5
3008;0.3589;18.1;37.2;44.0;5
3009;0.3583;18.1;37.2;43.9;5
3010;0.3588;18.1;37.2;43.9;5
3011;0.3618;18.1;37.2;43.9;5
3012;0.359;18.0;37.2;43.9;5
3013;0.3596;17.9;37.2;43.8;5
3014;0.3606;17.9;37.1;43.8;5
3015;0.3593;18.0;37.1;43.7;5
3016;0.3589;18.0;37.1;43.7;5
3017;0.3561;17.8;37.1;43.7;5
3018;0.3585;17.8;37.1;43.6;5
3019;0.3589;17.8;37.1;43.6;5
3020;0.3579;17.8;37.0;43.6;5
3021;0.3584;17.9;37.0;43.6;5
3022;0.3601;17.8;37.0;43.6;5
3023;0.3613;17.8;36.9;43.5;5
3024;0.36;17.7;37.0;43.5;5
3025;0.3578;17.7;37.0;43.5;5
3026;0.3587;17.7;37.0;43.5;5
3027;0.358;17.7;37.0;43.4;5
3028;0.359;17.8;37.0;43.4;5
3029;0.3572;17.8;37.0;43.4;5
3030;0.3564;17.8;36.9;43.4;5
3031;0.3569;17.7;36.9;43.4;5
3032;0.3562;17.8;36.8;43.3;5
3033;0.3573;17.6;36.9;43.3;5
3034;0.3562;17.7;36.9;43.2;5
3035;0.3614;17.6;36.7;43.2;5
3036;0.3579;17.6;36.7;43.3;5
3037;0.3573;17.6;36.7;43.2;5
3038;0.3565;17.6;36.7;43.2;5
3039;0.3566;17.6;36.7;43.2;5
3040;0.3566;17.6;36.7;43.2;5
3041;0.3556;17.6;36.7;43.2;5
3042;0.3563;17.5;36.8;43.2;5
3043;0.3578;17.5;36.7;43.1;5
3044;0.3559;17.5;36.6;43.1;5
3045;0.3553;17.4;36.6;43.1;5
3046;0.356;17.5;36.6;43.1;5
3047;0.3566;17.5;36.6;43.0;5
3048;0.3587;17.5;36.5;43.1;5
3049;0.3589;17.3;36.4;43.0;5
3050;0.3595;17.3;36.5;43.0;5
3051;0.3609;17.3;36.5;43.0;5
3052;0.3588;17.2;36.4;43.0;5
3053;0.3582;17.2;36.3;43.0;5
3054;0.3578;17.3;36.3;42.8;5
3055;0.3587;17.3;36.4;42.9;5
3056;0.3599;17.2;36.2;42.9;5
3057;0.3576;17.1;36.2;42.6;5
3058;0.3556;17.1;36.2;42.8;5
3059;0.3575;17.1;36.3;42.8;5
3060;0.3584;17.1;36.2;42.7;5
3061;0.3587;17.0;36.1;42.5;5
3062;0.358;17.0;36.1;42.5;5
3063;0.3609;17.0;36.1;42.7;5
3064;0.361;17.0;36.0;42.5;5
3065;0.3607;17.0;36.0;42.4;5
3066;0.3611;16.9;36.0;42.4;5
3067;0.3624;16.9;35.9;42.4;5
3068;0.3603;16.9;35.9;42.4;5
3069;0.3602;16.9;35.9;42.4;5
3070;0.3619;16.9;35.9;42.4;5
3071;0.3601;16.9;35.9;42.4;5
3072;0.359;16.9;35.9;42.3;5
3073;0.3596;16.9;35.8;42.3;5
3074;0.3591;16.9;35.8;42.3;5
3075;0.3591;16.9;35.7;42.3;5
3076;0.3586;16.9;35.8;42.3;5
3077;0.3567;16.9;35.8;42.3;5
3078;0.357;16.9;35.7;42.2;5
3079;0.3558;16.9;35.6;42.2;5
3080;0.3581;16.9;35.7;42.2;5
3081;0.3577;16.9;35.7;42.2;5
3082;0.3583;16.8;35.7;42.1;5
3083;0.3578;16.8;35.6;42.1;5
3084;0.3569;16.8;35.6;42.1;5
3085;0.3575;16.7;35.6;42.1;5
3086;0.3577;16.7;35.6;42.1;5
3087;0.3581;16.7;35.5;42.1;5
3088;0.3599;16.7;35.5;42.0;5
3089;0.3592;16.7;35.5;42.1;5
3090;0.3589;16.7;35.5;42.0;5
3091;0.3598;16.7;35.5;42.0;5
3092;0.3592;16.7;35.5;42.0;5
3093;0.3588;16.7;35.5;42.0;5
3094;0.3547;16.7;35.4;41.9;5
3095;0.3545;16.7;35.4;41.9;5
3096;0.3547;16.7;35.4;41.8;5
3097;0.3533;16.8;35.4;41.8;5
3098;0.3541;16.7;35.4;41.8;5
3099;0.3544;16.7;35.3;41.8;5
3100;0.3552;16.6;35.3;41.7;5
3101;0.3546;16.6;35.2;41.6;5
3102;0.3559;16.6;35.3;41.6;5
3103;0.3567;16.6;35.3;41.6;5
3104;0.356;16.6;35.3;41.6;5
3105;0.3569;16.6;35.3;41.6;5
3106;0.3549;16.6;35.3;41.6;5
3107;0.3554;16.6;35.3;41.5;5
3108;0.3543;16.6;35.3;41.5;5
3109;0.3551;16.4;35.3;41.6;5
3110;0.3537;16.5;35.3;41.5;5
3111;0.3536;16.5;35.2;41.4;5
3112;0.3538;16.5;35.2;41.4;5
3113;0.3535;16.5;35.1;41.4;5
3114;0.3538;16.5;35.2;41.4;5
3115;0.3537;16.5;35.2;41.4;5
3116;0.3539;16.4;35.1;41.3;5
3117;0.3545;16.4;35.1;41.3;5
3118;0.3544;16.4;35.0;41.3;5
3119;0.3561;16.4;35.0;41.3;5
3120;0.3562;16.4;35.0;41.3;5
3121;0.3575;16.4;35.0;41.3;5
3122;0.3551;16.3;35.0;41.3;5
3123;0.3571;16.3;35.1;41.2;5
3124;0.3566;16.2;35.0;41.3;5
3125;0.3564;16.3;35.1;41.2;5
3126;0.3571;16.3;35.0;41.2;5
3127;0.357;16.3;35.0;41.3;5
3128;0.3559;16.3;34.9;41.2;5
3129;0.3575;16.3;34.9;41.2;5
3130;0.3553;16.2;34.9;41.2;5
3131;0.3556;16.1;34.9;41.2;5
3132;0.3575;16.1;34.9;41.2;5
3133;0.3557;16.1;34.9;41.1;5
3134;0.3557;16.0;34.9;41.1;5
3135;0.3568;16.0;34.9;41.1;5
3136;0.3583;16.0;34.9;41.1;5
3137;0.3579;16.0;34.8;41.1;5
3138;0.3584;16.0;34.8;41.1;5
3139;0.3601;15.9;34.7;41.1;5
3140;0.3588;15.9;34.8;41.1;5
3141;0.3568;15.9;34.8;41.1;5
3142;0.3562;15.9;34.8;41.1;5
3143;0.3579;15.9;34.8;41.0;5
3144;0.357;15.8;34.7;41.0;5
3145;0.3573;15.8;34.7;41.0;5
3146;0.3566;15.8;34.7;41.0;5
3147;0.3557;15.8;34.6;41.0;5
3148;0.3582;15.8;34.7;40.9;5
3149;0.3566;15.7;34.7;40.9;5
3150;0.3574;15.7;34.6;40.9;5
3151;0.3566;15.8;34.5;40.9;5
3152;0.3577;15.8;34.5;40.9;5
3153;0.3574;15.8;34.5;40.9;5
3154;0.3559;15.6;34.6;40.9;5
3155;0.3584;15.7;34.6;40.8;5
3156;0.3588;15.6;34.4;40.8;5
3157;0.3586;15.5;34.4;40.8;5
3158;0.3571;15.5;34.4;40.8;5
3159;0.3557;15.5;34.4;40.8;5
3160;0.3566;15.5;34.4;40.8;5
3161;0.3579;15.5;34.4;40.8;5
3162;0.3564;15.4;34.4;40.7;5
3163;0.3567;15.4;34.3;40.7;5
3164;0.3568;15.4;34.3;40.7;5
3165;0.3551;15.4;34.3;40.7;5
3166;0.3552;15.3;34.3;40.7;5
3167;0.3564;15.2;34.3;40.6;5
3168;0.3596;15.2;34.2;40.6;5
3169;0.3576;15.3;34.2;40.6;5
3170;0.3582;15.3;34.2;40.6;5
3171;0.3579;15.2;34.2;40.6;5
3172;0.3613;15.1;34.2;40.6;5
3173;0.3606;15.2;34.2;40.6;5
3174;0.3591;15.1;34.1;40.6;5
3175;0.3607;15.2;34.1;40.6;5
3176;0.3624;15.2;34.1;40.6;5
3177;0.3612;15.2;34.1;40.6;5
3178;0.361;15.2;34.1;40.6;5
3179;0.3592;15.2;34.1;40.6;5
3180;0.3599;15.1;34.0;40.5;5
3181;0.3598;15.1;34.0;40.6;5
3182;0.3598;15.1;33.9;40.5;5
3183;0.3634;15.1;33.9;40.5;5
3184;0.3627;15.1;33.9;40.5;5
3185;0.3626;15.1;33.9;40.5;5
3186;0.3629;15.0;33.9;40.5;5
3187;0.3628;15.2;33.9;40.5;5
3188;0.362;15.1;33.9;40.5;5
3189;0.3622;15.1;33.9;40.6;5
3190;0.3627;15.1;33.9;40.5;5
3191;0.3644;15.2;33.9;40.5;5
3192;0.3641;15.3;33.9;40.5;5
3193;0.3628;15.2;33.9;40.5;5
3194;0.3625;15.2;33.9;40.4;5
3195;0.3642;15.2;33.9;40.5;5
3196;0.3654;15.2;33.9;40.5;5
3197;0.3639;15.2;33.9;40.5;5
3198;0.3649;15.3;33.9;40.4;5
3199;0.3683;15.4;33.9;40.4;5
3200;0.3668;15.3;33.9;40.5;5
3201;0.3677;15.4;33.9;40.5;5
3202;0.3661;15.3;33.9;40.5;5
3203;0.3675;15.3;33.9;40.5;5
3204;0.3666;15.4;33.9;40.5;5
3205;0.3654;15.4;33.9;40.5;5
3206;0.3661;15.4;33.9;40.5;5
3207;0.366;15.4;33.9;40.5;5
3208;0.3709;15.6;33.9;40.5;5
3209;0.3674;15.4;33.9;40.5;5
3210;0.3727;15.6;33.9;40.5;5
3211;0.3654;15.4;33.9;40.5;5
3212;0.3717;15.6;33.9;40.5;5
3213;0.3682;15.5;33.9;40.5;5
3214;0.3728;15.5;33.9;40.5;5
3215;0.3713;15.5;33.9;40.5;5
3216;0.3724;15.5;33.9;40.5;5
3217;0.3707;15.6;33.9;40.5;5
3218;0.3739;15.6;33.9;40.6;5
3219;0.3724;15.7;33.9;40.6;5
3220;0.3726;15.7;33.9;40.6;5
3221;0.3733;15.7;33.9;40.6;5
3222;0.3737;15.7;33.9;40.6;5
3223;0.3741;15.7;33.9;40.6;5
3224;0.3738;15.7;33.9;40.6;5
3225;0.3752;15.7;33.9;40.7;5
3226;0.3759;15.7;33.9;40.7;5
3227;0.376;15.8;33.9;40.7;5
3228;0.3774;15.9;33.9;40.7;5
3229;0.378;15.8;33.9;40.7;5
3230;0.3783;15.8;33.9;40.8;5
3231;0.3785;15.8;34.0;40.8;5
3232;0.3777;15.8;33.9;40.8;5
3233;0.3767;15.9;34.0;40.8;5
3234;0.3776;16.0;34.0;40.8;5
3235;0.3781;15.9;34.0;40.8;5
3236;0.3793;15.9;34.0;40.8;5
3237;0.3798;15.9;34.0;40.9;5
3238;0.3815;16.0;34.0;40.9;5
3239;0.3785;16.1;34.1;40.9;5
3240;0.3799;16.1;34.0;40.9;5
3241;0.3768;16.0;34.0;40.9;5
3242;0.381;16.0;34.0;40.9;5
3243;0.3811;16.1;34.0;40.9;5
3244;0.3815;16.2;34.0;40.9;5
3245;0.3832;16.2;34.0;40.9;5
3246;0.3823;16.2;34.0;40.9;5
3247;0.3833;16.1;34.1;41.0;5
3248;0.3821;16.1;34.1;41.0;5
3249;0.3859;16.2;34.1;41.0;5
3250;0.386;16.2;34.1;41.0;5
3251;0.3857;16.3;34.1;41.0;5
3252;0.3858;16.3;34.1;41.1;5
3253;0.386;16.3;34.2;41.1;5
3254;0.3867;16.4;34.2;41.1;5
3255;0.3877;16.4;34.2;41.2;5
3256;0.3904;16.3;34.1;41.2;5
3257;0.3907;16.4;34.2;41.2;5
3258;0.3908;16.5;34.2;41.2;5
3259;0.3939;16.5;34.2;41.2;5
3260;0.394;16.5;34.1;41.3;5
3261;0.3938;16.5;34.2;41.3;5
3262;0.3907;16.5;34.2;41.4;5
3263;0.3919;16.6;34.2;41.3;5
3264;0.3943;16.6;34.2;41.3;5
3265;0.3932;16.6;34.3;41.4;5
3266;0.3946;16.6;34.3;41.4;5
3267;0.3959;16.7;34.3;41.4;5
3268;0.3933;16.7;34.3;41.4;5
3269;0.3952;16.7;34.3;41.4;5
3270;0.396;16.7;34.3;41.4;5
3271;0.3992;16.7;34.3;41.5;5
3272;0.3998;16.8;34.3;41.5;5
3273;0.4016;16.8;34.3;41.4;5
3274;0.4052;16.8;34.3;41.5;5
3275;0.4044;16.8;34.3;41.6;5
3276;0.4059;16.8;34.3;41.7;5
3277;0.4072;16.8;34.3;41.7;5
3278;0.4064;16.9;34.3;41.7;5
3279;0.4075;17.0;34.3;41.6;5
3280;0.4076;16.9;34.3;41.7;5
3281;0.4084;17.0;34.4;41.7;5
3282;0.4069;17.0;34.4;41.8;5
3283;0.4103;17.0;34.4;41.8;5
3284;0.4078;17.0;34.4;41.8;5
3285;0.4105;17.0;34.4;41.9;5
3286;0.4122;17.1;34.4;41.9;5
3287;0.4104;17.1;34.4;41.9;5
3288;0.4113;17.1;34.4;41.9;5
3289;0.411;17.1;34.4;42.0;5
3290;0.4096;17.1;34.4;42.0;5
3291;0.4087;17.1;34.4;42.0;5
3292;0.41;17.1;34.5;42.0;5
3293;0.4082;17.1;34.5;42.0;5
3294;0.4098;17.1;34.5;42.0;5
3295;0.4098;17.1;34.5;42.1;5
3296;0.409;17.1;34.6;42.1;5
3297;0.4131;17.1;34.5;42.1;5
3298;0.4155;17.1;34.5;42.2;5
3299;0.4185;17.2;34.5;42.2;5
3300;0.4162;17.2;34.5;42.2;5
3301;0.4184;17.2;34.5;42.5;5
3302;0.4238;17.2;34.5;42.3;5
3303;0.4249;17.3;34.5;42.4;5
3304;0.4264;17.2;34.5;42.4;5
3305;0.4282;17.3;34.7;42.7;5
3306;0.4295;17.3;34.7;42.8;5
3307;0.4309;17.4;34.7;42.9;5
3308;0.4338;17.3;34.6;43.0;5
3309;0.4313;17.3;34.6;43.1;5
3310;0.4299;17.3;34.8;43.1;5
3311;0.4319;17.3;34.8;43.2;5
3312;0.4317;17.3;34.8;43.3;5
3313;0.4343;17.3;34.8;43.3;5
3314;0.4333;17.3;34.7;43.4;5
3315;0.4327;17.3;34.7;43.5;5
3316;0.4335;17.4;34.7;43.5;5
3317;0.4331;17.4;34.8;43.5;5
3318;0.433;17.5;34.9;43.6;5
3319;0.4336;17.4;34.9;43.7;5
3320;0.4373;17.4;34.9;43.7;5
3321;0.437;17.5;34.9;43.7;5
3322;0.4375;17.6;35.0;43.8;5
3323;0.4406;17.5;35.0;43.8;5
3324;0.4403;17.5;35.1;43.8;5
3325;0.4424;17.5;35.0;43.9;5
3326;0.4454;17.6;35.0;44.0;5
3327;0.444;17.6;35.1;44.1;5
3328;0.4445;17.6;35.2;44.2;5
3329;0.4435;17.6;35.1;44.2;5
3330;0.4424;17.6;35.1;44.3;5
3331;0.4424;17.7;35.2;44.3;5
3332;0.4422;17.7;35.3;44.3;5
3333;0.4444;17.7;35.3;44.4;5
3334;0.4467;17.7;35.2;44.4;5
3335;0.4467;17.8;35.4;44.5;5
3336;0.4469;17.8;35.4;44.5;5
3337;0.4458;17.8;35.4;44.5;5
3338;0.4497;17.8;35.3;44.6;5
3339;0.4474;17.8;35.4;44.7;5
3340;0.4464;17.8;35.5;44.7;5
3341;0.4488;17.8;35.5;44.7;5
3342;0.4493;17.8;35.5;44.8;5
3343;0.4488;17.8;35.5;44.8;5
3344;0.4493;17.8;35.5;44.9;5
3345;0.45;17.9;35.5;44.9;5
3346;0.4497;18.0;35.5;44.9;5
3347;0.4504;17.9;35.6;45.2;5
3348;0.4472;17.9;35.6;45.2;5
3349;0.4481;17.9;35.6;45.3;5
3350;0.4493;17.9;35.6;45.1;5
3351;0.4504;18.1;35.7;45.6;5
3352;0.4482;17.9;35.6;45.4;5
3353;0.4516;18.1;35.7;45.6;5
3354;0.4529;18.1;35.7;45.4;5
3355;0.4533;18.1;35.7;45.7;5
3356;0.4533;18.1;35.8;45.5;5
3357;0.4539;18.0;35.8;45.7;5
3358;0.4565;18.1;35.8;45.8;5
3359;0.4573;18.1;35.8;45.9;5
3360;0.4577;18.1;35.8;45.9;5
3361;0.4585;18.2;35.8;46.0;5
3362;0.4549;18.0;35.9;46.1;5
3363;0.4534;18.2;36.0;46.1;5
3364;0.4569;18.2;36.0;46.1;5
3365;0.4542;18.2;36.0;46.2;5
3366;0.4568;18.2;36.0;46.2;5
3367;0.4591;18.3;36.1;46.2;5
3368;0.4607;18.3;36.1;46.2;5
3369;0.4606;18.4;36.1;46.3;5
3370;0.4616;18.4;36.1;46.3;5
3371;0.4631;18.5;36.2;46.4;5
3372;0.4603;18.4;36.2;46.4;5
3373;0.4603;18.5;36.2;46.4;5
3374;0.4616;18.5;36.2;46.4;5
3375;0.463;18.5;36.2;46.5;5
3376;0.4634;18.6;36.3;46.6;5
3377;0.4637;18.6;36.3;46.5;5
3378;0.465;18.6;36.4;46.6;5
3379;0.466;18.7;36.5;46.6;5
3380;0.4663;18.7;36.5;46.6;5
3381;0.4656;18.8;36.4;46.7;5
3382;0.4648;18.8;36.5;46.7;5
3383;0.464;18.8;36.6;46.8;5
3384;0.4669;18.9;36.6;46.8;5
3385;0.4648;18.9;36.5;46.8;5
3386;0.4671;18.9;36.6;46.9;5
3387;0.4672;19.0;36.7;46.9;5
3388;0.4667;19.0;36.7;47.0;5
3389;0.4656;19.0;36.7;47.0;5
3390;0.4691;19.1;36.7;47.1;5
3391;0.467;19.0;36.7;47.1;5
3392;0.4665;19.0;36.7;47.1;5
3393;0.4681;19.0;36.8;47.2;5
3394;0.4683;19.0;36.8;47.2;5
3395;0.4693;19.0;36.9;47.3;5
3396;0.4737;19.0;36.8;47.3;5
3397;0.4766;19.0;36.8;47.4;5
3398;0.4753;19.1;36.8;47.5;5
3399;0.4756;19.0;36.8;47.5;5
3400;0.4762;19.1;36.9;47.6;5
3401;0.4744;19.0;36.9;47.6;5
3402;0.4732;19.0;37.0;47.6;5
3403;0.474;19.0;36.9;47.7;5
3404;0.4749;19.0;37.1;47.8;5
3405;0.4744;19.2;37.1;47.8;5
3406;0.4748;19.2;37.1;47.8;5
3407;0.4754;19.2;37.1;47.9;5
3408;0.4752;19.2;37.2;48.0;5
3409;0.4727;19.3;37.2;48.0;5
3410;0.4745;19.3;37.2;47.9;5
3411;0.4736;19.3;37.1;48.0;5
3412;0.4759;19.4;37.3;48.0;5
3413;0.4724;19.5;37.3;48.0;5
3414;0.4718;19.4;37.3;48.1;5
3415;0.4732;19.4;37.4;48.1;5
3416;0.4757;19.5;37.4;48.1;5
3417;0.4757;19.6;37.4;48.2;5
3418;0.4739;19.5;37.4;48.2;5
3419;0.4755;19.5;37.4;48.3;5
3420;0.4753;19.6;37.5;48.3;5
3421;0.4772;19.7;37.5;48.3;5
3422;0.4755;19.7;37.5;48.6;5
3423;0.4748;19.7;37.6;48.4;5
3424;0.4767;19.7;37.6;48.4;5
3425;0.4769;19.8;37.7;48.6;5
3426;0.4764;19.8;37.7;48.7;5
3427;0.4774;19.8;37.7;48.7;5
3428;0.4773;19.8;37.7;48.5;5
3429;0.4758;19.7;37.7;48.7;5
3430;0.4757;19.7;37.7;48.5;5
3431;0.4737;19.7;37.8;48.8;5
3432;0.4751;19.8;37.8;48.8;5
3433;0.473;19.8;37.9;48.8;5
3434;0.4728;19.8;37.9;48.9;5
3435;0.4747;19.8;37.9;48.9;5
3436;0.4747;19.9;37.9;48.9;5
3437;0.4754;20.0;38.1;48.9;5
3438;0.4759;20.1;38.0;48.9;5
3439;0.4788;20.1;38.0;49.0;5
3440;0.4775;20.0;38.0;49.0;5
3441;0.4736;20.0;38.0;49.1;5
3442;0.4761;20.0;38.2;49.1;5
3443;0.4765;20.0;38.1;49.1;5
3444;0.4786;20.0;38.2;49.2;5
3445;0.4784;20.0;38.3;49.2;5
3446;0.4736;20.1;38.3;49.3;5
3447;0.4739;20.2;38.4;49.2;5
3448;0.4741;20.2;38.4;49.3;5
3449;0.4775;20.2;38.4;49.3;5
3450;0.4756;20.3;38.4;49.3;5
3451;0.4774;20.3;38.4;49.3;5
3452;0.4764;20.4;38.5;49.3;5
3453;0.4769;20.4;38.6;49.3;5
3454;0.4731;20.4;38.5;49.3;5
3455;0.476;20.5;38.6;49.3;5
3456;0.4761;20.6;38.7;49.3;5
3457;0.4757;20.5;38.6;49.4;5
3458;0.4727;20.6;38.6;49.4;5
3459;0.4755;20.5;38.7;49.4;5
3460;0.4714;20.5;38.8;49.5;5
3461;0.4721;20.5;38.8;49.5;5
3462;0.4724;20.5;38.8;49.5;5
3463;0.4735;20.6;38.8;49.6;5
3464;0.474;20.6;38.8;49.6;5
3465;0.474;20.6;38.8;49.6;5
3466;0.4736;20.6;38.8;49.6;5
3467;0.4746;20.7;38.8;49.6;5
3468;0.4748;20.7;38.8;49.6;5
3469;0.4764;20.7;38.9;49.7;5
3470;0.4761;20.7;38.9;49.7;5
3471;0.4722;20.7;39.0;49.7;5
3472;0.4711;20.7;39.0;49.7;5
3473;0.4717;20.8;39.0;49.7;5
3474;0.475;20.8;39.0;49.7;5
3475;0.4765;20.8;39.0;49.7;5
3476;0.4754;20.8;39.2;49.8;5
3477;0.4752;20.9;39.2;49.8;5
3478;0.475;20.9;39.2;49.8;5
3479;0.4766;20.9;39.1;49.9;5
3480;0.4778;20.8;39.1;49.9;5
3481;0.477;20.9;39.2;49.9;5
3482;0.4756;20.8;39.2;49.9;5
3483;0.4764;20.8;39.3;50.0;5
3484;0.4782;20.8;39.3;50.0;5
3485;0.4786;20.8;39.4;50.0;5
3486;0.477;20.9;39.4;50.0;5
3487;0.479;20.9;39.4;50.0;5
3488;0.4789;20.9;39.5;50.1;5
3489;0.4828;20.9;39.5;50.1;5
3490;0.4813;21.0;39.5;50.1;5
3491;0.4804;21.1;39.6;50.2;5
3492;0.4793;21.0;39.6;50.2;5
3493;0.4792;21.1;39.6;50.2;5
3494;0.4788;21.2;39.8;50.2;5
3495;0.48;21.3;39.7;50.2;5
3496;0.4792;21.3;39.7;50.2;5
3497;0.4792;21.3;39.9;50.3;5
3498;0.4792;21.3;39.9;50.3;5
3499;0.4799;21.4;39.9;50.3;5
3500;0.477;21.4;39.9;50.3;5
3501;0.4804;21.4;40.0;50.3;5
3502;0.4797;21.4;40.0;50.3;5
3503;0.4803;21.5;40.0;50.4;5
3504;0.4781;21.5;40.1;50.4;5
3505;0.4832;21.4;40.1;50.4;5
3506;0.4802;21.5;40.1;50.5;5
3507;0.4814;21.5;40.1;50.4;5
3508;0.4831;21.6;40.3;50.5;5
3509;0.4804;21.6;40.2;50.5;5
3510;0.4815;21.5;40.2;50.5;5
3511;0.4808;21.5;40.3;50.5;5
3512;0.4839;21.5;40.4;50.6;5
3513;0.4812;21.5;40.4;50.6;5
3514;0.4834;21.5;40.4;50.6;5
3515;0.4796;21.5;40.3;50.6;5
3516;0.4791;21.5;40.3;50.6;5
3517;0.4769;21.5;40.4;50.6;5
3518;0.4798;21.6;40.4;50.6;5
3519;0.479;21.5;40.4;50.6;5
3520;0.4783;21.5;40.4;50.6;5
3521;0.4763;21.5;40.4;50.7;5
3522;0.4788;21.6;40.4;50.6;5
3523;0.4776;21.6;40.5;50.6;5
3524;0.4768;21.6;40.5;50.6;5
3525;0.4782;21.7;40.5;50.7;5
3526;0.4782;21.7;40.6;50.7;5
3527;0.4789;21.7;40.6;50.7;5
3528;0.4784;21.8;40.6;50.7;5
3529;0.4811;21.8;40.7;50.7;5
3530;0.4776;21.8;40.6;50.7;5
3531;0.4761;21.8;40.6;50.8;5
3532;0.4766;21.8;40.6;50.7;5
3533;0.4762;21.7;40.6;50.8;5
3534;0.4763;21.8;40.6;50.8;5
3535;0.4766;21.9;40.6;50.8;5
3536;0.4745;21.9;40.6;50.8;5
3537;0.4778;21.9;40.6;50.8;5
3538;0.4768;22.0;40.7;50.8;5
3539;0.4809;22.0;40.7;50.8;5
3540;0.4789;22.1;40.7;50.9;5
3541;0.4808;22.0;40.8;50.9;5
3542;0.4819;22.1;40.9;50.9;5
3543;0.4803;22.2;40.9;51.0;5
3544;0.4811;22.2;40.9;51.0;5
3545;0.4801;22.3;40.9;51.0;5
3546;0.4786;22.3;40.9;51.0;5
3547;0.4784;22.4;41.0;51.1;5
3548;0.4819;22.4;41.0;51.1;5
3549;0.4822;22.3;41.0;51.1;5
3550;0.483;22.4;41.0;51.1;5
3551;0.483;22.4;41.0;51.1;5
3552;0.4838;22.4;41.1;51.2;5
3553;0.4794;22.5;41.1;51.3;5
3554;0.4789;22.5;41.1;51.2;5
3555;0.4792;22.5;41.2;51.3;5
3556;0.479;22.5;41.2;51.2;5
3557;0.4802;22.5;41.2;51.3;5
3558;0.4809;22.5;41.1;51.3;5
3559;0.481;22.4;41.1;51.4;5
3560;0.48;22.4;41.2;51.4;5
3561;0.4799;22.4;41.2;51.3;5
3562;0.4799;22.4;41.2;51.3;5
3563;0.4813;22.4;41.2;51.3;5
3564;0.4826;22.4;41.2;51.3;5
3565;0.4814;22.4;41.3;51.3;5
3566;0.4807;22.4;41.3;51.4;5
3567;0.4787;22.4;41.3;51.5;5
3568;0.4816;22.4;41.4;51.5;5
3569;0.4808;22.5;41.4;51.4;5
3570;0.4809;22.5;41.4;51.4;5
3571;0.4808;22.5;41.4;51.5;5
3572;0.4789;22.5;41.4;51.5;5
3573;0.4786;22.5;41.4;51.6;5
3574;0.4774;22.4;41.4;51.4;5
3575;0.4773;22.4;41.4;51.5;5
3576;0.4804;22.4;41.5;51.4;5
3577;0.4811;22.4;41.5;51.6;5
3578;0.4789;22.4;41.5;51.5;5
3579;0.4806;22.3;41.4;51.5;5
3580;0.4843;22.1;41.5;51.5;5
3581;0.483;22.1;41.5;51.6;5
3582;0.4836;22.1;41.4;51.6;5
3583;0.4826;22.2;41.5;51.8;5
3584;0.4818;22.1;41.5;51.7;5
3585;0.4819;22.2;41.6;51.9;5
3586;0.4778;22.3;41.6;51.8;5
3587;0.4781;22.3;41.6;52.0;5
3588;0.478;22.3;41.6;51.9;5
3589;0.4763;22.3;41.5;52.0;5
3590;0.4762;22.3;41.6;52.0;5
3591;0.4746;22.3;41.5;51.7;5
3592;0.4752;22.3;41.6;52.0;5
3593;0.4731;22.4;41.6;52.0;5
3594;0.4731;22.4;41.6;51.8;5
3595;0.472;22.4;41.6;51.9;5
3596;0.4737;22.4;41.6;51.9;5
3597;0.4733;22.3;41.6;51.6;5
3598;0.47;22.3;41.5;51.6;5
3599;0.4717;22.3;41.6;51.6;5
3600;0.4728;22.3;41.6;51.7;5
3601;0.4747;22.3;41.7;51.7;5
3602;0.4741;22.3;41.7;52.0;5
3603;0.4725;22.3;41.7;51.9;5
3604;0.4726;22.2;41.7;52.0;5
3605;0.4716;22.3;41.7;51.9;5
3606;0.4707;22.3;41.7;51.7;5
3607;0.4715;22.3;41.7;51.9;5
3608;0.4724;22.3;41.7;51.9;5
3609;0.4709;22.3;41.7;51.7;5
3610;0.4727;22.3;41.7;51.6;5
3611;0.473;22.4;41.7;51.6;5
3612;0.4746;22.4;41.8;51.6;5
3613;0.4709;22.4;41.7;51.8;5
3614;0.473;22.4;41.8;51.6;5
3615;0.4715;22.4;41.8;51.6;5
3616;0.4711;22.4;41.8;51.6;5
3617;0.4699;22.4;41.9;51.6;5
3618;0.4713;22.4;41.8;51.6;5
3619;0.4687;22.4;41.8;51.6;5
3620;0.4684;22.4;41.8;51.6;5
3621;0.4712;22.4;41.8;51.6;5
3622;0.4681;22.4;41.8;51.6;5
3623;0.4675;22.4;41.8;51.6;5
3624;0.4696;22.4;41.8;51.6;5
3625;0.4725;22.4;41.8;51.8;5
3626;0.4718;22.4;41.9;51.6;5
3627;0.4697;22.4;42.0;51.8;5
3628;0.4702;22.4;41.9;51.6;5
3629;0.4696;22.4;42.0;51.6;5
3630;0.4687;22.4;42.0;51.5;5
3631;0.4656;22.4;42.0;51.5;5
3632;0.4675;22.4;41.9;51.7;5
3633;0.4664;22.4;42.0;51.5;5
3634;0.4657;22.4;42.0;51.5;5
3635;0.4657;22.4;42.0;51.5;5
3636;0.4635;22.4;42.0;51.4;5
3637;0.464;22.4;42.0;51.4;5
3638;0.4618;22.4;42.0;51.4;5
3639;0.4631;22.4;42.0;51.4;5
3640;0.4623;22.4;41.9;51.4;5
3641;0.4624;22.4;42.0;51.4;5
3642;0.4638;22.4;41.9;51.3;5
3643;0.461;22.4;41.9;51.2;5
3644;0.4612;22.4;41.9;51.2;5
3645;0.4639;22.4;41.9;51.3;5
3646;0.464;22.4;41.9;51.2;5
3647;0.4611;22.4;41.9;51.3;5
3648;0.4635;22.4;41.9;51.3;5
3649;0.4636;22.4;41.9;51.3;5
3650;0.4623;22.4;41.9;51.3;5
3651;0.4629;22.4;41.9;51.3;5
3652;0.4622;22.4;42.0;51.3;5
3653;0.4613;22.4;42.0;51.3;5
3654;0.4602;22.4;41.9;51.3;5
3655;0.4599;22.4;42.0;51.3;5
3656;0.4598;22.4;41.9;51.3;5
3657;0.4621;22.4;41.9;51.3;5
3658;0.4634;22.4;41.9;51.4;5
3659;0.4651;22.4;41.9;51.4;5
3660;0.4638;22.3;42.0;51.4;5
3661;0.4622;22.3;41.9;51.4;5
3662;0.4599;22.3;42.0;51.4;5
3663;0.4607;22.3;42.0;51.4;5
3664;0.4596;22.3;42.0;51.4;5
3665;0.4592;22.3;41.9;51.4;5
3666;0.4614;22.2;41.9;51.4;5
3667;0.4595;22.2;42.0;51.4;5
3668;0.4583;22.2;42.0;51.4;5
3669;0.4602;22.2;41.9;51.4;5
3670;0.4583;22.2;41.8;51.4;5
3671;0.4585;22.2;41.8;51.4;5
3672;0.4546;22.2;41.8;51.4;5
3673;0.4571;22.2;41.8;51.4;5
3674;0.4603;22.2;41.9;51.4;5
3675;0.4575;22.2;41.9;51.4;5
3676;0.4587;22.2;41.9;51.4;5
3677;0.456;22.2;41.9;51.4;5
3678;0.4517;22.2;41.8;51.3;5
3679;0.4539;22.2;41.8;51.3;5
3680;0.4527;22.2;41.8;51.3;5
3681;0.4531;22.2;41.8;51.3;5
3682;0.4535;22.2;41.8;51.3;5
3683;0.4544;22.1;41.8;51.2;5
3684;0.4554;22.1;41.8;51.2;5
3685;0.4567;22.0;41.8;51.2;5
3686;0.4538;22.1;41.8;51.2;5
3687;0.4552;22.1;41.8;51.2;5
3688;0.4521;22.0;41.8;51.2;5
3689;0.4507;22.1;41.8;51.1;5
3690;0.4531;22.0;41.8;51.1;5
3691;0.4515;22.1;41.8;51.1;5
3692;0.4553;22.0;41.8;51.1;5
3693;0.4544;22.0;41.9;51.1;5
3694;0.4551;22.0;41.9;51.0;5
3695;0.4542;22.0;41.8;51.0;5
3696;0.4543;21.9;41.8;51.0;5
3697;0.4541;21.9;41.8;51.1;5
3698;0.4563;21.9;41.8;51.1;5
3699;0.4554;21.9;41.8;51.1;5
3700;0.4548;21.9;41.7;51.1;5
3701;0.4549;21.8;41.7;51.1;5
3702;0.4532;21.8;41.7;51.1;5
3703;0.4541;21.8;41.7;51.1;5
3704;0.4516;21.8;41.7;51.1;5
3705;0.4493;21.8;41.7;51.1;5
3706;0.4491;21.9;41.7;51.1;5
3707;0.4478;21.9;41.7;51.0;5
3708;0.4497;21.9;41.7;51.0;5
3709;0.4508;21.9;41.7;51.0;5
3710;0.4499;21.9;41.7;51.1;5
3711;0.452;21.9;41.7;51.1;5
3712;0.4487;21.9;41.7;51.0;5
3713;0.4497;21.9;41.7;51.1;5
3714;0.4499;21.9;41.7;51.1;5
3715;0.4491;21.9;41.7;51.1;5
3716;0.4457;21.9;41.6;51.0;5
3717;0.4472;21.9;41.6;51.0;5
3718;0.4447;21.9;41.7;51.0;5
3719;0.4416;21.9;41.6;50.9;5
3720;0.4447;21.9;41.6;51.0;5
3721;0.4455;21.9;41.6;50.9;5
3722;0.4454;21.9;41.6;50.9;5
3723;0.447;21.9;41.6;50.9;5
3724;0.4478;21.8;41.6;50.8;5
3725;0.4439;21.8;41.6;50.8;5
3726;0.4442;21.8;41.6;50.8;5
3727;0.4427;21.8;41.6;50.8;5
3728;0.4414;21.8;41.6;50.8;5
3729;0.4436;21.8;41.6;50.7;5
3730;0.4428;21.7;41.6;50.7;5
3731;0.4414;21.7;41.6;50.7;5
3732;0.4461;21.7;41.5;50.7;5
3733;0.4484;21.7;41.5;50.7;5
3734;0.4494;21.7;41.5;50.8;5
3735;0.4522;21.7;41.5;50.8;5
3736;0.4513;21.6;41.5;50.8;5
3737;0.4491;21.7;41.5;50.8;5
3738;0.4477;21.7;41.5;50.8;5
3739;0.449;21.7;41.5;50.8;5
3740;0.4488;21.8;41.5;50.8;5
3741;0.4456;21.7;41.5;50.9;5
3742;0.4449;21.7;41.5;50.8;5
3743;0.4455;21.8;41.5;50.7;5
3744;0.4466;21.8;41.4;50.8;5
3745;0.4454;21.8;41.4;50.8;5
3746;0.4467;21.8;41.5;50.7;5
3747;0.448;21.8;41.5;50.8;5
3748;0.4487;21.8;41.5;50.7;5
3749;0.4476;21.7;41.5;50.7;5
3750;0.4481;21.8;41.5;50.7;5
3751;0.4481;21.7;41.5;50.7;5
3752;0.4488;21.8;41.5;50.7;5
3753;0.4497;21.8;41.5;50.7;5
3754;0.4503;21.8;41.5;50.8;5
3755;0.4483;21.8;41.5;50.8;5
3756;0.4485;21.8;41.4;50.8;5
3757;0.4485;21.7;41.4;50.8;5
3758;0.4485;21.7;41.4;50.8;5
3759;0.4468;21.7;41.4;50.7;5
3760;0.447;21.7;41.4;50.8;5
3761;0.446;21.7;41.4;50.8;5
3762;0.4471;21.7;41.3;50.7;5
3763;0.4444;21.7;41.4;50.7;5
3764;0.4457;21.7;41.4;50.7;5
3765;0.4415;21.7;41.4;50.7;5
3766;0.4419;21.8;41.3;50.7;5
3767;0.4407;21.8;41.4;50.7;5
3768;0.4411;21.8;41.3;50.7;5
3769;0.4392;21.8;41.3;50.7;5
3770;0.4426;21.8;41.3;50.7;5
3771;0.445;21.8;41.4;50.7;5
3772;0.4447;21.8;41.4;50.7;5
3773;0.4421;21.8;41.4;50.7;5
3774;0.4444;21.8;41.3;50.7;5
3775;0.4451;21.8;41.4;50.7;5
3776;0.4443;21.8;41.4;50.6;5
3777;0.4437;21.8;41.3;50.7;5
3778;0.4436;21.8;41.3;50.7;5
3779;0.4445;21.8;41.3;50.7;5
3780;0.4422;21.8;41.3;50.6;5
3781;0.4416;21.7;41.3;50.6;5
3782;0.443;21.7;41.2;50.6;5
3783;0.4424;21.7;41.2;50.6;5
3784;0.4444;21.7;41.2;50.6;5
3785;0.4455;21.7;41.2;50.6;5
3786;0.4445;21.7;41.2;50.6;5
3787;0.446;21.7;41.2;50.6;5
3788;0.447;21.7;41.2;50.6;5
3789;0.4479;21.6;41.2;50.6;5
3790;0.4469;21.6;41.2;50.6;5
3791;0.4494;21.5;41.2;50.6;5
3792;0.4514;21.6;41.2;50.6;5
3793;0.4481;21.6;41.2;50.6;5
3794;0.4483;21.6;41.2;50.6;5
3795;0.4475;21.6;41.2;50.6;5
3796;0.4461;21.6;41.2;50.6;5
3797;0.4468;21.6;41.2;50.6;5
3798;0.4462;21.6;41.2;50.6;5
3799;0.4467;21.6;41.2;50.6;5
3800;0.4455;21.5;41.1;50.7;5
3801;0.4444;21.6;41.1;50.7;5
3802;0.4469;21.6;41.2;50.6;5
3803;0.4458;21.6;41.1;50.6;5
3804;0.4462;21.6;41.1;50.6;5
3805;0.4474;21.5;41.1;50.6;5
3806;0.4471;21.6;41.1;50.6;5
3807;0.4444;21.5;41.1;50.6;5
3808;0.4457;21.4;41.1;50.6;5
3809;0.4446;21.4;41.1;50.6;5
3810;0.4474;21.4;41.1;50.6;5
3811;0.4466;21.4;41.1;50.6;5
3812;0.4479;21.5;41.1;50.6;5
3813;0.4473;21.4;41.1;50.6;5
3814;0.4458;21.3;41.1;50.6;5
3815;0.4486;21.3;41.1;50.6;5
3816;0.4453;21.3;41.1;50.6;5
3817;0.4429;21.3;41.1;50.6;5
3818;0.4447;21.3;41.1;50.5;5
3819;0.446;21.4;41.1;50.5;5
3820;0.4444;21.4;41.1;50.5;5
3821;0.4469;21.4;41.1;50.5;5
3822;0.4444;21.3;41.1;50.5;5
3823;0.4449;21.4;41.1;50.5;5
3824;0.4455;21.3;41.1;50.5;5
3825;0.4482;21.3;41.1;50.4;5
3826;0.448;21.3;41.1;50.5;5
3827;0.4483;21.3;41.1;50.5;5
3828;0.4495;21.3;41.1;50.5;5
3829;0.449;21.3;41.1;50.5;5
3830;0.4491;21.3;41.0;50.5;5
3831;0.4531;21.3;41.0;50.5;5
3832;0.4522;21.3;41.0;50.5;5
3833;0.4528;21.3;41.0;50.6;5
3834;0.4513;21.3;41.0;50.6;5
3835;0.452;21.3;41.0;50.6;5
3836;0.4533;21.3;41.0;50.6;5
3837;0.4508;21.4;41.0;50.6;5
3838;0.4512;21.4;41.0;50.6;5
3839;0.452;21.4;41.0;50.7;5
3840;0.4565;21.4;41.0;50.7;5
3841;0.4538;21.5;41.0;50.7;5
3842;0.4537;21.4;41.0;50.8;5
3843;0.4539;21.4;41.0;50.8;5
3844;0.4517;21.4;41.0;50.8;5
3845;0.4483;21.4;41.0;50.7;5
3846;0.4476;21.4;41.0;50.7;5
3847;0.4477;21.4;41.0;50.7;5
3848;0.4487;21.4;41.0;50.7;5
3849;0.446;21.4;41.0;50.7;5
3850;0.4432;21.4;40.9;50.7;5
3851;0.4441;21.4;40.9;50.6;5
3852;0.4461;21.4;41.0;50.6;5
3853;0.4455;21.4;41.0;50.6;5
3854;0.4466;21.5;41.0;50.6;5
3855;0.4461;21.4;41.0;50.6;5
3856;0.4431;21.5;41.0;50.6;5
3857;0.4437;21.4;41.0;50.6;5
3858;0.4428;21.4;41.0;50.5;5
3859;0.4461;21.4;41.0;50.5;5
3860;0.4448;21.4;40.9;50.6;5
3861;0.4484;21.4;40.9;50.5;5
3862;0.4484;21.3;41.0;50.5;5
3863;0.4473;21.3;40.9;50.5;5
3864;0.4478;21.3;40.9;50.5;5
3865;0.4455;21.3;40.9;50.5;5
3866;0.4446;21.2;40.9;50.5;5
3867;0.4437;21.1;40.8;50.5;5
3868;0.4419;21.1;40.8;50.4;5
3869;0.4418;21.1;40.8;50.4;5
3870;0.4397;21.1;40.8;50.4;5
3871;0.4414;21.1;40.9;50.4;5
3872;0.4421;21.1;40.8;50.3;5
3873;0.4459;21.1;40.9;50.3;5
3874;0.4463;21.1;40.9;50.3;5
3875;0.4492;21.1;40.9;50.3;5
3876;0.4448;21.1;40.8;50.3;5
3877;0.4454;21.1;40.8;50.3;5
3878;0.4446;21.1;40.8;50.3;5
3879;0.4463;21.2;40.7;50.3;5
3880;0.4478;21.2;40.7;50.3;5
3881;0.4482;21.2;40.8;50.3;5
3882;0.4487;21.2;40.7;50.4;5
3883;0.4475;21.2;40.7;50.3;5
3884;0.4461;21.2;40.8;50.3;5
3885;0.4452;21.2;40.7;50.3;5
3886;0.4431;21.2;40.7;50.3;5
3887;0.4442;21.2;40.7;50.3;5
3888;0.4431;21.2;40.8;50.3;5
3889;0.4469;21.2;40.7;50.3;5
3890;0.4467;21.2;40.7;50.3;5
3891;0.4455;21.2;40.8;50.3;5
3892;0.4465;21.2;40.7;50.4;5
3893;0.4475;21.1;40.6;50.4;5
3894;0.4485;21.1;40.6;50.3;5
3895;0.4456;21.1;40.6;50.4;5
3896;0.4459;21.0;40.6;50.3;5
3897;0.4495;21.0;40.6;50.3;5
3898;0.446;21.0;40.6;50.4;5
3899;0.4473;21.0;40.6;50.4;5
3900;0.4505;21.0;40.6;50.4;5
3901;0.452;21.0;40.7;50.5;5
3902;0.4513;21.0;40.6;50.4;5
3903;0.4501;21.0;40.6;50.4;5
3904;0.4467;21.0;40.6;50.5;5
3905;0.4459;21.0;40.6;50.4;5
3906;0.4484;21.0;40.6;50.4;5
3907;0.446;21.1;40.6;50.4;5
3908;0.4468;21.1;40.6;50.4;5
3909;0.4446;21.1;40.6;50.4;5
3910;0.446;21.1;40.6;50.3;5
3911;0.4459;21.1;40.6;50.3;5
3912;0.4463;21.1;40.6;50.3;5
3913;0.4464;21.1;40.6;50.3;5
3914;0.4464;21.1;40.6;50.3;5
3915;0.4479;21.1;40.6;50.3;5
3916;0.4484;21.1;40.5;50.3;5
3917;0.45;21.1;40.5;50.3;5
3918;0.4498;21.1;40.5;50.3;5
3919;0.4511;21.0;40.5;50.3;5
3920;0.449;21.0;40.5;50.3;5
3921;0.4479;21.0;40.4;50.4;5
3922;0.45;20.9;40.3;50.3;5
3923;0.4481;20.9;40.3;50.3;5
3924;0.4469;20.9;40.4;50.3;5
3925;0.4477;20.9;40.4;50.3;5
3926;0.4476;20.9;40.4;50.3;5
3927;0.4489;21.0;40.4;50.3;5
3928;0.449;20.9;40.3;50.3;5
3929;0.4481;20.9;40.3;50.3;5
3930;0.4461;20.8;40.2;50.3;5
3931;0.447;20.8;40.3;50.4;5
3932;0.4483;20.8;40.2;50.4;5
3933;0.4483;20.8;40.3;50.5;5
3934;0.4487;20.7;40.2;50.4;5
3935;0.4462;20.7;40.3;50.4;5
3936;0.445;20.7;40.2;50.5;5
3937;0.4402;20.7;40.3;50.4;5
3938;0.4429;20.7;40.1;50.4;5
3939;0.4435;20.7;40.1;50.4;5
3940;0.4445;20.7;40.1;50.4;5
3941;0.4459;20.6;40.1;50.3;5
3942;0.4437;20.6;40.1;50.3;5
3943;0.4458;20.6;40.1;50.3;5
3944;0.4451;20.6;40.1;50.3;5
3945;0.4437;20.6;40.0;50.3;5
3946;0.4437;20.5;40.1;50.3;5
3947;0.4427;20.5;40.0;50.3;5
3948;0.4435;20.5;40.0;50.3;5
3949;0.4421;20.5;40.0;50.2;5
3950;0.4427;20.5;40.0;50.2;5
3951;0.4445;20.5;40.0;50.3;5
3952;0.4445;20.5;40.0;50.2;5
3953;0.4427;20.4;40.0;50.2;5
3954;0.4463;20.4;40.0;50.2;5
3955;0.4435;20.4;40.0;50.2;5
3956;0.4459;20.4;40.0;50.2;5
3957;0.4435;20.4;39.9;50.1;5
3958;0.4428;20.4;39.9;50.1;5
3959;0.4417;20.3;39.9;50.1;5
3960;0.4437;20.3;39.9;50.1;5
3961;0.4407;20.3;39.8;50.0;5
3962;0.4394;20.2;39.8;50.0;5
3963;0.4411;20.2;39.8;50.0;5
3964;0.4399;20.2;39.8;49.9;5
3965;0.4368;20.2;39.8;49.9;5
3966;0.4353;20.1;39.8;49.8;5
3967;0.4368;20.0;39.7;49.8;5
3968;0.437;20.0;39.6;49.7;5
3969;0.4382;20.0;39.6;49.7;5
3970;0.44;20.0;39.6;49.7;5
3971;0.4388;20.0;39.6;49.7;5
3972;0.4387;19.9;39.6;49.6;5
3973;0.4394;19.8;39.6;49.6;5
3974;0.4395;19.9;39.6;49.6;5
3975;0.4406;19.9;39.6;49.6;5
3976;0.4392;19.9;39.6;49.6;5
3977;0.4373;19.8;39.6;49.6;5
3978;0.4355;19.8;39.5;49.5;5
3979;0.4377;19.8;39.5;49.5;5
3980;0.4347;19.8;39.5;49.5;5
3981;0.4378;19.7;39.5;49.5;5
3982;0.4356;19.6;39.5;49.4;5
3983;0.4352;19.6;39.4;49.4;5
3984;0.4358;19.6;39.4;49.4;5
3985;0.4345;19.7;39.4;49.3;5
3986;0.4382;19.6;39.4;49.3;5
3987;0.4368;19.6;39.3;49.3;5
3988;0.4357;19.5;39.4;49.3;5
3989;0.4382;19.5;39.3;49.3;5
3990;0.4363;19.5;39.3;49.3;5
3991;0.4365;19.6;39.3;49.2;5
3992;0.4336;19.6;39.3;49.2;5
3993;0.4327;19.6;39.3;49.1;5
3994;0.4335;19.6;39.3;49.1;5
3995;0.4315;19.5;39.2;49.1;5
3996;0.4333;19.5;39.2;49.1;5
3997;0.4343;19.5;39.3;49.0;5
3998;0.4353;19.5;39.2;49.0;5
3999;0.433;19.4;39.3;49.0;5
4000;0.4317;19.4;39.3;49.0;5
4001;0.4322;19.4;39.3;49.0;5
4002;0.4323;19.4;39.3;49.0;5
4003;0.4315;19.4;39.3;48.9;5
4004;0.432;19.4;39.3;48.9;5
4005;0.4332;19.4;39.3;48.9;5
4006;0.4348;19.4;39.2;48.9;5
4007;0.4361;19.4;39.2;48.9;5
4008;0.4333;19.4;39.3;48.9;5
4009;0.4339;19.3;39.3;48.9;5
4010;0.4337;19.3;39.3;48.9;5
4011;0.4333;19.3;39.3;48.9;5
4012;0.4314;19.3;39.3;48.9;5
4013;0.4319;19.3;39.3;48.8;5
4014;0.4317;19.3;39.4;48.9;5
4015;0.4308;19.3;39.4;48.8;5
4016;0.4323;19.3;39.3;48.8;5
4017;0.4333;19.3;39.3;48.8;5
4018;0.431;19.3;39.3;48.8;5
4019;0.4322;19.3;39.3;48.8;5
4020;0.4318;19.3;39.3;48.6;5
4021;0.4318;19.3;39.2;48.8;5
4022;0.4319;19.3;39.2;48.8;5
4023;0.4303;19.3;39.2;48.8;5
4024;0.4336;19.3;39.2;48.8;5
4025;0.4303;19.3;39.1;48.8;5
4026;0.4308;19.3;39.1;48.8;5
4027;0.4298;19.3;39.1;48.8;5
4028;0.4292;19.3;39.2;48.7;5
4029;0.4291;19.3;39.2;48.7;5
4030;0.4311;19.3;39.2;48.5;5
4031;0.4302;19.3;39.2;48.5;5
4032;0.4316;19.3;39.0;48.7;5
4033;0.4318;19.3;39.0;48.5;5
4034;0.4299;19.2;39.0;48.7;5
4035;0.4305;19.2;39.0;48.4;5
4036;0.4299;19.1;39.0;48.6;5
4037;0.4306;19.1;39.0;48.4;5
4038;0.429;19.1;38.9;48.6;5
4039;0.4301;19.2;38.9;48.4;5
4040;0.4322;19.1;38.9;48.6;5
4041;0.43;19.0;38.9;48.4;5
4042;0.4303;19.0;38.9;48.4;5
4043;0.4306;19.0;38.9;48.6;5
4044;0.4291;19.0;38.9;48.6;5
4045;0.4276;19.0;38.8;48.5;5
4046;0.428;19.1;38.7;48.3;5
4047;0.4286;19.0;38.8;48.3;5
4048;0.4314;19.0;38.8;48.5;5
4049;0.4331;19.0;38.8;48.5;5
4050;0.4326;19.0;38.7;48.3;5
4051;0.4311;18.9;38.8;48.3;5
4052;0.4312;18.9;38.7;48.2;5
4053;0.4305;18.9;38.6;48.2;5
4054;0.4311;18.9;38.6;48.2;5
4055;0.4316;18.9;38.7;48.2;5
4056;0.4323;18.9;38.7;48.1;5
4057;0.434;18.8;38.7;48.1;5
4058;0.4342;18.8;38.7;48.2;5
4059;0.4335;18.8;38.7;48.1;5
4060;0.4353;18.8;38.7;48.2;5
4061;0.4343;18.8;38.7;48.2;5
4062;0.4334;18.8;38.7;48.2;5
4063;0.433;18.8;38.7;48.2;5
4064;0.4367;18.8;38.5;48.2;5
4065;0.4369;18.8;38.5;48.3;5
4066;0.4357;18.7;38.5;48.3;5
4067;0.4348;18.7;38.5;48.3;5
4068;0.4337;18.7;38.5;48.3;5
4069;0.4335;18.7;38.5;48.2;5
4070;0.4362;18.7;38.5;48.2;5
4071;0.4403;18.7;38.6;48.2;5
4072;0.4374;18.7;38.6;48.2;5
4073;0.4342;18.7;38.6;48.3;5
4074;0.4322;18.7;38.5;48.2;5
4075;0.4301;18.7;38.5;48.2;5
4076;0.4317;18.7;38.4;48.2;5
4077;0.4357;18.7;38.4;48.2;5
4078;0.4338;18.7;38.5;48.1;5
4079;0.4338;18.7;38.4;48.2;5
4080;0.4342;18.7;38.4;48.1;5
4081;0.4359;18.6;38.4;48.1;5
4082;0.4358;18.6;38.4;48.1;5
4083;0.4358;18.5;38.4;48.1;5
4084;0.4373;18.6;38.4;48.2;5
4085;0.4369;18.6;38.4;48.1;5
4086;0.4355;18.6;38.4;48.1;5
4087;0.4357;18.5;38.4;48.1;5
4088;0.438;18.5;38.4;48.1;5
4089;0.4354;18.5;38.4;48.1;5
4090;0.4352;18.5;38.4;48.1;5
4091;0.4369;18.5;38.4;48.1;5
4092;0.4331;18.4;38.4;48.1;5
4093;0.4348;18.5;38.4;48.1;5
4094;0.4324;18.5;38.4;48.1;5
4095;0.4328;18.4;38.4;48.1;5
4096;0.4327;18.4;38.4;48.0;5
4097;0.4327;18.4;38.4;48.1;5
4098;0.4324;18.4;38.4;48.0;5
4099;0.4325;18.3;38.3;48.0;5
4100;0.4308;18.3;38.3;48.0;5
4101;0.4318;18.3;38.3;47.9;5
4102;0.4301;18.3;38.3;47.9;5
4103;0.43;18.3;38.3;47.9;5
4104;0.4316;18.3;38.3;47.9;5
4105;0.431;18.3;38.3;47.7;5
4106;0.4324;18.3;38.3;47.9;5
4107;0.4298;18.3;38.3;47.7;5
4108;0.4307;18.3;38.3;47.9;5
4109;0.4315;18.3;38.3;47.7;5
4110;0.4311;18.3;38.3;47.8;5
4111;0.4285;18.4;38.2;47.7;5
4112;0.4323;18.3;38.3;47.8;5
4113;0.4278;18.3;38.2;47.7;5
4114;0.4318;18.3;38.3;47.8;5
4115;0.4297;18.3;38.1;47.6;5
4116;0.4297;18.3;38.1;47.6;5
4117;0.4283;18.3;38.1;47.7;5
4118;0.4296;18.3;38.1;47.6;5
4119;0.4285;18.2;38.2;47.6;5
4120;0.4275;18.2;38.2;47.6;5
4121;0.4309;18.2;38.2;47.6;5
4122;0.4302;18.2;38.2;47.6;5
4123;0.4305;18.2;38.1;47.6;5
4124;0.4279;18.2;38.2;47.6;5
4125;0.4295;18.2;38.2;47.6;5
4126;0.4279;18.2;38.0;47.6;5
4127;0.4274;18.2;38.0;47.6;5
4128;0.4284;18.2;38.0;47.5;5
4129;0.4282;18.2;38.0;47.5;5
4130;0.4286;18.2;38.0;47.4;5
4131;0.4266;18.2;38.0;47.5;5
4132;0.4259;18.2;38.0;47.4;5
4133;0.4259;18.2;38.0;47.4;5
4134;0.4248;18.2;38.0;47.4;5
4135;0.428;18.2;38.0;47.4;5
4136;0.4234;18.2;37.9;47.3;5
4137;0.4251;18.1;37.9;47.4;5
4138;0.4243;18.2;37.9;47.3;5
4139;0.4252;18.1;37.9;47.3;5
4140;0.4239;18.0;37.9;47.2;5
4141;0.424;18.0;37.9;47.3;5
4142;0.4235;18.0;37.9;47.3;5
4143;0.4246;18.1;37.9;47.2;5
4144;0.4249;17.9;37.9;47.2;5
4145;0.421;18.0;37.9;47.2;5
4146;0.4234;18.0;37.9;47.2;5
4147;0.4213;18.0;37.9;47.1;5
4148;0.4236;17.9;37.8;47.1;5
4149;0.4211;17.9;37.8;47.1;5
4150;0.4204;17.8;37.8;47.0;5
4151;0.4216;17.8;37.8;47.0;5
4152;0.4202;17.8;37.8;47.0;5
4153;0.4216;17.8;37.8;47.0;5
4154;0.4241;17.8;37.7;46.9;5
4155;0.4224;17.7;37.7;46.9;5
4156;0.4204;17.7;37.7;46.9;5
4157;0.423;17.7;37.7;46.9;5
4158;0.4214;17.7;37.7;46.8;5
4159;0.4192;17.7;37.7;46.8;5
4160;0.4176;17.7;37.7;46.8;5
4161;0.4171;17.7;37.6;46.7;5
4162;0.416;17.7;37.6;46.6;5
4163;0.4157;17.7;37.5;46.6;5
4164;0.415;17.6;37.5;46.6;5
4165;0.4146;17.6;37.6;46.5;5
4166;0.413;17.6;37.5;46.5;5
4167;0.4154;17.6;37.6;46.4;5
4168;0.4123;17.7;37.6;46.5;5
4169;0.4133;17.6;37.6;46.5;5
4170;0.4103;17.6;37.6;46.3;5
4171;0.4114;17.6;37.5;46.3;5
4172;0.4113;17.6;37.5;46.3;5
4173;0.4092;17.6;37.5;46.3;5
4174;0.4114;17.6;37.5;46.2;5
4175;0.4083;17.6;37.5;46.3;5
4176;0.4078;17.5;37.5;46.2;5
4177;0.4077;17.5;37.4;46.2;5
4178;0.4075;17.5;37.4;46.1;5
4179;0.4092;17.5;37.4;46.1;5
4180;0.4094;17.5;37.4;46.1;5
4181;0.4079;17.5;37.3;46.1;5
4182;0.4064;17.4;37.3;46.0;5
4183;0.408;17.5;37.3;46.0;5
4184;0.4051;17.5;37.3;46.0;5
4185;0.4029;17.4;37.3;45.9;5
4186;0.4037;17.3;37.3;45.9;5
4187;0.4058;17.3;37.2;45.9;5
4188;0.4029;17.3;37.2;45.9;5
4189;0.403;17.3;37.2;45.8;5
4190;0.4028;17.3;37.2;45.8;5
4191;0.4015;17.2;37.2;45.8;5
4192;0.4015;17.2;37.1;45.7;5
4193;0.4;17.2;37.1;45.7;5
4194;0.399;17.2;37.1;45.6;5
4195;0.4025;17.2;37.1;45.6;5
4196;0.4031;17.2;37.1;45.6;5
4197;0.4013;17.2;37.0;45.6;5
4198;0.4016;17.2;37.0;45.5;5
4199;0.3997;17.2;36.9;45.5;5
4200;0.4006;17.1;36.9;45.4;5
4201;0.4015;17.1;36.9;45.4;5
4202;0.4004;17.1;37.0;45.4;5
4203;0.4011;17.1;37.0;45.4;5
4204;0.3993;17.1;37.0;45.3;5
4205;0.3997;17.1;37.0;45.3;5
4206;0.3976;17.1;37.0;45.2;5
4207;0.3984;17.1;37.0;45.2;5
4208;0.3961;17.1;37.0;45.1;5
4209;0.3954;17.1;37.0;45.2;5
4210;0.3943;17.1;37.0;45.1;5
4211;0.3926;17.1;37.0;44.9;5
4212;0.3919;17.1;37.0;44.9;5
4213;0.3918;17.1;36.9;44.8;5
4214;0.3916;17.1;36.8;44.8;5
4215;0.3904;17.1;36.9;44.8;5
4216;0.3917;17.1;36.8;44.7;5
4217;0.3909;17.1;36.7;44.7;5
4218;0.3912;17.1;36.7;44.7;5
4219;0.3921;17.0;36.7;44.7;5
4220;0.3941;17.0;36.7;44.6;5
4221;0.3886;17.0;36.7;44.6;5
4222;0.3884;17.0;36.8;44.6;5
4223;0.3889;17.0;36.7;44.5;5
4224;0.391;17.1;36.6;44.5;5
4225;0.3868;17.1;36.6;44.5;5
4226;0.3881;17.1;36.5;44.5;5
4227;0.3892;17.0;36.5;44.4;5
4228;0.3887;17.1;36.6;44.4;5
4229;0.3906;17.0;36.6;44.4;5
4230;0.3914;17.1;36.6;44.3;5
4231;0.3916;17.0;36.5;44.3;5
4232;0.3908;17.0;36.4;44.3;5
4233;0.3898;17.1;36.5;44.3;5
4234;0.39;17.1;36.4;44.2;5
4235;0.391;17.0;36.5;44.2;5
4236;0.3898;17.0;36.5;44.2;5
4237;0.3883;16.9;36.5;44.2;5
4238;0.3881;17.0;36.4;44.2;5
4239;0.3899;16.9;36.3;44.2;5
4240;0.3882;16.9;36.3;44.1;5
4241;0.3873;17.0;36.3;44.0;5
4242;0.3872;17.0;36.3;44.0;5
4243;0.3878;16.9;36.3;44.0;5
4244;0.3851;16.9;36.4;43.9;5
4245;0.3839;16.9;36.2;43.9;5
4246;0.3827;16.9;36.2;43.8;5
4247;0.3826;16.9;36.2;43.8;5
4248;0.3827;16.9;36.2;43.8;5
4249;0.3801;16.8;36.2;43.8;5
4250;0.3799;16.8;36.2;43.7;5
4251;0.3815;16.8;36.2;43.7;5
4252;0.3809;16.8;36.2;43.6;5
4253;0.3827;16.8;36.2;43.6;5
4254;0.3841;16.9;36.2;43.6;5
4255;0.3816;16.8;36.3;43.5;5
4256;0.3809;16.8;36.1;43.5;5
4257;0.3801;16.8;36.1;43.4;5
4258;0.3766;16.7;36.0;43.3;5
4259;0.3758;16.7;36.0;43.2;5
4260;0.3762;16.7;35.9;43.2;5
4261;0.3755;16.7;35.9;43.1;5
4262;0.3768;16.7;35.9;43.1;5
4263;0.3743;16.7;35.9;43.1;5
4264;0.3747;16.7;35.9;43.0;5
4265;0.3768;16.7;35.9;43.0;5
4266;0.3761;16.7;35.8;43.0;5
4267;0.3782;16.7;35.9;42.9;5
4268;0.376;16.7;35.8;43.0;5
4269;0.3747;16.7;35.8;43.0;5
4270;0.375;16.7;35.9;42.9;5
4271;0.3735;16.6;35.8;42.7;5
4272;0.3744;16.7;35.7;42.9;5
4273;0.3735;16.7;35.7;42.7;5
4274;0.3708;16.7;35.7;42.8;5
4275;0.3724;16.7;35.7;42.7;5
4276;0.3716;16.7;35.7;42.7;5
4277;0.3734;16.7;35.6;42.7;5
4278;0.3717;16.7;35.6;42.4;5
4279;0.3722;16.7;35.6;42.4;5
4280;0.372;16.7;35.5;42.4;5
4281;0.3721;16.6;35.5;42.3;5
4282;0.371;16.7;35.5;42.3;5
4283;0.3712;16.7;35.5;42.3;5
4284;0.3707;16.6;35.5;42.3;5
4285;0.3722;16.6;35.4;42.2;5
4286;0.3726;16.6;35.4;42.2;5
4287;0.3737;16.6;35.4;42.1;5
4288;0.3732;16.6;35.4;42.2;5
4289;0.3739;16.6;35.3;42.1;5
4290;0.3727;16.6;35.3;42.2;5
4291;0.3724;16.5;35.2;42.1;5
4292;0.3727;16.5;35.2;42.2;5
4293;0.3711;16.4;35.3;42.1;5
4294;0.3714;16.4;35.3;42.1;5
4295;0.37;16.4;35.3;42.1;5
4296;0.3701;16.5;35.2;42.1;5
4297;0.3724;16.5;35.2;42.0;5
4298;0.3723;16.5;35.2;42.0;5
4299;0.3696;16.4;35.2;41.9;5
4300;0.3693;16.4;35.1;41.9;5
4301;0.3702;16.3;35.0;41.9;5
4302;0.3667;16.3;35.0;41.8;5
4303;0.367;16.3;35.0;41.8;5
4304;0.3685;16.3;35.1;41.8;5
4305;0.3699;16.3;35.1;41.7;5
4306;0.3679;16.3;34.9;41.7;5
4307;0.3682;16.2;34.8;41.7;5
4308;0.3688;16.2;34.8;41.7;5
4309;0.3657;16.2;34.9;41.6;5
4310;0.3666;16.2;34.9;41.6;5
4311;0.3673;16.2;34.9;41.6;5
4312;0.368;16.2;34.9;41.5;5
4313;0.3674;16.2;34.9;41.6;5
4314;0.3664;16.2;34.8;41.5;5
4315;0.3655;16.2;34.8;41.5;5
4316;0.3642;16.2;34.8;41.5;5
4317;0.3645;16.2;34.8;41.4;5
4318;0.3643;16.2;34.8;41.4;5
4319;0.3637;16.2;34.7;41.4;5
4320;0.363;16.2;34.8;41.3;5
4321;0.3659;16.2;34.7;41.3;5
4322;0.3628;16.2;34.7;41.3;5
4323;0.3628;16.2;34.7;41.3;5
4324;0.3625;16.2;34.8;41.2;5
4325;0.3608;16.1;34.8;41.2;5
4326;0.3611;16.2;34.8;41.2;5
4327;0.3623;16.2;34.8;41.2;5
4328;0.3627;16.2;34.8;41.1;5
4329;0.3631;16.2;34.7;41.1;5
4330;0.3617;16.2;34.7;41.1;5
4331;0.3598;16.1;34.6;41.1;5
4332;0.3592;16.2;34.6;41.1;5
4333;0.3586;16.2;34.6;41.0;5
4334;0.3605;16.2;34.6;41.0;5
4335;0.3608;16.2;34.7;41.0;5
4336;0.3612;16.2;34.6;40.9;5
4337;0.3613;16.2;34.5;40.9;5
4338;0.3603;16.2;34.5;40.9;5
4339;0.3598;16.2;34.5;40.9;5
4340;0.3607;16.2;34.5;40.9;5
4341;0.3614;16.2;34.5;40.9;5
4342;0.3608;16.2;34.5;40.8;5
4343;0.3601;16.1;34.5;40.8;5
4344;0.3613;16.1;34.5;40.8;5
4345;0.3606;16.1;34.4;40.8;5
4346;0.3593;16.1;34.4;40.8;5
4347;0.3589;16.1;34.4;40.7;5
4348;0.36;16.1;34.4;40.7;5
4349;0.3604;16.1;34.5;40.7;5
4350;0.3605;16.1;34.3;40.7;5
4351;0.3599;16.1;34.3;40.6;5
4352;0.3617;16.1;34.3;40.7;5
4353;0.3607;16.1;34.3;40.7;5
4354;0.361;16.1;34.3;40.6;5
4355;0.3591;16.0;34.3;40.6;5
4356;0.3611;16.0;34.3;40.6;5
4357;0.3623;16.0;34.3;40.6;5
4358;0.3603;15.9;34.3;40.6;5
4359;0.36;15.9;34.3;40.6;5
4360;0.3601;15.9;34.3;40.6;5
4361;0.3593;15.9;34.3;40.6;5
4362;0.3569;15.9;34.3;40.5;5
4363;0.3579;15.9;34.3;40.5;5
4364;0.3572;15.9;34.3;40.5;5
4365;0.359;15.9;34.2;40.4;5
4366;0.3572;15.9;34.1;40.4;5
4367;0.3585;15.9;34.2;40.4;5
4368;0.3569;15.9;34.2;40.3;5
4369;0.3568;16.0;34.2;40.3;5
4370;0.3566;15.9;34.2;40.3;5
4371;0.3592;15.9;34.2;40.2;5
4372;0.3557;15.9;34.2;40.2;5
4373;0.3585;15.9;34.2;40.2;5
4374;0.3573;16.0;34.1;40.2;5
4375;0.3563;16.0;34.0;40.2;5
4376;0.3575;15.9;34.0;40.1;5
4377;0.3581;15.9;34.1;40.0;5
4378;0.3559;15.8;34.0;40.2;5
4379;0.3563;15.8;34.0;40.1;5
4380;0.3569;15.8;34.0;39.9;5
4381;0.3566;15.8;34.0;39.9;5
4382;0.3557;15.8;33.9;40.1;5
4383;0.3561;15.8;33.9;39.8;5
4384;0.3557;15.8;33.9;40.0;5
4385;0.3539;15.8;33.9;39.8;5
4386;0.3533;15.8;33.9;39.8;5
4387;0.3537;15.8;33.9;39.7;5
4388;0.354;15.8;33.9;39.7;5
4389;0.3522;15.8;33.8;39.7;5
4390;0.3526;15.7;33.8;39.7;5
4391;0.3535;15.6;33.8;39.7;5
4392;0.3521;15.7;33.8;39.7;5
4393;0.3529;15.7;33.8;39.7;5
4394;0.3526;15.7;33.8;39.6;5
4395;0.3535;15.7;33.9;39.6;5
4396;0.3543;15.7;33.8;39.6;5
4397;0.3542;15.7;33.8;39.6;5
4398;0.354;15.7;33.7;39.6;5
4399;0.3545;15.7;33.7;39.6;5
4400;0.3557;15.7;33.7;39.6;5
4401;0.3542;15.7;33.7;39.5;5
4402;0.3559;15.6;33.7;39.5;5
4403;0.3541;15.6;33.7;39.5;5
4404;0.3554;15.6;33.7;39.5;5
4405;0.3532;15.5;33.7;39.5;5
4406;0.3545;15.5;33.5;39.5;5
4407;0.3521;15.5;33.5;39.4;5
4408;0.355;15.5;33.6;39.4;5
4409;0.3518;15.5;33.5;39.4;5
4410;0.3504;15.5;33.5;39.4;5
4411;0.3529;15.5;33.4;39.4;5
4412;0.3523;15.4;33.4;39.4;5
4413;0.3515;15.4;33.4;39.4;5
4414;0.3511;15.4;33.4;39.3;5
4415;0.3503;15.4;33.4;39.3;5
4416;0.3527;15.4;33.4;39.3;5
4417;0.3515;15.4;33.3;39.3;5
4418;0.3495;15.4;33.3;39.3;5
4419;0.3501;15.4;33.4;39.2;5
4420;0.3509;15.4;33.3;39.1;5
4421;0.35;15.5;33.3;39.2;5
4422;0.3516;15.4;33.3;39.1;5
4423;0.3525;15.3;33.3;39.2;5
4424;0.352;15.3;33.3;39.1;5
4425;0.3523;15.3;33.3;39.1;5
4426;0.351;15.3;33.3;39.1;5
4427;0.3504;15.3;33.3;39.1;5
4428;0.3525;15.2;33.3;39.1;5
4429;0.3508;15.2;33.3;39.1;5
4430;0.3493;15.3;33.2;39.1;5
4431;0.3506;15.2;33.2;39.1;5
4432;0.3516;15.2;33.2;39.1;5
4433;0.3516;15.2;33.2;39.1;5
4434;0.3498;15.2;33.2;39.0;5
4435;0.3507;15.1;33.2;39.1;5
4436;0.3517;15.2;33.2;39.1;5
4437;0.3513;15.1;33.2;39.1;5
4438;0.3516;15.2;33.1;39.1;5
4439;0.3499;15.0;33.1;39.0;5
4440;0.3499;15.0;33.0;39.0;5
4441;0.3492;15.1;33.1;39.0;5
4442;0.3508;15.1;33.1;38.9;5
4443;0.3523;15.1;33.1;38.9;5
4444;0.3539;15.1;33.1;39.0;5
4445;0.3537;15.0;33.0;38.9;5
4446;0.3544;15.0;33.0;38.9;5
4447;0.3539;14.9;33.0;38.9;5
4448;0.3551;15.0;33.0;38.9;5
4449;0.3526;14.8;33.0;39.0;5
4450;0.3546;14.8;33.0;39.0;5
4451;0.3542;14.8;32.9;38.9;5
4452;0.3537;14.8;32.8;38.9;5
4453;0.3536;14.8;32.8;38.9;5
4454;0.3535;14.7;32.8;38.9;5
4455;0.3522;14.7;32.8;38.9;5
4456;0.3548;14.7;32.9;38.9;5
4457;0.3543;14.7;32.9;38.9;5
4458;0.352;14.7;32.9;38.9;5
4459;0.3507;14.7;32.8;38.9;5
4460;0.3506;14.7;32.8;38.8;5
4461;0.3503;14.7;32.8;38.8;5
4462;0.3523;14.7;32.7;38.8;5
4463;0.3514;14.7;32.7;38.8;5
4464;0.3531;14.7;32.7;38.8;5
4465;0.3521;14.6;32.7;38.8;5
4466;0.3511;14.7;32.7;38.8;5
4467;0.3522;14.7;32.7;38.8;5
4468;0.353;14.6;32.7;38.8;5
4469;0.3508;14.5;32.7;38.8;5
4470;0.3527;14.5;32.6;38.7;5
4471;0.3512;14.5;32.6;38.7;5
4472;0.3517;14.6;32.6;38.7;5
4473;0.3518;14.5;32.7;38.7;5
4474;0.3532;14.5;32.6;38.7;5
4475;0.3527;14.5;32.5;38.7;5
4476;0.3504;14.4;32.6;38.7;5
4477;0.3496;14.4;32.6;38.7;5
4478;0.3514;14.4;32.6;38.6;5
4479;0.3515;14.4;32.6;38.6;5
4480;0.3514;14.4;32.6;38.6;5
4481;0.3519;14.2;32.6;38.6;5
4482;0.3524;14.3;32.6;38.5;5
4483;0.3509;14.3;32.6;38.5;5
4484;0.3494;14.3;32.6;38.5;5
4485;0.3513;14.3;32.6;38.5;5
4486;0.3504;14.2;32.6;38.5;5
4487;0.3499;14.2;32.6;38.4;5
4488;0.3522;14.3;32.5;38.5;5
4489;0.3517;14.2;32.5;38.5;5
4490;0.3497;14.2;32.6;38.4;5
4491;0.3518;14.2;32.6;38.4;5
4492;0.3538;14.2;32.6;38.5;5
4493;0.3544;14.2;32.6;38.4;5
4494;0.3531;14.3;32.6;38.4;5
4495;0.3514;14.2;32.6;38.4;5
4496;0.3536;14.2;32.6;38.4;5
4497;0.3518;14.2;32.6;38.4;5
4498;0.351;14.2;32.6;38.4;5
4499;0.3492;14.2;32.6;38.4;5
4500;0.3488;14.2;32.6;38.3;5
4501;0.3511;14.2;32.6;38.3;5
4502;0.3486;14.2;32.6;38.3;5
4503;0.3499;14.2;32.6;38.3;5
4504;0.3486;14.2;32.6;38.2;5
4505;0.35;14.2;32.5;38.3;5
4506;0.3517;14.2;32.5;38.2;5
4507;0.3564;14.2;32.4;38.2;5
4508;0.356;14.2;32.4;38.2;5
4509;0.3559;14.2;32.5;38.2;5
4510;0.3576;14.2;32.5;38.3;5
4511;0.3552;14.2;32.5;38.3;5
4512;0.3551;14.2;32.4;38.3;5
4513;0.3571;14.2;32.4;38.3;5
4514;0.3556;14.2;32.4;38.3;5
4515;0.355;14.2;32.4;38.3;5
4516;0.3557;14.2;32.4;38.3;5
4517;0.3559;14.2;32.4;38.3;5
4518;0.3559;14.1;32.4;38.4;5
4519;0.355;14.0;32.3;38.3;5
4520;0.3538;14.0;32.3;38.3;5
4521;0.3551;14.0;32.3;38.3;5
4522;0.3539;13.9;32.3;38.3;5
4523;0.3538;13.9;32.3;38.3;5
4524;0.3544;14.0;32.3;38.3;5
4525;0.3543;13.9;32.2;38.2;5
4526;0.3553;13.9;32.2;38.2;5
4527;0.3528;13.9;32.2;38.2;5
4528;0.3553;13.9;32.2;38.3;5
4529;0.3517;13.9;32.2;38.2;5
4530;0.3519;13.9;32.2;38.2;5
4531;0.3529;13.9;32.2;38.2;5
4532;0.3543;13.9;32.2;38.2;5
4533;0.3544;13.9;32.2;38.2;5
4534;0.3526;13.9;32.2;38.2;5
4535;0.3505;13.9;32.2;38.1;5
4536;0.3526;13.9;32.1;38.1;5
4537;0.3536;13.9;32.1;38.1;5
4538;0.3534;13.9;32.1;38.1;5
4539;0.3537;13.9;32.1;38.1;5
4540;0.3541;13.9;32.2;38.1;5
4541;0.3552;13.9;32.1;38.1;5
4542;0.355;13.9;32.1;38.1;5
4543;0.3523;13.8;32.0;38.1;5
4544;0.355;13.8;32.0;38.1;5
4545;0.3509;13.7;32.0;38.1;5
4546;0.351;13.7;32.0;38.1;5
4547;0.3513;13.8;32.0;38.0;5
4548;0.3524;13.8;32.0;38.0;5
4549;0.351;13.7;32.0;38.0;5
4550;0.3498;13.8;32.0;38.0;5
4551;0.35;13.8;31.9;37.9;5
4552;0.3502;13.7;31.9;37.9;5
4553;0.354;13.8;31.8;37.9;5
4554;0.3508;13.8;31.9;37.9;5
4555;0.3511;13.7;31.9;37.9;5
4556;0.3518;13.8;31.9;37.9;5
4557;0.3532;13.7;31.9;37.9;5
4558;0.3513;13.7;31.9;37.8;5
4559;0.3516;13.7;31.8;37.8;5
4560;0.3513;13.6;31.7;37.9;5
4561;0.3545;13.6;31.7;37.8;5
4562;0.3536;13.6;31.7;37.8;5
4563;0.3504;13.7;31.7;37.8;5
4564;0.3512;13.7;31.7;37.8;5
4565;0.3524;13.7;31.7;37.8;5
4566;0.3563;13.6;31.7;37.8;5
4567;0.3552;13.6;31.7;37.8;5
4568;0.3548;13.6;31.7;37.8;5
4569;0.3553;13.5;31.7;37.8;5
4570;0.3562;13.5;31.7;37.8;5
4571;0.3535;13.5;31.7;37.8;5
4572;0.3545;13.5;31.7;37.8;5
4573;0.355;13.5;31.7;37.8;5
4574;0.3551;13.5;31.7;37.8;5
4575;0.3509;13.5;31.7;37.8;5
4576;0.3518;13.6;31.7;37.8;5
4577;0.3534;13.6;31.7;37.8;5
4578;0.3533;13.5;31.6;37.8;5
4579;0.3547;13.5;31.6;37.8;5
4580;0.3546;13.5;31.6;37.7;5
4581;0.3553;13.6;31.6;37.7;5
4582;0.3536;13.5;31.7;37.7;5
4583;0.3551;13.5;31.6;37.7;5
4584;0.3565;13.4;31.6;37.7;5
4585;0.3572;13.4;31.6;37.7;5
4586;0.3554;13.4;31.6;37.7;5
4587;0.3534;13.4;31.5;37.7;5
4588;0.3542;13.4;31.6;37.7;5
4589;0.3535;13.4;31.6;37.6;5
4590;0.3516;13.4;31.6;37.6;5
4591;0.3518;13.4;31.6;37.6;5
4592;0.3521;13.4;31.6;37.6;5
4593;0.3539;13.4;31.6;37.6;5
4594;0.3554;13.3;31.6;37.6;5
4595;0.3533;13.2;31.6;37.6;5
4596;0.3551;13.2;31.6;37.6;5
4597;0.3553;13.1;31.5;37.6;5
4598;0.3545;12.9;31.5;37.6;5
4599;0.3566;12.9;31.5;37.6;5
4600;0.3553;12.8;31.5;37.6;5
4601;0.3558;12.7;31.5;37.6;5
4602;0.3535;12.7;31.4;37.6;5
4603;0.3564;12.7;31.4;37.5;5
4604;0.357;12.7;31.3;37.6;5
4605;0.3551;12.6;31.3;37.6;5
4606;0.354;12.6;31.3;37.5;5
4607;0.3546;12.6;31.4;37.5;5
4608;0.3558;12.6;31.4;37.6;5
4609;0.356;12.6;31.4;37.5;5
4610;0.3542;12.6;31.4;37.5;5
4611;0.3546;12.6;31.4;37.5;5
4612;0.3555;12.6;31.4;37.5;5
4613;0.3549;12.6;31.4;37.5;5
4614;0.3585;12.7;31.4;37.5;5
4615;0.355;12.7;31.4;37.5;5
4616;0.3571;12.7;31.4;37.5;5
4617;0.3558;12.7;31.4;37.5;5
4618;0.3579;12.7;31.4;37.5;5
4619;0.3566;12.8;31.3;37.5;5
4620;0.3561;12.8;31.4;37.5;5
4621;0.3558;12.8;31.4;37.5;5
4622;0.3579;13.0;31.4;37.5;5
4623;0.3582;12.9;31.4;37.5;5
4624;0.3597;12.9;31.4;37.5;5
4625;0.3569;12.9;31.4;37.5;5
4626;0.3574;13.0;31.3;37.5;5
4627;0.3567;13.0;31.3;37.5;5
4628;0.3583;13.0;31.3;37.5;5
4629;0.3579;12.9;31.3;37.5;5
4630;0.355;12.9;31.3;37.5;5
4631;0.3568;13.0;31.3;37.5;5
4632;0.3566;13.0;31.2;37.5;5
4633;0.3601;13.0;31.2;37.5;5
4634;0.3577;13.0;31.2;37.5;5
4635;0.3589;13.0;31.3;37.5;5
4636;0.3624;13.1;31.4;37.5;5
4637;0.3643;13.0;31.4;37.5;5
4638;0.3634;13.0;31.3;37.5;5
4639;0.3629;13.0;31.4;37.5;5
4640;0.3613;13.1;31.4;37.5;5
4641;0.3625;13.2;31.4;37.5;5
4642;0.3639;13.2;31.4;37.5;5
4643;0.3637;13.1;31.4;37.5;5
4644;0.3646;13.1;31.4;37.5;5
4645;0.3635;13.2;31.4;37.5;5
4646;0.3642;13.2;31.4;37.5;5
4647;0.3647;13.2;31.4;37.5;5
4648;0.3639;13.2;31.4;37.6;5
4649;0.3627;13.3;31.4;37.5;5
4650;0.3631;13.2;31.4;37.6;5
4651;0.3627;13.2;31.3;37.5;5
4652;0.3623;13.3;31.3;37.6;5
4653;0.3636;13.3;31.3;37.5;5
4654;0.3658;13.4;31.3;37.5;5
4655;0.3635;13.4;31.3;37.6;5
4656;0.3646;13.4;31.3;37.5;5
4657;0.3658;13.4;31.3;37.5;5
4658;0.3659;13.4;31.3;37.6;5
4659;0.3664;13.4;31.3;37.6;5
4660;0.3655;13.5;31.4;37.6;5
4661;0.367;13.5;31.4;37.6;5
4662;0.3683;13.5;31.3;37.6;5
4663;0.3642;13.6;31.3;37.6;5
4664;0.3638;13.6;31.3;37.6;5
4665;0.3647;13.6;31.3;37.6;5
4666;0.3637;13.6;31.3;37.6;5
4667;0.3645;13.6;31.3;37.6;5
4668;0.3636;13.7;31.3;37.6;5
4669;0.3637;13.7;31.3;37.7;5
4670;0.3641;13.7;31.3;37.6;5
4671;0.3634;13.8;31.3;37.6;5
4672;0.3648;13.8;31.3;37.6;5
4673;0.366;13.9;31.4;37.6;5
4674;0.3669;13.8;31.4;37.7;5
4675;0.3671;13.9;31.4;37.7;5
4676;0.3663;13.9;31.4;37.7;5
4677;0.3675;14.0;31.4;37.7;5
4678;0.3683;14.0;31.4;37.7;5
4679;0.3692;14.0;31.4;37.7;5
4680;0.371;14.0;31.4;37.7;5
4681;0.3717;14.1;31.4;37.7;5
4682;0.3736;14.1;31.3;37.8;5
4683;0.3723;14.1;31.3;37.8;5
4684;0.3747;14.1;31.4;37.8;5
4685;0.3757;14.2;31.4;37.8;5
4686;0.3795;14.2;31.4;37.9;5
4687;0.3791;14.2;31.4;37.9;5
4688;0.3779;14.2;31.4;38.0;5
4689;0.3799;14.2;31.3;38.0;5
4690;0.3802;14.2;31.3;38.0;5
4691;0.3802;14.2;31.3;38.1;5
4692;0.3813;14.2;31.3;38.1;5
4693;0.381;14.3;31.3;38.1;5
4694;0.3814;14.2;31.3;38.2;5
4695;0.3788;14.3;31.3;38.2;5
4696;0.3786;14.2;31.3;38.2;5
4697;0.3794;14.2;31.4;38.2;5
4698;0.3794;14.3;31.5;38.3;5
4699;0.3804;14.3;31.5;38.3;5
4700;0.3831;14.3;31.5;38.3;5
4701;0.3848;14.3;31.5;38.3;5
4702;0.3841;14.3;31.5;38.3;5
4703;0.3838;14.3;31.6;38.3;5
4704;0.3839;14.4;31.6;38.4;5
4705;0.3858;14.5;31.6;38.4;5
4706;0.3886;14.5;31.6;38.4;5
4707;0.3879;14.4;31.6;38.4;5
4708;0.387;14.4;31.6;38.4;5
4709;0.3862;14.5;31.6;38.5;5
4710;0.3891;14.5;31.7;38.5;5
4711;0.387;14.6;31.7;38.5;5
4712;0.3876;14.6;31.7;38.6;5
4713;0.3884;14.6;31.7;38.6;5
4714;0.3894;14.6;31.7;38.6;5
4715;0.3885;14.6;31.7;38.7;5
4716;0.39;14.6;31.8;38.7;5
4717;0.3909;14.7;31.8;38.7;5
4718;0.3923;14.7;31.9;38.7;5
4719;0.3949;14.7;31.8;38.7;5
4720;0.3919;14.7;31.9;38.8;5
4721;0.3911;14.8;31.8;38.8;5
4722;0.393;14.8;31.9;38.8;5
4723;0.392;14.8;32.0;38.8;5
4724;0.3927;14.9;32.0;38.9;5
4725;0.3931;15.0;32.0;38.9;5
4726;0.3951;15.0;32.0;38.9;5
4727;0.398;15.0;32.0;38.9;5
4728;0.3977;15.0;32.0;38.9;5
4729;0.3981;15.1;32.0;38.9;5
4730;0.4006;15.0;32.1;38.9;5
4731;0.4003;15.0;32.1;38.9;5
4732;0.3975;15.0;32.1;39.1;5
4733;0.3995;15.0;32.1;39.1;5
4734;0.3999;15.0;32.1;39.1;5
4735;0.3996;15.1;32.1;39.1;5
4736;0.3994;15.2;32.2;39.2;5
4737;0.4007;15.1;32.2;39.2;5
4738;0.3996;15.2;32.2;39.2;5
4739;0.3984;15.2;32.2;39.2;5
4740;0.4011;15.3;32.3;39.3;5
4741;0.4023;15.3;32.3;39.3;5
4742;0.4032;15.3;32.3;39.4;5
4743;0.4037;15.4;32.3;39.3;5
4744;0.404;15.4;32.3;39.4;5
4745;0.4033;15.4;32.4;39.3;5
4746;0.4083;15.4;32.4;39.4;5
4747;0.4062;15.4;32.4;39.4;5
4748;0.4079;15.5;32.4;39.5;5
4749;0.4111;15.5;32.4;39.5;5
4750;0.4101;15.5;32.5;39.5;5
4751;0.4116;15.5;32.6;39.6;5
4752;0.4126;15.5;32.6;39.7;5
4753;0.4121;15.6;32.5;39.7;5
4754;0.4132;15.7;32.6;40.0;5
4755;0.4137;15.6;32.6;40.0;5
4756;0.417;15.6;32.7;39.8;5
4757;0.4162;15.7;32.6;40.1;5
4758;0.4169;15.8;32.7;40.2;5
4759;0.4156;15.7;32.8;40.3;5
4760;0.4154;15.8;32.8;40.3;5
4761;0.4202;15.9;32.8;40.4;5
4762;0.4181;15.9;32.8;40.4;5
4763;0.4197;15.9;32.8;40.5;5
4764;0.4211;16.0;32.8;40.6;5
4765;0.4211;16.0;32.8;40.6;5
4766;0.4203;16.0;32.8;40.7;5
4767;0.4218;16.2;32.9;40.7;5
4768;0.4232;16.1;33.0;40.8;5
4769;0.4233;16.1;32.9;40.9;5
4770;0.4217;16.3;32.9;40.9;5
4771;0.4236;16.3;33.0;41.0;5
4772;0.4242;16.2;32.9;41.0;5
4773;0.4262;16.3;32.9;41.1;5
4774;0.4278;16.4;32.9;41.1;5
4775;0.4269;16.4;33.0;41.2;5
4776;0.4274;16.4;33.1;41.2;5
4777;0.4286;16.3;33.1;41.3;5
4778;0.4281;16.4;33.1;41.3;5
4779;0.4272;16.5;33.0;41.3;5
4780;0.4276;16.5;33.0;41.4;5
4781;0.4275;16.5;33.1;41.4;5
4782;0.4295;16.4;33.1;41.5;5
4783;0.4299;16.5;33.2;41.5;5
4784;0.4314;16.5;33.2;41.6;5
4785;0.4318;16.6;33.1;41.6;5
4786;0.4309;16.6;33.2;41.6;5
4787;0.4286;16.6;33.3;41.7;5
4788;0.43;16.6;33.3;41.7;5
4789;0.4315;16.6;33.3;41.7;5
4790;0.4329;16.7;33.2;41.8;5
4791;0.4323;16.7;33.3;41.8;5
4792;0.4324;16.7;33.4;41.9;5
4793;0.4329;16.7;33.4;42.0;5
4794;0.43;16.7;33.4;42.0;5
4795;0.4335;16.8;33.4;42.0;5
4796;0.4335;16.8;33.4;42.1;5
4797;0.4352;16.8;33.5;42.1;5
4798;0.4354;16.8;33.6;42.2;5
4799;0.4368;16.9;33.6;42.2;5
4800;0.4386;16.9;33.5;42.3;5
4801;0.4391;16.9;33.6;42.5;5
4802;0.4419;17.0;33.6;42.4;5
4803;0.4425;17.1;33.7;42.4;5
4804;0.4426;17.1;33.7;42.7;5
4805;0.4426;17.1;33.7;42.8;5
4806;0.4463;17.2;33.8;42.9;5
4807;0.4448;17.2;33.8;42.9;5
4808;0.4454;17.2;33.8;43.0;5
4809;0.4471;17.2;33.9;43.0;5
4810;0.4448;17.2;33.9;43.1;5
4811;0.4426;17.3;33.9;43.1;5
4812;0.4423;17.3;34.0;43.2;5
4813;0.444;17.4;34.0;43.2;5
4814;0.4446;17.4;34.0;43.3;5
4815;0.4424;17.4;34.1;43.3;5
4816;0.4438;17.5;34.1;43.4;5
4817;0.4433;17.6;34.1;43.4;5
4818;0.4441;17.6;34.1;43.4;5
4819;0.4424;17.6;34.2;43.5;5
4820;0.4433;17.6;34.3;43.5;5
4821;0.4423;17.8;34.3;43.6;5
4822;0.4458;17.7;34.3;43.6;5
4823;0.447;17.8;34.3;43.6;5
4824;0.4498;17.8;34.4;43.6;5
4825;0.4488;18.0;34.4;43.6;5
4826;0.4499;17.9;34.4;43.7;5
4827;0.4487;18.0;34.5;43.7;5
4828;0.4452;18.0;34.5;43.8;5
4829;0.4456;18.1;34.5;43.9;5
4830;0.4466;18.2;34.6;43.9;5
4831;0.4457;18.2;34.6;44.0;5
4832;0.446;18.2;34.6;44.0;5
4833;0.449;18.3;34.7;44.0;5
4834;0.4502;18.3;34.8;44.1;5
4835;0.4513;18.4;34.8;44.1;5
4836;0.4505;18.4;34.7;44.2;5
4837;0.4524;18.4;34.8;44.2;5
4838;0.4525;18.4;34.9;44.3;5
4839;0.4542;18.5;34.9;44.4;5
4840;0.4532;18.6;35.0;44.4;5
4841;0.4521;18.7;35.0;44.4;5
4842;0.4542;18.7;35.0;44.5;5
4843;0.4542;18.6;35.0;44.5;5
4844;0.4541;18.7;35.1;44.6;5
4845;0.4575;18.7;35.0;44.7;5
4846;0.4596;18.8;35.1;44.7;5
4847;0.4566;18.8;35.2;44.7;5
4848;0.4578;18.8;35.1;44.8;5
4849;0.4572;18.8;35.1;44.8;5
4850;0.4596;18.8;35.2;44.8;5
4851;0.4607;18.9;35.2;44.9;5
4852;0.46;18.9;35.2;44.9;5
4853;0.4613;18.9;35.2;45.2;5
4854;0.4597;19.0;35.4;45.0;5
4855;0.4575;18.9;35.3;45.3;5
4856;0.4585;18.9;35.4;45.3;5
4857;0.4607;18.9;35.4;45.3;5
4858;0.4617;19.0;35.3;45.3;5
4859;0.4605;19.0;35.4;45.4;5
4860;0.46;19.0;35.5;45.5;5
4861;0.4597;19.0;35.5;45.5;5
4862;0.4588;19.0;35.5;45.5;5
4863;0.4581;19.0;35.4;45.5;5
4864;0.4568;19.2;35.6;45.6;5
4865;0.4608;19.2;35.6;45.6;5
4866;0.4639;19.2;35.7;45.6;5
4867;0.4616;19.2;35.8;45.7;5
4868;0.4619;19.4;35.7;45.7;5
4869;0.4625;19.3;35.7;45.7;5
4870;0.4647;19.5;35.8;45.8;5
4871;0.463;19.4;35.9;45.8;5
4872;0.4625;19.5;35.9;45.9;5
4873;0.463;19.5;35.8;45.9;5
4874;0.462;19.6;35.9;45.9;5
4875;0.4613;19.6;36.0;45.9;5
4876;0.4626;19.7;35.9;46.0;5
4877;0.4602;19.6;36.0;46.0;5
4878;0.4606;19.8;36.1;46.1;5
4879;0.4617;19.8;36.1;46.1;5
4880;0.4609;19.8;36.0;46.2;5
4881;0.4615;19.9;36.1;46.2;5
4882;0.4626;19.9;36.1;46.2;5
4883;0.4648;19.9;36.2;46.2;5
4884;0.4612;19.9;36.2;46.3;5
4885;0.4608;19.9;36.2;46.3;5
4886;0.4604;19.9;36.2;46.4;5
4887;0.4613;20.0;36.2;46.3;5
4888;0.463;20.1;36.4;46.3;5
4889;0.4608;20.1;36.3;46.4;5
4890;0.4622;20.2;36.4;46.4;5
4891;0.4623;20.2;36.4;46.4;5
4892;0.4634;20.2;36.4;46.4;5
4893;0.4619;20.1;36.4;46.5;5
4894;0.4634;20.2;36.5;46.5;5
4895;0.4621;20.3;36.6;46.6;5
4896;0.463;20.4;36.6;46.6;5
4897;0.4633;20.3;36.6;46.6;5
4898;0.463;20.3;36.7;46.6;5
4899;0.4619;20.4;36.7;46.7;5
4900;0.4609;20.4;36.6;46.7;5
4901;0.4603;20.5;36.7;46.7;5
4902;0.4601;20.6;36.8;46.8;5
4903;0.4615;20.6;36.8;46.7;5
4904;0.4605;20.6;36.8;46.8;5
4905;0.4606;20.6;36.9;46.8;5
4906;0.4601;20.6;36.8;46.8;5
4907;0.4609;20.6;37.0;46.8;5
4908;0.4612;20.7;36.9;46.8;5
4909;0.46;20.7;37.0;46.9;5
4910;0.458;20.7;36.9;46.9;5
4911;0.4577;20.7;37.0;46.8;5
4912;0.459;20.7;37.1;46.9;5
4913;0.4585;20.8;37.1;46.9;5
4914;0.4587;20.8;37.1;47.0;5
4915;0.4599;20.9;37.1;47.0;5
4916;0.4618;21.0;37.2;47.1;5
4917;0.4623;21.0;37.2;47.2;5
4918;0.4597;21.0;37.2;47.2;5
4919;0.4601;21.0;37.2;47.1;5
4920;0.464;21.0;37.3;47.3;5
4921;0.4635;21.0;37.4;47.3;5
4922;0.4587;21.0;37.3;47.3;5
4923;0.4583;21.0;37.3;47.3;5
4924;0.4608;21.0;37.3;47.4;5
4925;0.4621;21.0;37.4;47.4;5
4926;0.4607;20.9;37.4;47.5;5
4927;0.4607;21.0;37.5;47.4;5
4928;0.4611;21.0;37.5;47.5;5
4929;0.4607;21.0;37.5;47.6;5
4930;0.4617;21.0;37.5;47.5;5
4931;0.4612;21.0;37.6;47.6;5
4932;0.4593;21.0;37.6;47.6;5
4933;0.4562;21.0;37.7;47.5;5
4934;0.4591;21.1;37.6;47.6;5
4935;0.4577;21.1;37.6;47.6;5
4936;0.4585;21.1;37.6;47.6;5
4937;0.4611;21.0;37.6;47.6;5
4938;0.4593;21.0;37.8;47.7;5
4939;0.461;21.0;37.8;47.7;5
4940;0.4617;21.0;37.8;47.7;5
4941;0.46;21.0;37.8;47.7;5
4942;0.4573;21.1;37.8;47.8;5
4943;0.4584;21.1;37.9;47.9;5
4944;0.4568;21.1;37.9;47.9;5
4945;0.4583;21.1;37.9;47.8;5
4946;0.46;21.0;37.9;47.8;5
4947;0.4587;21.0;38.0;47.9;5
4948;0.4572;21.1;38.0;47.9;5
4949;0.4569;21.1;38.0;47.9;5
4950;0.4581;21.1;38.0;47.9;5
4951;0.4563;21.1;38.1;47.9;5
4952;0.4615;21.1;38.2;47.9;5
4953;0.4612;21.2;38.2;48.0;5
4954;0.4589;21.2;38.2;48.0;5
4955;0.4587;21.2;38.1;48.0;5
4956;0.4612;21.3;38.2;48.1;5
4957;0.4626;21.3;38.2;48.1;5
4958;0.4618;21.3;38.3;48.1;5
4959;0.4614;21.3;38.3;48.1;5
4960;0.4618;21.3;38.3;48.2;5
4961;0.4613;21.3;38.3;48.2;5
4962;0.4605;21.3;38.4;48.2;5
4963;0.4619;21.3;38.4;48.3;5
4964;0.4628;21.3;38.4;48.3;5
4965;0.4638;21.3;38.4;48.5;5
4966;0.4626;21.3;38.4;48.4;5
4967;0.4629;21.3;38.4;48.6;5
4968;0.4643;21.3;38.6;48.7;5
4969;0.4636;21.3;38.6;48.7;5
4970;0.4596;21.3;38.6;48.7;5
4971;0.46;21.3;38.6;48.8;5
4972;0.4603;21.2;38.5;48.8;5
4973;0.4621;21.2;38.6;48.8;5
4974;0.4636;21.2;38.6;48.9;5
4975;0.4611;21.3;38.6;48.9;5
4976;0.4632;21.3;38.7;48.9;5
4977;0.464;21.3;38.6;48.9;5
4978;0.4614;21.3;38.7;49.0;5
4979;0.462;21.3;38.7;49.0;5
4980;0.4624;21.3;38.7;49.0;5
4981;0.4612;21.3;38.8;49.0;5
4982;0.4611;21.3;38.8;49.0;5
4983;0.4636;21.3;38.8;49.0;5
4984;0.4608;21.3;38.8;49.0;5
4985;0.4646;21.3;38.8;49.1;5
4986;0.4584;21.3;38.8;49.1;5
4987;0.4618;21.3;38.9;49.1;5
4988;0.4625;21.3;38.9;49.0;5
4989;0.4631;21.4;38.9;49.1;5
4990;0.4689;21.4;39.0;49.2;5
4991;0.4631;21.4;39.1;49.2;5
4992;0.4637;21.4;39.0;49.2;5
4993;0.4637;21.6;39.1;49.2;5
4994;0.4647;21.5;39.1;49.2;5
4995;0.4651;21.5;39.1;49.2;5
4996;0.4644;21.6;39.2;49.2;5
4997;0.4656;21.7;39.2;49.3;5
4998;0.4664;21.6;39.2;49.3;5
4999;0.4663;21.6;39.3;49.4;5
5000;0.4687;21.7;39.3;49.4;5
5001;0.4664;21.8;39.3;49.4;5
5002;0.4673;21.8;39.4;49.4;5
5003;0.4659;21.8;39.4;49.4;5
5004;0.4669;21.9;39.4;49.4;5
5005;0.4683;22.0;39.4;49.5;5
5006;0.4676;22.1;39.5;49.5;5
5007;0.4687;22.0;39.5;49.5;5
5008;0.4661;22.0;39.5;49.6;5
5009;0.4694;22.0;39.5;49.6;5
5010;0.4683;22.1;39.5;49.7;5
5011;0.4677;22.1;39.5;49.7;5
5012;0.4684;22.2;39.7;49.7;5
5013;0.4678;22.3;39.6;49.8;5
5014;0.4646;22.3;39.6;49.7;5
5015;0.4641;22.4;39.6;49.8;5
5016;0.4629;22.4;39.7;49.8;5
5017;0.464;22.4;39.7;49.8;5
5018;0.466;22.5;39.8;49.7;5
5019;0.4644;22.5;39.7;49.7;5
5020;0.4669;22.5;39.8;49.8;5
5021;0.463;22.5;39.9;49.8;5
5022;0.4629;22.5;39.9;49.8;5
5023;0.4607;22.5;39.9;49.8;5
5024;0.4621;22.5;40.0;49.9;5
5025;0.4599;22.5;40.1;49.8;5
5026;0.4586;22.5;40.0;49.8;5
5027;0.4594;22.5;40.0;49.8;5
5028;0.4604;22.5;40.0;49.8;5
5029;0.4605;22.5;40.1;49.8;5
5030;0.4602;22.5;40.2;49.8;5
5031;0.4621;22.5;40.1;49.9;5
5032;0.462;22.6;40.1;49.8;5
5033;0.4619;22.5;40.2;49.9;5
5034;0.4646;22.5;40.2;49.9;5
5035;0.4631;22.5;40.2;49.9;5
5036;0.4628;22.6;40.2;49.9;5
5037;0.4633;22.7;40.3;50.0;5
5038;0.4652;22.7;40.2;50.0;5
5039;0.4627;22.6;40.2;50.1;5
5040;0.4615;22.7;40.3;50.1;5
5041;0.4647;22.7;40.4;50.1;5
5042;0.4618;22.7;40.4;50.1;5
5043;0.4625;22.7;40.4;50.1;5
5044;0.459;22.8;40.5;50.1;5
5045;0.4593;22.8;40.5;50.1;5
5046;0.4589;22.7;40.5;50.1;5
5047;0.4586;22.7;40.5;50.1;5
5048;0.457;22.8;40.6;50.1;5
5049;0.4569;22.9;40.6;50.1;5
5050;0.4542;23.0;40.7;50.1;5
5051;0.4562;23.0;40.7;50.1;5
5052;0.4555;23.0;40.7;50.1;5
5053;0.457;23.0;40.7;50.1;5
5054;0.4607;23.0;40.7;50.0;5
5055;0.4588;22.9;40.7;50.1;5
5056;0.4586;22.9;40.8;50.0;5
5057;0.4603;23.0;40.9;50.0;6
5058;0.4612;23.0;40.9;50.0;6
5059;0.4581;23.0;40.9;50.0;6
5060;0.4592;23.0;40.9;50.1;6
5061;0.4566;23.0;40.9;50.1;6
5062;0.4566;23.0;41.0;50.1;6
5063;0.4561;23.1;41.0;50.1;6
5064;0.4593;23.1;41.0;50.1;6
5065;0.4604;23.1;41.0;50.1;6
5066;0.458;23.1;41.1;50.1;6
5067;0.4581;23.1;41.1;50.1;6
5068;0.4595;23.1;41.1;50.1;6
5069;0.4593;23.1;41.1;50.1;6
5070;0.4594;23.2;41.1;50.2;6
5071;0.4587;23.1;41.3;50.1;6
5072;0.4577;23.2;41.3;50.2;6
5073;0.4583;23.2;41.3;50.2;6
5074;0.4562;23.3;41.4;50.2;6
5075;0.4593;23.3;41.4;50.2;6
5076;0.4537;23.3;41.4;50.2;6
5077;0.4544;23.2;41.5;50.2;6
5078;0.4548;23.2;41.5;50.2;6
5079;0.454;23.2;41.5;50.2;6
5080;0.4553;23.2;41.5;50.2;6
5081;0.4559;23.3;41.5;50.2;6
5082;0.4556;23.3;41.5;50.2;6
5083;0.4555;23.3;41.5;50.2;6
5084;0.4559;23.3;41.6;50.1;6
5085;0.4541;23.2;41.6;50.1;6
5086;0.4546;23.1;41.6;50.1;6
5087;0.4535;23.2;41.6;50.1;6
5088;0.4527;23.3;41.7;50.1;6
5089;0.4572;23.3;41.7;50.2;6
5090;0.4563;23.3;41.7;50.2;6
5091;0.4549;23.2;41.7;50.2;6
5092;0.4544;23.2;41.7;50.2;6
5093;0.4548;23.2;41.7;50.3;6
5094;0.4587;23.2;41.7;50.3;6
5095;0.4569;23.2;41.7;50.3;6
5096;0.4564;23.3;41.7;50.3;6
5097;0.455;23.2;41.8;50.3;6
5098;0.4558;23.2;41.9;50.3;6
5099;0.4533;23.2;41.8;50.3;6
5100;0.4557;23.2;41.8;50.3;6
5101;0.454;23.3;41.9;50.3;6
5102;0.4566;23.2;41.9;50.4;6
5103;0.4531;23.2;41.9;50.4;6
5104;0.4547;23.3;42.1;50.4;6
5105;0.4522;23.4;42.1;50.4;6
5106;0.4528;23.4;42.1;50.3;6
5107;0.4499;23.4;42.1;50.4;6
5108;0.4476;23.3;42.1;50.4;6
5109;0.446;23.4;42.1;50.3;6
5110;0.4477;23.3;42.2;50.3;6
5111;0.447;23.3;42.2;50.3;6
5112;0.4467;23.3;42.2;50.3;6
5113;0.4497;23.4;42.3;50.3;6
5114;0.4475;23.3;42.3;50.3;6
5115;0.4487;23.5;42.3;50.3;6
5116;0.4497;23.5;42.3;50.3;6
5117;0.4504;23.5;42.3;50.4;6
5118;0.4515;23.5;42.4;50.4;6
5119;0.4471;23.5;42.5;50.4;6
5120;0.4455;23.5;42.4;50.4;6
5121;0.4449;23.5;42.6;50.4;6
5122;0.447;23.6;42.6;50.4;6
5123;0.4473;23.6;42.6;50.5;6
5124;0.4463;23.6;42.7;50.4;6
5125;0.4464;23.6;42.7;50.5;6
5126;0.4438;23.6;42.7;50.4;6
5127;0.4472;23.6;42.7;50.4;6
5128;0.4465;23.6;42.7;50.4;6
5129;0.446;23.7;42.8;50.4;6
5130;0.444;23.6;42.8;50.4;6
5131;0.448;23.6;42.7;50.4;6
5132;0.4495;23.6;42.9;50.4;6
5133;0.4483;23.6;42.9;50.5;6
5134;0.4503;23.7;43.0;50.5;6
5135;0.4482;23.7;43.0;50.4;6
5136;0.4484;23.7;43.0;50.5;6
5137;0.4506;23.7;43.0;50.5;6
5138;0.4484;23.7;43.1;50.5;6
5139;0.4483;23.7;43.2;50.5;6
5140;0.4453;23.7;43.2;50.6;6
5141;0.4463;23.7;43.2;50.6;6
5142;0.4482;23.7;43.2;50.5;6
5143;0.4495;23.7;43.2;50.6;6
5144;0.4493;23.7;43.3;50.6;6
5145;0.4495;23.7;43.3;50.6;6
5146;0.4485;23.7;43.3;50.6;6
5147;0.4486;23.8;43.4;50.6;6
5148;0.4488;23.8;43.4;50.7;6
5149;0.4494;23.8;43.4;50.7;6
5150;0.4484;24.0;43.5;50.7;6
5151;0.4483;24.0;43.5;50.7;6
5152;0.4474;23.9;43.5;50.7;6
5153;0.4463;24.0;43.5;50.7;6
5154;0.4478;24.0;43.5;50.7;6
5155;0.4493;23.9;43.6;50.7;6
5156;0.4504;24.0;43.6;50.7;6
5157;0.4468;23.9;43.6;50.8;6
5158;0.4476;23.9;43.6;50.7;6
5159;0.4447;23.9;43.7;50.8;6
5160;0.4487;23.9;43.7;50.7;6
5161;0.4462;23.9;43.7;50.7;6
5162;0.4496;24.0;43.7;50.8;6
5163;0.4487;23.9;43.7;50.8;6
5164;0.4507;23.9;43.7;50.8;6
5165;0.4477;24.1;43.8;50.9;6
5166;0.4484;24.0;43.7;50.9;6
5167;0.4474;24.0;43.8;50.9;6
5168;0.4456;24.0;43.7;51.0;6
5169;0.4459;24.0;43.6;50.9;6
5170;0.4449;24.0;43.4;50.9;6
5171;0.446;24.0;43.3;50.9;6
5172;0.4426;24.0;43.3;50.9;6
5173;0.444;23.9;43.2;50.9;6
5174;0.4436;23.8;43.1;50.9;6
5175;0.444;23.9;42.9;50.9;6
5176;0.444;23.7;42.8;50.9;6
5177;0.4446;23.7;42.8;50.9;6
5178;0.4434;23.6;42.7;51.0;6
5179;0.4435;23.6;42.7;51.0;6
5180;0.4415;23.6;42.6;51.0;6
5181;0.4407;23.6;42.5;51.0;6
5182;0.4416;23.5;42.6;51.0;6
5183;0.443;23.5;42.4;51.0;6
5184;0.443;23.5;42.4;51.1;6
5185;0.4406;23.5;42.4;51.1;6
5186;0.442;23.4;42.4;51.0;6
5187;0.4422;23.4;42.4;51.1;6
5188;0.4429;23.3;42.4;51.1;6
5189;0.4446;23.4;42.5;51.1;6
5190;0.4452;23.4;42.4;51.1;6
5191;0.4471;23.4;42.4;51.2;6
5192;0.4476;23.3;42.4;51.1;6
5193;0.4474;23.5;42.4;51.2;6
5194;0.4495;23.3;42.5;51.1;6
5195;0.449;23.5;42.6;51.2;6
5196;0.4495;23.4;42.4;51.2;6
5197;0.4467;23.5;42.6;51.3;6
5198;0.447;23.4;42.4;51.2;6
5199;0.4475;23.6;42.6;51.3;6
5200;0.4471;23.6;42.6;51.3;6
5201;0.4481;23.6;42.5;51.3;6
5202;0.4486;23.6;42.4;51.3;6
5203;0.4457;23.6;42.6;51.4;6
5204;0.4477;23.6;42.6;51.4;6
5205;0.4468;23.6;42.7;51.4;6
5206;0.445;23.7;42.7;51.4;6
5207;0.4449;23.7;42.8;51.4;6
5208;0.4464;23.7;42.8;51.4;6
5209;0.4455;23.7;42.9;51.3;6
5210;0.445;23.7;42.9;51.4;6
5211;0.447;23.8;43.0;51.4;6
5212;0.4448;23.9;43.0;51.4;6
5213;0.4456;23.9;43.2;51.4;6
5214;0.4463;23.9;43.2;51.4;6
5215;0.4487;24.0;43.3;51.4;6
5216;0.4469;24.0;43.4;51.4;6
5217;0.4454;24.1;43.4;51.4;6
5218;0.448;24.1;43.4;51.4;6
5219;0.4457;24.1;43.4;51.5;6
5220;0.4466;24.1;43.4;51.5;6
5221;0.4433;24.2;43.4;51.5;6
5222;0.446;24.1;43.5;51.5;6
5223;0.4443;24.2;43.5;51.5;6
5224;0.4468;24.2;43.5;51.5;6
5225;0.4461;24.1;43.4;51.5;6
5226;0.4449;24.1;43.2;51.5;6
5227;0.4455;24.1;43.2;51.5;6
5228;0.4441;24.1;43.1;51.5;6
5229;0.4452;24.0;43.1;51.5;6
5230;0.4442;24.0;43.0;51.5;6
5231;0.4467;24.0;42.9;51.5;6
5232;0.4453;23.9;42.8;51.4;6
5233;0.4478;23.9;42.8;51.4;6
5234;0.4485;23.9;42.8;51.5;6
5235;0.4505;23.8;42.8;51.5;6
5236;0.4471;23.8;42.7;51.5;6
5237;0.4468;23.7;42.7;51.6;6
5238;0.4473;23.8;42.8;51.6;6
5239;0.4482;23.7;42.8;51.6;6
5240;0.4472;23.7;42.8;51.6;6
5241;0.4452;23.7;42.7;51.6;6
5242;0.4443;23.7;42.7;51.9;6
5243;0.4457;23.7;42.5;51.6;6
5244;0.4446;23.7;42.5;51.7;6
5245;0.4441;23.7;42.6;51.7;6
5246;0.4465;23.7;42.6;51.6;6
5247;0.446;23.7;42.6;51.6;6
5248;0.4494;23.6;42.5;51.6;6
5249;0.4468;23.6;42.4;51.6;6
5250;0.4484;23.6;42.4;51.6;6
5251;0.4476;23.6;42.4;51.7;6
5252;0.4469;23.6;42.4;51.7;6
5253;0.4497;23.5;42.3;51.7;6
5254;0.4485;23.4;42.3;51.7;6
5255;0.4507;23.5;42.3;51.7;6
5256;0.4518;23.5;42.3;51.9;6
5257;0.4512;23.5;42.3;51.8;6
5258;0.4478;23.4;42.3;52.0;6
5259;0.4479;23.4;42.2;52.0;6
5260;0.4495;23.4;42.3;52.0;6
5261;0.4502;23.4;42.2;52.0;6
5262;0.4503;23.3;42.2;52.0;6
5263;0.45;23.3;42.2;52.0;6
5264;0.4493;23.2;42.2;51.8;6
5265;0.4526;23.3;42.2;52.0;6
5266;0.4524;23.3;42.2;51.8;6
5267;0.4535;23.3;42.2;51.8;6
5268;0.453;23.3;42.2;52.1;6
5269;0.4561;23.2;42.2;51.9;6
5270;0.454;23.2;42.2;52.1;6
5271;0.4571;23.2;42.2;52.1;6
5272;0.4581;23.1;42.2;52.2;6
5273;0.4605;23.1;42.2;52.1;6
5274;0.4551;23.1;42.2;52.2;6
5275;0.4579;23.1;42.2;52.2;6
5276;0.4573;23.1;42.2;52.3;6
5277;0.4559;23.1;42.2;52.2;6
5278;0.4575;23.1;42.2;52.2;6
5279;0.4567;23.1;42.2;52.3;6
5280;0.4578;23.1;42.2;52.3;6
5281;0.4549;23.1;42.2;52.3;6
5282;0.4521;23.1;42.2;52.3;6
5283;0.4529;23.1;42.2;52.4;6
5284;0.4536;23.1;42.2;52.3;6
5285;0.4556;23.1;42.1;52.3;6
5286;0.4575;23.1;42.2;52.4;6
5287;0.4565;23.1;42.1;52.4;6
5288;0.4584;23.1;42.1;52.4;6
5289;0.4548;23.0;42.1;52.4;6
5290;0.4548;23.0;42.0;52.4;6
5291;0.4573;23.0;42.1;52.4;6
5292;0.4546;23.0;42.1;52.4;6
5293;0.4539;23.0;42.1;52.4;6
5294;0.4531;23.0;42.1;52.4;6
5295;0.4558;23.0;42.1;52.4;6
5296;0.4542;23.0;42.0;52.3;6
5297;0.4555;23.0;42.1;52.3;6
5298;0.456;23.0;42.1;52.3;6
5299;0.4558;22.9;42.1;52.2;6
5300;0.4574;22.9;42.0;52.2;6
5301;0.4574;22.9;42.0;52.2;6
5302;0.4543;22.9;41.9;52.2;6
5303;0.4544;22.9;41.9;52.2;6
5304;0.4556;22.9;41.9;52.2;6
5305;0.4564;22.8;42.0;52.1;6
5306;0.4575;22.7;42.0;52.2;6
5307;0.4582;22.7;41.9;52.2;6
5308;0.4607;22.7;41.8;52.1;6
5309;0.4595;22.7;41.9;52.2;6
5310;0.4617;22.6;41.9;52.1;6
5311;0.4576;22.7;41.9;52.2;6
5312;0.4591;22.6;41.9;52.2;6
5313;0.457;22.5;41.8;52.2;6
5314;0.4568;22.5;41.8;52.2;6
5315;0.4566;22.5;41.8;52.1;6
5316;0.4562;22.5;41.8;52.2;6
5317;0.4551;22.4;41.8;52.1;6
5318;0.4547;22.4;41.8;52.2;6
5319;0.456;22.4;41.8;52.1;6
5320;0.4562;22.4;41.8;52.2;6
5321;0.4544;22.3;41.8;52.2;6
5322;0.4558;22.3;41.8;52.1;6
5323;0.4546;22.3;41.8;52.2;6
5324;0.4537;22.3;41.8;52.2;6
5325;0.4541;22.3;41.8;52.2;6
5326;0.4546;22.2;41.8;52.2;6
5327;0.4555;22.2;41.8;52.2;6
5328;0.4534;22.2;41.8;52.2;6
5329;0.4528;22.1;41.8;52.2;6
5330;0.4516;22.2;41.8;52.2;6
5331;0.4533;22.1;41.8;52.1;6
5332;0.4547;22.1;41.8;52.1;6
5333;0.4516;22.1;41.8;52.1;6
5334;0.4529;22.0;41.8;52.1;6
5335;0.4545;22.0;41.8;52.1;6
5336;0.4536;22.1;41.8;52.2;6
5337;0.4541;22.0;41.8;52.2;6
5338;0.4532;22.0;41.8;52.2;6
5339;0.4544;22.1;41.8;52.2;6
5340;0.4557;22.0;41.8;52.2;6
5341;0.4545;22.0;41.8;52.2;6
5342;0.4554;22.0;41.9;52.2;6
5343;0.4535;22.0;41.9;52.2;6
5344;0.4563;22.1;41.9;52.2;6
5345;0.4569;22.1;42.0;52.2;6
5346;0.4587;22.1;41.9;52.2;6
5347;0.4583;22.0;41.9;52.3;6
5348;0.4583;22.0;42.0;52.3;6
5349;0.4577;22.0;42.0;52.2;6
5350;0.4587;22.1;41.9;52.3;6
5351;0.4582;22.2;41.9;52.3;6
5352;0.4558;22.1;41.8;52.2;6
5353;0.4592;22.1;41.9;52.3;6
5354;0.4576;22.1;41.9;52.2;6
5355;0.4595;22.1;41.9;52.2;6
5356;0.4602;22.2;41.9;52.2;6
5357;0.457;22.2;41.9;52.2;6
5358;0.4579;22.2;41.9;52.2;6
5359;0.4578;22.1;42.0;52.2;6
5360;0.4569;22.1;41.9;52.2;6
5361;0.4564;22.2;41.9;52.2;6
5362;0.4527;22.2;41.9;52.1;6
5363;0.4541;22.1;42.0;52.1;6
5364;0.4512;22.2;41.9;52.0;6
5365;0.4517;22.2;41.8;51.8;6
5366;0.4506;22.2;41.8;52.0;6
5367;0.4539;22.2;41.8;52.1;6
5368;0.4542;22.1;41.8;51.8;6
5369;0.4526;22.1;41.9;52.0;6
5370;0.4523;22.1;41.9;52.1;6
5371;0.4536;22.1;41.8;51.9;6
5372;0.4483;22.0;41.8;52.1;6
5373;0.4515;22.0;41.8;52.1;6
5374;0.4535;21.9;41.8;52.0;6
5375;0.4519;21.9;41.8;51.8;6
5376;0.4531;21.9;41.8;52.0;6
5377;0.4535;21.9;41.7;51.8;6
5378;0.455;21.9;41.7;51.8;6
5379;0.4542;21.9;41.7;52.0;6
5380;0.4551;21.8;41.7;52.0;6
5381;0.4548;21.8;41.7;52.0;6
5382;0.4573;21.8;41.7;51.7;6
5383;0.4553;21.8;41.7;52.0;6
5384;0.4567;21.8;41.7;51.8;6
5385;0.4576;21.8;41.7;52.0;6
5386;0.4563;21.7;41.7;51.7;6
5387;0.4574;21.7;41.6;51.7;6
5388;0.4569;21.7;41.6;51.8;6
5389;0.4554;21.7;41.5;51.9;6
5390;0.4533;21.6;41.5;51.7;6
5391;0.454;21.6;41.6;51.9;6
5392;0.4535;21.6;41.6;51.6;6
5393;0.4525;21.6;41.6;51.6;6
5394;0.4528;21.6;41.6;51.6;6
5395;0.4493;21.6;41.6;51.6;6
5396;0.4496;21.6;41.6;51.6;6
5397;0.4492;21.5;41.5;51.6;6
5398;0.4495;21.5;41.5;51.6;6
5399;0.4476;21.4;41.4;51.6;6
5400;0.4474;21.4;41.5;51.6;6
5401;0.4488;21.4;41.5;51.5;6
5402;0.4513;21.4;41.4;51.5;6
5403;0.4527;21.4;41.4;51.5;6
5404;0.4536;21.3;41.4;51.5;6
5405;0.4532;21.3;41.4;51.5;6
5406;0.4544;21.3;41.4;51.5;6
5407;0.4544;21.3;41.5;51.5;6
5408;0.4557;21.3;41.4;51.6;6
5409;0.4538;21.3;41.4;51.6;6
5410;0.4569;21.4;41.4;51.6;6
5411;0.4553;21.3;41.4;51.6;6
5412;0.4525;21.3;41.4;51.6;6
5413;0.4505;21.3;41.4;51.6;6
5414;0.4518;21.3;41.5;51.6;6
5415;0.4525;21.3;41.5;51.6;6
5416;0.4521;21.2;41.4;51.6;6
5417;0.4482;21.2;41.5;51.5;6
5418;0.4509;21.2;41.4;51.5;6
5419;0.4506;21.2;41.4;51.5;6
5420;0.4496;21.2;41.3;51.5;6
5421;0.4496;21.2;41.3;51.5;6
5422;0.4465;21.2;41.3;51.4;6
5423;0.4475;21.2;41.3;51.5;6
5424;0.4482;21.2;41.3;51.4;6
5425;0.4503;21.2;41.3;51.4;6
5426;0.4492;21.2;41.3;51.4;6
5427;0.4466;21.2;41.3;51.4;6
5428;0.4508;21.2;41.2;51.4;6
5429;0.4469;21.1;41.2;51.4;6
5430;0.4476;21.1;41.2;51.4;6
5431;0.4471;21.1;41.2;51.4;6
5432;0.4495;21.1;41.2;51.4;6
5433;0.4491;21.1;41.2;51.4;6
5434;0.4493;21.1;41.2;51.4;6
5435;0.4505;21.0;41.2;51.5;6
5436;0.4489;21.0;41.2;51.4;6
5437;0.4485;21.0;41.2;51.4;6
5438;0.4494;21.1;41.2;51.4;6
5439;0.4484;21.1;41.2;51.4;6
5440;0.4486;21.1;41.2;51.4;6
5441;0.448;21.1;41.2;51.4;6
5442;0.448;21.1;41.2;51.4;6
5443;0.448;21.1;41.2;51.4;6
5444;0.4483;21.1;41.2;51.4;6
5445;0.4453;21.1;41.1;51.3;6
5446;0.4455;21.1;41.1;51.3;6
5447;0.4463;21.1;41.1;51.3;6
5448;0.4464;21.1;41.1;51.3;6
5449;0.4458;21.0;41.1;51.2;6
5450;0.449;21.0;41.1;51.2;6
5451;0.4485;21.0;41.1;51.2;6
5452;0.4465;21.0;41.1;51.2;6
5453;0.4473;20.9;41.1;51.2;6
5454;0.4452;21.0;41.1;51.2;6
5455;0.4453;20.9;41.1;51.1;6
5456;0.4431;20.9;41.1;51.1;6
5457;0.4451;20.9;41.0;51.0;6
5458;0.4458;21.0;41.0;51.0;6
5459;0.4429;20.9;40.9;51.0;6
5460;0.4467;20.9;41.0;51.0;6
5461;0.4457;20.8;41.0;51.0;6
5462;0.4427;20.8;41.0;51.0;6
5463;0.4446;20.8;41.0;51.0;6
5464;0.4443;20.8;41.0;51.0;6
5465;0.4431;20.8;41.0;51.0;6
5466;0.4438;20.9;41.0;50.9;6
5467;0.4441;20.9;41.0;50.9;6
5468;0.4449;20.9;41.0;51.0;6
5469;0.4448;20.8;40.9;51.0;6
5470;0.4427;20.8;40.9;51.0;6
5471;0.4429;20.8;40.8;51.0;6
5472;0.4438;20.7;40.9;51.0;6
5473;0.4442;20.7;40.9;50.9;6
5474;0.4429;20.7;40.9;50.9;6
5475;0.4419;20.7;40.9;50.9;6
5476;0.4425;20.7;40.9;50.9;6
5477;0.4411;20.7;40.8;50.9;6
5478;0.4418;20.7;40.7;50.8;6
5479;0.4441;20.6;40.8;50.8;6
5480;0.4457;20.6;40.7;50.8;6
5481;0.4434;20.6;40.7;50.8;6
5482;0.4437;20.6;40.7;50.8;6
5483;0.4449;20.6;40.6;50.8;6
5484;0.4446;20.5;40.6;50.7;6
5485;0.4437;20.5;40.6;50.7;6
5486;0.4472;20.5;40.6;50.7;6
5487;0.446;20.5;40.6;50.7;6
5488;0.4464;20.5;40.6;50.7;6
5489;0.4468;20.5;40.6;50.7;6
5490;0.4487;20.5;40.6;50.7;6
5491;0.4473;20.4;40.6;50.7;6
5492;0.4467;20.4;40.6;50.7;6
5493;0.4483;20.4;40.5;50.6;6
5494;0.4477;20.4;40.5;50.6;6
5495;0.4496;20.3;40.5;50.6;6
5496;0.4489;20.3;40.5;50.6;6
5497;0.4484;20.4;40.5;50.6;6
5498;0.4491;20.4;40.5;50.6;6
5499;0.4497;20.4;40.4;50.6;6
5500;0.4487;20.4;40.3;50.6;6
5501;0.4489;20.4;40.4;50.6;6
5502;0.4517;20.3;40.4;50.6;6
5503;0.4482;20.3;40.4;50.5;6
5504;0.4533;20.3;40.4;50.6;6
5505;0.451;20.3;40.4;50.6;6
5506;0.4486;20.3;40.4;50.5;6
5507;0.4525;20.3;40.4;50.5;6
5508;0.4518;20.3;40.4;50.5;6
5509;0.4508;20.3;40.4;50.5;6
5510;0.4517;20.3;40.4;50.5;6
5511;0.4523;20.3;40.4;50.5;6
5512;0.4511;20.3;40.3;50.5;6
5513;0.4527;20.3;40.4;50.5;6
5514;0.4542;20.3;40.4;50.5;6
5515;0.4535;20.3;40.4;50.6;6
5516;0.4523;20.3;40.4;50.5;6
5517;0.4544;20.3;40.4;50.5;6
5518;0.4535;20.3;40.4;50.6;6
5519;0.4555;20.3;40.4;50.5;6
5520;0.4527;20.2;40.4;50.6;6
5521;0.4522;20.2;40.3;50.5;6
5522;0.4527;20.2;40.3;50.5;6
5523;0.4506;20.2;40.2;50.5;6
5524;0.4497;20.2;40.3;50.5;6
5525;0.4523;20.2;40.2;50.5;6
5526;0.4481;20.1;40.3;50.4;6
5527;0.4493;20.1;40.2;50.4;6
5528;0.4508;20.1;40.2;50.4;6
5529;0.4489;20.1;40.2;50.4;6
5530;0.4498;20.1;40.2;50.4;6
5531;0.4464;20.2;40.2;50.4;6
5532;0.4488;20.1;40.3;50.4;6
5533;0.4486;20.1;40.3;50.3;6
5534;0.448;20.1;40.2;50.3;6
5535;0.4477;20.1;40.3;50.3;6
5536;0.4453;20.1;40.3;50.3;6
5537;0.4465;20.0;40.2;50.3;6
5538;0.448;20.1;40.2;50.3;6
5539;0.446;20.0;40.3;50.3;6
5540;0.4466;20.1;40.2;50.3;6
5541;0.4463;20.1;40.2;50.2;6
5542;0.4457;20.0;40.1;50.2;6
5543;0.4421;20.0;40.2;50.2;6
5544;0.442;20.0;40.1;50.2;6
5545;0.4448;20.0;40.1;50.2;6
5546;0.443;20.0;40.1;50.2;6
5547;0.4433;20.0;40.1;50.1;6
5548;0.443;19.9;40.1;50.1;6
5549;0.4421;19.9;40.1;50.1;6
5550;0.4437;19.9;40.1;50.1;6
5551;0.4424;19.9;40.2;50.1;6
5552;0.4412;19.9;40.0;50.0;6
5553;0.4385;19.9;40.0;50.1;6
5554;0.4393;19.9;40.0;50.0;6
5555;0.436;19.9;40.0;49.9;6
5556;0.4387;19.9;40.0;49.9;6
5557;0.4369;19.9;40.0;49.9;6
5558;0.4359;19.9;40.0;49.8;6
5559;0.4374;19.9;40.0;49.8;6
5560;0.4358;19.8;40.0;49.8;6
5561;0.4389;19.9;40.1;49.7;6
5562;0.4346;19.8;40.0;49.7;6
5563;0.437;19.8;39.9;49.6;6
5564;0.4356;19.8;39.9;49.7;6
5565;0.4331;19.8;40.0;49.6;6
5566;0.4348;19.8;40.0;49.6;6
5567;0.4351;19.8;39.9;49.6;6
5568;0.4349;19.8;39.9;49.5;6
5569;0.4352;19.7;39.8;49.5;6
5570;0.4344;19.8;39.9;49.5;6
5571;0.4355;19.8;39.9;49.5;6
5572;0.437;19.8;39.9;49.4;6
5573;0.4324;19.8;39.9;49.4;6
5574;0.4312;19.8;39.8;49.4;6
5575;0.43;19.8;39.8;49.3;6
5576;0.431;19.7;39.7;49.3;6
5577;0.4309;19.7;39.7;49.3;6
5578;0.4306;19.7;39.7;49.3;6
5579;0.4291;19.7;39.7;49.2;6
5580;0.4292;19.6;39.7;49.2;6
5581;0.4285;19.6;39.7;49.2;6
5582;0.4275;19.6;39.7;49.1;6
5583;0.4251;19.6;39.7;49.1;6
5584;0.4231;19.6;39.7;49.1;6
5585;0.4251;19.6;39.6;49.0;6
5586;0.4253;19.6;39.6;49.0;6
5587;0.4291;19.6;39.6;48.9;6
5588;0.4269;19.6;39.6;48.9;6
5589;0.4257;19.6;39.6;48.9;6
5590;0.423;19.7;39.6;48.9;6
5591;0.4242;19.7;39.6;48.9;6
5592;0.4246;19.6;39.6;48.9;6
5593;0.4243;19.6;39.6;48.6;6
5594;0.4259;19.6;39.6;48.8;6
5595;0.4245;19.7;39.6;48.8;6
5596;0.4224;19.7;39.6;48.8;6
5597;0.4231;19.6;39.6;48.5;6
5598;0.4239;19.7;39.6;48.7;6
5599;0.4235;19.7;39.5;48.5;6
5600;0.4224;19.7;39.5;48.6;6
5601;0.4238;19.7;39.5;48.6;6
5602;0.4218;19.7;39.5;48.6;6
5603;0.4231;19.7;39.5;48.4;6
5604;0.4207;19.7;39.5;48.3;6
5605;0.4215;19.6;39.5;48.3;6
5606;0.4204;19.6;39.5;48.2;6
5607;0.4173;19.6;39.5;48.2;6
5608;0.4143;19.6;39.5;48.1;6
5609;0.4144;19.6;39.5;48.1;6
5610;0.4156;19.6;39.4;48.1;6
5611;0.4122;19.7;39.4;48.1;6
5612;0.4128;19.6;39.4;48.1;6
5613;0.4136;19.6;39.4;48.0;6
5614;0.4115;19.6;39.4;47.9;6
5615;0.4111;19.6;39.4;47.9;6
5616;0.4114;19.6;39.4;47.8;6
5617;0.4112;19.5;39.4;47.8;6
5618;0.4117;19.5;39.4;47.8;6
5619;0.4084;19.5;39.4;47.7;6
5620;0.4083;19.5;39.3;47.7;6
5621;0.4085;19.5;39.3;47.6;6
5622;0.4096;19.6;39.2;47.6;6
5623;0.4091;19.5;39.2;47.6;6
5624;0.4077;19.5;39.3;47.6;6
5625;0.4061;19.5;39.3;47.6;6
5626;0.4065;19.5;39.3;47.5;6
5627;0.4072;19.5;39.3;47.4;6
5628;0.4054;19.5;39.3;47.5;6
5629;0.4048;19.6;39.2;47.4;6
5630;0.4065;19.6;39.2;47.4;6
5631;0.4056;19.5;39.1;47.3;6
5632;0.4071;19.4;39.1;47.3;6
5633;0.4052;19.4;39.1;47.3;6
5634;0.4036;19.4;39.1;47.2;6
5635;0.4024;19.4;39.2;47.2;6
5636;0.4039;19.4;39.2;47.2;6
5637;0.4019;19.4;39.2;47.1;6
5638;0.4004;19.4;39.1;47.1;6
5639;0.4001;19.4;39.1;47.0;6
5640;0.3998;19.4;39.0;47.0;6
5641;0.3994;19.4;39.0;47.0;6
5642;0.4;19.4;39.0;46.9;6
5643;0.4006;19.4;39.0;46.9;6
5644;0.4018;19.4;39.1;46.9;6
5645;0.4;19.4;39.1;46.9;6
5646;0.3986;19.3;39.0;46.8;6
5647;0.3974;19.3;38.9;46.8;6
5648;0.3971;19.3;38.9;46.7;6
5649;0.3973;19.3;38.9;46.7;6
5650;0.3955;19.3;38.9;46.7;6
5651;0.3939;19.3;38.9;46.6;6
5652;0.3949;19.3;38.9;46.6;6
5653;0.3925;19.3;38.8;46.5;6
5654;0.3928;19.3;38.8;46.5;6
5655;0.3939;19.2;38.7;46.5;6
5656;0.3912;19.1;38.8;46.5;6
5657;0.3911;19.2;38.8;46.4;6
5658;0.3906;19.2;38.8;46.3;6
5659;0.3922;19.2;38.8;46.4;6
5660;0.3916;19.2;38.8;46.3;6
5661;0.3898;19.2;38.7;46.3;6
5662;0.3891;19.2;38.7;46.3;6
5663;0.3875;19.2;38.7;46.3;6
5664;0.3875;19.2;38.7;46.1;6
5665;0.3852;19.2;38.7;46.1;6
5666;0.3867;19.1;38.7;46.1;6
5667;0.3859;19.2;38.7;46.1;6
5668;0.3856;19.2;38.5;46.0;6
5669;0.3852;19.2;38.5;46.0;6
5670;0.3853;19.1;38.6;46.0;6
5671;0.3861;19.1;38.5;45.9;6
5672;0.3851;19.1;38.4;45.9;6
5673;0.3826;19.2;38.4;45.8;6
5674;0.385;19.1;38.4;45.8;6
5675;0.3847;19.0;38.4;45.8;6
5676;0.3848;19.0;38.4;45.8;6
5677;0.3827;19.0;38.4;45.7;6
5678;0.3821;19.0;38.4;45.7;6
5679;0.3819;19.0;38.4;45.7;6
5680;0.3823;19.0;38.3;45.6;6
5681;0.3825;19.1;38.2;45.6;6
5682;0.3826;19.0;38.3;45.6;6
5683;0.3838;19.0;38.3;45.6;6
5684;0.3822;19.0;38.3;45.6;6
5685;0.3796;18.9;38.3;45.6;6
5686;0.3819;18.9;38.2;45.5;6
5687;0.3806;18.9;38.2;45.5;6
5688;0.3804;18.9;38.2;45.5;6
5689;0.3803;18.9;38.2;45.4;6
5690;0.3779;18.9;38.2;45.4;6
5691;0.3781;18.9;38.2;45.4;6
5692;0.3778;18.8;38.2;45.3;6
5693;0.3779;18.8;38.1;45.3;6
5694;0.3764;18.8;38.1;45.2;6
5695;0.3767;18.8;38.0;45.2;6
5696;0.3757;18.8;38.0;44.9;6
5697;0.3753;18.8;38.0;44.9;6
5698;0.3748;18.7;38.0;44.9;6
5699;0.3734;18.7;37.9;45.0;6
5700;0.3748;18.7;37.9;44.9;6
5701;0.3734;18.7;37.9;44.8;6
5702;0.3738;18.7;37.9;44.8;6
5703;0.3722;18.7;37.9;44.7;6
5704;0.3726;18.7;37.9;44.7;6
5705;0.3731;18.7;37.8;44.6;6
5706;0.3726;18.6;37.8;44.7;6
5707;0.3693;18.6;37.8;44.6;6
5708;0.3696;18.6;37.8;44.6;6
5709;0.3706;18.6;37.8;44.6;6
5710;0.3705;18.6;37.7;44.6;6
5711;0.3713;18.6;37.7;44.6;6
5712;0.371;18.6;37.7;44.5;6
5713;0.3704;18.6;37.7;44.5;6
5714;0.3719;18.6;37.7;44.4;6
5715;0.3714;18.5;37.7;44.4;6
5716;0.3721;18.5;37.7;44.4;6
5717;0.3693;18.5;37.6;44.4;6
5718;0.3716;18.5;37.6;44.3;6
5719;0.3689;18.5;37.6;44.3;6
5720;0.3656;18.4;37.5;44.3;6
5721;0.3686;18.4;37.5;44.3;6
5722;0.3679;18.3;37.4;44.2;6
5723;0.3661;18.3;37.4;44.2;6
5724;0.3644;18.3;37.4;44.2;6
5725;0.366;18.2;37.4;44.1;6
5726;0.3683;18.2;37.4;44.1;6
5727;0.3658;18.2;37.3;44.1;6
5728;0.3675;18.2;37.4;44.1;6
5729;0.3653;18.2;37.3;44.1;6
5730;0.3661;18.2;37.3;44.1;6
5731;0.3659;18.2;37.3;44.0;6
5732;0.3667;18.2;37.2;44.0;6
5733;0.3661;18.2;37.2;44.0;6
5734;0.3679;18.2;37.2;43.9;6
5735;0.3673;18.2;37.2;44.0;6
5736;0.3643;18.2;37.2;43.9;6
5737;0.3628;18.1;37.2;43.9;6
5738;0.3627;18.1;37.1;43.9;6
5739;0.363;18.1;37.1;43.8;6
5740;0.3623;18.2;37.1;43.8;6
5741;0.3625;18.1;37.1;43.8;6
5742;0.3627;18.1;37.1;43.8;6
5743;0.3619;18.1;37.1;43.8;6
5744;0.3597;18.1;37.1;43.7;6
5745;0.3606;18.1;37.1;43.7;6
5746;0.3627;18.1;36.9;43.7;6
5747;0.3604;18.0;36.9;43.6;6
5748;0.3619;18.0;36.9;43.7;6
5749;0.3619;18.0;37.0;43.7;6
5750;0.3624;18.0;37.0;43.6;6
5751;0.361;18.0;37.0;43.6;6
5752;0.3611;17.9;37.0;43.6;6
5753;0.3605;17.8;36.8;43.5;6
5754;0.3601;17.8;36.8;43.5;6
5755;0.3585;17.8;36.9;43.5;6
5756;0.3582;17.8;36.9;43.4;6
5757;0.3582;17.8;36.8;43.4;6
5758;0.3577;17.7;36.8;43.4;6
5759;0.357;17.7;36.7;43.4;6
5760;0.3592;17.7;36.7;43.3;6
5761;0.3603;17.7;36.7;43.3;6
5762;0.3598;17.7;36.7;43.3;6
5763;0.3571;17.8;36.8;43.2;6
5764;0.3584;17.8;36.8;43.2;6
5765;0.3581;17.8;36.7;43.2;6
5766;0.3605;17.8;36.7;43.2;6
5767;0.3588;17.8;36.6;43.2;6
5768;0.3601;17.7;36.6;43.2;6
5769;0.36;17.7;36.6;43.1;6
5770;0.36;17.7;36.6;43.1;6
5771;0.3598;17.7;36.6;43.0;6
5772;0.357;17.7;36.6;43.1;6
5773;0.3577;17.7;36.6;43.0;6
5774;0.3555;17.7;36.6;43.0;6
5775;0.3542;17.7;36.6;43.0;6
5776;0.353;17.7;36.5;43.0;6
5777;0.3523;17.7;36.4;42.6;6
5778;0.3542;17.7;36.4;42.9;6
5779;0.3562;17.7;36.5;42.8;6
5780;0.3547;17.7;36.4;42.9;6
5781;0.3561;17.7;36.5;42.8;6
5782;0.356;17.7;36.5;42.8;6
5783;0.3548;17.8;36.5;42.8;6
5784;0.353;17.7;36.5;42.5;6
5785;0.3535;17.6;36.3;42.5;6
5786;0.3534;17.6;36.3;42.5;6
5787;0.3547;17.6;36.3;42.4;6
5788;0.3524;17.6;36.4;42.4;6
5789;0.3546;17.6;36.4;42.4;6
5790;0.3526;17.6;36.4;42.4;6
5791;0.3528;17.6;36.3;42.3;6
5792;0.3525;17.6;36.2;42.3;6
5793;0.352;17.6;36.2;42.3;6
5794;0.3528;17.6;36.2;42.3;6
5795;0.3528;17.6;36.2;42.3;6
5796;0.3523;17.5;36.3;42.2;6
5797;0.353;17.6;36.3;42.2;6
5798;0.3524;17.6;36.3;42.2;6
5799;0.3533;17.5;36.3;42.2;6
5800;0.3521;17.5;36.2;42.2;6
5801;0.3498;17.5;36.1;42.1;6
5802;0.351;17.5;36.1;42.1;6
5803;0.3516;17.5;36.1;42.1;6
5804;0.3512;17.4;36.1;42.1;6
5805;0.3511;17.4;36.1;42.0;6
5806;0.3507;17.5;36.1;42.0;6
5807;0.3485;17.5;36.0;42.0;6
5808;0.348;17.5;36.0;41.9;6
5809;0.349;17.5;36.0;41.9;6
5810;0.3507;17.5;36.0;41.9;6
5811;0.3504;17.5;36.0;41.9;6
5812;0.3494;17.5;36.0;41.9;6
5813;0.3493;17.4;36.0;41.8;6
5814;0.3492;17.4;35.9;41.8;6
5815;0.3497;17.3;35.9;41.8;6
5816;0.3497;17.3;35.9;41.8;6
5817;0.3509;17.3;35.9;41.8;6
5818;0.3483;17.3;35.8;41.7;6
5819;0.3477;17.3;35.9;41.7;6
5820;0.347;17.3;35.9;41.7;6
5821;0.3478;17.3;35.8;41.6;6
5822;0.3472;17.3;35.9;41.6;6
5823;0.345;17.3;35.8;41.6;6
5824;0.3468;17.3;35.7;41.6;6
5825;0.3466;17.3;35.7;41.6;6
5826;0.3489;17.3;35.7;41.5;6
5827;0.3484;17.3;35.7;41.6;6
5828;0.3481;17.3;35.8;41.5;6
5829;0.3465;17.2;35.7;41.5;6
5830;0.3477;17.2;35.8;41.4;6
5831;0.3477;17.2;35.6;41.4;6
5832;0.3485;17.3;35.6;41.4;6
5833;0.3478;17.2;35.6;41.4;6
5834;0.3499;17.2;35.6;41.4;6
5835;0.3479;17.3;35.6;41.4;6
5836;0.3484;17.3;35.6;41.4;6
5837;0.3475;17.3;35.6;41.4;6
5838;0.3492;17.3;35.6;41.4;6
5839;0.3502;17.3;35.6;41.4;6
5840;0.3509;17.3;35.5;41.4;6
5841;0.351;17.3;35.6;41.4;6
5842;0.3509;17.4;35.5;41.4;6
5843;0.3497;17.4;35.5;41.4;6
5844;0.3513;17.4;35.5;41.3;6
5845;0.3495;17.3;35.5;41.3;6
5846;0.3497;17.3;35.5;41.3;6
5847;0.3504;17.3;35.5;41.4;6
5848;0.3502;17.3;35.5;41.3;6
5849;0.3503;17.3;35.5;41.3;6
5850;0.351;17.3;35.5;41.4;6
5851;0.3495;17.3;35.5;41.3;6
5852;0.3488;17.2;35.4;41.3;6
5853;0.3497;17.2;35.4;41.3;6
5854;0.351;17.2;35.4;41.2;6
5855;0.3484;17.2;35.4;41.3;6
5856;0.3465;17.2;35.4;41.2;6
5857;0.3497;17.2;35.4;41.2;6
5858;0.3467;17.2;35.4;41.2;6
5859;0.3496;17.2;35.4;41.2;6
5860;0.3473;17.2;35.4;41.1;6
5861;0.3491;17.2;35.4;41.1;6
5862;0.3478;17.2;35.4;41.1;6
5863;0.3474;17.2;35.3;41.1;6
5864;0.3454;17.2;35.3;41.1;6
5865;0.3487;17.2;35.2;41.1;6
5866;0.3472;17.1;35.2;41.0;6
5867;0.3476;17.1;35.3;41.0;6
5868;0.3464;17.1;35.3;40.9;6
5869;0.3475;17.2;35.3;40.9;6
5870;0.3453;17.1;35.2;40.9;6
5871;0.3465;17.2;35.2;40.9;6
5872;0.3464;17.2;35.2;40.9;6
5873;0.3465;17.2;35.2;40.9;6
5874;0.3441;17.2;35.1;40.8;6
5875;0.3453;17.2;35.2;40.8;6
5876;0.3448;17.2;35.2;40.8;6
5877;0.3446;17.2;35.1;40.8;6
5878;0.344;17.2;35.1;40.8;6
5879;0.3453;17.2;35.0;40.7;6
5880;0.345;17.2;35.0;40.7;6
5881;0.3473;17.1;35.0;40.7;6
5882;0.3466;17.1;35.1;40.7;6
5883;0.3446;17.1;35.1;40.7;6
5884;0.3463;17.2;35.0;40.7;6
5885;0.346;17.1;34.9;40.6;6
5886;0.3449;17.1;34.9;40.6;6
5887;0.3455;17.1;34.8;40.6;6
5888;0.3429;17.1;34.9;40.7;6
5889;0.3436;17.1;34.9;40.6;6
5890;0.3452;17.1;34.9;40.5;6
5891;0.3469;17.1;34.9;40.6;6
5892;0.3453;17.1;35.0;40.6;6
5893;0.3463;17.1;35.0;40.5;6
5894;0.3475;17.0;34.9;40.5;6
5895;0.3468;17.1;34.9;40.6;6
5896;0.349;17.1;34.9;40.5;6
5897;0.3454;17.1;34.9;40.5;6
5898;0.3461;17.1;34.8;40.5;6
5899;0.3457;17.1;34.8;40.5;6
5900;0.3455;17.1;34.8;40.5;6
5901;0.345;17.1;34.8;40.5;6
5902;0.3449;17.0;34.8;40.5;6
5903;0.3461;17.0;34.8;40.4;6
5904;0.3467;17.1;34.8;40.5;6
5905;0.3469;17.1;34.9;40.4;6
5906;0.3458;17.1;34.8;40.4;6
5907;0.3458;17.1;34.8;40.4;6
5908;0.3463;17.1;34.8;40.4;6
5909;0.3497;17.2;34.7;40.4;6
5910;0.3463;17.2;34.8;40.4;6
5911;0.3466;17.1;34.7;40.4;6
5912;0.346;17.1;34.8;40.4;6
5913;0.3478;17.2;34.8;40.4;6
5914;0.348;17.2;34.8;40.4;6
5915;0.3469;17.2;34.8;40.4;6
5916;0.3468;17.2;34.8;40.4;6
5917;0.3485;17.2;34.8;40.4;6
5918;0.3471;17.2;34.8;40.4;6
5919;0.3485;17.2;34.8;40.3;6
5920;0.3482;17.2;34.8;40.3;6
5921;0.3471;17.2;34.8;40.4;6
5922;0.3474;17.2;34.8;40.3;6
5923;0.3459;17.1;34.8;40.3;6
5924;0.3457;17.2;34.7;40.3;6
5925;0.3448;17.1;34.6;40.3;6
5926;0.3469;17.1;34.6;40.3;6
5927;0.3447;17.1;34.7;40.1;6
5928;0.3447;17.1;34.7;40.2;6
5929;0.346;17.0;34.7;40.2;6
5930;0.3444;17.1;34.7;40.2;6
5931;0.3455;17.1;34.7;40.2;6
5932;0.346;17.0;34.6;40.2;6
5933;0.3441;17.0;34.6;40.2;6
5934;0.3448;17.0;34.5;40.2;6
5935;0.3444;17.0;34.6;39.9;6
5936;0.346;17.0;34.6;40.2;6
5937;0.3455;17.0;34.5;40.1;6
5938;0.3455;17.0;34.5;39.9;6
5939;0.3457;16.9;34.5;40.1;6
5940;0.3462;16.9;34.5;40.1;6
5941;0.3443;16.9;34.5;40.1;6
5942;0.3445;16.9;34.6;40.0;6
5943;0.3454;16.9;34.6;39.8;6
5944;0.3456;16.9;34.5;40.0;6
5945;0.345;16.9;34.4;40.0;6
5946;0.3437;16.8;34.4;39.8;6
5947;0.344;16.8;34.4;39.8;6
5948;0.3444;16.9;34.4;39.8;6
5949;0.3436;16.8;34.4;39.7;6
5950;0.3435;16.8;34.4;40.0;6
5951;0.3435;16.8;34.4;39.7;6
5952;0.342;16.8;34.4;39.7;6
5953;0.3428;16.8;34.4;39.7;6
5954;0.3434;16.8;34.4;39.7;6
5955;0.3434;16.8;34.4;39.8;6
5956;0.3443;16.8;34.5;39.6;6
5957;0.3454;16.8;34.5;39.7;6
5958;0.348;16.9;34.5;39.6;6
5959;0.3481;16.8;34.4;39.7;6
5960;0.3477;16.8;34.4;39.7;6
5961;0.3493;16.8;34.3;39.7;6
5962;0.3506;16.8;34.3;39.7;6
5963;0.3469;16.8;34.3;39.7;6
5964;0.3476;16.7;34.3;39.7;6
5965;0.3477;16.7;34.3;39.7;6
5966;0.348;16.8;34.3;39.7;6
5967;0.3457;16.8;34.3;39.7;6
5968;0.3465;16.8;34.3;39.7;6
5969;0.3433;16.8;34.3;39.7;6
5970;0.3448;16.8;34.3;39.7;6
5971;0.3448;16.8;34.3;39.7;6
5972;0.3461;16.7;34.3;39.7;6
5973;0.3453;16.8;34.3;39.7;6
5974;0.3465;16.7;34.3;39.6;6
5975;0.3462;16.7;34.3;39.6;6
5976;0.3472;16.8;34.3;39.6;6
5977;0.3497;16.8;34.2;39.6;6
5978;0.349;16.7;34.2;39.6;6
5979;0.3466;16.7;34.2;39.6;6
5980;0.3471;16.7;34.2;39.7;6
5981;0.3506;16.7;34.2;39.6;6
5982;0.3485;16.7;34.2;39.7;6
5983;0.347;16.7;34.2;39.6;6
5984;0.3493;16.6;34.2;39.6;6
5985;0.3523;16.7;34.2;39.6;6
5986;0.3501;16.6;34.2;39.6;6
5987;0.35;16.7;34.2;39.7;6
5988;0.3487;16.7;34.2;39.6;6
5989;0.3493;16.7;34.1;39.6;6
5990;0.348;16.7;34.1;39.6;6
5991;0.3487;16.7;34.1;39.6;6
5992;0.348;16.7;34.1;39.8;6
5993;0.3492;16.7;34.1;39.6;6
5994;0.3486;16.7;34.1;39.6;6
5995;0.3481;16.7;34.1;39.6;6
5996;0.3474;16.7;34.0;39.6;6
5997;0.3487;16.7;34.1;39.6;6
5998;0.3457;16.7;34.1;39.6;6
5999;0.3456;16.7;34.1;39.6;6
6000;0.3456;16.7;34.1;39.6;6
6001;0.3483;16.7;34.1;39.5;6
6002;0.3475;16.7;34.1;39.6;6
6003;0.3476;16.6;34.0;39.5;6
6004;0.3476;16.6;34.0;39.5;6
6005;0.348;16.6;34.0;39.5;6
6006;0.3467;16.6;34.0;39.5;6
6007;0.3467;16.6;33.9;39.5;6
6008;0.3479;16.6;34.0;39.5;6
6009;0.3492;16.6;34.0;39.5;6
6010;0.349;16.5;33.9;39.5;6
6011;0.3491;16.5;33.9;39.5;6
6012;0.3484;16.4;33.9;39.6;6
6013;0.3493;16.4;33.8;39.5;6
6014;0.3476;16.4;33.8;39.5;6
6015;0.3511;16.4;33.8;39.5;6
6016;0.3504;16.4;33.8;39.5;6
6017;0.3534;16.4;33.8;39.5;6
6018;0.3522;16.5;33.8;39.5;6
6019;0.3538;16.5;33.8;39.6;6
6020;0.3519;16.5;33.7;39.6;6
6021;0.3539;16.4;33.7;39.6;6
6022;0.355;16.5;33.8;39.6;6
6023;0.3555;16.4;33.7;39.6;6
6024;0.3608;16.4;33.7;39.6;6
6025;0.36;16.5;33.7;39.6;6
6026;0.3624;16.5;33.7;39.7;6
6027;0.3615;16.4;33.7;39.7;6
6028;0.3612;16.4;33.7;39.7;6
6029;0.3613;16.4;33.7;39.7;6
6030;0.3616;16.4;33.7;39.8;6
6031;0.3609;16.4;33.7;39.7;6
6032;0.3616;16.4;33.7;39.8;6
6033;0.361;16.4;33.7;39.8;6
6034;0.3614;16.4;33.7;39.8;6
6035;0.362;16.4;33.6;39.9;6
6036;0.3607;16.3;33.6;39.8;6
6037;0.3623;16.4;33.6;39.8;6
6038;0.3648;16.4;33.6;39.8;6
6039;0.365;16.4;33.6;39.8;6
6040;0.3625;16.5;33.6;39.8;6
6041;0.3636;16.4;33.6;40.1;6
6042;0.3633;16.4;33.6;40.1;6
6043;0.3602;16.4;33.6;40.1;6
6044;0.3609;16.5;33.6;39.9;6
6045;0.3611;16.4;33.6;39.9;6
6046;0.3616;16.4;33.6;39.9;6
6047;0.3616;16.4;33.6;39.9;6
6048;0.3609;16.4;33.6;39.9;6
6049;0.3616;16.4;33.7;40.1;6
6050;0.3616;16.4;33.6;39.9;6
6051;0.3616;16.4;33.7;39.9;6
6052;0.3622;16.4;33.6;39.9;6
6053;0.3613;16.4;33.6;39.9;6
6054;0.3616;16.4;33.6;40.0;6
6055;0.3616;16.5;33.6;40.1;6
6056;0.3622;16.5;33.6;39.9;6
6057;0.363;16.5;33.6;40.1;6
6058;0.3607;16.5;33.6;39.9;6
6059;0.3612;16.4;33.6;40.1;6
6060;0.3613;16.4;33.6;39.8;6
6061;0.3619;16.4;33.6;39.9;6
6062;0.3639;16.4;33.5;39.9;6
6063;0.3644;16.4;33.5;40.1;6
6064;0.3645;16.4;33.5;40.1;6
6065;0.3645;16.3;33.6;39.9;6
6066;0.3636;16.4;33.4;40.1;6
6067;0.3654;16.4;33.5;39.9;6
6068;0.3666;16.4;33.5;40.1;6
6069;0.3639;16.4;33.5;40.1;6
6070;0.3651;16.4;33.5;40.1;6
6071;0.3647;16.4;33.5;39.9;6
6072;0.3647;16.3;33.5;39.9;6
6073;0.3643;16.4;33.5;40.2;6
6074;0.3664;16.4;33.5;40.2;6
6075;0.3678;16.4;33.5;40.3;6
6076;0.3684;16.4;33.5;40.3;6
6077;0.3693;16.4;33.5;40.3;6
6078;0.3721;16.3;33.6;40.4;6
6079;0.3749;16.4;33.5;40.4;6
6080;0.3742;16.4;33.5;40.4;6
6081;0.3759;16.4;33.5;40.4;6
6082;0.3802;16.4;33.5;40.5;6
6083;0.3796;16.4;33.6;40.5;6
6084;0.3813;16.4;33.6;40.5;6
6085;0.3814;16.4;33.6;40.6;6
6086;0.3803;16.4;33.5;40.6;6
6087;0.3808;16.4;33.5;40.7;6
6088;0.3815;16.4;33.5;40.7;6
6089;0.3823;16.4;33.6;40.7;6
6090;0.3837;16.4;33.6;40.8;6
6091;0.382;16.4;33.6;40.8;6
6092;0.3839;16.5;33.6;40.8;6
6093;0.3846;16.5;33.6;40.9;6
6094;0.3865;16.5;33.6;40.9;6
6095;0.3865;16.5;33.5;40.9;6
6096;0.3875;16.5;33.7;41.0;6
6097;0.3876;16.4;33.6;41.0;6
6098;0.3884;16.4;33.7;41.0;6
6099;0.3877;16.4;33.6;41.0;6
6100;0.3883;16.4;33.7;41.1;6
6101;0.3895;16.3;33.7;41.1;6
6102;0.3899;16.4;33.7;41.2;6
6103;0.3892;16.4;33.7;41.2;6
6104;0.3892;16.4;33.7;41.2;6
6105;0.3899;16.5;33.7;41.2;6
6106;0.3913;16.5;33.7;41.3;6
6107;0.392;16.5;33.7;41.3;6
6108;0.3932;16.6;33.7;41.3;6
6109;0.3945;16.5;33.7;41.3;6
6110;0.3956;16.5;33.7;41.4;6
6111;0.3965;16.5;33.6;41.4;6
6112;0.3994;16.5;33.7;41.4;6
6113;0.3983;16.6;33.7;41.5;6
6114;0.4001;16.5;33.7;41.6;6
6115;0.4;16.5;33.8;41.6;6
6116;0.4015;16.5;33.8;41.6;6
6117;0.4007;16.5;33.8;41.6;6
6118;0.403;16.5;33.8;41.6;6
6119;0.4032;16.5;33.8;41.7;6
6120;0.4033;16.5;33.8;41.7;6
6121;0.4061;16.5;33.8;41.8;6
6122;0.4071;16.5;33.8;41.8;6
6123;0.4108;16.6;33.8;41.8;6
6124;0.4096;16.6;33.8;41.8;6
6125;0.4103;16.6;33.8;41.9;6
6126;0.4137;16.6;33.8;41.8;6
6127;0.413;16.6;33.9;42.0;6
6128;0.4147;16.6;33.9;42.0;6
6129;0.4153;16.6;33.9;42.1;6
6130;0.4173;16.6;33.9;42.1;6
6131;0.417;16.6;33.9;42.2;6
6132;0.4168;16.6;33.9;42.2;6
6133;0.4158;16.6;33.9;42.2;6
6134;0.4189;16.6;33.9;42.3;6
6135;0.4212;16.6;33.9;42.4;6
6136;0.4239;16.6;34.0;42.4;6
6137;0.4252;16.6;34.0;42.7;6
6138;0.4283;16.6;34.0;42.8;6
6139;0.4278;16.6;34.1;42.9;6
6140;0.4277;16.7;34.0;42.9;6
6141;0.4304;16.7;34.0;43.0;6
6142;0.4283;16.7;34.0;43.1;6
6143;0.4276;16.7;34.0;43.1;6
6144;0.4283;16.8;34.0;43.1;6
6145;0.4298;16.7;34.0;43.2;6
6146;0.4286;16.7;34.1;43.2;6
6147;0.4294;16.7;34.1;43.3;6
6148;0.4297;16.8;34.2;43.3;6
6149;0.4337;16.7;34.2;43.3;6
6150;0.4331;16.8;34.2;43.4;6
6151;0.4342;16.8;34.2;43.4;6
6152;0.4367;16.8;34.2;43.4;6
6153;0.4355;16.8;34.2;43.4;6
6154;0.4384;16.8;34.2;43.5;6
6155;0.4383;16.8;34.2;43.6;6
6156;0.4418;16.7;34.3;43.6;6
6157;0.4405;16.7;34.3;43.7;6
6158;0.4409;16.7;34.3;43.7;6
6159;0.4428;16.8;34.3;43.8;6
6160;0.4419;16.8;34.3;43.8;6
6161;0.4411;16.8;34.3;43.9;6
6162;0.4443;16.9;34.4;43.9;6
6163;0.4431;16.9;34.4;44.0;6
6164;0.4431;16.9;34.4;44.0;6
6165;0.4412;16.9;34.4;44.1;6
6166;0.4433;16.9;34.4;44.1;6
6167;0.444;16.9;34.5;44.1;6
6168;0.443;16.8;34.5;44.1;6
6169;0.4452;16.9;34.6;44.2;6
6170;0.4455;16.9;34.5;44.2;6
6171;0.445;16.8;34.5;44.2;6
6172;0.4479;16.8;34.5;44.3;6
6173;0.4449;16.9;34.5;44.4;6
6174;0.4487;16.9;34.5;44.4;6
6175;0.4491;16.9;34.5;44.5;6
6176;0.4502;17.0;34.6;44.5;6
6177;0.4497;17.0;34.7;44.5;6
6178;0.452;17.0;34.7;44.6;6
6179;0.4535;17.0;34.7;44.6;6
6180;0.4551;17.0;34.7;44.7;6
6181;0.4559;17.0;34.6;44.8;6
6182;0.457;17.0;34.6;44.8;6
6183;0.4584;17.0;34.6;44.8;6
6184;0.4569;17.0;34.7;44.9;6
6185;0.4585;17.0;34.8;44.9;6
6186;0.4597;17.0;34.8;45.0;6
6187;0.4581;17.0;34.8;45.2;6
6188;0.4564;17.0;34.7;45.1;6
6189;0.4583;17.0;34.7;45.3;6
6190;0.4625;17.1;34.9;45.4;6
6191;0.4634;17.1;34.9;45.6;6
6192;0.4577;17.0;34.8;45.3;6
6193;0.4615;17.1;34.9;45.6;6
6194;0.4605;17.0;34.9;45.4;6
6195;0.4616;17.1;35.0;45.6;6
6196;0.4605;17.0;34.9;45.4;6
6197;0.4634;17.1;35.1;45.7;6
6198;0.4608;17.0;34.9;45.5;6
6199;0.463;17.1;35.1;45.8;6
6200;0.4641;17.1;35.0;45.8;6
6201;0.4652;17.1;35.0;45.8;6
6202;0.4666;17.1;35.1;45.9;6
6203;0.4642;17.1;35.1;46.0;6
6204;0.4647;17.1;35.2;46.0;6
6205;0.4616;17.1;35.2;46.0;6
6206;0.4628;17.1;35.1;46.1;6
6207;0.4629;17.1;35.1;46.2;6
6208;0.4688;17.1;35.1;46.2;6
6209;0.4675;17.1;35.3;46.3;6
6210;0.4696;17.1;35.3;46.3;6
6211;0.4689;17.1;35.2;46.3;6
6212;0.4682;17.1;35.3;46.4;6
6213;0.4651;17.1;35.2;46.4;6
6214;0.4653;17.1;35.2;46.4;6
6215;0.4676;17.1;35.3;46.4;6
6216;0.4709;17.2;35.3;46.5;6
6217;0.4707;17.2;35.4;46.5;6
6218;0.4732;17.2;35.3;46.6;6
6219;0.4728;17.2;35.4;46.6;6
6220;0.4727;17.2;35.5;46.6;6
6221;0.4753;17.2;35.5;46.7;6
6222;0.4761;17.3;35.5;46.7;6
6223;0.4757;17.3;35.5;46.8;6
6224;0.4757;17.4;35.6;46.8;6
6225;0.4742;17.3;35.6;46.9;6
6226;0.4744;17.3;35.6;46.9;6
6227;0.4792;17.3;35.6;47.0;6
6228;0.476;17.3;35.6;47.0;6
6229;0.4782;17.4;35.6;47.0;6
6230;0.4754;17.5;35.7;47.1;6
6231;0.4783;17.4;35.7;47.1;6
6232;0.4762;17.4;35.7;47.1;6
6233;0.4796;17.5;35.7;47.2;6
6234;0.479;17.5;35.7;47.2;6
6235;0.4802;17.5;35.7;47.2;6
6236;0.4792;17.4;35.7;47.3;6
6237;0.478;17.4;35.7;47.3;6
6238;0.4788;17.4;35.7;47.4;6
6239;0.4804;17.3;35.8;47.4;6
6240;0.4782;17.3;35.7;47.4;6
6241;0.4779;17.3;35.8;47.5;6
6242;0.4765;17.4;35.8;47.5;6
6243;0.4804;17.3;35.8;47.5;6
6244;0.4812;17.3;35.8;47.5;6
6245;0.485;17.3;35.9;47.5;6
6246;0.4791;17.3;35.9;47.5;6
6247;0.4795;17.4;35.8;47.6;6
6248;0.4785;17.4;35.8;47.5;6
6249;0.4809;17.4;35.9;47.6;6
6250;0.4793;17.4;35.9;47.6;6
6251;0.4804;17.4;35.9;47.6;6
6252;0.4789;17.4;35.9;47.6;6
6253;0.4816;17.5;35.9;47.7;6
6254;0.4782;17.4;35.9;47.7;6
6255;0.479;17.4;35.9;47.7;6
6256;0.4789;17.3;35.9;47.7;6
6257;0.4827;17.3;35.8;47.7;6
6258;0.4821;17.3;35.8;47.7;6
6259;0.4817;17.3;35.8;47.8;6
6260;0.4818;17.4;35.9;47.8;6
6261;0.483;17.4;35.8;47.8;6
6262;0.483;17.4;35.9;47.8;6
6263;0.4871;17.4;35.8;47.9;6
6264;0.4868;17.3;35.9;47.9;6
6265;0.4857;17.3;35.8;47.9;6
6266;0.4852;17.3;35.9;48.0;6
6267;0.4859;17.3;36.0;48.0;6
6268;0.4861;17.3;36.0;48.1;6
6269;0.4845;17.3;36.0;48.1;6
6270;0.4848;17.3;36.0;48.1;6
6271;0.4856;17.3;36.1;48.1;6
6272;0.4851;17.4;36.2;48.1;6
6273;0.4844;17.3;36.1;48.2;6
6274;0.483;17.3;36.1;48.2;6
6275;0.4869;17.4;36.1;48.1;6
6276;0.4887;17.3;36.1;48.2;6
6277;0.4885;17.4;36.1;48.4;6
6278;0.4896;17.4;36.1;48.4;6
6279;0.4876;17.3;36.1;48.3;6
6280;0.4907;17.3;36.2;48.5;6
6281;0.4886;17.4;36.2;48.3;6
6282;0.49;17.4;36.2;48.6;6
6283;0.4882;17.5;36.2;48.6;6
6284;0.4879;17.5;36.3;48.4;6
6285;0.4911;17.4;36.3;48.6;6
6286;0.4909;17.5;36.3;48.5;6
6287;0.4906;17.6;36.3;48.7;6
6288;0.4926;17.6;36.4;48.7;6
6289;0.4916;17.5;36.5;48.7;6
6290;0.4922;17.7;36.4;48.7;6
6291;0.4932;17.7;36.5;48.8;6
6292;0.4925;17.7;36.5;48.8;6
6293;0.4927;17.7;36.6;48.8;6
6294;0.4926;17.9;36.6;48.9;6
6295;0.4911;17.9;36.6;48.9;6
6296;0.492;17.8;36.7;48.9;6
6297;0.4926;17.9;36.7;48.9;6
6298;0.4937;17.9;36.7;49.0;6
6299;0.4935;17.9;36.8;48.9;6
6300;0.4936;18.0;36.9;49.0;6
6301;0.4925;18.0;36.9;49.1;6
6302;0.4921;17.9;36.8;49.1;6
6303;0.4925;18.0;37.0;49.1;6
6304;0.4894;18.1;37.0;49.1;6
6305;0.4939;18.1;37.0;49.1;6
6306;0.495;18.1;37.1;49.2;6
6307;0.4935;18.2;37.0;49.2;6
6308;0.4933;18.2;37.2;49.2;6
6309;0.4914;18.2;37.2;49.3;6
6310;0.4958;18.3;37.2;49.3;6
6311;0.4934;18.4;37.2;49.3;6
6312;0.4927;18.3;37.3;49.3;6
6313;0.4935;18.5;37.3;49.4;6
6314;0.4946;18.4;37.3;49.4;6
6315;0.4938;18.4;37.3;49.4;6
6316;0.4938;18.5;37.3;49.4;6
6317;0.4913;18.5;37.4;49.5;6
6318;0.4948;18.6;37.4;49.5;6
6319;0.4954;18.5;37.4;49.5;6
6320;0.4963;18.6;37.4;49.5;6
6321;0.4969;18.5;37.4;49.6;6
6322;0.4972;18.5;37.4;49.6;6
6323;0.493;18.5;37.5;49.6;6
6324;0.495;18.6;37.5;49.6;6
6325;0.4969;18.6;37.5;49.6;6
6326;0.498;18.6;37.6;49.6;6
6327;0.4982;18.6;37.6;49.7;6
6328;0.4999;18.6;37.6;49.7;6
6329;0.4986;18.6;37.7;49.7;6
6330;0.4967;18.6;37.8;49.8;6
6331;0.4936;18.6;37.8;49.8;6
6332;0.4934;18.6;37.8;49.8;6
6333;0.4941;18.6;37.9;49.8;6
6334;0.492;18.6;37.9;49.8;6
6335;0.4937;18.6;37.9;49.7;6
6336;0.4931;18.6;37.9;49.8;6
6337;0.4963;18.6;37.9;49.8;6
6338;0.4959;18.4;37.9;49.8;6
6339;0.4957;18.3;37.9;49.9;6
6340;0.496;18.2;37.9;49.9;6
6341;0.4979;18.2;37.9;50.0;6
6342;0.4976;18.1;37.9;50.0;6
6343;0.4953;18.1;37.9;50.0;6
6344;0.4963;18.0;37.9;50.0;6
6345;0.492;17.8;37.9;50.1;6
6346;0.4928;17.9;37.9;50.1;6
6347;0.495;17.7;37.9;50.1;6
6348;0.4937;17.7;37.9;50.1;6
6349;0.4952;17.6;37.9;50.1;6
6350;0.4969;17.6;37.9;50.0;6
6351;0.4947;17.6;37.8;50.1;6
6352;0.4967;17.5;37.8;50.2;6
6353;0.4959;17.4;37.7;50.2;6
6354;0.4959;16.7;37.5;50.2;6
6355;0.4988;17.3;37.7;50.1;6
6356;0.4954;16.5;37.4;50.2;6
6357;0.4989;17.1;37.7;50.1;6
6358;0.4949;16.3;37.4;50.1;6
6359;0.5009;16.9;37.7;50.1;6
6360;0.4948;16.1;37.3;50.1;6
6361;0.5002;16.7;37.6;50.2;6
6362;0.4951;16.0;37.2;50.1;6
6363;0.4946;16.0;37.2;50.0;6
6364;0.4977;15.9;37.2;49.9;6
6365;0.4968;15.8;37.1;49.9;6
6366;0.4986;15.8;37.1;49.8;6
6367;0.4996;15.6;36.9;49.8;6
6368;0.5013;15.6;37.0;49.7;6
6369;0.5016;15.5;37.0;49.8;6
6370;0.4997;15.5;37.0;49.8;6
6371;0.5029;15.4;36.8;49.7;6
6372;0.5021;15.3;36.8;49.8;6
6373;0.5009;15.3;36.8;49.8;6
6374;0.5035;15.3;36.8;49.8;6
6375;0.5029;15.3;36.9;49.8;6
6376;0.5006;15.3;36.9;49.8;6
6377;0.5008;15.2;36.9;49.8;6
6378;0.4977;15.3;36.8;49.8;6
6379;0.4981;15.3;36.8;49.8;6
6380;0.4997;15.3;36.7;49.8;6
6381;0.5026;15.3;36.7;49.8;6
6382;0.5036;15.4;36.8;49.8;6
6383;0.5025;15.4;36.8;49.8;6
6384;0.5004;15.4;36.7;49.8;6
6385;0.5014;15.4;36.8;49.8;6
6386;0.5011;15.5;36.9;49.8;6
6387;0.5005;15.5;36.8;49.9;6
6388;0.5018;15.5;36.8;49.9;6
6389;0.5008;15.5;37.0;50.0;6
6390;0.4998;15.6;36.8;49.9;6
6391;0.4999;15.6;37.0;50.0;6
6392;0.499;15.6;37.0;50.0;6
6393;0.4976;15.6;37.0;50.0;6
6394;0.5005;15.6;37.0;50.0;6
6395;0.4998;15.7;36.9;50.1;6
6396;0.4991;15.8;37.0;50.1;6
6397;0.4992;15.8;36.9;50.1;6
6398;0.4964;15.8;37.0;50.1;6
6399;0.4994;15.8;37.0;50.1;6
6400;0.5003;15.9;36.9;50.1;6
6401;0.4997;15.9;36.9;50.0;6
6402;0.4989;16.0;37.0;50.1;6
6403;0.5023;16.0;37.0;50.2;6
6404;0.5026;16.1;37.0;50.2;6
6405;0.5069;16.1;37.1;50.2;6
6406;0.5071;16.2;37.1;50.3;6
6407;0.507;16.2;37.0;50.3;6
6408;0.5073;16.3;37.1;50.3;6
6409;0.5056;16.4;37.2;50.3;6
6410;0.5083;16.4;37.2;50.3;6
6411;0.5092;16.5;37.2;50.4;6
6412;0.508;16.6;37.3;50.4;6
6413;0.5056;16.6;37.3;50.4;6
6414;0.5072;16.6;37.3;50.4;6
6415;0.508;16.6;37.3;50.4;6
6416;0.5064;16.6;37.4;50.4;6
6417;0.5087;16.7;37.3;50.4;6
6418;0.5094;16.6;37.4;50.4;6
6419;0.5104;16.6;37.4;50.5;6
6420;0.5074;16.7;37.5;50.5;6
6421;0.5071;16.7;37.5;50.5;6
6422;0.5066;16.8;37.5;50.6;6
6423;0.5053;16.8;37.5;50.6;6
6424;0.5047;16.8;37.5;50.6;6
6425;0.5066;16.8;37.5;50.6;6
6426;0.5079;16.8;37.6;50.6;6
6427;0.5071;16.8;37.7;50.6;6
6428;0.5102;16.8;37.6;50.6;6
6429;0.5114;16.8;37.6;50.7;6
6430;0.5115;16.7;37.7;50.7;6
6431;0.5129;16.8;37.7;50.7;6
6432;0.5098;16.9;37.8;50.8;6
6433;0.5133;16.9;37.8;50.8;6
6434;0.5129;16.9;37.8;50.9;6
6435;0.512;17.0;37.9;50.8;6
6436;0.5121;17.0;37.9;50.9;6
6437;0.5152;17.0;37.9;50.9;6
6438;0.5138;17.1;37.9;50.9;6
6439;0.5129;17.1;38.0;50.9;6
6440;0.5146;17.1;38.1;51.0;6
6441;0.5109;17.1;38.0;51.0;6
6442;0.5139;17.1;38.1;51.1;6
6443;0.5135;17.1;38.1;51.1;6
6444;0.5102;17.2;38.1;51.1;6
6445;0.5129;17.1;38.2;51.1;6
6446;0.512;17.1;38.2;51.1;6
6447;0.5129;17.2;38.3;51.2;6
6448;0.512;17.2;38.2;51.2;6
6449;0.5135;17.4;38.3;51.2;6
6450;0.5083;17.3;38.4;51.2;6
6451;0.5111;17.3;38.4;51.2;6
6452;0.5119;17.4;38.3;51.2;6
6453;0.5124;17.5;38.4;51.2;6
6454;0.5138;17.5;38.4;51.2;6
6455;0.5131;17.4;38.4;51.2;6
6456;0.5148;17.4;38.5;51.3;6
6457;0.5116;17.4;38.5;51.3;6
6458;0.5104;17.4;38.5;51.3;6
6459;0.5119;17.5;38.5;51.3;6
6460;0.5112;17.5;38.5;51.3;6
6461;0.5128;17.6;38.5;51.5;6
6462;0.5141;17.6;38.5;51.5;6
6463;0.5139;17.6;38.7;51.3;6
6464;0.5131;17.6;38.7;51.5;6
6465;0.5157;17.4;38.6;51.4;6
6466;0.5138;17.4;38.6;51.6;6
6467;0.5135;17.5;38.6;51.6;6
6468;0.5167;17.6;38.6;51.7;6
6469;0.5133;17.6;38.6;51.7;6
6470;0.5132;17.6;38.8;51.7;6
6471;0.5147;17.7;38.8;51.8;6
6472;0.5125;17.6;38.8;51.8;6
6473;0.5164;17.6;38.7;51.8;6
6474;0.5147;17.6;38.7;51.9;6
6475;0.5137;17.6;38.8;51.9;6
6476;0.5136;17.6;38.8;51.9;6
6477;0.5162;17.6;38.8;51.9;6
6478;0.5138;17.6;38.9;51.9;6
6479;0.5136;17.6;38.9;51.9;6
6480;0.5132;17.6;38.9;51.9;6
6481;0.5131;17.6;38.9;51.9;6
6482;0.5121;17.6;38.9;51.9;6
6483;0.5096;17.7;38.9;51.9;6
6484;0.5101;17.7;38.9;51.9;6
6485;0.5069;17.7;39.0;51.9;6
6486;0.5068;17.7;39.0;51.9;6
6487;0.5086;17.7;39.0;51.9;6
6488;0.5094;17.9;39.1;51.9;6
6489;0.511;18.0;39.2;51.9;6
6490;0.5079;18.0;39.1;51.9;6
6491;0.5093;18.2;39.3;51.9;6
6492;0.5069;18.2;39.3;51.9;6
6493;0.5052;18.4;39.3;51.9;6
6494;0.5051;18.5;39.4;51.9;6
6495;0.5075;18.5;39.4;51.9;6
6496;0.5056;18.6;39.5;51.9;6
6497;0.5031;18.6;39.5;51.9;6
6498;0.5047;18.8;39.6;51.9;6
6499;0.5044;18.8;39.7;51.9;6
6500;0.5038;18.8;39.7;51.9;6
6501;0.5032;18.9;39.8;51.9;6
6502;0.5026;19.0;39.8;51.9;6
6503;0.504;19.0;39.9;51.9;6
6504;0.5043;19.1;39.9;51.9;6
6505;0.5027;19.1;39.9;51.9;6
6506;0.5061;19.2;40.0;51.9;6
6507;0.5068;19.3;40.1;51.9;6
6508;0.5111;19.3;40.0;51.9;6
6509;0.5064;19.3;40.0;52.0;6
6510;0.5046;19.3;40.1;52.0;6
6511;0.5036;19.2;40.1;51.9;6
6512;0.5057;19.2;40.1;51.9;6
6513;0.5057;19.3;40.2;51.9;6
6514;0.5084;19.3;40.2;51.9;6
6515;0.5076;19.3;40.2;51.9;6
6516;0.5063;19.3;40.2;51.9;6
6517;0.5046;19.3;40.4;51.9;6
6518;0.5058;19.4;40.3;52.0;6
6519;0.5063;19.5;40.3;52.0;6
6520;0.5035;19.6;40.5;52.1;6
6521;0.5039;19.7;40.4;52.1;6
6522;0.5003;19.7;40.4;52.1;6
6523;0.5017;19.6;40.4;52.1;6
6524;0.5052;19.7;40.6;52.1;6
6525;0.5041;19.7;40.6;52.1;6
6526;0.5035;19.7;40.6;52.1;6
6527;0.5002;19.6;40.6;52.2;6
6528;0.5014;19.7;40.7;52.1;6
6529;0.4978;19.7;40.7;52.1;6
6530;0.5015;19.7;40.7;52.0;6
6531;0.5011;19.7;40.7;52.1;6
6532;0.4994;19.7;40.6;52.2;6
6533;0.498;19.7;40.8;52.2;6
6534;0.4982;19.7;40.8;52.1;6
6535;0.4985;19.9;40.8;52.1;6
6536;0.498;19.8;40.8;52.1;6
6537;0.4966;19.9;40.8;52.2;6
6538;0.4966;19.9;40.8;52.1;6
6539;0.4949;19.8;40.8;52.1;6
6540;0.4947;19.8;40.9;52.1;6
6541;0.4941;19.9;40.9;52.0;6
6542;0.4948;20.0;40.9;52.1;6
6543;0.4971;20.0;41.0;52.0;6
6544;0.4921;20.0;41.0;52.0;6
6545;0.4916;20.1;41.0;52.0;6
6546;0.4906;20.1;41.0;52.0;6
6547;0.4932;20.0;41.0;52.0;6
6548;0.4911;20.1;41.0;52.0;6
6549;0.4904;20.1;41.0;52.0;6
6550;0.4919;20.1;41.0;52.0;6
6551;0.4911;20.0;41.1;52.0;6
6552;0.4931;20.1;41.1;52.0;6
6553;0.491;20.2;41.2;52.0;6
6554;0.4886;20.2;41.2;52.0;6
6555;0.4877;20.2;41.2;52.0;6
6556;0.4887;20.3;41.2;51.9;6
6557;0.4857;20.3;41.2;51.7;6
6558;0.4867;20.3;41.3;51.9;6
6559;0.4891;20.3;41.3;51.9;6
6560;0.4875;20.3;41.3;51.9;6
6561;0.488;20.3;41.5;51.9;6
6562;0.4885;20.3;41.4;51.9;6
6563;0.4883;20.3;41.5;51.9;6
6564;0.488;20.3;41.5;51.9;6
6565;0.4898;20.4;41.4;51.9;6
6566;0.489;20.4;41.4;51.9;6
6567;0.4884;20.4;41.4;51.9;6
6568;0.486;20.4;41.4;52.0;6
6569;0.484;20.3;41.4;52.0;6
6570;0.4858;20.4;41.3;51.9;6
6571;0.4871;20.3;41.3;51.9;6
6572;0.4861;20.4;41.3;51.9;6
6573;0.4877;20.3;41.2;51.9;6
6574;0.4863;20.4;41.2;51.9;6
6575;0.4863;20.2;41.2;51.9;6
6576;0.4849;20.2;41.2;51.9;6
6577;0.4841;20.3;41.2;51.9;6
6578;0.4846;20.2;41.1;51.9;6
6579;0.4818;20.2;41.1;51.9;6
6580;0.4852;20.2;41.1;51.9;6
6581;0.4846;20.1;41.1;51.9;6
6582;0.4846;20.1;41.1;52.0;6
6583;0.4841;20.1;41.1;51.8;6
6584;0.4857;20.0;41.1;52.0;6
6585;0.4825;20.0;41.1;52.0;6
6586;0.4843;19.9;41.0;51.9;6
6587;0.4848;19.9;41.0;51.9;6
6588;0.4831;19.9;41.0;51.9;6
6589;0.4841;19.8;41.0;51.7;6
6590;0.4809;19.8;41.0;51.9;6
6591;0.4811;19.8;41.0;51.7;6
6592;0.4825;19.8;41.0;51.9;6
6593;0.4831;19.7;41.0;51.9;6
6594;0.4812;19.9;40.9;51.9;6
6595;0.4832;19.9;40.8;51.9;6
6596;0.4843;19.9;40.9;51.9;6
6597;0.4856;19.8;40.8;51.9;6
6598;0.4852;19.7;40.7;51.9;6
6599;0.4829;19.8;40.7;51.9;6
6600;0.482;19.8;40.7;51.7;6
6601;0.4813;19.8;40.6;51.9;6
6602;0.4788;19.7;40.6;51.9;6
6603;0.4818;19.6;40.6;51.8;6
6604;0.482;19.6;40.5;51.8;6
6605;0.4805;19.6;40.5;51.9;6
6606;0.4797;19.6;40.5;51.8;6
6607;0.4797;19.7;40.4;51.8;6
6608;0.48;19.6;40.3;51.8;6
6609;0.479;19.4;40.2;51.8;6
6610;0.4804;19.3;40.1;51.5;6
6611;0.481;19.0;40.1;51.5;6
6612;0.4816;18.9;40.1;51.4;6
6613;0.4803;18.8;40.0;51.4;6
6614;0.4815;18.7;40.0;51.4;6
6615;0.4807;18.7;39.8;51.4;6
6616;0.4791;18.5;39.9;51.3;6
6617;0.4797;18.5;39.9;51.3;6
6618;0.4807;18.3;39.8;51.3;6
6619;0.4781;18.2;39.8;51.2;6
6620;0.4795;18.2;39.7;51.2;6
6621;0.4793;18.1;39.7;51.2;6
6622;0.4798;18.1;39.8;51.1;6
6623;0.4793;18.0;39.9;51.1;6
6624;0.4771;18.1;40.0;51.1;6
6625;0.4775;18.1;40.0;51.0;6
6626;0.4759;18.1;40.1;51.0;6
6627;0.4745;18.1;40.1;51.0;6
6628;0.478;18.1;40.2;50.9;6
6629;0.4737;18.2;40.2;50.9;6
6630;0.4752;18.0;40.4;50.9;6
6631;0.4777;18.1;40.3;50.9;6
6632;0.4783;18.1;40.4;50.9;6
6633;0.4782;18.1;40.2;50.9;6
6634;0.4769;18.1;40.2;50.8;6
6635;0.4796;18.1;40.2;50.8;6
6636;0.48;18.1;40.2;50.8;6
6637;0.4769;18.2;40.1;50.7;6
6638;0.4788;18.3;40.1;50.7;6
6639;0.4756;18.2;40.1;50.7;6
6640;0.4781;18.3;40.0;50.7;6
6641;0.4766;18.2;40.0;50.7;6
6642;0.4764;18.3;40.0;50.7;6
6643;0.4767;18.2;40.0;50.7;6
6644;0.4777;18.2;40.0;50.7;6
6645;0.4771;18.2;40.0;50.7;6
6646;0.4762;18.2;40.1;50.7;6
6647;0.4757;18.2;40.1;50.6;6
6648;0.4793;18.3;40.2;50.6;6
6649;0.4766;18.3;40.2;50.6;6
6650;0.4788;18.3;40.3;50.6;6
6651;0.4784;18.5;40.4;50.6;6
6652;0.4779;18.4;40.5;50.6;6
6653;0.4771;18.4;40.4;50.6;6
6654;0.4731;18.4;40.3;50.7;6
6655;0.4763;18.4;40.3;50.6;6
6656;0.4779;18.5;40.2;50.6;6
6657;0.4777;18.5;40.2;50.6;6
6658;0.4776;18.5;40.3;50.6;6
6659;0.4766;18.6;40.3;50.6;6
6660;0.4766;18.6;40.3;50.6;6
6661;0.4775;18.6;40.4;50.6;6
6662;0.4805;18.6;40.5;50.6;6
6663;0.4811;18.6;40.6;50.6;6
6664;0.479;18.7;40.7;50.7;6
6665;0.4783;18.7;40.7;50.6;6
6666;0.4773;18.7;40.7;50.7;6
6667;0.4816;18.8;40.7;50.7;6
6668;0.4778;18.8;40.7;50.7;6
6669;0.4779;18.9;40.6;50.8;6
6670;0.4797;18.9;40.6;50.8;6
6671;0.4796;18.9;40.5;50.8;6
6672;0.4835;18.9;40.4;50.8;6
6673;0.4846;19.0;40.4;50.9;6
6674;0.4797;19.0;40.4;50.9;6
6675;0.4806;19.0;40.5;50.9;6
6676;0.477;18.9;40.4;50.9;6
6677;0.475;19.0;40.4;50.9;6
6678;0.4775;19.0;40.5;50.9;6
6679;0.4784;19.0;40.4;50.9;6
6680;0.4784;19.0;40.5;50.9;6
6681;0.4785;19.0;40.5;50.9;6
6682;0.4772;19.0;40.5;50.9;6
6683;0.4755;19.0;40.3;50.9;6
6684;0.4763;19.1;40.4;50.9;6
6685;0.4759;19.1;40.3;50.9;6
6686;0.4767;19.1;40.2;50.8;6
6687;0.4779;19.1;40.4;50.9;6
6688;0.4788;19.1;40.5;50.9;6
6689;0.4779;19.0;40.6;50.8;6
6690;0.4801;19.1;40.7;50.9;6
6691;0.477;19.2;40.8;50.9;6
6692;0.4766;19.1;41.0;50.9;6
6693;0.4763;19.2;41.1;50.9;6
6694;0.4763;19.2;41.2;50.9;6
6695;0.4788;19.3;41.2;50.9;6
6696;0.4798;19.4;41.3;50.9;6
6697;0.4785;19.4;41.4;50.9;6
6698;0.4764;19.3;41.4;50.9;6
6699;0.4765;19.3;41.6;50.9;6
6700;0.4805;19.4;41.5;50.9;6
6701;0.4799;19.4;41.7;50.9;6
6702;0.4818;19.4;41.7;50.9;6
6703;0.48;19.4;41.8;51.0;6
6704;0.4843;19.4;41.8;51.0;6
6705;0.4881;19.4;41.9;51.0;6
6706;0.4888;19.4;42.0;51.1;6
6707;0.4881;19.5;42.0;51.1;6
6708;0.4877;19.5;42.0;51.2;6
6709;0.4862;19.5;42.1;51.2;6
6710;0.4897;19.5;42.1;51.2;6
6711;0.4927;19.5;42.1;51.2;6
6712;0.4878;19.5;42.3;51.2;6
6713;0.4924;19.5;42.3;51.3;6
6714;0.4899;19.6;42.3;51.3;6
6715;0.4872;19.6;42.4;51.3;6
6716;0.4897;19.6;42.4;51.3;6
6717;0.4894;19.6;42.4;51.3;6
6718;0.4888;19.7;42.5;51.4;6
6719;0.4864;19.7;42.6;51.4;6
6720;0.4897;19.8;42.5;51.4;6
6721;0.4903;19.8;42.5;51.5;6
6722;0.4888;19.8;42.4;51.5;6
6723;0.4897;20.0;42.2;51.7;6
6724;0.4889;20.0;42.0;51.5;6
6725;0.4898;20.0;41.9;51.8;6
6726;0.4928;20.0;41.7;51.9;6
6727;0.4921;20.1;41.7;51.9;6
6728;0.492;20.1;41.7;51.9;6
6729;0.4936;20.1;41.7;52.0;6
6730;0.4936;20.1;41.7;52.0;6
6731;0.4948;20.2;41.7;52.1;6
6732;0.4956;20.2;41.8;52.1;6
6733;0.4957;20.2;41.8;52.2;6
6734;0.4955;20.3;41.8;52.2;6
6735;0.4972;20.4;41.8;52.2;6
6736;0.5;20.3;41.8;52.3;6
6737;0.4989;20.4;41.8;52.3;6
6738;0.499;20.3;41.7;52.4;6
6739;0.5008;20.3;41.7;52.5;6
6740;0.5018;20.3;41.7;52.5;6
6741;0.5005;20.4;41.6;52.5;6
6742;0.4983;20.3;41.5;52.5;6
6743;0.5005;20.3;41.6;52.6;6
6744;0.5021;20.4;41.4;52.7;6
6745;0.5024;20.4;41.4;52.7;6
6746;0.5015;20.4;41.4;52.7;6
6747;0.4991;20.5;41.5;52.7;6
6748;0.5023;20.5;41.4;52.8;6
6749;0.5013;20.4;41.4;52.8;6
6750;0.5008;20.5;41.4;52.8;6
6751;0.5009;20.5;41.4;52.9;6
6752;0.5032;20.6;41.4;52.9;6
6753;0.5006;20.6;41.4;53.0;6
6754;0.5008;20.6;41.4;52.9;6
6755;0.5022;20.6;41.4;53.0;6
6756;0.5023;20.6;41.4;53.0;6
6757;0.504;20.6;41.4;53.0;6
6758;0.5043;20.6;41.5;53.0;6
6759;0.5053;20.6;41.4;53.0;6
6760;0.5031;20.6;41.4;53.0;6
6761;0.5044;20.5;41.4;53.1;6
6762;0.5057;20.6;41.4;53.2;6
6763;0.5075;20.6;41.4;53.2;6
6764;0.509;20.6;41.4;53.3;6
6765;0.5083;20.6;41.4;53.2;6
6766;0.5071;20.7;41.4;53.3;6
6767;0.5084;20.7;41.4;53.3;6
6768;0.5103;20.8;41.4;53.3;6
6769;0.5109;20.8;41.4;53.4;6
6770;0.5117;20.8;41.4;53.4;6
6771;0.5131;20.8;41.4;53.4;6
6772;0.5112;20.8;41.4;53.4;6
6773;0.5117;20.8;41.4;53.4;6
6774;0.5113;20.8;41.4;53.5;6
6775;0.5134;20.8;41.4;53.4;6
6776;0.5101;20.8;41.4;53.5;6
6777;0.5102;20.8;41.4;53.5;6
6778;0.5103;20.8;41.5;53.5;6
6779;0.5088;20.8;41.4;53.6;6
6780;0.5097;20.8;41.4;53.7;6
6781;0.5111;20.8;41.4;53.6;6
6782;0.5123;20.9;41.4;53.6;6
6783;0.5112;20.9;41.4;53.7;6
6784;0.5127;20.9;41.4;53.7;6
6785;0.5105;21.0;41.5;53.7;6
6786;0.5151;21.1;41.5;53.8;6
6787;0.5125;21.1;41.5;53.8;6
6788;0.5146;21.1;41.6;53.8;6
6789;0.5128;21.0;41.5;53.8;6
6790;0.5127;21.1;41.5;53.8;6
6791;0.5121;21.1;41.6;53.8;6
6792;0.5126;21.2;41.5;53.8;6
6793;0.5122;21.1;41.5;53.9;6
6794;0.5158;21.2;41.5;53.9;6
6795;0.5131;21.1;41.5;53.9;6
6796;0.5106;21.2;41.6;54.0;6
6797;0.5087;21.3;41.6;54.0;6
6798;0.5083;21.3;41.6;54.2;6
6799;0.5066;21.3;41.6;54.0;6
6800;0.5044;21.3;41.6;54.0;6
6801;0.5028;21.3;41.7;54.0;6
6802;0.5013;21.4;41.9;53.9;6
6803;0.4999;21.4;42.0;54.1;6
6804;0.4988;21.4;42.2;53.9;6
6805;0.4965;21.4;42.2;53.8;6
6806;0.4997;21.5;42.3;53.8;6
6807;0.496;21.5;42.4;53.8;6
6808;0.4964;21.5;42.4;53.7;6
6809;0.4986;21.5;42.5;53.7;6
6810;0.4993;21.6;42.5;53.7;6
6811;0.5;21.7;42.5;53.8;6
6812;0.4977;21.6;42.5;53.7;6
6813;0.497;21.6;42.6;53.8;6
6814;0.4959;21.7;42.7;53.8;6
6815;0.4976;21.8;42.6;53.8;6
6816;0.4962;21.8;42.8;53.8;6
6817;0.4975;21.8;42.8;53.8;6
6818;0.4967;21.8;42.8;53.8;6
6819;0.4963;21.7;42.9;53.8;6
6820;0.4951;21.8;42.9;53.8;6
6821;0.4949;21.8;43.0;53.8;6
6822;0.4966;21.8;43.0;53.7;6
6823;0.4981;21.8;43.0;53.7;6
6824;0.497;21.8;43.0;53.7;6
6825;0.4982;21.8;43.0;53.8;6
6826;0.4944;21.8;43.1;53.8;6
6827;0.4935;21.8;43.2;53.7;6
6828;0.4941;21.8;43.1;53.7;6
6829;0.4938;21.8;43.1;53.7;6
6830;0.4939;21.9;43.2;53.7;6
6831;0.4934;21.9;43.2;53.6;6
6832;0.4889;21.9;43.2;53.5;6
6833;0.4875;21.9;43.2;53.6;6
6834;0.4904;22.0;43.3;53.5;6
6835;0.4903;22.0;43.3;53.5;6
6836;0.4893;22.0;43.3;53.5;6
6837;0.4857;22.0;43.3;53.5;6
6838;0.4858;22.0;43.3;53.5;6
6839;0.4859;22.0;43.2;53.5;6
6840;0.4833;22.0;43.3;53.5;6
6841;0.4835;22.0;43.3;53.5;6
6842;0.4824;22.0;43.3;53.5;6
6843;0.4831;21.9;43.4;53.5;6
6844;0.4819;22.0;43.4;53.5;6
6845;0.4806;22.0;43.4;53.3;6
6846;0.4822;22.0;43.4;53.3;6
6847;0.4816;22.0;43.4;53.3;6
6848;0.4835;22.0;43.3;53.3;6
6849;0.4839;22.0;43.4;53.4;6
6850;0.4836;22.0;43.4;53.3;6
6851;0.4872;22.0;43.4;53.4;6
6852;0.4854;22.0;43.4;53.4;6
6853;0.4854;22.0;43.4;53.3;6
6854;0.4857;22.0;43.4;53.4;6
6855;0.4848;22.0;43.4;53.4;6
6856;0.4848;22.1;43.4;53.4;6
6857;0.4822;22.1;43.3;53.4;6
6858;0.48;22.1;43.4;53.4;6
6859;0.4776;22.1;43.4;53.4;6
6860;0.4792;22.1;43.3;53.3;6
6861;0.4833;22.1;43.4;53.3;6
6862;0.4842;22.1;43.3;53.3;6
6863;0.4822;22.1;43.3;53.4;6
6864;0.4803;22.1;43.3;53.4;6
6865;0.4809;22.1;43.3;53.3;6
6866;0.482;22.2;43.2;53.3;6
6867;0.4809;22.1;43.1;53.4;6
6868;0.481;22.1;43.1;53.3;6
6869;0.482;22.1;43.1;53.3;6
6870;0.4815;22.2;43.1;53.3;6
6871;0.4782;22.1;43.1;53.3;6
6872;0.4775;22.2;43.1;53.3;6
6873;0.478;22.2;43.0;53.3;6
6874;0.4759;22.1;43.0;53.3;6
6875;0.478;22.2;43.0;53.3;6
6876;0.4764;22.2;43.0;53.2;6
6877;0.4777;22.2;43.0;53.3;6
6878;0.4758;22.2;42.9;53.2;6
6879;0.4738;22.2;42.9;53.2;6
6880;0.472;22.1;42.9;53.1;6
6881;0.4745;22.1;42.9;53.2;6
6882;0.4746;22.0;42.8;53.1;6
6883;0.4705;22.0;42.8;53.1;6
6884;0.4719;22.0;42.8;53.0;6
6885;0.4729;22.1;42.7;53.1;6
6886;0.4707;22.0;42.7;53.0;6
6887;0.4742;21.9;42.5;53.1;6
6888;0.4725;21.9;42.5;53.0;6
6889;0.471;21.8;42.5;53.0;6
6890;0.4742;21.8;42.3;52.9;6
6891;0.4721;21.6;42.2;52.9;6
6892;0.4725;21.6;42.2;52.9;6
6893;0.4727;21.5;42.0;52.9;6
6894;0.4734;21.4;42.1;53.0;6
6895;0.471;21.4;42.0;52.9;6
6896;0.4725;21.4;41.9;52.9;6
6897;0.4689;21.3;41.9;52.9;6
6898;0.4734;21.2;42.0;52.9;6
6899;0.4743;21.1;41.9;52.9;6
6900;0.4738;21.0;41.9;52.9;6
6901;0.4766;21.0;41.9;52.9;6
6902;0.4745;21.1;41.9;52.9;6
6903;0.4742;21.1;42.0;52.9;6
6904;0.4752;21.0;42.0;52.9;6
6905;0.4746;20.9;41.9;52.8;6
6906;0.4745;21.0;41.8;52.9;6
6907;0.4739;20.8;41.8;52.8;6
6908;0.4772;20.8;41.9;52.8;6
6909;0.4761;20.8;41.7;52.7;6
6910;0.4761;20.7;41.7;52.7;6
6911;0.4721;20.7;41.7;52.7;6
6912;0.4713;20.6;41.7;52.7;6
6913;0.4722;20.6;41.6;52.6;6
6914;0.4687;20.6;41.6;52.6;6
6915;0.47;20.5;41.6;52.6;6
6916;0.4652;20.5;41.6;52.5;6
6917;0.4671;20.4;41.6;52.5;6
6918;0.4656;20.4;41.5;52.5;6
6919;0.4638;20.3;41.5;52.4;6
6920;0.4658;20.3;41.5;52.4;6
6921;0.4621;20.2;41.5;52.3;6
6922;0.4641;20.2;41.4;52.3;6
6923;0.4674;20.2;41.4;52.3;6
6924;0.464;20.1;41.4;52.3;6
6925;0.4657;20.0;41.3;52.2;6
6926;0.4646;20.0;41.3;52.1;6
6927;0.4673;20.0;41.2;52.1;6
6928;0.4692;19.9;41.2;52.0;6
6929;0.4686;19.9;41.2;52.0;6
6930;0.4667;19.9;41.2;52.0;6
6931;0.4697;19.8;41.1;51.8;6
6932;0.4694;19.8;41.1;51.9;6
6933;0.4685;19.8;41.1;52.0;6
6934;0.4714;19.7;41.1;51.9;6
6935;0.469;19.6;41.1;51.9;6
6936;0.4704;19.7;41.1;51.8;6
6937;0.4678;19.7;41.1;51.5;6
6938;0.4676;19.7;41.1;51.5;6
6939;0.4698;19.6;41.1;51.5;6
6940;0.4725;19.6;41.1;51.5;6
6941;0.4687;19.5;41.1;51.5;6
6942;0.4672;19.5;41.1;51.8;6
6943;0.4667;19.6;41.0;51.5;6
6944;0.4669;19.6;41.0;51.5;6
6945;0.4646;19.5;41.0;51.5;6
6946;0.4637;19.5;41.0;51.4;6
6947;0.4669;19.5;41.0;51.4;6
6948;0.466;19.4;41.0;51.4;6
6949;0.4681;19.4;40.9;51.4;6
6950;0.4662;19.4;40.9;51.3;6
6951;0.4663;19.4;40.9;51.4;6
6952;0.4664;19.3;40.9;51.3;6
6953;0.4641;19.3;40.8;51.4;6
6954;0.465;19.3;40.9;51.4;6
6955;0.468;19.3;40.9;51.4;6
6956;0.4656;19.2;40.8;51.3;6
6957;0.4668;19.2;40.8;51.3;6
6958;0.4667;19.2;40.7;51.3;6
6959;0.4672;19.2;40.8;51.3;6
6960;0.4659;19.1;40.7;51.3;6
6961;0.4652;19.0;40.6;51.2;6
6962;0.4619;19.1;40.6;51.2;6
6963;0.4633;18.9;40.6;51.3;6
6964;0.4659;18.9;40.6;51.2;6
6965;0.464;18.9;40.6;51.2;6
6966;0.4653;18.8;40.6;51.2;6
6967;0.4642;18.8;40.6;51.3;6
6968;0.4653;18.7;40.5;51.2;6
6969;0.4642;18.7;40.5;51.1;6
6970;0.4624;18.7;40.5;51.1;6
6971;0.4616;18.6;40.5;51.1;6
6972;0.4624;18.6;40.5;51.1;6
6973;0.4607;18.5;40.5;51.1;6
6974;0.4592;18.5;40.4;51.1;6
6975;0.461;18.4;40.4;51.1;6
6976;0.462;18.4;40.4;51.0;6
6977;0.4647;18.3;40.4;51.1;7
6978;0.4618;18.4;40.4;51.1;7
6979;0.4603;18.3;40.4;51.1;7
6980;0.4578;18.3;40.3;51.0;7
6981;0.4576;18.2;40.3;50.9;7
6982;0.4583;18.2;40.3;50.9;7
6983;0.4597;18.2;40.4;50.9;7
6984;0.4589;18.2;40.4;50.9;7
6985;0.4594;18.3;40.4;50.9;7
6986;0.4598;18.1;40.3;51.0;7
6987;0.4625;18.1;40.2;50.9;7
6988;0.4592;18.0;40.2;50.9;7
6989;0.4601;18.0;40.2;50.9;7
6990;0.4617;17.9;40.2;50.8;7
6991;0.4603;17.9;40.2;50.9;7
6992;0.4599;17.8;40.1;50.9;7
6993;0.4588;17.8;40.1;50.8;7
6994;0.4579;17.8;40.1;50.8;7
6995;0.4588;17.9;40.1;50.8;7
6996;0.4593;17.8;40.0;50.7;7
6997;0.4564;17.8;40.0;50.7;7
6998;0.4545;17.9;40.0;50.7;7
6999;0.4557;17.9;40.0;50.6;7
7000;0.4529;17.9;40.0;50.6;7
7001;0.4542;17.8;40.0;50.6;7
7002;0.4528;17.8;40.0;50.5;7
7003;0.4531;17.9;40.0;50.5;7
7004;0.4546;17.9;39.9;50.4;7
7005;0.4526;17.9;39.9;50.4;7
7006;0.4482;17.9;39.9;50.3;7
7007;0.4483;17.8;39.9;50.3;7
7008;0.4472;17.8;39.9;50.3;7
7009;0.449;17.8;39.8;50.2;7
7010;0.449;17.8;39.7;50.2;7
7011;0.4483;17.7;39.7;50.1;7
7012;0.4489;17.7;39.8;50.1;7
7013;0.4465;17.7;39.6;50.1;7
7014;0.4487;17.7;39.6;50.0;7
7015;0.4476;17.8;39.6;50.0;7
7016;0.4438;17.8;39.6;49.9;7
7017;0.443;17.8;39.6;49.9;7
7018;0.442;17.7;39.5;49.9;7
7019;0.4386;17.7;39.5;49.9;7
7020;0.4387;17.7;39.5;49.8;7
7021;0.4401;17.7;39.5;49.8;7
7022;0.4382;17.6;39.5;49.7;7
7023;0.4403;17.7;39.5;49.6;7
7024;0.4383;17.7;39.5;49.7;7
7025;0.4388;17.7;39.5;49.6;7
7026;0.4386;17.7;39.5;49.5;7
7027;0.4371;17.7;39.5;49.4;7
7028;0.4374;17.7;39.4;49.4;7
7029;0.4373;17.7;39.4;49.4;7
7030;0.436;17.7;39.4;49.3;7
7031;0.4351;17.8;39.3;49.3;7
7032;0.4367;17.8;39.4;49.2;7
7033;0.4351;17.7;39.4;49.2;7
7034;0.4356;17.8;39.4;49.2;7
7035;0.4333;17.8;39.4;49.1;7
7036;0.4346;17.7;39.2;49.0;7
7037;0.4343;17.8;39.2;49.0;7
7038;0.4325;17.7;39.3;48.9;7
7039;0.4324;17.7;39.3;48.9;7
7040;0.4345;17.6;39.2;48.8;7
7041;0.4335;17.6;39.1;48.8;7
7042;0.4339;17.6;39.1;48.7;7
7043;0.4329;17.6;39.1;48.8;7
7044;0.4302;17.6;39.2;48.5;7
7045;0.4317;17.6;39.2;48.5;7
7046;0.4281;17.6;39.1;48.4;7
7047;0.4292;17.6;39.1;48.6;7
7048;0.4304;17.6;39.0;48.3;7
7049;0.4318;17.6;39.1;48.3;7
7050;0.4274;17.6;39.0;48.3;7
7051;0.4254;17.5;39.0;48.3;7
7052;0.4233;17.6;38.9;48.2;7
7053;0.4257;17.5;38.9;48.2;7
7054;0.4245;17.5;38.9;48.1;7
7055;0.4222;17.5;38.9;48.0;7
7056;0.422;17.4;38.9;48.0;7
7057;0.4197;17.4;38.9;47.9;7
7058;0.4177;17.3;38.8;47.9;7
7059;0.421;17.2;38.8;47.8;7
7060;0.4212;17.2;38.8;47.8;7
7061;0.4209;17.2;38.8;47.7;7
7062;0.4209;17.2;38.7;47.6;7
7063;0.4201;17.3;38.6;47.6;7
7064;0.4193;17.2;38.6;47.6;7
7065;0.4181;17.2;38.7;47.5;7
7066;0.4209;17.2;38.7;47.5;7
7067;0.4184;17.1;38.7;47.5;7
7068;0.4198;17.2;38.7;47.4;7
7069;0.42;17.2;38.6;47.4;7
7070;0.4195;17.1;38.6;47.4;7
7071;0.4159;17.1;38.5;47.3;7
7072;0.417;17.1;38.5;47.3;7
7073;0.4152;17.1;38.6;47.3;7
7074;0.4141;17.0;38.4;47.2;7
7075;0.4159;17.1;38.4;47.2;7
7076;0.415;17.1;38.4;47.2;7
7077;0.4124;17.1;38.4;47.1;7
7078;0.412;17.1;38.4;47.1;7
7079;0.4118;17.1;38.4;47.0;7
7080;0.4139;17.1;38.3;46.9;7
7081;0.4109;17.1;38.3;46.9;7
7082;0.4081;17.1;38.3;46.9;7
7083;0.4077;17.0;38.3;46.8;7
7084;0.407;17.0;38.3;46.7;7
7085;0.4074;17.0;38.3;46.7;7
7086;0.4052;17.0;38.1;46.6;7
7087;0.4048;17.0;38.1;46.6;7
7088;0.4054;17.0;38.2;46.6;7
7089;0.4052;17.0;38.2;46.5;7
7090;0.4065;17.0;38.2;46.5;7
7091;0.4066;17.0;38.0;46.4;7
7092;0.4057;16.9;38.0;46.4;7
7093;0.4028;17.0;38.0;46.3;7
7094;0.4012;17.0;38.0;46.3;7
7095;0.4023;16.9;38.0;46.3;7
7096;0.3999;17.0;38.0;46.2;7
7097;0.3999;17.0;37.9;46.2;7
7098;0.4002;16.9;37.9;46.1;7
7099;0.4003;17.0;37.9;46.1;7
7100;0.3971;17.0;37.9;46.0;7
7101;0.3962;17.0;37.9;46.0;7
7102;0.3958;17.0;37.8;45.9;7
7103;0.397;17.0;37.8;45.9;7
7104;0.3951;17.0;37.8;45.8;7
7105;0.3948;16.9;37.7;45.8;7
7106;0.394;17.0;37.7;45.7;7
7107;0.3932;16.9;37.7;45.6;7
7108;0.3947;16.9;37.6;45.6;7
7109;0.3941;16.9;37.6;45.6;7
7110;0.3943;16.9;37.5;45.6;7
7111;0.3918;16.9;37.6;45.5;7
7112;0.3941;16.9;37.6;45.5;7
7113;0.393;16.8;37.6;45.4;7
7114;0.392;16.8;37.6;45.4;7
7115;0.3899;16.8;37.5;45.3;7
7116;0.3887;16.8;37.5;45.3;7
7117;0.3869;16.8;37.5;45.0;7
7118;0.388;16.8;37.4;45.0;7
7119;0.3877;16.7;37.3;45.1;7
7120;0.3893;16.7;37.3;44.8;7
7121;0.3882;16.6;37.3;44.8;7
7122;0.3873;16.7;37.3;44.8;7
7123;0.3898;16.7;37.2;44.7;7
7124;0.3919;16.6;37.2;44.7;7
7125;0.3866;16.5;37.2;44.7;7
7126;0.3895;16.6;37.2;44.6;7
7127;0.3889;16.5;37.2;44.6;7
7128;0.3879;16.6;37.2;44.6;7
7129;0.388;16.6;37.2;44.5;7
7130;0.3879;16.6;37.0;44.5;7
7131;0.3877;16.6;37.1;44.4;7
7132;0.3896;16.6;37.1;44.4;7
7133;0.3856;16.5;37.0;44.4;7
7134;0.3854;16.5;37.0;44.3;7
7135;0.3838;16.5;37.0;44.3;7
7136;0.384;16.5;36.9;44.3;7
7137;0.3856;16.5;36.8;44.2;7
7138;0.385;16.4;36.8;44.2;7
7139;0.3826;16.4;36.8;44.2;7
7140;0.3845;16.2;36.8;44.2;7
7141;0.3826;16.3;36.7;44.1;7
7142;0.3825;16.2;36.7;44.1;7
7143;0.3828;16.2;36.8;44.0;7
7144;0.3806;16.2;36.7;44.0;7
7145;0.3822;16.1;36.6;44.0;7
7146;0.3827;16.0;36.5;44.0;7
7147;0.3818;16.0;36.5;43.9;7
7148;0.3824;16.0;36.6;43.9;7
7149;0.3808;16.0;36.6;43.9;7
7150;0.382;16.1;36.5;43.8;7
7151;0.3817;16.0;36.4;43.8;7
7152;0.3809;16.0;36.4;43.8;7
7153;0.3789;16.0;36.5;43.7;7
7154;0.379;16.0;36.5;43.6;7
7155;0.3789;16.0;36.5;43.6;7
7156;0.3743;16.0;36.3;43.6;7
7157;0.3731;16.0;36.3;43.5;7
7158;0.3707;16.1;36.4;43.5;7
7159;0.3689;16.0;36.4;43.4;7
7160;0.371;16.0;36.3;43.4;7
7161;0.3709;16.0;36.3;43.3;7
7162;0.3702;15.9;36.2;43.3;7
7163;0.368;15.9;36.3;43.2;7
7164;0.3671;16.0;36.2;43.2;7
7165;0.3676;15.9;36.2;43.2;7
7166;0.3686;15.9;36.1;43.2;7
7167;0.3693;15.8;36.1;43.1;7
7168;0.3699;15.8;36.1;43.1;7
7169;0.3694;15.7;36.1;43.0;7
7170;0.3723;15.7;36.1;43.0;7
7171;0.3718;15.8;36.0;43.0;7
7172;0.3717;15.8;36.0;42.9;7
7173;0.371;15.7;36.0;42.9;7
7174;0.3685;15.7;36.0;42.9;7
7175;0.3691;15.7;36.0;42.8;7
7176;0.368;15.6;35.9;42.8;7
7177;0.3696;15.5;35.9;42.7;7
7178;0.3684;15.5;35.9;42.7;7
7179;0.3659;15.5;35.9;42.5;7
7180;0.3654;15.5;35.9;42.4;7
7181;0.3664;15.4;35.8;42.3;7
7182;0.3681;15.4;35.8;42.3;7
7183;0.3668;15.4;35.7;42.3;7
7184;0.3653;15.4;35.7;42.3;7
7185;0.3669;15.4;35.7;42.3;7
7186;0.3661;15.4;35.7;42.2;7
7187;0.3681;15.4;35.7;42.2;7
7188;0.3656;15.4;35.6;42.2;7
7189;0.366;15.4;35.6;42.1;7
7190;0.3661;15.4;35.6;42.1;7
7191;0.3636;15.3;35.6;42.0;7
7192;0.3628;15.3;35.6;42.0;7
7193;0.3629;15.3;35.6;42.0;7
7194;0.3648;15.3;35.5;42.0;7
7195;0.3646;15.2;35.5;41.9;7
7196;0.3632;15.2;35.5;41.9;7
7197;0.3628;15.1;35.5;41.8;7
7198;0.3638;15.2;35.5;41.8;7
7199;0.3635;15.2;35.5;41.8;7
7200;0.3638;15.1;35.4;41.8;7
7201;0.3646;15.1;35.4;41.8;7
7202;0.3641;15.1;35.4;41.7;7
7203;0.3666;15.0;35.4;41.7;7
7204;0.3664;15.0;35.4;41.7;7
7205;0.3638;15.0;35.4;41.6;7
7206;0.3659;15.0;35.4;41.7;7
7207;0.3629;15.0;35.3;41.6;7
7208;0.3649;15.0;35.2;41.6;7
7209;0.364;15.0;35.3;41.6;7
7210;0.3648;15.0;35.3;41.5;7
7211;0.3645;15.0;35.2;41.5;7
7212;0.3655;15.0;35.2;41.5;7
7213;0.3642;15.0;35.2;41.5;7
7214;0.3646;15.1;35.2;41.4;7
7215;0.3645;15.0;35.2;41.4;7
7216;0.3674;15.0;35.1;41.4;7
7217;0.3645;15.0;35.1;41.4;7
7218;0.3643;15.0;35.0;41.4;7
7219;0.3639;14.9;35.0;41.4;7
7220;0.366;14.9;35.0;41.3;7
7221;0.3635;14.9;35.0;41.3;7
7222;0.3641;14.8;35.0;41.3;7
7223;0.3635;14.9;34.9;41.3;7
7224;0.3628;14.8;34.9;41.3;7
7225;0.3631;14.8;34.9;41.2;7
7226;0.3636;14.8;34.9;41.2;7
7227;0.364;14.8;34.9;41.2;7
7228;0.3628;14.8;34.8;41.2;7
7229;0.3618;14.7;34.8;41.2;7
7230;0.3613;14.6;34.7;41.1;7
7231;0.3613;14.6;34.7;41.1;7
7232;0.3624;14.6;34.7;41.0;7
7233;0.3607;14.6;34.8;41.0;7
7234;0.3629;14.6;34.7;41.0;7
7235;0.3623;14.6;34.6;40.9;7
7236;0.3618;14.6;34.6;40.9;7
7237;0.3601;14.5;34.6;40.9;7
7238;0.3603;14.5;34.6;40.9;7
7239;0.3606;14.5;34.6;40.9;7
7240;0.3617;14.5;34.7;40.8;7
7241;0.3594;14.5;34.5;40.8;7
7242;0.3585;14.6;34.5;40.8;7
7243;0.3573;14.6;34.5;40.8;7
7244;0.3583;14.5;34.5;40.7;7
7245;0.3567;14.5;34.5;40.7;7
7246;0.3554;14.5;34.5;40.7;7
7247;0.3575;14.5;34.5;40.6;7
7248;0.3544;14.5;34.4;40.6;7
7249;0.3531;14.5;34.4;40.6;7
7250;0.356;14.5;34.4;40.5;7
7251;0.3546;14.5;34.4;40.5;7
7252;0.3539;14.5;34.4;40.5;7
7253;0.3536;14.5;34.3;40.4;7
7254;0.353;14.5;34.3;40.4;7
7255;0.3536;14.5;34.3;40.4;7
7256;0.3532;14.4;34.3;40.3;7
7257;0.3547;14.4;34.3;40.3;7
7258;0.3547;14.4;34.3;40.3;7
7259;0.3544;14.4;34.3;40.3;7
7260;0.3525;14.4;34.3;40.2;7
7261;0.3521;14.4;34.3;40.2;7
7262;0.3553;14.4;34.3;40.1;7
7263;0.3535;14.4;34.2;40.1;7
7264;0.3534;14.4;34.2;40.1;7
7265;0.3534;14.4;34.2;39.8;7
7266;0.3538;14.4;34.1;39.9;7
7267;0.3543;14.4;34.2;39.8;7
7268;0.3533;14.4;34.2;40.1;7
7269;0.3511;14.3;34.2;39.8;7
7270;0.3498;14.3;34.1;39.8;7
7271;0.3508;14.4;34.1;39.8;7
7272;0.3508;14.3;34.0;39.8;7
7273;0.3518;14.3;34.0;39.8;7
7274;0.3505;14.3;34.0;39.7;7
7275;0.3523;14.4;34.0;39.7;7
7276;0.355;14.3;34.0;39.7;7
7277;0.3524;14.3;33.9;39.6;7
7278;0.3532;14.4;33.9;39.6;7
7279;0.3546;14.3;33.9;39.6;7
7280;0.3529;14.4;33.9;39.6;7
7281;0.3505;14.3;33.8;39.6;7
7282;0.3515;14.3;33.8;39.5;7
7283;0.3513;14.3;33.8;39.5;7
7284;0.3541;14.3;33.8;39.5;7
7285;0.3531;14.3;33.8;39.5;7
7286;0.3543;14.4;33.8;39.4;7
7287;0.3527;14.3;33.8;39.4;7
7288;0.3559;14.3;33.7;39.4;7
7289;0.3533;14.3;33.7;39.4;7
7290;0.3535;14.3;33.7;39.4;7
7291;0.3538;14.3;33.7;39.4;7
7292;0.3541;14.3;33.7;39.3;7
7293;0.3536;14.2;33.7;39.3;7
7294;0.352;14.2;33.6;39.3;7
7295;0.3512;14.2;33.5;39.3;7
7296;0.3529;14.3;33.5;39.3;7
7297;0.3534;14.2;33.5;39.2;7
7298;0.3531;14.2;33.5;39.2;7
7299;0.3529;14.2;33.4;39.2;7
7300;0.3529;14.1;33.4;39.1;7
7301;0.3508;14.1;33.5;39.2;7
7302;0.3497;14.1;33.4;39.1;7
7303;0.3498;14.1;33.3;39.1;7
7304;0.3515;14.0;33.3;39.1;7
7305;0.3533;14.0;33.3;39.0;7
7306;0.3511;14.0;33.3;39.0;7
7307;0.3509;14.0;33.3;39.0;7
7308;0.3524;14.0;33.2;39.0;7
7309;0.3531;14.0;33.2;39.0;7
7310;0.3522;13.9;33.2;38.9;7
7311;0.3516;13.8;33.2;38.9;7
7312;0.3516;13.8;33.2;38.9;7
7313;0.3515;13.8;33.2;38.9;7
7314;0.3507;13.7;33.2;38.9;7
7315;0.3513;13.7;33.1;38.9;7
7316;0.3504;13.7;33.1;38.8;7
7317;0.3494;13.7;33.1;38.8;7
7318;0.3474;13.7;33.0;38.8;7
7319;0.3494;13.7;33.1;38.8;7
7320;0.3504;13.6;33.1;38.7;7
7321;0.3508;13.6;33.1;38.7;7
7322;0.3513;13.6;32.9;38.7;7
7323;0.3523;13.6;32.9;38.7;7
7324;0.3526;13.6;33.0;38.7;7
7325;0.3536;13.5;32.9;38.7;7
7326;0.3529;13.5;33.0;38.7;7
7327;0.3524;13.5;32.8;38.7;7
7328;0.353;13.5;32.8;38.7;7
7329;0.3507;13.5;32.8;38.7;7
7330;0.3527;13.4;32.8;38.7;7
7331;0.3524;13.4;32.9;38.7;7
7332;0.3531;13.4;32.8;38.7;7
7333;0.3529;13.5;32.7;38.7;7
7334;0.3507;13.4;32.7;38.7;7
7335;0.3513;13.4;32.7;38.7;7
7336;0.3542;13.4;32.7;38.7;7
7337;0.3512;13.4;32.7;38.6;7
7338;0.3513;13.5;32.7;38.6;7
7339;0.3512;13.5;32.7;38.6;7
7340;0.3527;13.4;32.7;38.6;7
7341;0.3519;13.4;32.7;38.6;7
7342;0.3539;13.4;32.6;38.6;7
7343;0.3531;13.4;32.6;38.6;7
7344;0.3536;13.4;32.6;38.6;7
7345;0.3536;13.4;32.6;38.6;7
7346;0.3534;13.4;32.6;38.6;7
7347;0.351;13.3;32.6;38.5;7
7348;0.3504;13.4;32.6;38.5;7
7349;0.3496;13.4;32.6;38.5;7
7350;0.3503;13.4;32.5;38.5;7
7351;0.3503;13.4;32.5;38.5;7
7352;0.3494;13.4;32.5;38.4;7
7353;0.3489;13.4;32.5;38.4;7
7354;0.3493;13.4;32.5;38.4;7
7355;0.3507;13.4;32.5;38.4;7
7356;0.351;13.4;32.5;38.3;7
7357;0.3503;13.3;32.5;38.3;7
7358;0.3519;13.3;32.5;38.3;7
7359;0.352;13.3;32.5;38.3;7
7360;0.3504;13.3;32.5;38.3;7
7361;0.3512;13.3;32.5;38.3;7
7362;0.3493;13.3;32.6;38.2;7
7363;0.3507;13.3;32.6;38.2;7
7364;0.3498;13.4;32.5;38.2;7
7365;0.3489;13.4;32.4;38.1;7
7366;0.3493;13.3;32.5;38.2;7
7367;0.3501;13.3;32.4;38.1;7
7368;0.3501;13.3;32.5;38.1;7
7369;0.3484;13.3;32.4;38.1;7
7370;0.347;13.2;32.4;38.1;7
7371;0.3485;13.2;32.3;38.0;7
7372;0.3472;13.2;32.3;38.1;7
7373;0.3469;13.2;32.3;38.0;7
7374;0.3469;13.2;32.3;38.0;7
7375;0.347;13.2;32.3;38.0;7
7376;0.347;13.2;32.3;37.9;7
7377;0.3463;13.2;32.3;37.9;7
7378;0.3477;13.2;32.2;37.9;7
7379;0.347;13.2;32.2;37.8;7
7380;0.3468;13.2;32.2;37.8;7
7381;0.347;13.2;32.2;37.8;7
7382;0.3443;13.2;32.2;37.8;7
7383;0.3461;13.2;32.2;37.8;7
7384;0.3489;13.2;32.1;37.8;7
7385;0.3453;13.1;32.2;37.8;7
7386;0.3465;13.2;32.1;37.8;7
7387;0.3477;13.1;32.1;37.7;7
7388;0.3472;13.1;32.1;37.7;7
7389;0.3463;13.1;32.1;37.7;7
7390;0.3455;13.1;32.1;37.6;7
7391;0.3447;13.1;32.1;37.6;7
7392;0.3464;13.1;32.1;37.6;7
7393;0.3444;13.0;32.1;37.6;7
7394;0.3435;13.1;32.0;37.5;7
7395;0.3452;13.0;32.1;37.5;7
7396;0.3459;13.1;32.0;37.5;7
7397;0.3487;13.0;32.0;37.5;7
7398;0.3509;13.0;32.0;37.5;7
7399;0.3507;13.0;32.0;37.5;7
7400;0.3523;13.0;32.0;37.5;7
7401;0.3523;12.9;32.0;37.5;7
7402;0.3525;12.9;32.0;37.5;7
7403;0.3535;12.9;32.0;37.5;7
7404;0.3562;13.0;32.0;37.6;7
7405;0.3536;12.9;32.0;37.6;7
7406;0.3539;13.0;32.0;37.6;7
7407;0.3537;13.0;32.0;37.6;7
7408;0.3531;13.0;32.0;37.5;7
7409;0.352;13.0;31.9;37.6;7
7410;0.3518;13.0;31.9;37.6;7
7411;0.3524;12.9;31.9;37.6;7
7412;0.352;12.9;31.9;37.6;7
7413;0.3497;12.8;31.9;37.6;7
7414;0.3518;12.8;31.9;37.6;7
7415;0.3522;12.8;31.8;37.5;7
7416;0.3536;12.8;31.9;37.5;7
7417;0.3517;12.8;31.9;37.6;7
7418;0.352;12.8;31.9;37.5;7
7419;0.3529;12.8;31.8;37.5;7
7420;0.3532;12.8;31.7;37.5;7
7421;0.3549;12.8;31.7;37.5;7
7422;0.3524;12.8;31.8;37.5;7
7423;0.3555;12.8;31.8;37.5;7
7424;0.3541;12.8;31.7;37.5;7
7425;0.3541;12.8;31.7;37.5;7
7426;0.3549;12.7;31.8;37.5;7
7427;0.358;12.6;31.7;37.5;7
7428;0.3555;12.7;31.7;37.5;7
7429;0.3577;12.7;31.8;37.5;7
7430;0.3554;12.7;31.7;37.5;7
7431;0.3581;12.6;31.7;37.5;7
7432;0.3589;12.6;31.7;37.5;7
7433;0.3592;12.6;31.7;37.5;7
7434;0.3563;12.6;31.7;37.5;7
7435;0.3564;12.6;31.7;37.5;7
7436;0.3553;12.4;31.7;37.5;7
7437;0.354;12.4;31.7;37.5;7
7438;0.3557;12.5;31.7;37.5;7
7439;0.3571;12.4;31.6;37.5;7
7440;0.3559;12.5;31.6;37.5;7
7441;0.3561;12.4;31.6;37.5;7
7442;0.3544;12.5;31.6;37.4;7
7443;0.3536;12.4;31.6;37.5;7
7444;0.3563;12.3;31.5;37.4;7
7445;0.3542;12.4;31.5;37.4;7
7446;0.3546;12.3;31.5;37.4;7
7447;0.3542;12.4;31.5;37.4;7
7448;0.3566;12.5;31.5;37.4;7
7449;0.3556;12.5;31.5;37.4;7
7450;0.3571;12.5;31.5;37.4;7
7451;0.3559;12.5;31.5;37.4;7
7452;0.356;12.5;31.5;37.4;7
7453;0.3552;12.5;31.4;37.3;7
7454;0.3584;12.5;31.4;37.3;7
7455;0.36;12.5;31.3;37.4;7
7456;0.3591;12.5;31.4;37.4;7
7457;0.358;12.5;31.4;37.4;7
7458;0.3589;12.4;31.4;37.4;7
7459;0.36;12.4;31.4;37.4;7
7460;0.3584;12.4;31.4;37.3;7
7461;0.3591;12.3;31.4;37.4;7
7462;0.3563;12.3;31.4;37.4;7
7463;0.3589;12.3;31.4;37.4;7
7464;0.3584;12.3;31.4;37.4;7
7465;0.3574;12.3;31.4;37.4;7
7466;0.3582;12.3;31.3;37.3;7
7467;0.3592;12.3;31.2;37.4;7
7468;0.3601;12.3;31.2;37.4;7
7469;0.3589;12.2;31.2;37.4;7
7470;0.3596;12.2;31.2;37.4;7
7471;0.3606;12.2;31.2;37.4;7
7472;0.3605;12.2;31.2;37.4;7
7473;0.3604;12.2;31.3;37.5;7
7474;0.3605;12.2;31.3;37.4;7
7475;0.3621;12.2;31.3;37.4;7
7476;0.3628;12.2;31.2;37.4;7
7477;0.3621;12.2;31.2;37.4;7
7478;0.3585;12.2;31.2;37.4;7
7479;0.3592;12.1;31.2;37.4;7
7480;0.3608;12.1;31.2;37.4;7
7481;0.3598;12.1;31.1;37.3;7
7482;0.3577;12.0;31.1;37.3;7
7483;0.3563;11.9;31.1;37.3;7
7484;0.3573;12.0;31.1;37.3;7
7485;0.3546;11.9;31.1;37.3;7
7486;0.3581;11.9;31.1;37.2;7
7487;0.3583;11.8;31.1;37.3;7
7488;0.3587;11.8;31.1;37.2;7
7489;0.357;11.8;31.1;37.2;7
7490;0.3589;11.9;31.1;37.2;7
7491;0.3615;11.9;31.0;37.2;7
7492;0.3653;12.0;31.0;37.2;7
7493;0.3641;11.9;31.0;37.3;7
7494;0.3615;11.9;30.9;37.2;7
7495;0.3623;12.0;31.0;37.3;7
7496;0.3644;12.0;30.9;37.2;7
7497;0.3614;11.9;30.9;37.3;7
7498;0.3639;11.9;30.9;37.3;7
7499;0.3631;11.9;30.9;37.3;7
7500;0.3639;12.0;30.9;37.3;7
7501;0.3648;12.1;31.0;37.3;7
7502;0.3647;12.1;31.0;37.3;7
7503;0.3657;12.1;31.0;37.3;7
7504;0.3679;12.1;30.9;37.3;7
7505;0.3656;12.1;30.9;37.3;7
7506;0.365;12.1;31.0;37.3;7
7507;0.3668;12.2;30.9;37.3;7
7508;0.3668;12.2;30.9;37.3;7
7509;0.3655;12.2;30.9;37.3;7
7510;0.3671;12.2;30.9;37.3;7
7511;0.3675;12.2;30.8;37.3;7
7512;0.3681;12.2;30.8;37.3;7
7513;0.3688;12.3;30.8;37.3;7
7514;0.369;12.3;30.8;37.3;7
7515;0.3728;12.3;30.8;37.4;7
7516;0.3758;12.3;30.8;37.4;7
7517;0.3787;12.3;30.8;37.5;7
7518;0.3804;12.3;30.8;37.5;7
7519;0.3784;12.3;30.8;37.6;7
7520;0.3816;12.4;30.8;37.6;7
7521;0.3817;12.3;30.8;37.7;7
7522;0.383;12.4;30.7;37.8;7
7523;0.3849;12.4;30.7;37.8;7
7524;0.3845;12.4;30.7;37.8;7
7525;0.3841;12.4;30.7;37.9;7
7526;0.3861;12.4;30.7;37.9;7
7527;0.3876;12.4;30.7;38.0;7
7528;0.3865;12.4;30.7;38.0;7
7529;0.3895;12.4;30.7;38.1;7
7530;0.3872;12.4;30.7;38.1;7
7531;0.3907;12.5;30.8;38.1;7
7532;0.3882;12.5;30.8;38.2;7
7533;0.3892;12.6;30.8;38.2;7
7534;0.3892;12.5;30.8;38.2;7
7535;0.3925;12.5;30.8;38.3;7
7536;0.392;12.6;30.8;38.3;7
7537;0.3933;12.5;30.8;38.3;7
7538;0.3924;12.5;30.8;38.3;7
7539;0.3911;12.6;30.8;38.4;7
7540;0.3953;12.6;30.8;38.3;7
7541;0.397;12.6;30.8;38.4;7
7542;0.3977;12.6;30.8;38.4;7
7543;0.4004;12.6;30.8;38.4;7
7544;0.4002;12.7;30.9;38.4;7
7545;0.399;12.7;30.9;38.5;7
7546;0.3989;12.7;31.0;38.4;7
7547;0.4028;12.7;30.9;38.5;7
7548;0.4048;12.7;30.9;38.5;7
7549;0.403;12.7;31.0;38.6;7
7550;0.4043;12.6;31.0;38.6;7
7551;0.4042;12.6;31.0;38.7;7
7552;0.4081;12.6;31.0;38.7;7
7553;0.4066;12.7;31.0;38.8;7
7554;0.403;12.6;31.0;38.8;7
7555;0.4053;12.6;31.0;38.7;7
7556;0.4077;12.7;31.1;38.8;7
7557;0.4104;12.8;31.1;38.8;7
7558;0.4079;12.8;31.1;38.9;7
7559;0.4111;12.8;31.1;38.9;7
7560;0.4111;12.8;31.1;39.0;7
7561;0.4121;12.8;31.0;39.0;7
7562;0.4131;12.8;31.1;39.1;7
7563;0.417;12.8;31.1;39.1;7
7564;0.4154;12.8;31.1;39.2;7
7565;0.4188;12.8;31.1;39.2;7
7566;0.4178;12.8;31.1;39.2;7
7567;0.4209;12.8;31.2;39.3;7
7568;0.4201;12.8;31.2;39.3;7
7569;0.4206;12.8;31.2;39.4;7
7570;0.4192;12.8;31.2;39.4;7
7571;0.4175;12.8;31.2;39.5;7
7572;0.423;12.8;31.2;39.5;7
7573;0.4227;12.8;31.2;39.5;7
7574;0.4232;12.8;31.2;39.5;7
7575;0.4216;12.9;31.2;39.6;7
7576;0.4241;12.9;31.3;39.6;7
7577;0.4262;12.9;31.3;39.6;7
7578;0.426;12.9;31.2;39.9;7
7579;0.428;12.8;31.2;39.7;7
7580;0.4312;12.8;31.2;39.8;7
7581;0.4285;12.9;31.2;40.0;7
7582;0.4313;12.9;31.4;40.1;7
7583;0.4351;13.0;31.4;40.1;7
7584;0.4316;13.0;31.4;40.2;7
7585;0.4355;13.0;31.3;40.3;7
7586;0.4353;13.0;31.4;40.3;7
7587;0.4356;13.1;31.3;40.4;7
7588;0.4359;13.1;31.3;40.4;7
7589;0.4335;13.1;31.4;40.4;7
7590;0.4377;13.1;31.4;40.5;7
7591;0.4392;13.1;31.5;40.6;7
7592;0.4434;13.2;31.4;40.7;7
7593;0.441;13.2;31.5;40.7;7
7594;0.441;13.2;31.5;40.8;7
7595;0.4446;13.3;31.5;40.8;7
7596;0.4458;13.3;31.6;40.9;7
7597;0.4491;13.3;31.6;41.0;7
7598;0.4525;13.4;31.6;41.1;7
7599;0.4529;13.4;31.7;41.1;7
7600;0.4537;13.5;31.7;41.1;7
7601;0.4504;13.5;31.7;41.2;7
7602;0.4517;13.6;31.7;41.3;7
7603;0.4504;13.5;31.7;41.3;7
7604;0.4515;13.6;31.7;41.3;7
7605;0.4509;13.6;31.7;41.4;7
7606;0.4497;13.6;31.7;41.4;7
7607;0.4507;13.5;31.7;41.5;7
7608;0.4515;13.5;31.7;41.5;7
7609;0.45;13.5;31.7;41.5;7
7610;0.4484;13.6;31.8;41.5;7
7611;0.4479;13.6;31.8;41.6;7
7612;0.4493;13.7;31.8;41.6;7
7613;0.4488;13.7;31.8;41.6;7
7614;0.4515;13.7;31.9;41.7;7
7615;0.4552;13.8;32.0;41.8;7
7616;0.4561;13.8;32.0;41.8;7
7617;0.4562;13.8;32.0;41.9;7
7618;0.4577;13.8;32.0;41.9;7
7619;0.4546;13.8;32.0;42.0;7
7620;0.4581;13.9;32.0;42.0;7
7621;0.4567;13.9;32.1;42.0;7
7622;0.4594;13.9;32.1;42.1;7
7623;0.4614;13.9;32.1;42.2;7
7624;0.4606;14.0;32.1;42.2;7
7625;0.4623;14.1;32.2;42.2;7
7626;0.4618;14.1;32.2;42.3;7
7627;0.4634;14.1;32.2;42.3;7
7628;0.4648;14.1;32.2;42.6;7
7629;0.4637;14.1;32.3;42.6;7
7630;0.4627;14.1;32.3;42.6;7
7631;0.4638;14.2;32.3;42.7;7
7632;0.4631;14.2;32.3;42.5;7
7633;0.4638;14.2;32.3;42.6;7
7634;0.4618;14.2;32.4;42.9;7
7635;0.4645;14.2;32.4;42.8;7
7636;0.4659;14.3;32.4;42.8;7
7637;0.4693;14.3;32.4;43.0;7
7638;0.4677;14.3;32.5;43.0;7
7639;0.4702;14.3;32.5;43.1;7
7640;0.472;14.3;32.6;43.2;7
7641;0.4734;14.3;32.6;43.1;7
7642;0.4725;14.4;32.5;43.2;7
7643;0.4729;14.4;32.6;43.2;7
7644;0.4753;14.4;32.5;43.3;7
7645;0.4759;14.5;32.6;43.3;7
7646;0.4713;14.6;32.6;43.4;7
7647;0.4706;14.5;32.7;43.5;7
7648;0.4747;14.6;32.7;43.5;7
7649;0.4758;14.6;32.7;43.5;7
7650;0.4771;14.6;32.7;43.5;7
7651;0.4795;14.6;32.7;43.6;7
7652;0.4811;14.6;32.7;43.7;7
7653;0.4775;14.6;32.8;43.7;7
7654;0.4778;14.6;32.8;43.7;7
7655;0.4801;14.7;32.8;43.7;7
7656;0.4782;14.7;32.8;43.8;7
7657;0.4789;14.7;32.8;43.8;7
7658;0.4789;14.7;32.8;43.9;7
7659;0.479;14.6;32.9;43.9;7
7660;0.4808;14.7;32.9;43.9;7
7661;0.4831;14.7;32.9;44.0;7
7662;0.4809;14.8;32.9;44.0;7
7663;0.4805;14.8;33.1;44.1;7
7664;0.4837;14.8;33.0;44.1;7
7665;0.4841;14.8;33.0;44.1;7
7666;0.4817;14.8;33.1;44.2;7
7667;0.4851;14.9;33.2;44.2;7
7668;0.4855;14.9;33.2;44.2;7
7669;0.48;15.1;33.2;44.3;7
7670;0.4828;15.0;33.2;44.3;7
7671;0.4837;15.0;33.3;44.3;7
7672;0.4857;15.1;33.2;44.4;7
7673;0.4871;15.2;33.2;44.4;7
7674;0.4851;15.2;33.4;44.5;7
7675;0.4841;15.2;33.4;44.5;7
7676;0.4854;15.3;33.4;44.6;7
7677;0.4847;15.4;33.5;44.6;7
7678;0.4861;15.5;33.5;44.6;7
7679;0.486;15.5;33.5;44.7;7
7680;0.4854;15.5;33.6;44.7;7
7681;0.4852;15.6;33.7;45.0;7
7682;0.4866;15.6;33.6;44.8;7
7683;0.4879;15.7;33.8;45.0;7
7684;0.4842;15.7;33.8;45.0;7
7685;0.4878;15.7;33.8;45.3;7
7686;0.4847;15.9;33.8;45.3;7
7687;0.4893;15.9;33.8;45.3;7
7688;0.4879;15.8;33.9;45.3;7
7689;0.4879;15.9;33.9;45.4;7
7690;0.4877;16.0;34.0;45.4;7
7691;0.4877;16.0;34.0;45.5;7
7692;0.4888;16.0;34.0;45.5;7
7693;0.4885;16.1;34.1;45.6;7
7694;0.4864;16.1;34.2;45.6;7
7695;0.4868;16.2;34.3;45.6;7
7696;0.4872;16.2;34.3;45.7;7
7697;0.4888;16.3;34.3;45.7;7
7698;0.4879;16.5;34.4;45.7;7
7699;0.4875;16.5;34.4;45.8;7
7700;0.4897;16.6;34.5;45.8;7
7701;0.4866;16.6;34.5;45.8;7
7702;0.4915;16.7;34.5;45.8;7
7703;0.4917;16.7;34.5;45.9;7
7704;0.4932;16.8;34.6;45.9;7
7705;0.4905;16.8;34.7;46.0;7
7706;0.4891;16.9;34.6;45.9;7
7707;0.4896;16.9;34.7;46.0;7
7708;0.4915;16.9;34.7;46.0;7
7709;0.4948;17.0;34.7;46.0;7
7710;0.4961;17.0;34.9;46.1;7
7711;0.4952;17.0;34.8;46.2;7
7712;0.4978;17.2;34.9;46.2;7
7713;0.4969;17.1;35.0;46.3;7
7714;0.4972;17.3;35.0;46.3;7
7715;0.4969;17.3;34.9;46.4;7
7716;0.4943;17.4;35.0;46.4;7
7717;0.4941;17.4;35.1;46.5;7
7718;0.4949;17.5;35.0;46.5;7
7719;0.4945;17.5;35.2;46.6;7
7720;0.4959;17.7;35.2;46.6;7
7721;0.4952;17.7;35.2;46.6;7
7722;0.4959;17.8;35.3;46.7;7
7723;0.4946;17.7;35.3;46.7;7
7724;0.4935;17.8;35.3;46.8;7
7725;0.4964;17.8;35.3;46.8;7
7726;0.4953;17.8;35.3;46.8;7
7727;0.4966;17.9;35.4;46.9;7
7728;0.4959;17.9;35.5;47.0;7
7729;0.4982;17.9;35.4;47.1;7
7730;0.4964;18.0;35.5;47.1;7
7731;0.4982;18.0;35.6;47.1;7
7732;0.4991;18.0;35.6;47.2;7
7733;0.4965;18.2;35.7;47.2;7
7734;0.498;18.2;35.7;47.3;7
7735;0.4987;18.2;35.7;47.3;7
7736;0.4981;18.3;35.8;47.3;7
7737;0.4998;18.2;35.8;47.4;7
7738;0.4938;18.4;35.8;47.4;7
7739;0.4931;18.4;36.0;47.4;7
7740;0.4926;18.4;35.9;47.4;7
7741;0.4928;18.5;36.1;47.4;7
7742;0.4935;18.5;36.1;47.5;7
7743;0.4926;18.5;36.1;47.5;7
7744;0.4941;18.7;36.1;47.5;7
7745;0.4956;18.7;36.3;47.5;7
7746;0.4954;18.7;36.2;47.6;7
7747;0.497;18.7;36.2;47.6;7
7748;0.499;18.7;36.3;47.7;7
7749;0.4982;18.8;36.3;47.8;7
7750;0.4993;18.8;36.4;47.8;7
7751;0.5012;18.9;36.4;47.9;7
7752;0.5029;18.9;36.4;48.0;7
7753;0.5017;18.9;36.4;48.0;7
7754;0.5012;18.9;36.5;48.1;7
7755;0.5004;19.0;36.6;48.2;7
7756;0.5003;19.0;36.5;48.2;7
7757;0.5048;19.1;36.6;48.3;7
7758;0.501;19.2;36.7;48.3;7
7759;0.4999;19.2;36.7;48.6;7
7760;0.5025;19.3;36.6;48.7;7
7761;0.5012;19.3;36.7;48.8;7
7762;0.5015;19.4;36.8;48.8;7
7763;0.504;19.4;36.8;48.9;7
7764;0.5013;19.5;36.8;48.9;7
7765;0.5002;19.5;36.9;49.0;7
7766;0.5008;19.5;36.9;49.0;7
7767;0.4998;19.6;37.0;49.0;7
7768;0.4996;19.7;37.1;49.1;7
7769;0.4987;19.6;37.0;49.0;7
7770;0.4987;19.7;37.1;49.1;7
7771;0.4962;19.6;37.2;49.1;7
7772;0.4986;19.7;37.1;49.1;7
7773;0.4992;19.8;37.2;49.2;7
7774;0.5001;19.8;37.3;49.2;7
7775;0.5007;19.8;37.3;49.2;7
7776;0.4977;19.8;37.3;49.2;7
7777;0.5016;19.8;37.2;49.2;7
7778;0.4994;19.8;37.3;49.3;7
7779;0.5037;19.6;37.3;49.3;7
7780;0.5024;19.7;37.3;49.4;7
7781;0.5044;19.6;37.4;49.4;7
7782;0.5043;19.6;37.4;49.4;7
7783;0.5061;19.6;37.4;49.5;7
7784;0.5037;19.6;37.4;49.5;7
7785;0.5021;19.6;37.5;49.5;7
7786;0.5004;19.6;37.5;49.6;7
7787;0.502;19.4;37.5;49.6;7
7788;0.5016;19.5;37.5;49.6;7
7789;0.5028;19.4;37.5;49.7;7
7790;0.502;19.5;37.5;49.7;7
7791;0.5035;19.4;37.5;49.7;7
7792;0.5024;19.4;37.5;49.8;7
7793;0.5009;19.4;37.6;49.8;7
7794;0.5024;19.4;37.5;49.8;7
7795;0.5079;19.4;37.7;49.8;7
7796;0.503;19.4;37.7;49.9;7
7797;0.5021;19.4;37.7;49.9;7
7798;0.503;19.5;37.7;49.9;7
7799;0.5026;19.5;37.8;50.0;7
7800;0.5025;19.5;37.7;50.0;7
7801;0.5007;19.5;37.7;50.0;7
7802;0.5042;19.5;37.9;50.0;7
7803;0.5028;19.5;37.9;50.1;7
7804;0.5004;19.5;37.9;50.1;7
7805;0.5027;19.6;37.9;50.1;7
7806;0.504;19.6;37.9;50.1;7
7807;0.5045;19.6;38.0;50.2;7
7808;0.5015;19.5;38.0;50.2;7
7809;0.5011;19.5;38.0;50.2;7
7810;0.5018;19.5;38.0;50.3;7
7811;0.4988;19.5;38.0;50.3;7
7812;0.4997;19.5;38.0;50.3;7
7813;0.4997;19.5;38.0;50.4;7
7814;0.4968;19.5;38.0;50.4;7
7815;0.4985;19.4;38.0;50.4;7
7816;0.5005;19.4;38.0;50.4;7
7817;0.4994;19.4;38.0;50.5;7
7818;0.4983;19.4;38.0;50.4;7
7819;0.496;19.3;38.0;50.5;7
7820;0.4991;19.3;38.0;50.5;7
7821;0.499;19.3;38.1;50.5;7
7822;0.4993;19.3;38.1;50.5;7
7823;0.5008;19.2;38.2;50.5;7
7824;0.5005;19.2;38.1;50.5;7
7825;0.5031;19.2;38.2;50.5;7
7826;0.5014;19.2;38.1;50.6;7
7827;0.5031;19.2;38.1;50.6;7
7828;0.4994;19.2;38.2;50.6;7
7829;0.5002;19.2;38.1;50.6;7
7830;0.4986;19.2;38.1;50.6;7
7831;0.4963;19.2;38.1;50.6;7
7832;0.495;19.2;38.3;50.6;7
7833;0.494;19.2;38.2;50.6;7
7834;0.4948;19.2;38.3;50.6;7
7835;0.4938;19.2;38.3;50.6;7
7836;0.4946;19.2;38.3;50.6;7
7837;0.4934;19.2;38.4;50.5;7
7838;0.4938;19.3;38.4;50.6;7
7839;0.4936;19.3;38.4;50.6;7
7840;0.4972;19.3;38.4;50.6;7
7841;0.4973;19.4;38.5;50.6;7
7842;0.4984;19.5;38.5;50.6;7
7843;0.5019;19.4;38.5;50.7;7
7844;0.4999;19.5;38.6;50.7;7
7845;0.5009;19.5;38.7;50.8;7
7846;0.5015;19.5;38.6;50.8;7
7847;0.5015;19.5;38.7;50.8;7
7848;0.5032;19.5;38.6;50.8;7
7849;0.5035;19.6;38.6;50.8;7
7850;0.5014;19.6;38.6;50.9;7
7851;0.5023;19.5;38.6;50.9;7
7852;0.503;19.5;38.8;50.9;7
7853;0.5009;19.5;38.8;50.9;7
7854;0.502;19.5;38.8;50.9;7
7855;0.4993;19.6;38.8;50.9;7
7856;0.5014;19.7;38.7;50.9;7
7857;0.4993;19.7;38.8;51.0;7
7858;0.5021;19.7;38.9;50.9;7
7859;0.5019;19.6;38.9;51.0;7
7860;0.5024;19.7;38.9;51.0;7
7861;0.5021;19.8;38.8;51.0;7
7862;0.5018;19.9;38.9;51.0;7
7863;0.5016;19.8;38.8;51.1;7
7864;0.5022;19.8;38.9;51.1;7
7865;0.5041;19.8;39.0;51.1;7
7866;0.502;19.8;39.0;51.1;7
7867;0.5026;19.8;39.0;51.2;7
7868;0.5046;19.8;39.0;51.2;7
7869;0.5013;19.7;39.0;51.2;7
7870;0.5035;19.8;38.9;51.1;7
7871;0.5045;19.9;39.1;51.2;7
7872;0.5039;19.9;39.1;51.2;7
7873;0.5038;19.9;39.0;51.3;7
7874;0.5033;19.9;39.1;51.3;7
7875;0.5054;20.0;39.2;51.3;7
7876;0.5059;20.1;39.2;51.3;7
7877;0.5053;20.0;39.3;51.4;7
7878;0.5047;20.1;39.2;51.4;7
7879;0.5063;20.0;39.3;51.4;7
7880;0.508;20.1;39.3;51.4;7
7881;0.5097;20.2;39.2;51.4;7
7882;0.5088;20.2;39.4;51.5;7
7883;0.5066;20.3;39.4;51.6;7
7884;0.5076;20.3;39.4;51.6;7
7885;0.5045;20.4;39.5;51.8;7
7886;0.5078;20.4;39.5;51.9;7
7887;0.5111;20.6;39.5;51.9;7
7888;0.5063;20.5;39.6;51.9;7
7889;0.5084;20.7;39.6;51.7;7
7890;0.5085;20.8;39.8;51.9;7
7891;0.5096;20.8;39.7;52.0;7
7892;0.5057;21.0;39.8;52.0;7
7893;0.5058;21.0;39.8;52.1;7
7894;0.5069;21.1;39.8;52.2;7
7895;0.5068;21.1;39.8;52.2;7
7896;0.5051;21.1;39.8;52.3;7
7897;0.505;21.1;39.9;52.2;7
7898;0.504;21.2;40.0;52.2;7
7899;0.5031;21.2;39.9;52.2;7
7900;0.5017;21.2;39.9;52.1;7
7901;0.5008;21.2;39.9;51.9;7
7902;0.504;21.2;40.1;52.1;7
7903;0.5038;21.3;40.1;52.1;7
7904;0.5045;21.2;40.1;52.1;7
7905;0.5054;21.2;40.1;52.2;7
7906;0.5024;21.3;40.2;52.2;7
7907;0.5024;21.3;40.2;52.2;7
7908;0.5007;21.3;40.2;52.2;7
7909;0.5005;21.3;40.2;52.2;7
7910;0.5028;21.2;40.2;52.2;7
7911;0.5018;21.3;40.2;52.2;7
7912;0.5015;21.4;40.3;52.2;7
7913;0.5025;21.4;40.4;52.2;7
7914;0.5026;21.5;40.3;52.3;7
7915;0.504;21.5;40.5;52.2;7
7916;0.5039;21.6;40.5;52.2;7
7917;0.5034;21.6;40.5;52.3;7
7918;0.5039;21.7;40.6;52.3;7
7919;0.505;21.7;40.6;52.2;7
7920;0.5036;21.7;40.6;52.3;7
7921;0.5046;21.8;40.6;52.3;7
7922;0.5039;21.8;40.7;52.3;7
7923;0.5016;21.8;40.7;52.4;7
7924;0.5008;21.8;40.7;52.4;7
7925;0.5018;21.9;40.7;52.4;7
7926;0.502;21.8;40.7;52.4;7
7927;0.5;21.8;40.7;52.4;7
7928;0.5003;21.8;40.7;52.5;7
7929;0.4974;21.9;40.7;52.5;7
7930;0.4968;21.8;40.7;52.4;7
7931;0.4989;21.8;40.7;52.5;7
7932;0.5014;21.6;40.7;52.4;7
7933;0.501;21.6;40.6;52.4;7
7934;0.4992;21.3;40.6;52.4;7
7935;0.4989;21.1;40.6;52.4;7
7936;0.4975;21.1;40.6;52.4;7
7937;0.4986;20.9;40.6;52.4;7
7938;0.4953;20.8;40.6;52.4;7
7939;0.497;20.7;40.6;52.4;7
7940;0.4971;20.6;40.6;52.4;7
7941;0.4976;20.5;40.6;52.4;7
7942;0.4981;20.5;40.6;52.5;7
7943;0.4962;20.4;40.6;52.5;7
7944;0.4994;20.4;40.6;52.5;7
7945;0.4974;20.4;40.6;52.6;7
7946;0.4952;20.3;40.5;52.5;7
7947;0.4978;20.2;40.4;52.5;7
7948;0.498;20.2;40.5;52.5;7
7949;0.4974;20.1;40.5;52.5;7
7950;0.4967;20.0;40.5;52.5;7
7951;0.4951;19.9;40.5;52.5;7
7952;0.4971;19.8;40.4;52.5;7
7953;0.4964;19.7;40.5;52.5;7
7954;0.494;19.7;40.4;52.5;7
7955;0.4921;19.6;40.5;52.5;7
7956;0.4924;19.6;40.4;52.5;7
7957;0.4912;19.5;40.5;52.5;7
7958;0.4888;19.5;40.5;52.5;7
7959;0.4882;19.5;40.6;52.5;7
7960;0.4896;19.5;40.6;52.4;7
7961;0.4896;19.5;40.6;52.4;7
7962;0.4949;19.6;40.6;52.3;7
7963;0.4909;19.6;40.7;52.4;7
7964;0.4914;19.6;40.7;52.4;7
7965;0.4891;19.8;40.7;52.4;7
7966;0.4884;19.7;40.9;52.4;7
7967;0.4926;19.9;40.8;52.4;7
7968;0.4919;19.9;41.0;52.4;7
7969;0.4893;20.0;40.9;52.4;7
7970;0.4895;20.1;41.1;52.4;7
7971;0.4892;20.3;41.1;52.4;7
7972;0.4891;20.4;41.2;52.4;7
7973;0.4861;20.5;41.2;52.4;7
7974;0.4866;20.6;41.2;52.4;7
7975;0.4888;20.6;41.3;52.4;7
7976;0.4857;20.7;41.5;52.4;7
7977;0.4842;20.8;41.5;52.4;7
7978;0.4835;20.9;41.6;52.3;7
7979;0.4855;20.9;41.5;52.3;7
7980;0.484;21.0;41.5;52.3;7
7981;0.4846;21.0;41.5;52.3;7
7982;0.4854;21.1;41.6;52.3;7
7983;0.4865;21.2;41.6;52.3;7
7984;0.4861;21.2;41.6;52.2;7
7985;0.4851;21.2;41.6;52.3;7
7986;0.485;21.3;41.6;52.3;7
7987;0.4838;21.3;41.6;52.2;7
7988;0.4822;21.4;41.5;52.2;7
7989;0.4833;21.3;41.7;52.2;7
7990;0.4809;21.3;41.7;52.2;7
7991;0.4806;21.3;41.7;52.1;7
7992;0.4808;21.2;41.7;52.1;7
7993;0.481;21.2;41.7;52.1;7
7994;0.4798;21.2;41.7;52.0;7
7995;0.4795;21.2;41.7;52.0;7
7996;0.4794;21.2;41.7;51.9;7
7997;0.4833;21.2;41.6;51.9;7
7998;0.4784;21.2;41.5;51.7;7
7999;0.4796;21.0;41.5;51.9;7
8000;0.4827;21.0;41.4;51.9;7
8001;0.4807;20.9;41.3;51.9;7
8002;0.4838;20.7;41.2;51.9;7
8003;0.4818;20.5;41.2;52.0;7
8004;0.4789;20.4;41.1;51.9;7
8005;0.481;20.1;41.1;51.9;7
8006;0.4768;20.0;41.1;51.9;7
8007;0.4746;19.9;41.1;51.7;7
8008;0.4759;19.8;41.1;51.9;7
8009;0.4744;19.8;41.1;51.8;7
8010;0.4746;19.8;41.2;51.8;7
8011;0.4758;19.8;41.2;51.6;7
8012;0.4765;19.7;41.2;51.8;7
8013;0.4764;19.7;41.2;51.6;7
8014;0.4777;19.8;41.3;51.6;7
8015;0.4761;19.8;41.5;51.8;7
8016;0.4769;19.9;41.5;51.5;7
8017;0.4774;19.9;41.6;51.5;7
8018;0.4763;20.0;41.5;51.7;7
8019;0.4736;20.0;41.6;51.5;7
8020;0.477;20.1;41.7;51.5;7
8021;0.4758;20.1;41.8;51.7;7
8022;0.4788;20.1;41.8;51.5;7
8023;0.4773;20.2;41.9;51.5;7
8024;0.4792;20.2;42.0;51.7;7
8025;0.4789;20.2;41.9;51.6;7
8026;0.4782;20.3;41.9;51.6;7
8027;0.4802;20.3;42.0;51.6;7
8028;0.4783;20.3;42.0;51.7;7
8029;0.4787;20.4;42.1;51.7;7
8030;0.4802;20.4;42.1;51.8;7
8031;0.479;20.4;42.2;51.6;7
8032;0.4755;20.5;42.2;51.9;7
8033;0.638;20.5;42.3;51.9;7
8034;0.6403;20.5;42.3;53.3;7
8035;0.6393;20.6;42.1;54.8;7
8036;0.6444;20.6;42.1;55.7;7
8037;0.6477;20.6;42.0;56.8;7
8038;0.6448;20.7;42.1;57.5;7
8039;0.647;20.7;42.0;58.2;7
8040;0.6481;20.7;41.9;58.7;7
8041;0.6493;20.7;42.0;59.2;7
8042;0.6495;20.7;42.0;59.7;7
8043;0.6498;20.7;41.8;60.1;7
8044;0.6457;20.7;41.9;60.5;7
8045;0.6432;20.7;41.9;60.8;7
8046;0.64;20.7;41.8;61.1;7
8047;0.6441;20.7;41.9;61.3;7
8048;0.6388;20.7;42.0;61.5;7
8049;0.6382;20.8;42.2;61.6;7
8050;0.6391;20.8;42.2;61.7;7
8051;0.6364;20.8;42.3;61.9;7
8052;0.6448;20.8;42.4;62.0;7
8053;0.6421;20.9;42.5;62.2;7
8054;0.6384;20.9;42.5;62.3;7
8055;0.6443;20.9;42.6;62.5;7
8056;0.4512;21.1;42.8;62.3;7
8057;0.4523;21.0;42.9;60.9;7
8058;0.4499;21.1;43.0;59.7;7
8059;0.4529;21.2;43.2;58.6;7
8060;0.4529;21.2;43.2;57.9;7
8061;0.4527;21.2;43.3;57.3;7
8062;0.4512;21.3;43.4;56.8;7
8063;0.4494;21.3;43.5;56.2;7
8064;0.4482;21.4;43.6;55.8;7
8065;0.449;21.4;43.7;55.5;7
8066;0.4497;21.4;43.7;55.2;7
8067;0.4538;21.6;43.8;55.1;7
8068;0.4509;21.5;44.0;54.8;7
8069;0.4493;21.6;43.9;54.6;7
8070;0.4474;21.6;44.1;54.2;7
8071;0.4514;21.9;44.5;53.2;7
8072;0.4489;21.6;44.1;54.0;7
8073;0.4509;21.9;44.5;53.1;7
8074;0.449;21.8;44.2;53.8;7
8075;0.4508;21.8;44.2;53.6;7
8076;0.4513;22.0;44.4;53.0;7
8077;0.4525;22.1;44.6;52.9;7
8078;0.45;21.7;44.3;53.5;7
8079;0.4522;22.1;44.6;52.7;7
8080;0.4494;21.9;44.3;53.3;7
8081;0.4536;22.3;44.6;52.7;7
8082;0.4532;22.3;44.6;52.6;7
8083;0.4527;22.4;44.6;52.6;7
8084;0.4506;22.4;44.6;52.6;7
8085;0.4489;22.5;44.6;52.5;7
8086;0.4487;22.5;44.7;52.4;7
8087;0.4487;22.7;44.6;52.3;7
8088;0.449;22.7;44.5;52.3;7
8089;0.451;22.6;44.5;52.2;7
8090;0.4515;22.7;44.5;52.2;7
8091;0.4525;22.7;44.4;52.1;7
8092;0.4519;22.5;44.5;52.0;7
8093;0.4523;22.5;44.4;52.0;7
8094;0.4537;22.5;44.6;52.0;7
8095;0.4509;22.4;44.6;51.9;7
8096;0.4544;22.4;44.6;51.8;7
8097;0.452;22.4;44.6;51.8;7
8098;0.4491;22.3;44.6;51.5;7
8099;0.4508;22.3;44.5;51.7;7
8100;0.4503;22.2;44.5;51.5;7
8101;0.4512;22.1;44.3;51.5;7
8102;0.4522;22.2;44.2;51.5;7
8103;0.4505;22.0;44.1;51.5;7
8104;0.4484;22.0;44.1;51.6;7
8105;0.4495;22.0;44.0;51.6;7
8106;0.4519;22.0;43.8;51.5;7
8107;0.45;22.0;43.7;51.5;7
8108;0.4518;22.0;43.7;51.4;7
8109;0.4524;22.1;43.6;51.5;7
8110;0.4526;22.0;43.6;51.7;7
8111;0.4497;22.0;43.5;51.5;7
8112;0.4516;22.0;43.5;51.5;7
8113;0.4506;21.9;43.4;51.7;7
8114;0.4521;21.8;43.4;51.8;7
8115;0.4536;21.9;43.3;51.6;7
8116;0.4521;21.9;43.2;51.7;7
8117;0.4507;21.8;43.2;51.6;7
8118;0.4509;21.9;43.2;51.9;7
8119;0.4511;22.0;43.1;51.9;7
8120;0.4493;21.9;43.1;51.9;7
8121;0.4453;21.9;43.0;51.9;7
8122;0.4482;21.8;43.0;51.7;7
8123;0.4494;21.9;43.0;51.9;7
8124;0.4502;21.9;42.9;51.9;7
8125;0.4477;21.8;42.9;51.7;7
8126;0.4488;21.8;42.9;51.9;7
8127;0.4471;21.9;42.7;51.9;7
8128;0.4458;21.9;42.8;51.9;7
8129;0.4482;21.8;42.7;51.9;7
8130;0.4448;21.7;42.9;51.9;7
8131;0.4461;21.8;43.0;51.9;7
8132;0.4446;21.7;43.0;51.9;7
8133;0.4464;21.7;42.9;51.9;7
8134;0.446;21.6;42.9;51.9;7
8135;0.4464;21.6;42.9;51.9;7
8136;0.4474;21.7;42.9;51.9;7
8137;0.4475;21.6;43.1;52.0;7
8138;0.4493;21.7;43.2;52.0;7
8139;0.4475;21.7;43.3;52.0;7
8140;0.4503;21.6;43.3;52.0;7
8141;0.4489;21.6;43.4;52.0;7
8142;0.4495;21.6;43.4;52.0;7
8143;0.4501;21.6;43.5;52.1;7
8144;0.4534;21.6;43.5;52.0;7
8145;0.4526;21.7;43.6;52.1;7
8146;0.4526;21.8;43.6;52.1;7
8147;0.4515;21.7;43.7;52.2;7
8148;0.4513;21.9;43.7;52.2;7
8149;0.4517;21.9;43.7;52.2;7
8150;0.4521;21.9;43.7;52.2;7
8151;0.4516;21.8;43.7;52.2;7
8152;0.4543;21.9;43.8;52.2;7
8153;0.4535;21.9;43.8;52.2;7
8154;0.4559;21.9;43.9;52.2;7
8155;0.456;21.9;43.8;52.2;7
8156;0.4556;21.9;43.8;52.2;7
8157;0.4571;22.1;43.8;52.3;7
8158;0.4559;22.0;43.9;52.3;7
8159;0.4574;22.0;43.8;52.3;7
8160;0.4574;22.0;43.8;52.4;7
8161;0.455;22.1;43.9;52.3;7
8162;0.4544;22.0;43.7;52.4;7
8163;0.454;22.0;43.7;52.4;7
8164;0.4557;22.1;43.7;52.3;7
8165;0.4539;22.1;43.8;52.4;7
8166;0.4556;22.1;43.8;52.4;7
8167;0.4571;22.2;43.8;52.5;7
8168;0.4564;22.3;43.8;52.5;7
8169;0.4589;22.3;43.8;52.5;7
8170;0.4605;22.4;43.8;52.5;7
8171;0.4617;22.4;43.8;52.5;7
8172;0.4598;22.4;43.8;52.5;7
8173;0.4616;22.4;43.7;52.6;7
8174;0.4618;22.4;43.7;52.6;7
8175;0.4607;22.4;43.7;52.6;7
8176;0.4605;22.3;43.7;52.6;7
8177;0.4598;22.4;43.6;52.6;7
8178;0.4623;22.4;43.5;52.6;7
8179;0.4605;22.4;43.4;52.6;7
8180;0.4579;22.4;43.3;52.7;7
8181;0.456;22.3;43.1;52.7;7
8182;0.4568;22.4;43.0;52.7;7
8183;0.4568;22.4;43.0;52.6;7
8184;0.4565;22.3;42.9;52.5;7
8185;0.4553;22.4;42.9;52.6;7
8186;0.4572;22.3;42.8;52.6;7
8187;0.4586;22.3;42.8;52.6;7
8188;0.4598;22.3;42.6;52.6;7
8189;0.459;22.3;42.6;52.6;7
8190;0.4597;22.3;42.7;52.6;7
8191;0.4597;22.3;42.7;52.7;7
8192;0.4608;22.3;42.6;52.7;7
8193;0.4616;22.3;42.5;52.7;7
8194;0.4636;22.3;42.6;52.7;7
8195;0.4631;22.3;42.6;52.7;7
8196;0.4584;22.3;42.4;52.7;7
8197;0.4633;22.1;42.4;52.7;7
8198;0.4633;22.1;42.4;52.8;7
8199;0.4649;22.1;42.3;52.7;7
8200;0.4668;22.0;42.3;52.8;7
8201;0.4629;22.0;42.2;52.8;7
8202;0.4626;22.1;42.1;52.8;7
8203;0.4646;22.0;42.2;52.8;7
8204;0.465;22.0;42.1;52.8;7
8205;0.4693;21.9;42.2;52.8;7
8206;0.4693;21.9;42.2;52.8;7
8207;0.4699;21.9;42.1;52.8;7
8208;0.47;21.8;42.2;52.8;7
8209;0.4723;21.9;42.1;52.8;7
8210;0.4739;21.8;42.1;52.8;7
8211;0.4708;21.8;42.2;52.8;7
8212;0.4731;21.9;42.2;52.8;7
8213;0.4715;21.8;42.1;52.8;7
8214;0.4734;21.9;42.1;52.8;7
8215;0.4727;21.9;42.2;52.8;7
8216;0.471;21.9;42.1;52.9;7
8217;0.47;21.9;42.1;52.8;7
8218;0.4689;21.9;42.2;52.8;7
8219;0.4702;21.9;42.2;52.8;7
8220;0.471;21.9;42.2;52.8;7
8221;0.4707;21.9;42.1;52.9;7
8222;0.4694;21.9;42.2;52.8;7
8223;0.4684;22.0;42.1;52.9;7
8224;0.4694;22.1;42.1;52.9;7
8225;0.4704;22.0;42.1;52.9;7
8226;0.4725;22.1;42.1;52.8;7
8227;0.4687;22.0;42.1;52.8;7
8228;0.4679;22.0;42.2;52.9;7
8229;0.4656;22.0;42.2;52.8;7
8230;0.4657;22.0;42.1;52.8;7
8231;0.4645;22.0;42.2;52.8;7
8232;0.4666;22.0;42.2;52.8;7
8233;0.4662;22.1;42.3;52.7;7
8234;0.4707;22.1;42.3;52.8;7
8235;0.4694;22.1;42.3;52.8;7
8236;0.4713;22.1;42.3;52.8;7
8237;0.4717;22.1;42.3;52.8;7
8238;0.4719;22.1;42.3;52.8;7
8239;0.4691;22.0;42.3;52.9;7
8240;0.4679;22.0;42.3;52.8;7
8241;0.469;22.1;42.3;52.9;7
8242;0.4699;22.0;42.3;52.9;7
8243;0.4694;22.0;42.2;52.9;7
8244;0.4674;22.0;42.2;52.9;7
8245;0.4666;22.1;42.1;52.9;7
8246;0.4657;22.0;42.3;52.9;7
8247;0.4625;22.0;42.4;52.9;7
8248;0.4634;22.1;42.4;52.8;7
8249;0.4648;22.0;42.5;52.8;7
8250;0.4619;22.0;42.7;52.8;7
8251;0.4611;22.0;42.8;52.8;7
8252;0.4646;22.0;42.7;52.7;7
8253;0.4632;22.0;42.9;52.7;7
8254;0.4653;22.0;42.9;52.7;7
8255;0.4654;22.0;43.0;52.7;7
8256;0.4661;22.0;42.9;52.7;7
8257;0.4645;22.0;43.1;52.7;7
8258;0.4645;22.0;43.1;52.7;7
8259;0.465;22.0;43.1;52.7;7
8260;0.4652;22.1;43.2;52.7;7
8261;0.4626;22.1;43.2;52.7;7
8262;0.4612;22.1;43.3;52.7;7
8263;0.4616;22.1;43.2;52.7;7
8264;0.4616;22.1;43.3;52.7;7
8265;0.4628;22.1;43.3;52.7;7
8266;0.4606;22.0;43.2;52.6;7
8267;0.4587;22.0;43.3;52.6;7
8268;0.4591;22.0;43.3;52.6;7
8269;0.4585;22.0;43.3;52.6;7
8270;0.4581;22.0;43.3;52.5;7
8271;0.4563;22.0;43.3;52.5;7
8272;0.4543;22.0;43.3;52.5;7
8273;0.4571;22.0;43.2;52.5;7
8274;0.4511;22.0;43.3;52.5;7
8275;0.4537;22.0;43.2;52.4;7
8276;0.4489;22.0;43.2;52.4;7
8277;0.449;22.0;43.2;52.4;7
8278;0.4482;22.0;43.2;52.4;7
8279;0.4462;22.1;43.2;52.3;7
8280;0.4464;22.0;43.2;52.3;7
8281;0.4481;22.0;43.2;52.3;7
8282;0.4467;22.0;43.2;52.2;7
8283;0.4494;22.0;43.2;52.1;7
8284;0.4485;22.0;43.2;52.0;7
8285;0.448;22.0;43.3;52.0;7
8286;0.448;22.0;43.3;52.0;7
8287;0.4483;22.0;43.3;52.0;7
8288;0.4481;22.0;43.2;52.0;7
8289;0.4494;22.0;43.3;52.0;7
8290;0.4498;22.0;43.2;52.0;7
8291;0.4486;22.0;43.1;52.0;7
8292;0.4467;22.0;43.1;52.0;7
8293;0.4484;22.0;43.1;52.0;7
8294;0.4473;22.0;43.1;52.0;7
8295;0.4457;21.9;43.2;51.9;7
8296;0.4445;21.9;43.1;51.9;7
8297;0.4437;21.9;43.1;51.9;7
8298;0.4446;21.9;43.1;51.9;7
8299;0.4443;21.9;43.1;51.8;7
8300;0.4431;21.9;43.2;51.9;7
8301;0.445;21.9;43.1;51.9;7
8302;0.443;21.9;43.1;51.8;7
8303;0.443;21.9;43.1;51.9;7
8304;0.4427;21.9;43.1;51.8;7
8305;0.4425;21.9;43.0;51.6;7
8306;0.441;21.9;43.0;51.9;7
8307;0.4416;21.9;43.0;51.5;7
8308;0.4422;21.9;43.0;51.5;7
8309;0.4409;21.9;42.9;51.6;7
8310;0.443;21.9;42.9;51.6;7
8311;0.4437;21.8;42.8;51.6;7
8312;0.4446;21.7;42.8;51.5;7
8313;0.4424;21.8;42.8;51.6;7
8314;0.4404;21.8;42.8;51.5;7
8315;0.4396;21.8;42.8;51.5;7
8316;0.4387;21.8;42.8;51.4;7
8317;0.4383;21.8;42.8;51.4;7
8318;0.4369;21.8;42.7;51.3;7
8319;0.4406;21.7;42.5;51.3;7
8320;0.4359;21.7;42.6;51.3;7
8321;0.4375;21.6;42.6;51.3;7
8322;0.4386;21.7;42.6;51.2;7
8323;0.4376;21.7;42.6;51.2;7
8324;0.4358;21.6;42.6;51.3;7
8325;0.4379;21.5;42.4;51.2;7
8326;0.4339;21.5;42.4;51.1;7
8327;0.4332;21.5;42.3;51.1;7
8328;0.4343;21.6;42.3;51.1;7
8329;0.4374;21.6;42.1;51.0;7
8330;0.4372;21.5;42.2;51.0;7
8331;0.4407;21.4;42.0;51.0;7
8332;0.4395;21.4;42.0;51.0;7
8333;0.439;21.4;42.1;51.0;7
8334;0.4394;21.3;42.0;51.0;7
8335;0.4394;21.3;42.0;51.0;7
8336;0.4406;21.3;42.1;51.0;7
8337;0.4393;21.3;42.0;51.0;7
8338;0.4396;21.4;42.0;50.9;7
8339;0.4387;21.3;42.0;50.9;7
8340;0.4391;21.3;42.1;50.9;7
8341;0.4397;21.2;42.1;50.9;7
8342;0.4388;21.2;42.1;50.9;7
8343;0.4367;21.2;41.9;50.9;7
8344;0.4398;21.2;41.9;50.9;7
8345;0.435;21.2;41.9;50.9;7
8346;0.437;21.1;41.9;50.8;7
8347;0.4355;21.1;41.8;50.8;7
8348;0.4375;21.1;41.8;50.8;7
8349;0.4363;21.0;41.8;50.7;7
8350;0.4355;20.9;41.8;50.8;7
8351;0.436;20.9;41.7;50.7;7
8352;0.4357;20.8;41.7;50.7;7
8353;0.4382;20.8;41.7;50.7;7
8354;0.4371;20.8;41.6;50.7;7
8355;0.4326;20.8;41.6;50.7;7
8356;0.4328;20.8;41.6;50.7;7
8357;0.4333;20.7;41.6;50.6;7
8358;0.4313;20.7;41.5;50.6;7
8359;0.4315;20.7;41.4;50.6;7
8360;0.4319;20.6;41.4;50.5;7
8361;0.4301;20.6;41.5;50.5;7
8362;0.4315;20.6;41.4;50.5;7
8363;0.4307;20.6;41.4;50.5;7
8364;0.4267;20.5;41.3;50.4;7
8365;0.4306;20.5;41.3;50.4;7
8366;0.4303;20.5;41.3;50.4;7
8367;0.4308;20.4;41.3;50.4;7
8368;0.4317;20.4;41.3;50.4;7
8369;0.4353;20.4;41.3;50.4;7
8370;0.4347;20.4;41.2;50.4;7
8371;0.4347;20.3;41.3;50.4;7
8372;0.4338;20.3;41.3;50.4;7
8373;0.4336;20.3;41.3;50.4;7
8374;0.4335;20.2;41.3;50.4;7
8375;0.4321;20.2;41.2;50.4;7
8376;0.4311;20.1;41.1;50.4;7
8377;0.4308;20.1;41.1;50.3;7
8378;0.4312;20.2;41.1;50.3;7
8379;0.4324;20.1;41.1;50.3;7
8380;0.4313;20.0;41.1;50.3;7
8381;0.4332;20.0;41.0;50.3;7
8382;0.4345;20.0;41.0;50.3;7
8383;0.4348;19.9;41.0;50.3;7
8384;0.4342;19.9;41.0;50.4;7
8385;0.435;19.8;41.0;50.4;7
8386;0.4314;19.9;40.9;50.3;7
8387;0.4351;19.9;40.9;50.4;7
8388;0.4342;19.8;40.9;50.3;7
8389;0.436;19.8;40.9;50.4;7
8390;0.4373;19.8;40.9;50.3;7
8391;0.438;19.6;40.9;50.3;7
8392;0.4377;19.6;40.8;50.3;7
8393;0.4387;19.7;40.8;50.3;7
8394;0.4368;19.6;40.7;50.3;7
8395;0.4355;19.5;40.7;50.3;7
8396;0.435;19.5;40.7;50.4;7
8397;0.4369;19.6;40.8;50.4;7
8398;0.437;19.5;40.7;50.4;7
8399;0.4374;19.4;40.6;50.4;7
8400;0.4368;19.4;40.6;50.3;7
8401;0.4361;19.4;40.6;50.3;7
8402;0.4376;19.4;40.6;50.3;7
8403;0.4382;19.3;40.6;50.3;7
8404;0.4378;19.3;40.7;50.3;7
8405;0.4374;19.3;40.6;50.3;7
8406;0.4375;19.3;40.6;50.3;7
8407;0.4351;19.3;40.5;50.3;7
8408;0.4371;19.3;40.5;50.3;7
8409;0.4381;19.2;40.5;50.2;7
8410;0.4403;19.2;40.5;50.2;7
8411;0.4376;19.1;40.4;50.2;7
8412;0.4387;19.2;40.4;50.3;7
8413;0.4377;19.2;40.3;50.2;7
8414;0.4389;19.2;40.4;50.2;7
8415;0.4392;19.2;40.4;50.2;7
8416;0.4379;19.2;40.4;50.2;7
8417;0.435;19.1;40.4;50.2;7
8418;0.4358;19.0;40.3;50.1;7
8419;0.4357;19.1;40.2;50.1;7
8420;0.432;19.1;40.2;50.1;7
8421;0.4313;19.0;40.2;50.1;7
8422;0.4283;19.0;40.3;50.0;7
8423;0.4267;19.0;40.3;49.9;7
8424;0.4262;19.0;40.3;49.9;7
8425;0.4246;18.8;40.1;49.8;7
8426;0.4222;18.8;40.1;49.8;7
8427;0.4227;18.8;40.1;49.7;7
8428;0.4249;18.7;40.1;49.7;7
8429;0.4238;18.7;40.1;49.7;7
8430;0.4201;18.7;40.1;49.6;7
8431;0.4239;18.6;40.0;49.5;7
8432;0.4211;18.6;40.0;49.5;7
8433;0.4199;18.6;40.0;49.4;7
8434;0.4217;18.5;40.0;49.4;7
8435;0.4191;18.5;39.9;49.4;7
8436;0.4214;18.4;39.9;49.4;7
8437;0.4204;18.4;39.9;49.3;7
8438;0.4193;18.3;39.9;49.2;7
8439;0.4196;18.3;39.9;49.2;7
8440;0.4186;18.3;39.9;49.2;7
8441;0.417;18.2;39.8;49.2;7
8442;0.4199;18.2;39.7;49.1;7
8443;0.4195;18.2;39.7;49.1;7
8444;0.4203;18.3;39.7;49.0;7
8445;0.4178;18.3;39.7;49.0;7
8446;0.4197;18.2;39.7;49.0;7
8447;0.4196;18.2;39.6;48.9;7
8448;0.4207;18.1;39.6;48.9;7
8449;0.4201;18.1;39.6;48.9;7
8450;0.4204;18.1;39.6;48.8;7
8451;0.4165;18.0;39.6;48.8;7
8452;0.4176;18.0;39.6;48.8;7
8453;0.4188;18.0;39.5;48.8;7
8454;0.4172;18.0;39.5;48.7;7
8455;0.4174;18.0;39.5;48.5;7
8456;0.415;17.9;39.5;48.7;7
8457;0.4139;17.8;39.4;48.6;7
8458;0.4155;17.9;39.4;48.4;7
8459;0.4134;17.9;39.4;48.3;7
8460;0.4123;17.8;39.4;48.3;7
8461;0.4133;17.7;39.4;48.3;7
8462;0.4119;17.7;39.3;48.3;7
8463;0.4096;17.6;39.3;48.2;7
8464;0.4111;17.6;39.3;48.1;7
8465;0.4101;17.6;39.2;48.1;7
8466;0.4107;17.7;39.1;48.1;7
8467;0.4089;17.6;39.1;48.0;7
8468;0.4076;17.5;39.2;48.0;7
8469;0.4081;17.5;39.2;47.9;7
8470;0.4069;17.5;39.1;47.9;7
8471;0.4067;17.5;39.1;47.8;7
8472;0.4066;17.5;39.1;47.8;7
8473;0.4088;17.6;39.0;47.7;7
8474;0.4088;17.7;39.1;47.7;7
8475;0.4059;17.6;39.1;47.7;7
8476;0.4067;17.6;39.1;47.6;7
8477;0.4059;17.8;39.0;47.6;7
8478;0.405;17.8;39.0;47.6;7
8479;0.4062;17.7;39.0;47.6;7
8480;0.4066;17.7;39.0;47.6;7
8481;0.4026;17.7;38.9;47.5;7
8482;0.402;17.7;38.9;47.5;7
8483;0.4014;17.7;38.9;47.4;7
8484;0.4006;17.7;38.9;47.4;7
8485;0.4;17.7;38.9;47.3;7
8486;0.4002;17.7;38.9;47.3;7
8487;0.3992;17.7;38.8;47.2;7
8488;0.3985;17.7;38.8;47.2;7
8489;0.4009;17.7;38.8;47.2;7
8490;0.4009;17.7;38.6;47.2;7
8491;0.3989;17.7;38.6;47.1;7
8492;0.3974;17.7;38.7;47.0;7
8493;0.3986;17.8;38.6;47.0;7
8494;0.3969;17.7;38.5;47.0;7
8495;0.3977;17.7;38.6;47.0;7
8496;0.3959;17.7;38.6;46.9;7
8497;0.3967;17.6;38.5;46.9;7
8498;0.3969;17.6;38.4;46.9;7
8499;0.3953;17.6;38.4;46.9;7
8500;0.3975;17.6;38.4;46.8;7
8501;0.3939;17.5;38.4;46.8;7
8502;0.394;17.5;38.4;46.7;7
8503;0.392;17.5;38.4;46.7;7
8504;0.3916;17.4;38.4;46.6;7
8505;0.3918;17.2;38.3;46.5;7
8506;0.392;17.4;38.4;46.6;7
8507;0.3913;17.3;38.2;46.5;7
8508;0.3935;17.4;38.4;46.6;7
8509;0.389;17.2;38.2;46.4;7
8510;0.3919;17.4;38.3;46.5;7
8511;0.3919;17.2;38.2;46.4;7
8512;0.3885;17.2;38.2;46.3;7
8513;0.3883;17.1;38.1;46.3;7
8514;0.3887;17.1;38.2;46.3;7
8515;0.3897;17.1;38.2;46.2;7
8516;0.3903;17.1;38.2;46.2;7
8517;0.3885;17.1;38.2;46.1;7
8518;0.3897;17.1;38.1;46.1;7
8519;0.3887;17.2;38.1;46.0;7
8520;0.3858;17.1;38.1;46.0;7
8521;0.3868;17.1;38.1;45.9;7
8522;0.3854;17.2;38.1;45.9;7
8523;0.3884;17.2;37.9;45.9;7
8524;0.3872;17.2;37.9;45.8;7
8525;0.3868;17.1;37.9;45.8;7
8526;0.3835;17.1;37.9;45.8;7
8527;0.3838;17.1;37.9;45.7;7
8528;0.3813;17.0;37.8;45.6;7
8529;0.3796;17.0;37.8;45.5;7
8530;0.3822;17.0;37.8;45.5;7
8531;0.3823;17.0;37.7;45.5;7
8532;0.3797;17.0;37.7;45.4;7
8533;0.3802;17.0;37.7;45.4;7
8534;0.3799;16.9;37.5;45.3;7
8535;0.3812;16.9;37.6;45.3;7
8536;0.3803;16.9;37.5;45.2;7
8537;0.3796;16.9;37.5;45.2;7
8538;0.3791;16.8;37.4;45.0;7
8539;0.3787;16.8;37.4;44.9;7
8540;0.3767;16.8;37.4;44.9;7
8541;0.3738;16.7;37.4;45.0;7
8542;0.373;16.7;37.4;44.8;7
8543;0.3711;16.5;37.4;44.8;7
8544;0.3711;16.5;37.4;44.7;7
8545;0.3673;16.6;37.4;44.6;7
8546;0.37;16.6;37.3;44.6;7
8547;0.3682;16.5;37.3;44.5;7
8548;0.3684;16.5;37.3;44.5;7
8549;0.3679;16.4;37.3;44.4;7
8550;0.3686;16.4;37.3;44.5;7
8551;0.3685;16.4;37.2;44.4;7
8552;0.3684;16.4;37.2;44.3;7
8553;0.3656;16.3;37.2;44.3;7
8554;0.3669;16.3;37.2;44.2;7
8555;0.3674;16.3;37.2;44.2;7
8556;0.3681;16.3;37.1;44.1;7
8557;0.3655;16.3;37.1;44.1;7
8558;0.3661;16.3;37.1;44.0;7
8559;0.367;16.2;36.9;44.0;7
8560;0.369;16.2;37.0;44.0;7
8561;0.3702;16.2;36.9;43.9;7
8562;0.3662;16.2;36.8;43.9;7
8563;0.3633;16.2;36.8;43.9;7
8564;0.365;16.0;36.8;43.8;7
8565;0.3675;16.0;36.9;43.7;7
8566;0.3636;16.0;36.8;43.7;7
8567;0.3643;16.1;36.7;43.7;7
8568;0.3632;16.1;36.7;43.6;7
8569;0.3636;16.1;36.7;43.5;7
8570;0.3622;16.1;36.7;43.5;7
8571;0.3611;16.0;36.6;43.4;7
8572;0.3584;16.0;36.6;43.4;7
8573;0.3589;16.0;36.6;43.3;7
8574;0.359;16.0;36.5;43.3;7
8575;0.3586;15.9;36.5;43.2;7
8576;0.3579;15.8;36.5;43.2;7
8577;0.3575;15.8;36.5;43.1;7
8578;0.3577;15.8;36.5;43.1;7
8579;0.3584;15.8;36.5;43.1;7
8580;0.3581;15.7;36.3;43.1;7
8581;0.3581;15.6;36.3;43.0;7
8582;0.3574;15.7;36.3;43.0;7
8583;0.3576;15.7;36.3;42.9;7
8584;0.3579;15.7;36.2;42.9;7
8585;0.3603;15.7;36.2;42.6;7
8586;0.3585;15.7;36.3;42.6;7
8587;0.3595;15.7;36.1;42.8;7
8588;0.358;15.7;36.1;42.5;7
8589;0.358;15.7;36.1;42.4;7
8590;0.3577;15.7;36.0;42.4;7
8591;0.3581;15.7;36.0;42.4;7
8592;0.3572;15.6;36.0;42.3;7
8593;0.3556;15.6;35.9;42.3;7
8594;0.3553;15.6;35.9;42.3;7
8595;0.3551;15.6;35.9;42.2;7
8596;0.3568;15.5;35.9;42.2;7
8597;0.3542;15.6;35.9;42.1;7
8598;0.356;15.5;35.8;42.1;7
8599;0.3543;15.6;35.7;42.1;7
8600;0.3526;15.6;35.7;42.0;7
8601;0.3523;15.5;35.7;42.0;7
8602;0.3537;15.4;35.6;41.9;7
8603;0.3534;15.4;35.6;41.9;7
8604;0.3525;15.4;35.6;41.9;7
8605;0.3518;15.4;35.6;41.8;7
8606;0.3508;15.4;35.6;41.8;7
8607;0.3491;15.3;35.6;41.7;7
8608;0.3488;15.3;35.5;41.7;7
8609;0.3505;15.3;35.5;41.6;7
8610;0.3478;15.3;35.5;41.6;7
8611;0.3481;15.3;35.5;41.6;7
8612;0.3482;15.3;35.5;41.5;7
8613;0.3496;15.3;35.5;41.4;7
8614;0.3493;15.3;35.5;41.4;7
8615;0.3508;15.3;35.4;41.4;7
8616;0.3501;15.3;35.4;41.4;7
8617;0.3504;15.3;35.4;41.3;7
8618;0.3492;15.3;35.4;41.3;7
8619;0.3487;15.3;35.4;41.2;7
8620;0.3482;15.2;35.4;41.2;7
8621;0.3502;15.2;35.3;41.2;7
8622;0.3489;15.2;35.3;41.1;7
8623;0.3486;15.2;35.3;41.1;7
8624;0.3467;15.1;35.3;41.1;7
8625;0.3484;15.1;35.3;41.0;7
8626;0.346;15.0;35.2;41.0;7
8627;0.3457;14.9;35.1;40.9;7
8628;0.3467;14.8;35.1;40.9;7
8629;0.3469;14.8;35.2;40.8;7
8630;0.348;14.7;35.1;40.8;7
8631;0.3492;14.6;35.0;40.7;7
8632;0.347;14.6;35.0;40.7;7
8633;0.3477;14.6;35.0;40.7;7
8634;0.3477;14.5;35.0;40.7;7
8635;0.346;14.4;34.9;40.6;7
8636;0.3492;14.5;34.9;40.6;7
8637;0.3474;14.4;34.9;40.6;7
8638;0.348;14.4;34.9;40.5;7
8639;0.3473;14.4;34.9;40.5;7
8640;0.3487;14.3;34.7;40.4;7
8641;0.3468;14.3;34.7;40.4;7
8642;0.346;14.2;34.7;40.2;7
8643;0.3483;14.2;34.8;40.4;7
8644;0.3439;14.2;34.8;40.3;7
8645;0.3455;14.0;34.6;40.3;7
8646;0.3441;14.1;34.7;40.2;7
8647;0.3436;13.9;34.6;39.9;7
8648;0.3461;13.9;34.5;40.1;7
8649;0.3427;13.9;34.5;40.1;7
8650;0.3433;14.0;34.5;39.8;7
8651;0.342;14.0;34.5;39.8;7
8652;0.3415;13.8;34.5;39.8;7
8653;0.3436;13.8;34.4;39.8;7
8654;0.3416;13.9;34.4;39.7;7
8655;0.3423;13.8;34.4;39.6;7
8656;0.3424;13.8;34.4;39.6;7
8657;0.343;13.8;34.4;39.6;7
8658;0.3415;13.8;34.3;39.5;7
8659;0.34;13.8;34.3;39.5;7
8660;0.3421;13.8;34.3;39.5;7
8661;0.3429;13.8;34.3;39.4;7
8662;0.3388;13.9;34.2;39.4;7
8663;0.3395;13.8;34.2;39.4;7
8664;0.3388;13.9;34.2;39.3;7
8665;0.3392;13.9;34.2;39.3;7
8666;0.339;13.9;34.2;39.3;7
8667;0.3405;14.0;34.2;39.1;7
8668;0.3388;14.0;34.2;39.2;7
8669;0.3374;14.1;34.1;39.1;7
8670;0.336;14.1;34.1;39.1;7
8671;0.3369;14.1;34.1;39.0;7
8672;0.3344;14.1;34.0;39.0;7
8673;0.3337;14.1;34.1;39.0;7
8674;0.3322;14.0;34.0;38.9;7
8675;0.3343;14.1;34.0;38.9;7
8676;0.3342;14.0;33.9;38.9;7
8677;0.3328;14.0;33.9;38.8;7
8678;0.3335;14.0;33.9;38.8;7
8679;0.3341;14.0;33.9;38.8;7
8680;0.3356;14.0;33.8;38.8;7
8681;0.3369;14.1;33.8;38.7;7
8682;0.3353;13.9;33.8;38.7;7
8683;0.3361;13.9;33.8;38.7;7
8684;0.3364;13.7;33.8;38.7;7
8685;0.3354;13.8;33.8;38.6;7
8686;0.3363;13.7;33.7;38.6;7
8687;0.3375;13.6;33.7;38.6;7
8688;0.3376;13.7;33.7;38.6;7
8689;0.3356;13.7;33.7;38.5;7
8690;0.3345;13.6;33.7;38.5;7
8691;0.3361;13.6;33.6;38.5;7
8692;0.3347;13.6;33.5;38.5;7
8693;0.3374;13.6;33.6;38.4;7
8694;0.3362;13.7;33.6;38.4;7
8695;0.3354;13.7;33.5;38.4;7
8696;0.3351;13.6;33.5;38.4;7
8697;0.3368;13.6;33.4;38.4;7
8698;0.3365;13.7;33.4;38.3;7
8699;0.3371;13.6;33.4;38.3;7
8700;0.3362;13.6;33.4;38.3;7
8701;0.3368;13.6;33.4;38.2;7
8702;0.3356;13.7;33.4;38.2;7
8703;0.336;13.7;33.3;38.2;7
8704;0.3353;13.8;33.3;38.2;7
8705;0.3367;13.7;33.3;38.2;7
8706;0.3357;13.7;33.2;38.1;7
8707;0.3363;13.7;33.2;38.1;7
8708;0.3353;13.8;33.1;38.1;7
8709;0.3351;13.8;33.2;38.1;7
8710;0.3335;13.8;33.2;38.1;7
8711;0.3349;13.7;33.2;38.1;7
8712;0.3342;13.7;33.2;38.0;7
8713;0.3329;13.6;33.1;38.0;7
8714;0.3352;13.6;33.0;37.9;7
8715;0.3337;13.5;33.1;37.9;7
8716;0.3331;13.5;33.0;37.9;7
8717;0.335;13.4;32.9;37.9;7
8718;0.3351;13.4;33.0;37.8;7
8719;0.3361;13.3;33.0;37.8;7
8720;0.3363;13.3;33.0;37.8;7
8721;0.3378;13.3;33.0;37.8;7
8722;0.3348;13.3;32.9;37.8;7
8723;0.3334;13.3;32.9;37.8;7
8724;0.3323;13.2;32.8;37.7;7
8725;0.3297;13.3;32.8;37.7;7
8726;0.3301;13.3;32.8;37.6;7
8727;0.3307;13.3;32.8;37.6;7
8728;0.3318;13.3;32.8;37.5;7
8729;0.3316;13.2;32.9;37.5;7
8730;0.333;13.2;32.8;37.5;7
8731;0.3318;13.2;32.7;37.5;7
8732;0.3321;13.2;32.7;37.5;7
8733;0.3324;13.1;32.7;37.5;7
8734;0.3302;13.0;32.7;37.4;7
8735;0.3306;13.0;32.7;37.4;7
8736;0.3298;13.0;32.7;37.4;7
8737;0.3301;13.0;32.7;37.3;7
8738;0.3293;12.9;32.7;37.3;7
8739;0.3285;12.9;32.6;37.3;7
8740;0.3303;12.9;32.5;37.3;7
8741;0.3293;12.8;32.5;37.3;7
8742;0.3294;12.8;32.5;37.2;7
8743;0.3326;12.8;32.6;37.3;7
8744;0.3319;12.8;32.6;37.2;7
8745;0.3323;12.7;32.5;37.2;7
8746;0.3319;12.6;32.5;37.2;7
8747;0.3302;12.5;32.4;37.1;7
8748;0.3299;12.6;32.4;37.1;7
8749;0.3309;12.5;32.4;37.1;7
8750;0.3311;12.3;32.4;37.1;7
8751;0.3291;12.4;32.3;37.1;7
8752;0.33;12.4;32.3;37.0;7
8753;0.3302;12.4;32.3;37.0;7
8754;0.3275;12.4;32.3;37.0;7
8755;0.3274;12.2;32.2;36.9;7
8756;0.329;12.3;32.2;37.0;7
8757;0.3305;12.3;32.2;36.9;7
8758;0.3275;12.3;32.2;36.9;7
8759;0.3261;12.2;32.2;36.8;7
8760;0.3259;12.2;32.2;36.8;7
8761;0.3266;12.3;32.1;36.7;7
8762;0.3262;12.2;32.1;36.8;7
8763;0.3291;12.3;32.1;36.7;7
8764;0.329;12.3;32.1;36.7;7
8765;0.3294;12.4;32.1;36.7;7
8766;0.3279;12.4;32.1;36.7;7
8767;0.3291;12.4;32.2;36.7;7
8768;0.3285;12.3;32.1;36.6;7
8769;0.3303;12.2;32.1;36.6;7
8770;0.3291;12.2;32.0;36.6;7
8771;0.3316;12.2;32.0;36.6;7
8772;0.3284;12.2;32.0;36.6;7
8773;0.3316;12.2;32.0;36.6;7
8774;0.331;12.2;32.0;36.6;7
8775;0.3329;12.3;32.0;36.6;7
8776;0.3318;12.2;32.0;36.5;7
8777;0.3349;12.3;32.0;36.6;7
8778;0.3318;12.2;31.9;36.4;7
8779;0.3314;12.2;31.8;36.6;7
8780;0.3321;12.1;31.9;36.5;7
8781;0.3333;12.1;31.9;36.6;7
8782;0.335;12.1;31.8;36.6;7
8783;0.3322;12.1;31.8;36.4;7
8784;0.3315;12.2;31.8;36.6;7
8785;0.3325;12.1;31.7;36.4;7
8786;0.3322;12.1;31.7;36.5;7
8787;0.3305;12.1;31.7;36.3;7
8788;0.3305;12.1;31.7;36.5;7
8789;0.3303;12.1;31.7;36.3;7
8790;0.3301;12.1;31.7;36.3;7
8791;0.3282;12.2;31.7;36.3;7
8792;0.3294;12.3;31.7;36.3;7
8793;0.3286;12.2;31.6;36.2;7
8794;0.3298;12.2;31.6;36.2;7
8795;0.3297;12.2;31.6;36.2;7
8796;0.3293;12.3;31.6;36.2;7
8797;0.3288;12.4;31.6;36.1;7
8798;0.3271;12.3;31.6;36.1;7
8799;0.3262;12.4;31.6;36.1;7
8800;0.3283;12.4;31.5;36.1;7
8801;0.3293;12.5;31.5;36.1;7
8802;0.3259;12.4;31.5;36.1;7
8803;0.3258;12.4;31.5;36.1;7
8804;0.3247;12.4;31.5;36.0;7
8805;0.3257;12.7;31.5;35.9;7
8806;0.3262;12.6;31.5;36.0;7
8807;0.3268;12.7;31.5;35.9;7
8808;0.3259;12.6;31.5;36.0;7
8809;0.3287;12.7;31.5;35.9;7
8810;0.3271;12.6;31.5;36.0;7
8811;0.3271;12.6;31.5;35.9;7
8812;0.3277;12.6;31.5;35.9;7
8813;0.3277;12.6;31.5;35.9;7
8814;0.3311;12.6;31.5;35.9;7
8815;0.3298;12.4;31.4;35.9;7
8816;0.3298;12.5;31.4;35.9;7
8817;0.3291;12.4;31.4;35.8;7
8818;0.3298;12.4;31.3;35.9;7
8819;0.3296;12.2;31.3;35.8;7
8820;0.3294;12.2;31.4;35.8;7
8821;0.3263;12.1;31.4;35.8;7
8822;0.3252;12.1;31.3;35.8;7
8823;0.324;12.1;31.2;35.8;7
8824;0.3225;12.0;31.2;35.7;7
8825;0.3237;12.0;31.2;35.7;7
8826;0.3218;12.0;31.2;35.7;7
8827;0.3233;12.0;31.2;35.7;7
8828;0.3223;12.0;31.2;35.6;7
8829;0.3236;12.0;31.2;35.6;7
8830;0.3211;12.0;31.2;35.6;7
8831;0.323;12.0;31.3;35.5;7
8832;0.3242;12.0;31.3;35.5;7
8833;0.3251;12.0;31.2;35.5;7
8834;0.3217;12.0;31.2;35.5;7
8835;0.3237;12.0;31.2;35.5;7
8836;0.3268;12.0;31.2;35.4;7
8837;0.3257;12.0;31.2;35.5;7
8838;0.3268;11.9;31.2;35.5;7
8839;0.324;11.9;31.2;35.5;7
8840;0.3282;11.9;31.2;35.4;7
8841;0.3305;12.0;31.2;35.5;7
8842;0.3327;12.0;31.2;35.4;7
8843;0.3298;12.0;31.2;35.5;7
8844;0.3316;12.0;31.2;35.5;7
8845;0.3323;12.0;31.1;35.5;7
8846;0.3344;12.0;31.1;35.5;7
8847;0.3371;12.0;31.1;35.5;7
8848;0.3367;12.0;31.1;35.5;7
8849;0.3345;12.0;31.1;35.5;7
8850;0.3319;11.9;31.1;35.5;7
8851;0.3345;11.8;31.1;35.5;7
8852;0.3339;11.9;31.1;35.5;7
8853;0.3326;11.7;31.1;35.5;7
8854;0.3334;11.7;31.1;35.5;7
8855;0.3345;11.7;31.1;35.5;7
8856;0.3344;11.7;31.1;35.5;7
8857;0.3324;11.7;31.0;35.5;7
8858;0.3313;11.7;30.9;35.5;7
8859;0.3315;11.7;30.9;35.5;7
8860;0.3332;11.7;30.9;35.5;7
8861;0.3319;11.7;31.0;35.5;7
8862;0.3337;11.8;31.0;35.4;7
8863;0.3309;11.8;31.0;35.5;7
8864;0.3318;11.7;31.0;35.5;7
8865;0.3311;11.7;30.9;35.4;7
8866;0.3332;11.7;30.9;35.4;7
8867;0.3319;11.7;30.8;35.4;7
8868;0.3321;11.7;30.9;35.4;7
8869;0.3318;11.6;30.8;35.4;7
8870;0.3324;11.7;30.8;35.4;7
8871;0.3367;11.7;30.8;35.4;7
8872;0.3347;11.7;30.8;35.4;7
8873;0.3336;11.7;30.8;35.4;7
8874;0.3337;11.7;30.7;35.4;7
8875;0.3336;11.7;30.7;35.4;7
8876;0.3332;11.7;30.7;35.4;7
8877;0.3312;11.7;30.6;35.4;7
8878;0.3306;11.7;30.7;35.4;7
8879;0.3325;11.7;30.7;35.4;7
8880;0.3326;11.7;30.7;35.4;7
8881;0.3319;11.7;30.7;35.4;7
8882;0.3315;11.7;30.6;35.3;7
8883;0.3314;11.7;30.7;35.3;7
8884;0.3316;11.7;30.6;35.3;7
8885;0.3306;11.7;30.7;35.3;7
8886;0.3277;11.7;30.6;35.3;7
8887;0.3316;11.7;30.7;35.3;7
8888;0.3313;11.7;30.6;35.3;7
8889;0.33;11.8;30.6;35.3;7
8890;0.3301;11.8;30.6;35.3;7
8891;0.3292;11.8;30.6;35.3;7
8892;0.3296;11.8;30.6;35.2;7
8893;0.3284;11.8;30.6;35.3;7
8894;0.3288;11.8;30.5;35.3;7
8895;0.3311;11.8;30.4;35.2;7
8896;0.3318;11.8;30.4;35.2;7
8897;0.3326;11.8;30.4;35.2;7
8898;0.3305;11.9;30.4;35.2;7
8899;0.3324;11.9;30.4;35.2;7
8900;0.334;11.9;30.5;35.2;7
8901;0.3352;11.9;30.5;35.2;7
8902;0.3372;12.0;30.4;35.2;7
8903;0.3367;12.0;30.4;35.2;7
8904;0.3354;12.0;30.4;35.2;7
8905;0.3356;11.9;30.4;35.2;7
8906;0.3361;11.9;30.4;35.2;7
8907;0.3382;12.0;30.4;35.2;7
8908;0.3395;11.9;30.4;35.3;7
8909;0.3386;11.9;30.4;35.3;7
8910;0.3382;11.9;30.3;35.3;7
8911;0.3424;11.8;30.3;35.3;7
8912;0.3431;11.8;30.4;35.3;7
8913;0.3418;11.8;30.4;35.3;7
8914;0.341;11.8;30.3;35.3;7
8915;0.3392;11.8;30.3;35.3;7
8916;0.3426;11.8;30.2;35.3;7
8917;0.3397;11.8;30.2;35.4;7
8918;0.3414;11.8;30.2;35.3;7
8919;0.3406;11.8;30.1;35.4;7
8920;0.3404;11.8;30.2;35.3;7
8921;0.3403;11.8;30.2;35.4;7
8922;0.339;11.8;30.2;35.4;7
8923;0.3407;11.8;30.2;35.3;7
8924;0.341;11.8;30.2;35.3;7
8925;0.3381;11.8;30.2;35.3;7
8926;0.341;11.8;30.2;35.3;7
8927;0.34;11.8;30.3;35.3;7
8928;0.3383;11.8;30.2;35.3;7
8929;0.3374;11.8;30.2;35.3;7
8930;0.3396;11.8;30.2;35.3;7
8931;0.3393;11.8;30.2;35.3;7
8932;0.3395;11.9;30.2;35.3;7
8933;0.3407;11.9;30.1;35.3;7
8934;0.3408;11.9;30.1;35.3;7
8935;0.3408;11.9;30.1;35.3;7
8936;0.3428;11.9;30.1;35.3;7
8937;0.3424;11.8;30.0;35.3;7
8938;0.3399;11.9;30.1;35.3;7
8939;0.3401;11.9;30.1;35.3;7
8940;0.339;11.8;30.0;35.3;7
8941;0.3399;11.8;30.1;35.3;7
8942;0.3394;11.8;30.1;35.3;7
8943;0.339;11.8;30.1;35.3;7
8944;0.3382;11.8;30.1;35.3;7
8945;0.3398;11.8;30.1;35.3;7
8946;0.3409;11.9;30.2;35.3;7
8947;0.341;12.0;30.2;35.3;7
8948;0.3413;11.9;30.2;35.3;7
8949;0.3423;11.9;30.2;35.3;7
8950;0.3406;12.0;30.2;35.3;7
8951;0.3449;12.0;30.1;35.3;7
8952;0.3449;11.9;30.1;35.3;7
8953;0.3434;11.9;30.1;35.3;7
8954;0.3448;12.0;30.1;35.3;7
8955;0.3427;12.1;30.1;35.4;7
8956;0.3457;12.1;30.1;35.3;7
8957;0.3457;12.1;30.1;35.3;7
8958;0.3454;12.1;30.1;35.4;7
8959;0.3464;12.0;30.0;35.4;7
8960;0.3495;12.0;30.0;35.4;7
8961;0.354;12.0;30.1;35.4;7
8962;0.3535;12.0;30.1;35.5;7
8963;0.3558;12.0;30.0;35.5;7
8964;0.3596;12.1;30.1;35.6;7
8965;0.3595;12.0;30.2;35.6;7
8966;0.3613;12.1;30.2;35.7;7
8967;0.3636;12.0;30.3;35.7;7
8968;0.3647;12.0;30.2;35.8;7
8969;0.3614;12.0;30.3;35.9;7
8970;0.3626;12.0;30.3;35.9;7
8971;0.3644;12.1;30.2;35.9;7
8972;0.3643;12.0;30.3;35.9;7
8973;0.3663;12.0;30.2;35.9;7
8974;0.3657;12.1;30.2;36.0;7
8975;0.3643;12.1;30.2;36.0;7
8976;0.3667;12.1;30.2;36.0;7
8977;0.3688;12.0;30.2;36.1;7
8978;0.3658;12.0;30.2;36.1;7
8979;0.3678;12.1;30.1;36.2;7
8980;0.3666;12.1;30.1;36.2;7
8981;0.3681;12.0;30.1;36.2;7
8982;0.3706;12.0;30.1;36.2;7
8983;0.3713;12.0;30.1;36.3;7
8984;0.3742;12.0;30.0;36.3;7
8985;0.3737;12.0;30.0;36.5;7
8986;0.3705;12.0;30.0;36.4;7
8987;0.3728;12.0;30.0;36.6;7
8988;0.3746;12.0;30.0;36.7;7
8989;0.376;12.0;30.0;36.7;7
8990;0.3785;12.0;30.1;36.7;7
8991;0.3786;12.0;30.1;36.8;7
8992;0.3822;12.1;30.1;36.8;7
8993;0.3805;12.0;30.1;36.9;7
8994;0.3828;12.1;30.2;36.9;7
8995;0.3826;12.1;30.1;36.9;7
8996;0.3823;12.0;30.1;37.0;7
8997;0.3835;12.0;30.1;37.1;7
8998;0.3831;12.0;30.1;37.1;7
8999;0.3829;12.1;30.1;37.1;7
9000;0.3848;12.0;30.1;37.1;7
9001;0.3884;12.1;30.1;37.2;7
9002;0.3852;12.0;30.1;37.2;7
9003;0.3864;12.1;30.1;37.2;7
9004;0.3889;12.1;30.2;37.3;7
9005;0.3889;12.2;30.2;37.3;7
9006;0.3895;12.2;30.2;37.4;7
9007;0.3898;12.1;30.2;37.4;7
9008;0.3914;12.1;30.2;37.5;7
9009;0.3923;12.1;30.2;37.5;7
9010;0.3907;12.1;30.1;37.5;7
9011;0.3925;12.1;30.1;37.6;7
9012;0.3933;12.1;30.2;37.6;7
9013;0.3952;12.2;30.3;37.7;7
9014;0.3965;12.3;30.3;37.7;7
9015;0.3963;12.3;30.4;37.8;7
9016;0.3995;12.3;30.3;37.7;7
9017;0.3989;12.3;30.3;37.9;7
9018;0.4005;12.4;30.3;37.9;7
9019;0.4004;12.4;30.3;38.0;7
9020;0.3985;12.4;30.5;38.0;7
9021;0.404;12.4;30.5;38.0;7
9022;0.4063;12.5;30.5;38.0;7
9023;0.4065;12.5;30.4;38.1;7
9024;0.4072;12.6;30.4;38.1;7
9025;0.406;12.6;30.4;38.1;7
9026;0.4066;12.6;30.4;38.2;7
9027;0.4097;12.6;30.5;38.2;7
9028;0.4119;12.6;30.6;38.3;7
9029;0.4116;12.7;30.6;38.3;7
9030;0.4097;12.8;30.5;38.4;7
9031;0.4081;12.8;30.6;38.5;7
9032;0.4102;12.8;30.6;38.6;7
9033;0.4146;12.8;30.7;38.6;7
9034;0.4116;12.8;30.7;38.6;7
9035;0.4142;12.8;30.7;38.7;7
9036;0.4182;13.0;30.7;38.7;7
9037;0.4169;13.0;30.7;38.8;7
9038;0.4159;12.9;30.8;38.9;7
9039;0.4159;13.1;30.8;38.9;7
9040;0.4173;13.1;30.8;38.9;7
9041;0.4197;13.1;30.8;39.0;7
9042;0.4195;13.2;30.9;39.0;7
9043;0.4209;13.2;30.9;39.1;7
9044;0.4191;13.3;30.9;39.1;7
9045;0.4195;13.3;30.9;39.1;7
9046;0.4192;13.3;30.9;39.2;7
9047;0.4222;13.4;31.0;39.2;7
9048;0.4256;13.4;31.0;39.2;7
9049;0.4259;13.5;31.0;39.3;7
9050;0.427;13.5;31.0;39.3;7
9051;0.4259;13.6;31.1;39.4;7
9052;0.4249;13.6;31.1;39.4;7
9053;0.4282;13.7;31.2;39.9;7
9054;0.4299;13.6;31.2;39.5;7
9055;0.4282;13.6;31.2;39.5;7
9056;0.4318;13.7;31.2;39.7;7
9057;0.4318;13.7;31.2;40.0;7
9058;0.426;13.7;31.2;39.6;7
9059;0.4327;13.8;31.2;40.0;7
9060;0.4287;13.7;31.2;39.6;7
9061;0.4357;13.8;31.2;40.0;7
9062;0.437;13.9;31.4;40.1;7
9063;0.4365;13.9;31.3;40.1;7
9064;0.4363;13.9;31.3;40.1;7
9065;0.4371;14.0;31.3;40.1;7
9066;0.4354;14.1;31.4;40.2;7
9067;0.4361;14.1;31.5;40.2;7
9068;0.4385;14.1;31.5;40.2;7
9069;0.44;14.1;31.4;40.3;7
9070;0.4383;14.1;31.5;40.4;7
9071;0.4389;14.3;31.6;40.5;7
9072;0.4399;14.3;31.6;40.5;7
9073;0.4379;14.3;31.6;40.6;7
9074;0.4392;14.3;31.6;40.6;7
9075;0.4354;14.4;31.7;40.7;7
9076;0.4369;14.4;31.7;40.7;7
9077;0.4373;14.5;31.7;40.8;7
9078;0.4369;14.6;31.8;40.8;7
9079;0.4392;14.5;31.8;40.8;7
9080;0.4357;14.7;31.8;40.8;7
9081;0.4411;14.7;31.8;40.9;7
9082;0.4449;14.6;31.8;40.9;7
9083;0.4465;14.8;31.9;41.0;7
9084;0.4478;14.8;32.0;41.1;7
9085;0.4487;14.8;32.0;41.1;7
9086;0.4463;14.9;32.1;41.2;7
9087;0.4466;14.8;32.1;41.3;7
9088;0.4466;14.9;32.1;41.3;7
9089;0.4487;15.0;32.2;41.4;7
9090;0.4475;15.0;32.2;41.5;7
9091;0.4435;15.0;32.2;41.5;7
9092;0.4455;15.1;32.2;41.5;7
9093;0.4466;15.2;32.3;41.6;7
9094;0.4444;15.2;32.3;41.6;7
9095;0.444;15.3;32.3;41.6;7
9096;0.4438;15.4;32.3;41.6;7
9097;0.4462;15.3;32.4;41.7;7
9098;0.4479;15.4;32.5;41.7;7
9099;0.4469;15.5;32.6;41.8;7
9100;0.4464;15.7;32.6;41.8;7
9101;0.4456;15.6;32.6;41.9;7
9102;0.448;15.8;32.7;41.9;7
9103;0.4479;15.7;32.7;42.0;7
9104;0.4488;15.8;32.7;42.0;7
9105;0.4486;15.8;32.7;42.1;7
9106;0.4519;15.9;32.8;42.1;7
9107;0.45;15.9;32.8;42.2;7
9108;0.4515;16.0;32.8;42.2;7
9109;0.4524;16.0;32.9;42.3;7
9110;0.4551;15.9;32.9;42.3;7
9111;0.4555;15.9;32.9;42.6;7
9112;0.455;16.0;33.0;42.7;7
9113;0.4542;16.1;33.1;42.5;7
9114;0.4537;16.1;33.0;42.8;7
9115;0.4506;16.1;33.0;42.6;7
9116;0.4497;16.1;33.1;42.9;7
9117;0.4541;16.2;33.2;42.9;7
9118;0.4533;16.2;33.1;43.0;7
9119;0.4539;16.2;33.2;43.0;7
9120;0.4567;16.2;33.3;43.1;7
9121;0.4564;16.4;33.2;43.2;7
9122;0.4551;16.3;33.2;43.1;7
9123;0.4569;16.3;33.4;43.2;7
9124;0.4567;16.4;33.4;43.2;7
9125;0.4563;16.5;33.4;43.3;7
9126;0.4572;16.4;33.5;43.3;7
9127;0.4567;16.6;33.5;43.4;7
9128;0.4563;16.5;33.5;43.4;7
9129;0.4548;16.6;33.5;43.4;7
9130;0.4543;16.7;33.6;43.5;7
9131;0.4545;16.6;33.7;43.5;7
9132;0.4554;16.8;33.6;43.5;7
9133;0.4555;16.8;33.7;43.6;7
9134;0.4534;16.8;33.8;43.6;7
9135;0.4552;16.9;33.8;43.6;7
9136;0.4543;16.9;33.7;43.8;7
9137;0.4555;17.0;33.9;43.7;7
9138;0.4579;17.0;33.9;43.7;7
9139;0.4594;17.0;33.9;43.8;7
9140;0.4577;17.1;33.9;43.8;7
9141;0.461;17.2;34.0;43.9;7
9142;0.4597;17.2;34.0;43.9;7
9143;0.4623;17.2;34.0;43.9;7
9144;0.463;17.2;34.1;44.1;7
9145;0.4622;17.3;34.1;44.1;7
9146;0.4624;17.3;34.1;44.1;7
9147;0.462;17.4;34.2;44.2;7
9148;0.4649;17.4;34.2;44.3;7
9149;0.4652;17.4;34.3;44.3;7
9150;0.4647;17.4;34.3;44.4;7
9151;0.4611;17.5;34.3;44.4;7
9152;0.4625;17.5;34.4;44.4;7
9153;0.4666;17.5;34.4;44.5;7
9154;0.4661;17.6;34.4;44.5;7
9155;0.4676;17.7;34.5;44.6;7
9156;0.4696;17.6;34.5;44.6;7
9157;0.4702;17.6;34.5;44.7;7
9158;0.4684;17.7;34.6;44.8;7
9159;0.4682;17.8;34.6;44.8;7
9160;0.4661;17.7;34.6;44.8;7
9161;0.4679;17.7;34.8;44.8;7
9162;0.4682;17.8;34.7;45.1;7
9163;0.47;17.9;34.7;45.1;7
9164;0.4645;17.9;34.8;45.2;7
9165;0.4679;17.9;34.9;45.2;7
9166;0.4653;17.9;34.8;45.3;7
9167;0.466;18.0;34.9;45.3;7
9168;0.4667;18.0;35.0;45.3;7
9169;0.4675;18.1;34.9;45.3;7
9170;0.4687;18.2;35.0;45.4;7
9171;0.4692;18.1;35.1;45.4;7
9172;0.4689;18.3;35.1;45.5;7
9173;0.4688;18.2;35.0;45.5;7
9174;0.4693;18.3;35.1;45.5;7
9175;0.4691;18.4;35.3;45.6;7
9176;0.4679;18.4;35.2;45.6;7
9177;0.469;18.3;35.2;45.7;7
9178;0.4702;18.5;35.3;45.7;7
9179;0.4678;18.5;35.4;45.8;7
9180;0.4653;18.6;35.3;45.7;7
9181;0.4679;18.7;35.4;45.8;7
9182;0.4667;18.6;35.5;45.9;7
9183;0.4684;18.6;35.4;45.9;7
9184;0.4655;18.8;35.5;45.9;7
9185;0.4685;18.8;35.6;46.0;7
9186;0.4696;18.7;35.6;46.0;7
9187;0.4703;18.9;35.6;46.1;7
9188;0.4709;18.9;35.7;46.1;7
9189;0.4706;18.9;35.7;46.2;7
9190;0.4687;18.9;35.7;46.2;7
9191;0.4679;19.0;35.8;46.2;7
9192;0.467;19.0;35.8;46.3;7
9193;0.4687;19.1;35.8;46.3;7
9194;0.4671;19.1;35.9;46.3;7
9195;0.4691;19.2;36.0;46.4;7
9196;0.4699;19.2;36.0;46.4;7
9197;0.4687;19.3;36.0;46.4;7
9198;0.472;19.3;35.9;46.5;7
9199;0.4725;19.3;36.0;46.5;7
9200;0.4712;19.4;36.1;46.6;7
9201;0.4721;19.4;36.1;46.7;7
9202;0.4727;19.4;36.1;46.7;7
9203;0.4736;19.5;36.2;46.7;7
9204;0.475;19.5;36.2;46.8;7
9205;0.4753;19.5;36.2;46.9;7
9206;0.4714;19.6;36.2;46.9;7
9207;0.4725;19.6;36.3;46.9;7
9208;0.4709;19.8;36.3;46.9;7
9209;0.4718;19.8;36.3;46.9;7
9210;0.4743;19.9;36.4;47.0;7
9211;0.4756;19.9;36.4;47.1;7
9212;0.4739;19.9;36.5;47.1;7
9213;0.4727;20.0;36.6;47.2;7
9214;0.4731;20.0;36.6;47.2;7
9215;0.474;20.0;36.5;47.3;7
9216;0.4733;20.0;36.5;47.3;7
9217;0.4762;20.0;36.5;47.3;7
9218;0.4723;20.1;36.5;47.3;7
9219;0.4731;20.1;36.6;47.4;7
9220;0.4721;20.1;36.7;47.4;7
9221;0.4713;20.2;36.7;47.5;7
9222;0.4709;20.1;36.7;47.5;7
9223;0.4693;20.1;36.8;47.5;7
9224;0.47;20.1;36.8;47.5;7
9225;0.4691;20.3;36.8;47.5;7
9226;0.4701;20.2;36.8;47.7;7
9227;0.4718;20.3;37.0;47.7;7
9228;0.4717;20.4;36.9;47.7;7
9229;0.4727;20.4;36.9;47.8;7
9230;0.4711;20.4;37.0;47.8;7
9231;0.4696;20.5;37.1;47.8;7
9232;0.4731;20.5;37.1;47.9;7
9233;0.4743;20.5;37.1;47.9;7
9234;0.4757;20.6;37.0;47.9;7
9235;0.4752;20.6;37.1;48.0;7
9236;0.4751;20.7;37.2;48.0;7
9237;0.4721;20.6;37.2;48.0;7
9238;0.4769;20.7;37.3;48.1;7
9239;0.4737;20.8;37.3;48.1;7
9240;0.4709;20.9;37.3;48.3;7
9241;0.4718;20.9;37.4;48.4;7
9242;0.4707;21.0;37.4;48.2;7
9243;0.4715;21.0;37.5;48.2;7
9244;0.4718;21.2;37.5;48.5;7
9245;0.473;21.2;37.6;48.3;7
9246;0.4725;21.2;37.5;48.3;7
9247;0.4743;21.3;37.6;48.6;7
9248;0.4737;21.3;37.6;48.4;7
9249;0.4775;21.4;37.6;48.7;7
9250;0.4756;21.4;37.7;48.7;7
9251;0.4745;21.4;37.8;48.8;7
9252;0.4738;21.6;37.9;48.8;7
9253;0.4719;21.6;37.8;48.8;7
9254;0.4759;21.6;37.8;48.9;7
9255;0.4719;21.7;37.8;48.9;7
9256;0.4722;21.7;37.9;48.9;7
9257;0.4742;21.6;37.9;48.9;7
9258;0.4735;21.7;37.9;48.9;7
9259;0.4748;21.8;38.0;49.0;7
9260;0.4736;21.8;38.0;49.0;7
9261;0.4734;21.8;38.1;49.1;7
9262;0.4763;21.9;38.2;49.1;7
9263;0.4751;21.9;38.1;49.1;7
9264;0.4755;21.9;38.2;49.1;7
9265;0.4771;21.9;38.3;49.1;7
9266;0.4747;22.0;38.2;49.2;7
9267;0.4785;22.1;38.3;49.3;7
9268;0.4784;22.0;38.4;49.3;7
9269;0.4787;22.1;38.4;49.4;7
9270;0.4764;22.2;38.4;49.4;7
9271;0.4792;22.2;38.5;49.5;7
9272;0.476;22.2;38.5;49.5;7
9273;0.4742;22.2;38.5;49.6;7
9274;0.4763;22.2;38.6;49.6;7
9275;0.4766;22.2;38.6;49.6;7
9276;0.4786;22.3;38.6;49.6;7
9277;0.481;22.3;38.7;49.7;7
9278;0.4821;22.4;38.8;49.8;7
9279;0.4814;22.4;38.8;49.8;7
9280;0.4775;22.5;38.9;49.8;7
9281;0.4778;22.5;38.9;49.8;7
9282;0.4795;22.5;38.8;49.9;7
9283;0.4803;22.5;38.8;49.9;7
9284;0.4775;22.4;38.9;49.9;7
9285;0.4781;22.5;39.0;50.0;7
9286;0.4817;22.4;39.0;50.0;7
9287;0.4816;22.4;39.1;50.1;7
9288;0.4826;22.5;39.2;50.1;7
9289;0.4809;22.4;39.1;50.2;7
9290;0.4803;22.5;39.1;50.2;7
9291;0.4792;22.5;39.2;50.3;7
9292;0.4801;22.5;39.3;50.3;7
9293;0.4792;22.5;39.3;50.3;7
9294;0.4787;22.5;39.3;50.3;7
9295;0.4776;22.5;39.4;50.3;7
9296;0.4764;22.5;39.4;50.3;7
9297;0.4769;22.6;39.4;50.3;7
9298;0.4745;22.6;39.4;50.3;7
9299;0.4712;22.6;39.5;50.3;7
9300;0.4759;22.6;39.5;50.3;7
9301;0.4746;22.7;39.5;50.3;7
9302;0.4714;22.6;39.5;50.4;7
9303;0.4728;22.6;39.6;50.4;7
9304;0.4747;22.7;39.6;50.4;7
9305;0.475;22.7;39.6;50.4;7
9306;0.476;22.7;39.7;50.4;7
9307;0.4761;22.7;39.7;50.5;7
9308;0.4729;22.7;39.7;50.5;7
9309;0.4772;22.7;39.7;50.5;7
9310;0.4779;22.7;39.7;50.6;7
9311;0.4777;22.7;39.7;50.6;7
9312;0.4773;22.6;39.8;50.6;7
9313;0.4762;22.6;39.8;50.6;7
9314;0.4791;22.6;39.9;50.6;7
9315;0.4794;22.6;39.8;50.7;7
9316;0.4786;22.7;39.9;50.7;7
9317;0.4804;22.7;40.0;50.7;7
9318;0.4813;22.8;40.0;50.8;7
9319;0.4813;22.9;40.0;50.9;7
9320;0.4813;22.8;40.1;50.9;7
9321;0.4836;23.0;40.1;50.9;7
9322;0.4823;23.0;40.1;51.0;7
9323;0.4817;23.0;40.1;51.0;7
9324;0.4851;22.9;40.1;51.0;7
9325;0.4829;23.1;40.2;51.0;7
9326;0.4823;23.1;40.2;51.1;7
9327;0.4857;23.2;40.3;51.2;7
9328;0.4865;23.2;40.4;51.2;7
9329;0.4856;23.4;40.3;51.3;7
9330;0.4842;23.3;40.4;51.3;7
9331;0.4817;23.4;40.5;51.5;7
9332;0.4838;23.4;40.4;51.4;7
9333;0.4845;23.5;40.6;51.7;7
9334;0.4839;23.4;40.6;51.5;7
9335;0.4851;23.4;40.6;51.7;7
9336;0.4871;23.4;40.7;51.5;7
9337;0.487;23.5;40.7;51.6;7
9338;0.4873;23.5;40.7;51.6;7
9339;0.4892;23.6;40.7;51.6;7
9340;0.4882;23.6;40.8;51.9;7
9341;0.4852;23.5;40.9;51.8;7
9342;0.4803;23.4;40.9;52.0;7
9343;0.4834;23.5;40.8;51.9;7
9344;0.4796;23.3;40.9;51.9;7
9345;0.4809;23.4;40.9;51.9;7
9346;0.4829;23.3;41.0;51.9;7
9347;0.4822;23.4;41.0;52.0;7
9348;0.48;23.3;41.0;51.7;7
9349;0.4799;23.4;41.1;51.9;7
9350;0.477;23.4;41.1;52.0;7
9351;0.4795;23.5;41.1;51.9;7
9352;0.4755;23.5;41.1;52.0;7
9353;0.4761;23.5;41.1;51.9;7
9354;0.478;23.5;41.2;51.9;7
9355;0.4805;23.5;41.2;51.9;7
9356;0.4766;23.5;41.2;51.7;7
9357;0.4799;23.5;41.2;52.0;7
9358;0.4799;23.5;41.2;52.0;7
9359;0.4832;23.5;41.2;51.8;7
9360;0.4812;23.5;41.3;52.0;7
9361;0.4809;23.5;41.3;52.0;7
9362;0.4795;23.5;41.3;52.0;7
9363;0.4802;23.4;41.3;52.1;7
9364;0.4796;23.4;41.3;52.1;7
9365;0.4831;23.5;41.3;52.1;7
9366;0.4804;23.5;41.3;52.1;7
9367;0.4824;23.5;41.3;52.2;7
9368;0.4763;23.4;41.3;52.2;7
9369;0.4769;23.3;41.3;52.2;7
9370;0.4769;23.2;41.3;52.1;7
9371;0.481;23.1;41.3;52.2;7
9372;0.479;23.1;41.4;52.2;7
9373;0.4796;23.0;41.3;52.3;7
9374;0.4798;22.8;41.2;52.2;7
9375;0.4795;22.6;41.2;52.2;7
9376;0.4791;22.6;41.2;52.2;7
9377;0.4775;22.5;41.2;52.3;7
9378;0.4766;22.5;41.3;52.2;7
9379;0.4756;22.5;41.3;52.2;7
9380;0.4748;22.5;41.3;52.2;7
9381;0.4774;22.5;41.3;52.2;7
9382;0.4787;22.5;41.4;52.2;7
9383;0.4768;22.5;41.3;52.2;7
9384;0.4783;22.5;41.4;52.3;7
9385;0.4774;22.5;41.5;52.3;7
9386;0.4801;22.5;41.4;52.2;7
9387;0.4802;22.6;41.4;52.3;7
9388;0.4787;22.7;41.6;52.3;7
9389;0.4786;22.7;41.6;52.3;7
9390;0.4771;22.7;41.6;52.3;7
9391;0.4779;22.7;41.7;52.3;7
9392;0.4769;22.9;41.7;52.3;7
9393;0.4723;22.9;41.7;52.3;7
9394;0.473;23.0;41.7;52.4;7
9395;0.4704;23.0;41.7;52.3;7
9396;0.4714;22.9;41.7;52.3;7
9397;0.4717;22.9;41.7;52.4;7
9398;0.4727;23.0;41.7;52.3;7
9399;0.4754;23.0;41.8;52.3;7
9400;0.4743;23.0;41.7;52.4;7
9401;0.4749;23.0;41.8;52.4;7
9402;0.475;23.0;41.8;52.5;7
9403;0.4758;22.9;41.9;52.5;7
9404;0.4739;22.9;41.9;52.4;7
9405;0.4706;22.9;41.9;52.5;7
9406;0.4697;22.9;41.8;52.4;7
9407;0.4728;22.9;41.8;52.4;7
9408;0.4725;22.8;41.8;52.4;7
9409;0.4703;22.7;41.8;52.4;7
9410;0.4715;22.7;41.8;52.4;7
9411;0.4692;22.7;41.9;52.4;7
9412;0.4706;22.7;41.8;52.4;7
9413;0.4695;22.8;41.8;52.5;7
9414;0.4701;22.7;41.8;52.4;7
9415;0.4718;22.7;41.8;52.4;7
9416;0.471;22.6;41.8;52.5;7
9417;0.4716;22.6;41.8;52.5;7
9418;0.469;22.6;41.8;52.4;7
9419;0.4686;22.6;41.8;52.3;7
9420;0.4684;22.6;41.8;52.4;7
9421;0.4692;22.7;41.8;52.4;7
9422;0.4689;22.6;41.8;52.4;7
9423;0.4693;22.7;41.8;52.4;7
9424;0.4694;22.6;41.8;52.4;7
9425;0.4708;22.6;41.8;52.4;7
9426;0.4693;22.6;41.8;52.3;7
9427;0.4683;22.7;41.9;52.3;7
9428;0.4679;22.7;42.0;52.4;7
9429;0.4672;22.7;41.9;52.3;7
9430;0.4654;22.7;42.1;52.3;7
9431;0.4632;22.8;42.0;52.4;7
9432;0.4618;22.8;42.1;52.4;7
9433;0.4596;22.9;42.1;52.3;7
9434;0.46;22.9;42.1;52.3;7
9435;0.4642;22.9;42.1;52.3;7
9436;0.4655;22.9;42.1;52.3;7
9437;0.4657;22.9;42.1;52.3;7
9438;0.4634;22.9;42.1;52.2;7
9439;0.4669;22.8;42.0;52.3;7
9440;0.4683;22.8;42.1;52.2;7
9441;0.4681;22.9;42.1;52.3;7
9442;0.4661;22.9;42.1;52.3;7
9443;0.4613;22.9;42.1;52.3;7
9444;0.4618;22.9;42.1;52.3;7
9445;0.4631;22.9;42.1;52.2;7
9446;0.4633;22.9;42.1;52.2;7
9447;0.465;22.9;42.1;52.3;7
9448;0.464;22.8;42.1;52.3;7
9449;0.4624;22.7;42.1;52.2;7
9450;0.4637;22.8;42.1;52.3;7
9451;0.4632;22.7;42.1;52.3;7
9452;0.4633;22.7;42.1;52.3;7
9453;0.4647;22.6;42.2;52.3;7
9454;0.463;22.7;42.3;52.4;7
9455;0.4635;22.7;42.4;52.3;7
9456;0.4636;22.7;42.4;52.4;7
9457;0.4617;22.7;42.6;52.4;7
9458;0.4615;22.7;42.5;52.4;7
9459;0.4606;22.7;42.7;52.4;7
9460;0.4625;22.8;42.8;52.4;7
9461;0.4631;22.9;42.8;52.4;7
9462;0.4643;22.9;42.8;52.4;7
9463;0.4617;22.9;42.8;52.4;7
9464;0.4634;22.9;42.8;52.3;7
9465;0.4639;22.9;42.7;52.3;7
9466;0.4623;22.9;42.8;52.4;7
9467;0.4637;23.0;42.9;52.4;7
9468;0.4627;23.0;42.9;52.4;7
9469;0.4612;23.0;42.9;52.4;7
9470;0.4576;23.1;42.9;52.4;7
9471;0.4601;23.1;42.9;52.4;7
9472;0.462;23.1;43.0;52.4;7
9473;0.4588;23.1;43.0;52.4;7
9474;0.4597;23.1;42.9;52.4;7
9475;0.464;23.1;42.9;52.4;7
9476;0.4612;23.1;42.9;52.3;7
9477;0.4616;23.1;42.8;52.4;7
9478;0.4612;23.1;42.8;52.3;7
9479;0.4619;23.1;42.8;52.4;7
9480;0.4599;23.1;42.8;52.4;7
9481;0.4585;23.0;42.7;52.3;7
9482;0.4587;23.0;42.6;52.4;7
9483;0.4597;23.0;42.6;52.4;7
9484;0.4603;23.0;42.7;52.4;7
9485;0.4611;23.0;42.7;52.4;7
9486;0.4588;23.0;42.7;52.4;7
9487;0.4615;23.0;42.7;52.4;7
9488;0.4636;23.0;42.7;52.4;7
9489;0.4628;23.0;42.5;52.5;7
9490;0.4653;23.0;42.5;52.5;7
9491;0.4646;23.0;42.6;52.5;7
9492;0.4641;23.0;42.5;52.6;7
9493;0.464;23.0;42.6;52.6;7
9494;0.462;23.0;42.5;52.6;7
9495;0.461;23.0;42.5;52.6;7
9496;0.4621;22.9;42.4;52.6;7
9497;0.4641;22.9;42.4;52.6;7
9498;0.4625;22.8;42.5;52.6;7
9499;0.4622;22.9;42.6;52.6;7
9500;0.4628;22.9;42.7;52.6;7
9501;0.4643;22.9;42.7;52.6;7
9502;0.4663;22.9;42.8;52.7;7
9503;0.4608;23.0;42.9;52.6;7
9504;0.4632;23.0;43.1;52.7;7
9505;0.4653;23.0;43.0;52.7;7
9506;0.4639;23.0;43.2;52.7;7
9507;0.4625;23.0;43.1;52.7;7
9508;0.4609;23.1;43.2;52.7;7
9509;0.462;23.1;43.1;52.7;7
9510;0.4606;23.2;43.0;52.6;7
9511;0.4606;23.2;43.0;52.6;7
9512;0.4603;23.2;43.0;52.6;7
9513;0.4634;23.2;42.9;52.6;7
9514;0.4644;23.3;42.9;52.6;7
9515;0.4635;23.3;42.9;52.6;7
9516;0.4626;23.3;42.9;52.6;8
9517;0.4586;23.3;42.8;52.6;8
9518;0.4579;23.3;42.8;52.5;8
9519;0.4628;23.4;42.8;52.5;8
9520;0.4619;23.3;42.8;52.6;8
9521;0.4602;23.3;42.8;52.6;8
9522;0.4624;23.3;42.8;52.5;8
9523;0.4613;23.3;42.8;52.7;8
9524;0.459;23.4;42.8;52.6;8
9525;0.4594;23.4;42.8;52.6;8
9526;0.4577;23.4;42.8;52.6;8
9527;0.4557;23.4;42.8;52.6;8
9528;0.4563;23.5;42.9;52.6;8
9529;0.4567;23.5;43.0;52.6;8
9530;0.457;23.4;43.2;52.6;8
9531;0.4571;23.6;43.2;52.5;8
9532;0.4552;23.6;43.3;52.5;8
9533;0.4537;23.6;43.3;52.5;8
9534;0.4523;23.7;43.3;52.6;8
9535;0.4561;23.7;43.3;52.6;8
9536;0.4535;23.6;43.2;52.6;8
9537;0.4551;23.7;43.2;52.6;8
9538;0.4557;23.7;43.1;52.5;8
9539;0.4587;23.7;43.1;52.6;8
9540;0.4579;23.6;43.0;52.6;8
9541;0.4565;23.6;43.0;52.5;8
9542;0.4551;23.5;43.1;52.6;8
9543;0.4565;23.5;43.0;52.6;8
9544;0.455;23.5;43.1;52.7;8
9545;0.4556;23.4;43.0;52.7;8
9546;0.4556;23.4;43.2;52.7;8
9547;0.4581;23.4;43.3;52.7;8
9548;0.4571;23.5;43.4;52.7;8
9549;0.4604;23.5;43.5;52.8;8
9550;0.458;23.4;43.6;52.7;8
9551;0.4599;23.5;43.8;52.8;8
9552;0.4593;23.6;43.8;52.8;8
9553;0.4576;23.6;43.8;52.7;8
9554;0.4592;23.6;43.9;52.7;8
9555;0.4601;23.7;44.0;52.8;8
9556;0.4575;23.7;44.0;52.8;8
9557;0.4572;23.7;44.1;52.8;8
9558;0.4561;23.8;44.2;52.8;8
9559;0.4587;23.8;44.2;52.8;8
9560;0.4591;24.0;44.4;52.8;8
9561;0.4588;23.9;44.4;52.9;8
9562;0.4599;23.9;44.5;52.8;8
9563;0.4583;23.9;44.5;53.1;8
9564;0.4618;23.9;44.5;52.8;8
9565;0.4561;23.9;44.5;53.0;8
9566;0.4635;23.9;44.6;52.9;8
9567;0.4564;23.9;44.5;53.0;8
9568;0.4647;23.9;44.6;52.9;8
9569;0.4551;23.9;44.5;53.0;8
9570;0.4623;23.9;44.6;52.9;8
9571;0.4541;23.9;44.4;53.0;8
9572;0.4513;23.9;44.4;52.9;8
9573;0.4535;23.9;44.3;53.0;8
9574;0.4564;23.9;44.3;53.0;8
9575;0.4567;23.9;44.2;53.0;8
9576;0.4579;23.9;44.2;53.0;8
9577;0.4599;24.0;44.1;53.1;8
9578;0.4579;24.0;44.2;53.1;8
9579;0.4595;23.9;44.3;53.1;8
9580;0.4576;23.9;44.2;53.1;8
9581;0.457;23.9;44.2;53.2;8
9582;0.4572;23.9;44.2;53.1;8
9583;0.457;24.0;44.3;53.1;8
9584;0.4621;24.0;44.3;53.2;8
9585;0.4592;23.9;44.5;53.3;8
9586;0.4629;23.9;44.5;53.3;8
9587;0.4616;23.9;44.5;53.4;8
9588;0.4592;23.9;44.5;53.2;8
9589;0.4579;24.0;44.7;53.2;8
9590;0.459;24.0;44.6;53.2;8
9591;0.459;23.9;44.7;53.3;8
9592;0.4585;23.9;44.7;53.3;8
9593;0.461;23.9;44.7;53.3;8
9594;0.4612;23.9;44.8;53.3;8
9595;0.4612;24.0;44.7;53.3;8
9596;0.461;24.0;44.8;53.4;8
9597;0.4603;23.9;44.8;53.4;8
9598;0.4599;23.9;44.9;53.4;8
9599;0.4589;23.8;44.9;53.4;8
9600;0.4602;23.9;44.9;53.4;8
9601;0.4575;23.8;44.8;53.5;8
9602;0.4586;23.8;44.9;53.4;8
9603;0.4589;23.8;44.9;53.4;8
9604;0.4568;23.7;44.9;53.4;8
9605;0.4609;23.7;44.7;53.5;8
9606;0.4606;23.7;44.6;53.5;8
9607;0.4587;23.7;44.5;53.5;8
9608;0.4588;23.7;44.5;53.5;8
9609;0.4593;23.7;44.4;53.5;8
9610;0.4594;23.7;44.3;53.6;8
9611;0.4612;23.7;44.3;53.6;8
9612;0.4617;23.7;44.3;53.6;8
9613;0.4622;23.6;44.2;53.6;8
9614;0.4631;23.6;44.2;53.7;8
9615;0.4652;23.6;44.2;53.7;8
9616;0.467;23.6;44.3;53.8;8
9617;0.4669;23.5;44.1;53.8;8
9618;0.4663;23.4;44.1;53.9;8
9619;0.4648;23.4;44.0;53.9;8
9620;0.4639;23.5;43.9;53.9;8
9621;0.4639;23.5;43.9;53.9;8
9622;0.4664;23.5;43.7;53.9;8
9623;0.4659;23.5;43.7;53.9;8
9624;0.4651;23.5;43.7;53.9;8
9625;0.466;23.5;43.7;54.1;8
9626;0.4652;23.5;43.7;54.0;8
9627;0.4644;23.4;43.6;54.0;8
9628;0.4649;23.4;43.6;54.0;8
9629;0.4661;23.4;43.6;54.0;8
9630;0.4661;23.4;43.6;54.0;8
9631;0.4663;23.5;43.6;54.0;8
9632;0.4649;23.5;43.6;54.0;8
9633;0.4648;23.5;43.5;54.0;8
9634;0.4636;23.4;43.5;54.0;8
9635;0.466;23.4;43.5;54.0;8
9636;0.4661;23.4;43.5;54.1;8
9637;0.4693;23.4;43.5;54.0;8
9638;0.4682;23.3;43.5;54.1;8
9639;0.466;23.3;43.5;54.1;8
9640;0.4683;23.4;43.4;54.1;8
9641;0.4678;23.4;43.5;54.4;8
9642;0.4673;23.3;43.5;54.4;8
9643;0.4688;23.4;43.4;54.4;8
9644;0.4686;23.4;43.4;54.1;8
9645;0.4672;23.4;43.4;54.1;8
9646;0.4679;23.4;43.4;54.4;8
9647;0.473;23.3;43.4;54.1;8
9648;0.4715;23.3;43.4;54.1;8
9649;0.4705;23.3;43.4;54.1;8
9650;0.4721;23.3;43.4;54.1;8
9651;0.4726;23.3;43.4;54.1;8
9652;0.4742;23.2;43.4;54.2;8
9653;0.4699;23.2;43.4;54.4;8
9654;0.4726;23.2;43.4;54.2;8
9655;0.4719;23.2;43.3;54.4;8
9656;0.4727;23.2;43.3;54.5;8
9657;0.473;23.2;43.4;54.2;8
9658;0.4738;23.2;43.4;54.5;8
9659;0.4768;23.2;43.4;54.5;8
9660;0.4786;23.2;43.4;54.5;8
9661;0.4806;23.3;43.4;54.6;8
9662;0.4758;23.4;43.4;54.7;8
9663;0.4747;23.4;43.4;54.7;8
9664;0.471;23.4;43.4;54.7;8
9665;0.4729;23.3;43.4;54.7;8
9666;0.4721;23.3;43.4;54.8;8
9667;0.4734;23.3;43.4;54.8;8
9668;0.4704;23.3;43.4;54.7;8
9669;0.4703;23.3;43.4;54.7;8
9670;0.4716;23.3;43.4;54.7;8
9671;0.4726;23.3;43.4;54.7;8
9672;0.473;23.4;43.4;54.4;8
9673;0.4727;23.5;43.5;54.7;8
9674;0.474;23.5;43.5;54.7;8
9675;0.4736;23.4;43.5;54.7;8
9676;0.4754;23.4;43.5;54.7;8
9677;0.4766;23.4;43.5;54.7;8
9678;0.477;23.4;43.5;54.7;8
9679;0.4769;23.4;43.5;54.8;8
9680;0.4755;23.4;43.5;54.8;8
9681;0.4773;23.6;43.5;54.8;8
9682;0.474;23.6;43.5;54.8;8
9683;0.4736;23.6;43.5;54.8;8
9684;0.4782;23.6;43.5;54.8;8
9685;0.4753;23.6;43.5;54.8;8
9686;0.4711;23.6;43.5;54.8;8
9687;0.4721;23.6;43.5;54.9;8
9688;0.4713;23.6;43.5;54.8;8
9689;0.4697;23.7;43.5;54.8;8
9690;0.472;23.7;43.6;54.8;8
9691;0.4701;23.7;43.6;54.8;8
9692;0.4713;23.7;43.6;54.8;8
9693;0.4685;23.8;43.7;54.8;8
9694;0.4644;23.8;43.7;54.8;8
9695;0.4631;23.8;43.7;54.8;8
9696;0.4632;23.9;43.7;54.7;8
9697;0.464;23.8;43.9;54.7;8
9698;0.4636;23.8;43.9;54.6;8
9699;0.4605;23.8;44.0;54.5;8
9700;0.4596;23.8;44.0;54.5;8
9701;0.4581;23.8;44.1;54.5;8
9702;0.461;23.9;44.1;54.3;8
9703;0.4592;23.9;44.2;54.5;8
9704;0.4603;23.8;44.3;54.4;8
9705;0.4587;23.8;44.2;54.2;8
9706;0.4604;23.8;44.2;54.1;8
9707;0.4594;23.8;44.3;54.1;8
9708;0.4602;23.7;44.3;54.1;8
9709;0.4576;23.7;44.4;54.1;8
9710;0.4623;23.6;44.3;54.1;8
9711;0.4598;23.7;44.3;54.1;8
9712;0.4592;23.8;44.3;54.1;8
9713;0.4585;23.7;44.4;54.1;8
9714;0.4566;23.8;44.5;54.1;8
9715;0.4569;23.8;44.5;54.1;8
9716;0.4565;23.8;44.5;54.1;8
9717;0.4551;23.8;44.5;54.0;8
9718;0.4554;23.8;44.5;54.0;8
9719;0.4555;23.8;44.5;54.0;8
9720;0.4556;23.8;44.5;54.0;8
9721;0.4555;23.7;44.5;54.0;8
9722;0.4532;23.7;44.5;54.0;8
9723;0.4564;23.7;44.5;54.0;8
9724;0.4515;23.7;44.5;54.0;8
9725;0.4527;23.7;44.4;53.9;8
9726;0.453;23.7;44.5;53.9;8
9727;0.4526;23.7;44.5;53.9;8
9728;0.4526;23.7;44.4;53.9;8
9729;0.4523;23.7;44.3;53.9;8
9730;0.4504;23.7;44.3;53.8;8
9731;0.4516;23.6;44.3;53.8;8
9732;0.4459;23.6;44.3;53.8;8
9733;0.4491;23.6;44.3;53.7;8
9734;0.4456;23.6;44.4;53.7;8
9735;0.451;23.6;44.4;53.7;8
9736;0.4474;23.6;44.4;53.7;8
9737;0.4494;23.6;44.4;53.7;8
9738;0.4506;23.6;44.4;53.7;8
9739;0.4485;23.6;44.3;53.7;8
9740;0.4521;23.6;44.3;53.7;8
9741;0.4475;23.6;44.2;53.7;8
9742;0.4473;23.6;44.3;53.7;8
9743;0.4479;23.5;44.3;53.7;8
9744;0.4462;23.4;44.1;53.6;8
9745;0.4436;23.4;44.1;53.6;8
9746;0.4442;23.4;44.1;53.6;8
9747;0.4421;23.5;44.1;53.6;8
9748;0.444;23.5;44.1;53.6;8
9749;0.4426;23.4;44.1;53.5;8
9750;0.4427;23.5;44.2;53.5;8
9751;0.441;23.5;44.1;53.5;8
9752;0.4405;23.5;44.1;53.4;8
9753;0.4421;23.5;44.1;53.4;8
9754;0.4414;23.5;44.0;53.4;8
9755;0.4406;23.5;44.0;53.4;8
9756;0.4404;23.5;44.0;53.4;8
9757;0.4392;23.5;44.0;53.3;8
9758;0.4414;23.4;44.0;53.3;8
9759;0.4427;23.3;44.0;53.3;8
9760;0.4426;23.3;44.0;53.2;8
9761;0.4432;23.4;44.0;53.3;8
9762;0.4413;23.3;44.0;53.3;8
9763;0.4428;23.4;43.9;53.2;8
9764;0.441;23.2;43.8;53.2;8
9765;0.4403;23.2;43.9;53.2;8
9766;0.4386;23.2;43.9;53.2;8
9767;0.4404;23.2;43.8;53.2;8
9768;0.438;23.1;43.8;53.2;8
9769;0.4382;23.1;43.7;53.1;8
9770;0.438;23.1;43.7;53.1;8
9771;0.4386;23.1;43.7;53.1;8
9772;0.439;23.1;43.7;53.0;8
9773;0.4382;23.1;43.8;53.0;8
9774;0.4377;23.0;43.8;53.0;8
9775;0.4389;22.9;43.7;52.9;8
9776;0.4372;22.9;43.6;52.9;8
9777;0.4404;23.0;43.6;52.8;8
9778;0.4425;23.0;43.5;52.8;8
9779;0.4407;22.9;43.5;52.8;8
9780;0.4424;23.0;43.5;52.8;8
9781;0.4398;23.0;43.5;52.8;8
9782;0.4391;23.0;43.5;52.8;8
9783;0.4364;23.0;43.4;52.7;8
9784;0.437;22.9;43.4;52.7;8
9785;0.4346;22.9;43.4;52.6;8
9786;0.4371;22.9;43.4;52.7;8
9787;0.4389;22.9;43.4;52.7;8
9788;0.4379;22.7;43.3;52.6;8
9789;0.4404;22.7;43.2;52.6;8
9790;0.4403;22.7;43.3;52.6;8
9791;0.4404;22.6;43.2;52.6;8
9792;0.4394;22.6;43.3;52.6;8
9793;0.4417;22.6;43.1;52.6;8
9794;0.4402;22.6;43.2;52.6;8
9795;0.4404;22.5;43.2;52.5;8
9796;0.4418;22.5;43.2;52.5;8
9797;0.4433;22.5;43.2;52.6;8
9798;0.4414;22.5;43.2;52.6;8
9799;0.4379;22.5;43.1;52.6;8
9800;0.4392;22.5;43.1;52.5;8
9801;0.438;22.5;43.1;52.5;8
9802;0.4375;22.5;43.0;52.5;8
9803;0.4394;22.5;43.0;52.5;8
9804;0.4383;22.4;43.0;52.5;8
9805;0.4384;22.4;43.0;52.5;8
9806;0.4381;22.4;43.0;52.4;8
9807;0.4378;22.2;42.9;52.4;8
9808;0.4405;22.3;42.9;52.4;8
9809;0.438;22.1;43.0;52.4;8
9810;0.4357;22.1;42.9;52.3;8
9811;0.4348;22.0;42.9;52.4;8
9812;0.4359;22.0;42.8;52.4;8
9813;0.4363;21.9;42.8;52.4;8
9814;0.433;21.8;42.8;52.3;8
9815;0.4314;21.8;42.8;52.3;8
9816;0.4325;21.7;42.8;52.3;8
9817;0.4332;21.6;42.7;52.2;8
9818;0.4343;21.5;42.7;52.2;8
9819;0.4356;21.6;42.6;52.0;8
9820;0.4338;21.5;42.7;52.2;8
9821;0.4339;21.4;42.7;52.2;8
9822;0.434;21.4;42.6;52.2;8
9823;0.4339;21.3;42.5;52.2;8
9824;0.4346;21.3;42.5;52.1;8
9825;0.432;21.2;42.6;52.1;8
9826;0.4303;21.2;42.6;52.1;8
9827;0.4289;21.1;42.6;52.1;8
9828;0.4307;21.1;42.5;51.9;8
9829;0.4322;21.1;42.4;52.1;8
9830;0.4322;21.0;42.5;52.1;8
9831;0.4328;21.0;42.4;52.1;8
9832;0.4326;20.9;42.4;52.1;8
9833;0.432;20.9;42.3;52.1;8
9834;0.4325;20.8;42.3;52.0;8
9835;0.4327;20.8;42.3;52.1;8
9836;0.4327;20.8;42.3;52.0;8
9837;0.4335;20.8;42.2;52.0;8
9838;0.4345;20.8;42.3;52.0;8
9839;0.4349;20.9;42.3;52.0;8
9840;0.4351;20.9;42.2;52.0;8
9841;0.4356;20.9;42.2;52.0;8
9842;0.4364;20.9;42.2;52.0;8
9843;0.4358;20.9;42.1;52.0;8
9844;0.4362;20.8;42.1;51.8;8
9845;0.433;20.8;42.1;51.8;8
9846;0.436;20.8;42.1;52.0;8
9847;0.4365;20.8;42.0;52.0;8
9848;0.4364;20.7;42.1;51.8;8
9849;0.4349;20.7;42.0;52.0;8
9850;0.4375;20.6;42.0;51.8;8
9851;0.4351;20.6;41.9;52.0;8
9852;0.4333;20.6;41.9;52.0;8
9853;0.4333;20.6;42.0;51.7;8
9854;0.4325;20.5;41.9;51.7;8
9855;0.433;20.5;41.9;51.6;8
9856;0.4354;20.5;41.9;51.6;8
9857;0.437;20.5;41.8;51.6;8
9858;0.4344;20.5;41.8;51.6;8
9859;0.4368;20.5;41.8;51.6;8
9860;0.4331;20.5;41.8;51.6;8
9861;0.434;20.4;41.8;51.6;8
9862;0.4307;20.3;41.8;51.6;8
9863;0.432;20.4;41.7;51.5;8
9864;0.4308;20.4;41.7;51.5;8
9865;0.4318;20.4;41.7;51.5;8
9866;0.4296;20.4;41.7;51.4;8
9867;0.4289;20.4;41.7;51.4;8
9868;0.4292;20.4;41.7;51.4;8
9869;0.4295;20.4;41.7;51.4;8
9870;0.4301;20.4;41.6;51.3;8
9871;0.4301;20.3;41.6;51.3;8
9872;0.4278;20.3;41.6;51.3;8
9873;0.425;20.2;41.6;51.2;8
9874;0.4263;20.1;41.7;51.1;8
9875;0.4264;20.2;41.5;51.1;8
9876;0.4271;20.1;41.5;51.1;8
9877;0.4254;20.0;41.4;51.0;8
9878;0.4257;20.0;41.5;51.0;8
9879;0.428;19.9;41.4;51.0;8
9880;0.4281;19.9;41.4;50.9;8
9881;0.4259;19.9;41.3;50.9;8
9882;0.4272;19.8;41.3;50.9;8
9883;0.4277;19.8;41.3;50.9;8
9884;0.428;19.8;41.3;50.8;8
9885;0.428;19.7;41.2;50.8;8
9886;0.4273;19.7;41.2;50.8;8
9887;0.4289;19.7;41.2;50.8;8
9888;0.4287;19.6;41.2;50.8;8
9889;0.4264;19.6;41.2;50.8;8
9890;0.4271;19.6;41.2;50.8;8
9891;0.4264;19.6;41.1;50.7;8
9892;0.4249;19.6;41.1;50.7;8
9893;0.4248;19.7;41.1;50.7;8
9894;0.4233;19.5;41.1;50.6;8
9895;0.4226;19.5;41.1;50.6;8
9896;0.4233;19.4;41.1;50.6;8
9897;0.4203;19.4;41.1;50.6;8
9898;0.4256;19.3;41.0;50.5;8
9899;0.4202;19.3;40.9;50.5;8
9900;0.4207;19.2;41.0;50.4;8
9901;0.4178;19.2;41.0;50.4;8
9902;0.4179;19.0;40.9;50.3;8
9903;0.4176;19.1;40.8;50.3;8
9904;0.4183;18.9;40.8;50.3;8
9905;0.4162;18.9;40.9;50.2;8
9906;0.4133;18.8;40.9;50.1;8
9907;0.4145;18.8;40.7;50.1;8
9908;0.415;18.7;40.7;50.0;8
9909;0.4127;18.7;40.7;50.0;8
9910;0.4132;18.7;40.6;49.9;8
9911;0.4106;18.7;40.6;49.8;8
9912;0.4127;18.6;40.6;49.8;8
9913;0.4112;18.6;40.6;49.8;8
9914;0.4123;18.6;40.6;49.7;8
9915;0.4095;18.6;40.6;49.7;8
9916;0.4058;18.5;40.5;49.7;8
9917;0.4087;18.5;40.4;49.6;8
9918;0.4093;18.5;40.5;49.6;8
9919;0.4093;18.5;40.5;49.5;8
9920;0.4102;18.5;40.5;49.5;8
9921;0.4095;18.4;40.4;49.4;8
9922;0.4131;18.4;40.4;49.4;8
9923;0.4117;18.3;40.4;49.3;8
9924;0.4122;18.3;40.4;49.3;8
9925;0.4126;18.2;40.3;49.3;8
9926;0.4104;18.2;40.2;49.3;8
9927;0.4079;18.3;40.2;49.2;8
9928;0.4076;18.3;40.1;49.2;8
9929;0.4076;18.2;40.1;49.1;8
9930;0.4088;18.1;40.1;49.1;8
9931;0.4064;18.1;40.1;49.1;8
9932;0.4046;18.1;40.1;49.0;8
9933;0.4043;18.1;40.1;49.0;8
9934;0.4038;18.0;40.0;49.0;8
9935;0.405;18.0;40.0;48.9;8
9936;0.4024;18.0;40.0;48.9;8
9937;0.4025;18.0;40.0;48.9;8
9938;0.4064;18.0;40.0;48.6;8
9939;0.4038;17.9;39.9;48.7;8
9940;0.4011;17.9;39.9;48.7;8
9941;0.4005;17.8;39.9;48.4;8
9942;0.4002;17.8;39.9;48.3;8
9943;0.4025;17.9;39.9;48.3;8
9944;0.4001;17.8;39.8;48.2;8
9945;0.4008;17.8;39.8;48.2;8
9946;0.4001;17.7;39.7;48.2;8
9947;0.3984;17.7;39.7;48.1;8
9948;0.3989;17.7;39.7;48.1;8
9949;0.3984;17.8;39.7;48.0;8
9950;0.3977;17.8;39.6;48.0;8
9951;0.3973;17.7;39.6;47.9;8
9952;0.3968;17.7;39.6;47.9;8
9953;0.395;17.6;39.6;47.9;8
9954;0.3947;17.6;39.5;47.8;8
9955;0.3924;17.6;39.5;47.8;8
9956;0.3927;17.6;39.5;47.8;8
9957;0.3921;17.6;39.4;47.7;8
9958;0.3918;17.6;39.3;47.7;8
9959;0.3912;17.5;39.4;47.6;8
9960;0.3898;17.5;39.4;47.5;8
9961;0.3901;17.5;39.4;47.5;8
9962;0.3911;17.5;39.3;47.4;8
9963;0.3912;17.5;39.3;47.4;8
9964;0.3898;17.4;39.3;47.3;8
9965;0.3908;17.4;39.2;47.3;8
9966;0.3907;17.4;39.1;47.3;8
9967;0.3873;17.4;39.2;47.2;8
9968;0.3879;17.4;39.2;47.2;8
9969;0.3887;17.4;39.2;47.1;8
9970;0.3883;17.4;39.1;47.1;8
9971;0.3881;17.3;39.0;47.0;8
9972;0.3865;17.3;39.0;46.9;8
9973;0.3889;17.3;39.0;46.9;8
9974;0.3867;17.3;39.0;46.8;8
9975;0.3852;17.2;38.9;46.7;8
9976;0.3828;17.2;38.9;46.7;8
9977;0.3822;17.3;39.0;46.6;8
9978;0.3842;17.2;38.9;46.6;8
9979;0.3829;17.3;38.7;46.5;8
9980;0.3835;17.2;38.8;46.5;8
9981;0.3809;17.1;38.8;46.4;8
9982;0.3805;17.1;38.8;46.3;8
9983;0.3807;17.1;38.6;46.3;8
9984;0.381;17.0;38.7;46.3;8
9985;0.3798;17.0;38.7;46.3;8
9986;0.3785;17.0;38.7;46.2;8
9987;0.3796;17.0;38.6;46.1;8
9988;0.3792;17.0;38.4;46.1;8
9989;0.3776;17.0;38.5;46.0;8
9990;0.3776;17.0;38.5;46.0;8
9991;0.3762;17.0;38.5;45.9;8
9992;0.3762;17.0;38.4;45.9;8
9993;0.3755;16.9;38.4;45.9;8
9994;0.3739;16.9;38.4;45.8;8
9995;0.3716;16.9;38.4;45.7;8
9996;0.372;16.8;38.4;45.7;8
9997;0.3711;16.8;38.2;45.6;8
9998;0.3714;16.8;38.3;45.5;8
9999;0.3714;16.8;38.3;45.5;8
10000;0.3739;16.7;38.1;45.3;8
10001;0.3726;16.7;38.2;45.3;8
10002;0.372;16.7;38.2;45.3;8
10003;0.3722;16.7;38.1;45.2;8
10004;0.3708;16.7;38.1;45.0;8
10005;0.3662;16.7;38.0;44.9;8
10006;0.3661;16.7;38.0;44.9;8
10007;0.364;16.7;38.1;44.8;8
10008;0.3668;16.7;38.0;44.8;8
10009;0.365;16.7;37.9;44.7;8
10010;0.366;16.7;37.9;44.7;8
10011;0.3639;16.7;37.9;44.6;8
10012;0.3658;16.7;37.9;44.5;8
10013;0.3664;16.7;37.8;44.5;8
10014;0.3661;16.7;37.8;44.5;8
10015;0.3656;16.8;37.8;44.4;8
10016;0.3651;16.8;37.8;44.4;8
10017;0.3626;16.8;37.7;44.4;8
10018;0.3635;16.8;37.7;44.3;8
10019;0.3639;16.8;37.7;44.3;8
10020;0.3635;16.8;37.6;44.2;8
10021;0.3619;16.8;37.6;44.1;8
10022;0.3634;16.8;37.6;44.1;8
10023;0.3628;16.8;37.5;44.1;8
10024;0.3647;16.8;37.5;44.1;8
10025;0.3631;16.8;37.4;44.1;8
10026;0.3614;16.8;37.4;44.0;8
10027;0.3598;16.7;37.4;43.9;8
10028;0.3601;16.7;37.4;43.9;8
10029;0.3613;16.7;37.4;43.8;8
10030;0.3613;16.7;37.4;43.8;8
10031;0.3614;16.7;37.3;43.8;8
10032;0.3594;16.7;37.3;43.7;8
10033;0.3583;16.6;37.3;43.7;8
10034;0.3581;16.6;37.3;43.6;8
10035;0.3576;16.5;37.2;43.6;8
10036;0.3582;16.5;37.2;43.5;8
10037;0.359;16.5;37.2;43.5;8
10038;0.3589;16.4;37.2;43.5;8
10039;0.3575;16.4;37.2;43.4;8
10040;0.3574;16.4;37.0;43.4;8
10041;0.3571;16.4;37.0;43.3;8
10042;0.3579;16.4;37.1;43.3;8
10043;0.3548;16.3;37.1;43.2;8
10044;0.3572;16.3;36.9;43.2;8
10045;0.3563;16.3;36.9;43.2;8
10046;0.3541;16.3;36.8;43.1;8
10047;0.3523;16.3;36.8;43.1;8
10048;0.3551;16.3;36.7;43.0;8
10049;0.3577;16.3;36.7;43.0;8
10050;0.3559;16.3;36.7;43.0;8
10051;0.3568;16.2;36.8;42.9;8
10052;0.3542;16.2;36.7;42.9;8
10053;0.3543;16.2;36.6;42.6;8
10054;0.3523;16.2;36.5;42.5;8
10055;0.352;16.3;36.6;42.5;8
10056;0.3528;16.3;36.5;42.4;8
10057;0.351;16.3;36.6;42.4;8
10058;0.3488;16.3;36.6;42.3;8
10059;0.3474;16.3;36.5;42.3;8
10060;0.3488;16.3;36.5;42.2;8
10061;0.3477;16.3;36.4;42.2;8
10062;0.3473;16.3;36.5;42.1;8
10063;0.3451;16.3;36.4;42.1;8
10064;0.3456;16.3;36.3;42.0;8
10065;0.3473;16.3;36.3;41.9;8
10066;0.3478;16.3;36.3;41.9;8
10067;0.3467;16.3;36.4;41.9;8
10068;0.3483;16.3;36.4;41.8;8
10069;0.3474;16.3;36.2;41.8;8
10070;0.3458;16.3;36.2;41.7;8
10071;0.3479;16.3;36.2;41.7;8
10072;0.3465;16.3;36.3;41.6;8
10073;0.3485;16.3;36.2;41.6;8
10074;0.3455;16.3;36.1;41.6;8
10075;0.3458;16.3;36.1;41.6;8
10076;0.346;16.3;36.1;41.5;8
10077;0.3452;16.3;36.1;41.6;8
10078;0.3443;16.1;36.1;41.5;8
10079;0.3436;16.2;36.1;41.4;8
10080;0.3417;16.2;36.1;41.4;8
10081;0.3434;16.1;36.0;41.4;8
10082;0.3441;16.0;36.0;41.4;8
10083;0.3453;16.1;36.0;41.3;8
10084;0.3456;16.0;36.0;41.2;8
10085;0.3425;15.9;36.0;41.2;8
10086;0.3427;15.9;35.9;41.2;8
10087;0.3413;16.0;35.9;41.1;8
10088;0.3407;15.8;35.9;41.1;8
10089;0.3411;15.8;35.8;41.1;8
10090;0.3389;15.8;35.7;41.0;8
10091;0.3418;15.7;35.7;41.0;8
10092;0.3408;15.6;35.7;40.9;8
10093;0.3413;15.7;35.7;40.9;8
10094;0.342;15.7;35.7;40.9;8
10095;0.3405;15.7;35.6;40.8;8
10096;0.3399;15.6;35.6;40.8;8
10097;0.3395;15.6;35.6;40.8;8
10098;0.3417;15.6;35.6;40.7;8
10099;0.3397;15.5;35.6;40.7;8
10100;0.3409;15.6;35.6;40.7;8
10101;0.338;15.5;35.5;40.7;8
10102;0.3394;15.6;35.5;40.6;8
10103;0.3398;15.6;35.5;40.6;8
10104;0.3417;15.7;35.5;40.5;8
10105;0.3417;15.7;35.4;40.5;8
10106;0.3403;15.7;35.4;40.5;8
10107;0.3398;15.7;35.4;40.5;8
10108;0.3404;15.7;35.3;40.5;8
10109;0.3399;15.7;35.3;40.5;8
10110;0.3388;15.7;35.2;40.4;8
10111;0.3398;15.7;35.2;40.4;8
10112;0.3391;15.7;35.2;40.4;8
10113;0.3407;15.7;35.2;40.4;8
10114;0.3399;15.7;35.3;40.3;8
10115;0.3378;15.7;35.3;40.3;8
10116;0.3368;15.7;35.3;40.3;8
10117;0.3366;15.7;35.3;40.2;8
10118;0.3372;15.7;35.3;40.2;8
10119;0.3369;15.7;35.3;40.2;8
10120;0.3364;15.7;35.2;40.1;8
10121;0.3357;15.7;35.1;39.8;8
10122;0.3348;15.7;35.2;39.8;8
10123;0.3342;15.6;35.2;39.8;8
10124;0.3353;15.6;35.0;39.8;8
10125;0.3329;15.6;35.0;39.7;8
10126;0.3329;15.6;35.0;39.7;8
10127;0.3315;15.6;35.0;39.7;8
10128;0.3346;15.6;34.9;39.6;8
10129;0.332;15.6;34.9;39.7;8
10130;0.3338;15.6;34.9;39.6;8
10131;0.3346;15.7;34.9;39.6;8
10132;0.3349;15.7;34.9;39.6;8
10133;0.3342;15.6;34.9;39.6;8
10134;0.3335;15.6;34.9;39.5;8
10135;0.3352;15.5;34.8;39.5;8
10136;0.3318;15.5;34.8;39.5;8
10137;0.3318;15.5;34.7;39.4;8
10138;0.3314;15.5;34.8;39.4;8
10139;0.3309;15.6;34.8;39.4;8
10140;0.332;15.5;34.8;39.4;8
10141;0.3321;15.5;34.7;39.3;8
10142;0.333;15.6;34.6;39.3;8
10143;0.3346;15.5;34.6;39.3;8
10144;0.3337;15.5;34.7;39.3;8
10145;0.3321;15.5;34.7;39.2;8
10146;0.3322;15.5;34.6;39.2;8
10147;0.3314;15.5;34.7;39.1;8
10148;0.3324;15.5;34.6;39.1;8
10149;0.3316;15.5;34.5;39.1;8
10150;0.3301;15.5;34.5;39.0;8
10151;0.3292;15.5;34.5;39.0;8
10152;0.3294;15.5;34.5;39.0;8
10153;0.3312;15.5;34.5;39.0;8
10154;0.3292;15.5;34.4;38.9;8
10155;0.331;15.5;34.4;38.9;8
10156;0.3313;15.4;34.4;38.9;8
10157;0.3317;15.4;34.4;38.9;8
10158;0.3322;15.4;34.4;38.8;8
10159;0.3307;15.4;34.4;38.8;8
10160;0.3306;15.4;34.4;38.7;8
10161;0.3311;15.3;34.4;38.7;8
10162;0.3273;15.3;34.3;38.7;8
10163;0.3321;15.3;34.3;38.7;8
10164;0.33;15.3;34.3;38.7;8
10165;0.3317;15.3;34.3;38.6;8
10166;0.3309;15.3;34.3;38.6;8
10167;0.3302;15.3;34.3;38.6;8
10168;0.3316;15.3;34.3;38.6;8
10169;0.3308;15.2;34.3;38.6;8
10170;0.331;15.2;34.2;38.6;8
10171;0.3307;15.2;34.3;38.6;8
10172;0.3289;15.2;34.3;38.5;8
10173;0.3319;15.1;34.2;38.5;8
10174;0.3308;15.1;34.2;38.4;8
10175;0.3331;15.0;34.2;38.5;8
10176;0.333;15.0;34.2;38.5;8
10177;0.334;15.0;34.1;38.4;8
10178;0.3321;15.0;34.1;38.4;8
10179;0.3316;14.9;34.0;38.4;8
10180;0.3301;14.9;34.1;38.4;8
10181;0.3308;15.0;34.0;38.4;8
10182;0.3318;14.9;34.0;38.4;8
10183;0.3301;14.9;34.0;38.3;8
10184;0.33;14.9;34.0;38.3;8
10185;0.3298;14.9;34.0;38.3;8
10186;0.3317;14.9;34.0;38.3;8
10187;0.3316;14.9;34.0;38.3;8
10188;0.3319;14.9;33.9;38.2;8
10189;0.3319;14.9;33.9;38.2;8
10190;0.3322;14.8;33.9;38.2;8
10191;0.3323;14.8;33.9;38.2;8
10192;0.3316;14.8;33.9;38.2;8
10193;0.3326;14.8;33.8;38.2;8
10194;0.3327;14.8;33.8;38.2;8
10195;0.3332;14.7;33.8;38.2;8
10196;0.3319;14.7;33.8;38.2;8
10197;0.3303;14.7;33.8;38.1;8
10198;0.3302;14.6;33.8;38.2;8
10199;0.33;14.6;33.8;38.1;8
10200;0.329;14.6;33.7;38.1;8
10201;0.3272;14.6;33.7;38.1;8
10202;0.3299;14.5;33.7;38.1;8
10203;0.329;14.5;33.7;38.0;8
10204;0.3278;14.5;33.7;38.0;8
10205;0.3277;14.5;33.6;38.0;8
10206;0.3275;14.5;33.6;38.0;8
10207;0.3256;14.4;33.6;37.9;8
10208;0.3252;14.4;33.6;37.9;8
10209;0.326;14.5;33.6;37.9;8
10210;0.3256;14.5;33.6;37.8;8
10211;0.3241;14.5;33.4;37.8;8
10212;0.3244;14.5;33.4;37.8;8
10213;0.3248;14.5;33.4;37.8;8
10214;0.3243;14.5;33.4;37.8;8
10215;0.3239;14.5;33.4;37.8;8
10216;0.3246;14.5;33.4;37.7;8
10217;0.3253;14.6;33.4;37.7;8
10218;0.326;14.6;33.5;37.7;8
10219;0.328;14.6;33.4;37.7;8
10220;0.3293;14.6;33.4;37.6;8
10221;0.3283;14.6;33.4;37.7;8
10222;0.3286;14.6;33.4;37.7;8
10223;0.3271;14.6;33.4;37.6;8
10224;0.3282;14.6;33.3;37.6;8
10225;0.3279;14.6;33.3;37.6;8
10226;0.326;14.7;33.3;37.6;8
10227;0.3255;14.7;33.3;37.6;8
10228;0.3233;14.7;33.3;37.5;8
10229;0.3257;14.7;33.3;37.5;8
10230;0.3241;14.7;33.3;37.5;8
10231;0.3246;14.7;33.3;37.5;8
10232;0.3239;14.7;33.3;37.5;8
10233;0.3266;14.7;33.3;37.5;8
10234;0.3274;14.7;33.3;37.4;8
10235;0.3282;14.8;33.3;37.5;8
10236;0.3262;14.8;33.3;37.5;8
10237;0.3273;14.8;33.3;37.4;8
10238;0.3245;14.8;33.3;37.5;8
10239;0.3264;14.8;33.2;37.4;8
10240;0.3255;14.8;33.2;37.4;8
10241;0.3269;14.8;33.2;37.4;8
10242;0.3278;14.8;33.2;37.4;8
10243;0.327;14.8;33.2;37.4;8
10244;0.3257;14.8;33.2;37.3;8
10245;0.3262;14.8;33.1;37.3;8
10246;0.3247;14.8;33.0;37.3;8
10247;0.326;14.8;33.1;37.3;8
10248;0.3238;14.8;33.1;37.3;8
10249;0.3243;14.8;33.0;37.3;8
10250;0.3266;14.8;32.9;37.3;8
10251;0.326;14.8;32.9;37.2;8
10252;0.3262;14.8;32.9;37.2;8
10253;0.3296;14.8;32.9;37.2;8
10254;0.3265;14.8;33.0;37.2;8
10255;0.3263;14.8;33.0;37.2;8
10256;0.3256;14.8;32.9;37.2;8
10257;0.3263;14.8;33.0;37.1;8
10258;0.3246;14.8;33.0;37.2;8
10259;0.326;14.9;33.0;37.2;8
10260;0.3248;14.8;33.0;37.2;8
10261;0.3243;14.8;33.0;37.1;8
10262;0.3218;14.8;32.9;37.1;8
10263;0.3253;14.8;32.8;37.1;8
10264;0.3266;14.8;32.8;37.1;8
10265;0.327;14.8;32.8;37.1;8
10266;0.3228;14.8;32.9;37.1;8
10267;0.3243;14.8;32.8;37.0;8
10268;0.3238;14.8;32.8;37.1;8
10269;0.3255;14.8;32.7;37.1;8
10270;0.3263;14.8;32.7;37.0;8
10271;0.3291;14.8;32.7;37.0;8
10272;0.3283;14.8;32.6;37.1;8
10273;0.3277;14.9;32.7;37.0;8
10274;0.3279;14.7;32.7;37.0;8
10275;0.3292;14.7;32.6;37.0;8
10276;0.3285;14.7;32.7;37.0;8
10277;0.328;14.7;32.7;37.0;8
10278;0.3279;14.7;32.7;37.0;8
10279;0.3276;14.7;32.7;37.0;8
10280;0.3283;14.7;32.7;37.0;8
10281;0.3266;14.7;32.7;37.1;8
10282;0.3245;14.7;32.7;37.0;8
10283;0.3254;14.7;32.7;37.0;8
10284;0.3262;14.7;32.7;37.0;8
10285;0.3279;14.7;32.7;37.0;8
10286;0.3275;14.7;32.7;37.1;8
10287;0.3251;14.7;32.7;37.0;8
10288;0.3236;14.7;32.6;36.9;8
10289;0.3246;14.7;32.6;36.9;8
10290;0.3248;14.7;32.6;36.9;8
10291;0.3253;14.7;32.6;36.9;8
10292;0.3241;14.7;32.6;36.9;8
10293;0.3228;14.7;32.6;36.9;8
10294;0.3218;14.7;32.6;36.9;8
10295;0.3222;14.7;32.6;36.9;8
10296;0.3223;14.8;32.5;36.9;8
10297;0.321;14.8;32.6;36.8;8
10298;0.322;14.8;32.6;36.7;8
10299;0.3241;14.8;32.6;36.8;8
10300;0.3231;14.8;32.6;36.8;8
10301;0.3223;14.8;32.6;36.8;8
10302;0.3238;14.8;32.6;36.8;8
10303;0.3264;14.8;32.6;36.8;8
10304;0.3234;14.8;32.6;36.8;8
10305;0.3227;14.8;32.5;36.7;8
10306;0.3258;14.8;32.5;36.7;8
10307;0.3271;14.8;32.4;36.7;8
10308;0.3273;14.8;32.4;36.7;8
10309;0.3275;14.8;32.4;36.8;8
10310;0.3278;14.8;32.4;36.8;8
10311;0.3257;14.8;32.4;36.8;8
10312;0.3236;14.8;32.4;36.8;8
10313;0.3247;14.8;32.4;36.7;8
10314;0.3253;14.9;32.4;36.7;8
10315;0.3258;14.9;32.5;36.7;8
10316;0.3267;14.9;32.4;36.7;8
10317;0.3241;14.9;32.5;36.7;8
10318;0.3255;14.9;32.4;36.8;8
10319;0.3243;14.9;32.4;36.7;8
10320;0.3254;14.9;32.4;36.7;8
10321;0.3238;14.9;32.5;36.7;8
10322;0.3259;14.9;32.4;36.7;8
10323;0.3259;14.9;32.5;36.7;8
10324;0.3275;14.9;32.5;36.8;8
10325;0.3265;14.9;32.4;36.7;8
10326;0.3256;14.9;32.5;36.6;8
10327;0.3247;14.9;32.5;36.7;8
10328;0.3244;14.9;32.5;36.6;8
10329;0.3241;14.9;32.5;36.7;8
10330;0.324;14.9;32.4;36.6;8
10331;0.3232;14.9;32.4;36.6;8
10332;0.3237;14.9;32.4;36.6;8
10333;0.3221;14.9;32.5;36.7;8
10334;0.3217;14.9;32.4;36.6;8
10335;0.3212;14.9;32.4;36.6;8
10336;0.3221;14.9;32.4;36.7;8
10337;0.3225;14.9;32.4;36.6;8
10338;0.3241;14.9;32.4;36.6;8
10339;0.3245;14.9;32.3;36.6;8
10340;0.3259;14.9;32.4;36.7;8
10341;0.3253;14.9;32.4;36.7;8
10342;0.3249;14.9;32.3;36.7;8
10343;0.3251;14.9;32.4;36.6;8
10344;0.3284;14.9;32.3;36.6;8
10345;0.3273;14.9;32.3;36.6;8
10346;0.3278;14.9;32.3;36.6;8
10347;0.3295;14.9;32.3;36.6;8
10348;0.3311;14.9;32.3;36.7;8
10349;0.3318;15.0;32.3;36.7;8
10350;0.3316;14.9;32.3;36.7;8
10351;0.3365;15.0;32.4;36.8;8
10352;0.3359;15.0;32.4;36.8;8
10353;0.3388;15.0;32.4;36.8;8
10354;0.3365;15.0;32.4;36.8;8
10355;0.3379;15.0;32.3;36.9;8
10356;0.3381;15.0;32.3;36.9;8
10357;0.3394;15.0;32.3;36.9;8
10358;0.3362;15.1;32.3;36.9;8
10359;0.3375;15.1;32.3;36.9;8
10360;0.339;15.1;32.3;37.0;8
10361;0.3388;15.1;32.3;37.0;8
10362;0.34;15.1;32.3;37.0;8
10363;0.3419;15.1;32.3;37.0;8
10364;0.3413;15.1;32.3;37.0;8
10365;0.3407;15.1;32.3;37.0;8
10366;0.3405;15.1;32.3;37.0;8
10367;0.3393;15.1;32.3;37.1;8
10368;0.3386;15.2;32.3;37.1;8
10369;0.338;15.2;32.4;37.1;8
10370;0.3394;15.2;32.4;37.1;8
10371;0.3384;15.3;32.4;37.1;8
10372;0.338;15.3;32.3;37.1;8
10373;0.3377;15.2;32.3;37.1;8
10374;0.3368;15.2;32.4;37.2;8
10375;0.3365;15.2;32.3;37.1;8
10376;0.3386;15.2;32.3;37.1;8
10377;0.338;15.2;32.3;37.2;8
10378;0.338;15.2;32.3;37.1;8
10379;0.3373;15.2;32.4;37.1;8
10380;0.3386;15.2;32.4;37.1;8
10381;0.3387;15.2;32.3;37.1;8
10382;0.3373;15.2;32.3;37.1;8
10383;0.3377;15.2;32.4;37.1;8
10384;0.3389;15.2;32.4;37.1;8
10385;0.3377;15.2;32.3;37.1;8
10386;0.3372;15.2;32.3;37.1;8
10387;0.3367;15.3;32.3;37.1;8
10388;0.3396;15.2;32.4;37.1;8
10389;0.3377;15.3;32.3;37.2;8
10390;0.34;15.2;32.3;37.1;8
10391;0.3382;15.3;32.4;37.1;8
10392;0.3382;15.3;32.3;37.2;8
10393;0.3372;15.3;32.3;37.2;8
10394;0.3393;15.3;32.3;37.2;8
10395;0.3396;15.3;32.3;37.2;8
10396;0.3406;15.3;32.3;37.2;8
10397;0.3413;15.3;32.3;37.2;8
10398;0.3433;15.4;32.3;37.3;8
10399;0.3424;15.4;32.4;37.3;8
10400;0.3437;15.4;32.4;37.2;8
10401;0.3456;15.4;32.4;37.3;8
10402;0.3454;15.4;32.3;37.3;8
10403;0.3437;15.4;32.4;37.3;8
10404;0.3462;15.4;32.3;37.3;8
10405;0.3471;15.3;32.3;37.4;8
10406;0.3479;15.3;32.3;37.4;8
10407;0.3462;15.3;32.3;37.5;8
10408;0.3466;15.3;32.4;37.5;8
10409;0.3471;15.3;32.3;37.5;8
10410;0.352;15.3;32.3;37.5;8
10411;0.3523;15.3;32.3;37.6;8
10412;0.3529;15.3;32.3;37.6;8
10413;0.3538;15.3;32.3;37.6;8
10414;0.358;15.4;32.4;37.7;8
10415;0.3556;15.3;32.3;37.7;8
10416;0.3579;15.4;32.3;37.8;8
10417;0.3576;15.4;32.3;37.8;8
10418;0.3568;15.5;32.3;37.8;8
10419;0.3583;15.5;32.3;37.9;8
10420;0.3617;15.4;32.3;37.9;8
10421;0.3617;15.5;32.3;37.9;8
10422;0.3612;15.6;32.3;38.0;8
10423;0.3618;15.6;32.4;38.0;8
10424;0.3629;15.5;32.5;38.1;8
10425;0.3619;15.6;32.4;38.1;8
10426;0.3634;15.7;32.5;38.1;8
10427;0.3648;15.7;32.4;38.1;8
10428;0.3666;15.7;32.4;38.2;8
10429;0.3656;15.7;32.4;38.2;8
10430;0.3673;15.7;32.5;38.2;8
10431;0.3683;15.7;32.4;38.3;8
10432;0.3689;15.7;32.4;38.3;8
10433;0.3687;15.7;32.4;38.4;8
10434;0.3701;15.7;32.3;38.4;8
10435;0.372;15.7;32.4;38.5;8
10436;0.3719;15.7;32.4;38.5;8
10437;0.3727;15.7;32.5;38.4;8
10438;0.3748;15.7;32.4;38.5;8
10439;0.3743;15.8;32.5;38.5;8
10440;0.3747;15.7;32.5;38.6;8
10441;0.3772;15.7;32.5;38.7;8
10442;0.3788;15.7;32.4;38.7;8
10443;0.3804;15.8;32.5;38.8;8
10444;0.3806;15.8;32.5;38.8;8
10445;0.3813;15.8;32.5;38.9;8
10446;0.3832;15.7;32.5;38.9;8
10447;0.3829;15.7;32.5;39.0;8
10448;0.3842;15.8;32.6;39.0;8
10449;0.3805;15.7;32.6;39.1;8
10450;0.3822;15.7;32.6;39.1;8
10451;0.3817;15.7;32.6;39.2;8
10452;0.3864;15.7;32.6;39.2;8
10453;0.3867;15.7;32.6;39.2;8
10454;0.3866;15.8;32.6;39.3;8
10455;0.3878;15.8;32.6;39.3;8
10456;0.3899;15.8;32.6;39.4;8
10457;0.3916;15.8;32.7;39.4;8
10458;0.3933;15.8;32.7;39.5;8
10459;0.3921;15.8;32.7;39.5;8
10460;0.3946;15.8;32.7;39.6;8
10461;0.3922;15.8;32.7;39.6;8
10462;0.3926;15.8;32.7;39.7;8
10463;0.3945;15.8;32.7;39.7;8
10464;0.3971;15.8;32.7;39.7;8
10465;0.3963;15.8;32.7;39.8;8
10466;0.3941;15.8;32.7;39.9;8
10467;0.3972;15.8;32.7;40.1;8
10468;0.3981;15.8;32.7;40.2;8
10469;0.4007;15.8;32.7;40.3;8
10470;0.4022;15.8;32.7;40.4;8
10471;0.4045;15.8;32.7;40.4;8
10472;0.4047;15.8;32.7;40.4;8
10473;0.4044;15.8;32.7;40.4;8
10474;0.4037;15.8;32.7;40.5;8
10475;0.4073;15.8;32.8;40.5;8
10476;0.4076;15.9;32.9;40.7;8
10477;0.4097;15.9;32.8;40.7;8
10478;0.4094;15.9;32.9;40.7;8
10479;0.4089;15.9;32.8;40.8;8
10480;0.4098;16.0;32.9;40.9;8
10481;0.4095;16.0;32.9;40.9;8
10482;0.4107;15.9;32.8;40.9;8
10483;0.4133;16.0;32.8;40.9;8
10484;0.4138;16.0;32.9;41.0;8
10485;0.4152;16.0;33.0;41.1;8
10486;0.4151;15.9;32.9;41.1;8
10487;0.4169;16.0;32.9;41.1;8
10488;0.4192;16.0;32.9;41.2;8
10489;0.4205;16.0;32.9;41.3;8
10490;0.4217;16.0;33.0;41.3;8
10491;0.4215;16.1;33.0;41.3;8
10492;0.4216;16.1;33.0;41.4;8
10493;0.4191;16.1;33.0;41.4;8
10494;0.4201;16.1;33.0;41.4;8
10495;0.4191;16.1;33.1;41.5;8
10496;0.4206;16.1;33.1;41.5;8
10497;0.4205;16.2;33.1;41.6;8
10498;0.4236;16.2;33.1;41.6;8
10499;0.4231;16.2;33.0;41.6;8
10500;0.4251;16.3;33.1;41.7;8
10501;0.4263;16.3;33.0;41.7;8
10502;0.4281;16.3;33.1;41.8;8
10503;0.4306;16.3;33.1;41.9;8
10504;0.4278;16.3;33.2;42.0;8
10505;0.4294;16.2;33.2;42.0;8
10506;0.4307;16.3;33.2;42.0;8
10507;0.4313;16.3;33.1;42.1;8
10508;0.4307;16.3;33.2;42.1;8
10509;0.4319;16.4;33.3;42.1;8
10510;0.4308;16.4;33.3;42.1;8
10511;0.4323;16.4;33.3;42.2;8
10512;0.4314;16.5;33.3;42.2;8
10513;0.4322;16.4;33.4;42.2;8
10514;0.4329;16.4;33.4;42.3;8
10515;0.4343;16.4;33.4;42.4;8
10516;0.4338;16.5;33.4;42.5;8
10517;0.4341;16.6;33.4;42.7;8
10518;0.4345;16.5;33.4;42.8;8
10519;0.4349;16.5;33.5;42.8;8
10520;0.4367;16.5;33.5;42.9;8
10521;0.438;16.5;33.5;42.9;8
10522;0.4389;16.6;33.6;43.0;8
10523;0.4394;16.7;33.5;43.1;8
10524;0.4409;16.7;33.6;43.1;8
10525;0.4408;16.8;33.6;43.2;8
10526;0.4401;16.8;33.6;43.2;8
10527;0.4421;16.8;33.6;43.3;8
10528;0.4436;16.8;33.6;43.3;8
10529;0.4431;16.9;33.7;43.4;8
10530;0.4448;16.9;33.7;43.4;8
10531;0.4446;16.9;33.8;43.5;8
10532;0.4419;16.9;33.8;43.6;8
10533;0.4441;16.9;33.8;43.6;8
10534;0.4422;17.0;33.8;43.7;8
10535;0.4441;17.0;33.8;43.7;8
10536;0.444;17.0;33.9;43.8;8
10537;0.4453;17.0;33.9;43.8;8
10538;0.4503;17.0;33.9;43.8;8
10539;0.4484;17.0;33.9;43.8;8
10540;0.4508;17.0;33.9;43.9;8
10541;0.4509;17.0;34.0;44.0;8
10542;0.4505;17.1;34.0;44.0;8
10543;0.4513;17.0;34.1;44.0;8
10544;0.4507;17.1;34.1;44.1;8
10545;0.45;17.0;34.1;44.2;8
10546;0.4526;17.0;34.0;44.2;8
10547;0.4522;17.0;34.0;44.3;8
10548;0.4519;17.0;34.1;44.3;8
10549;0.4507;17.0;34.1;44.3;8
10550;0.4523;17.0;34.1;44.3;8
10551;0.4517;16.9;34.2;44.4;8
10552;0.4515;16.9;34.1;44.5;8
10553;0.4555;16.9;34.2;44.5;8
10554;0.4546;16.9;34.2;44.5;8
10555;0.4547;16.9;34.2;44.6;8
10556;0.4564;16.9;34.3;44.6;8
10557;0.4564;16.9;34.3;44.6;8
10558;0.4574;16.9;34.2;44.7;8
10559;0.4562;16.9;34.3;44.7;8
10560;0.455;16.9;34.4;44.8;8
10561;0.457;16.9;34.3;44.8;8
10562;0.4555;16.9;34.3;44.9;8
10563;0.4562;16.9;34.4;44.9;8
10564;0.4583;16.9;34.4;44.9;8
10565;0.458;17.0;34.4;44.9;8
10566;0.4582;16.9;34.4;45.1;8
10567;0.4585;17.0;34.5;45.2;8
10568;0.4549;17.0;34.5;45.3;8
10569;0.4548;17.0;34.5;45.2;8
10570;0.4552;17.0;34.5;45.3;8
10571;0.456;17.0;34.5;45.3;8
10572;0.4552;17.0;34.5;45.4;8
10573;0.4563;17.0;34.6;45.3;8
10574;0.4531;17.1;34.6;45.4;8
10575;0.4563;17.0;34.6;45.2;8
10576;0.4551;17.0;34.6;45.4;8
10577;0.4548;17.0;34.7;45.4;8
10578;0.4545;17.1;34.8;45.4;8
10579;0.4555;17.1;34.8;45.4;8
10580;0.4535;17.2;34.7;45.5;8
10581;0.4554;17.1;34.7;45.5;8
10582;0.4551;17.2;34.7;45.5;8
10583;0.4582;17.2;34.8;45.5;8
10584;0.4576;17.2;34.9;45.6;8
10585;0.456;17.2;34.9;45.5;8
10586;0.4549;17.1;34.8;45.6;8
10587;0.4545;17.2;34.8;45.6;8
10588;0.4561;17.2;34.9;45.6;8
10589;0.4563;17.2;35.0;45.7;8
10590;0.4606;17.2;35.0;45.6;8
10591;0.4578;17.2;35.0;45.7;8
10592;0.4574;17.2;35.0;45.7;8
10593;0.4592;17.2;35.0;45.7;8
10594;0.4581;17.2;35.0;45.8;8
10595;0.4605;17.1;35.0;45.8;8
10596;0.4592;17.2;35.1;45.9;8
10597;0.4601;17.1;35.1;45.8;8
10598;0.4624;17.1;35.0;45.9;8
10599;0.4607;17.2;35.1;46.0;8
10600;0.4644;17.2;35.1;46.0;8
10601;0.4636;17.1;35.1;46.1;8
10602;0.4634;17.1;35.1;46.1;8
10603;0.4635;17.1;35.1;46.2;8
10604;0.4624;17.0;35.1;46.2;8
10605;0.4628;17.0;35.1;46.2;8
10606;0.4615;17.0;35.1;46.3;8
10607;0.465;17.0;35.2;46.3;8
10608;0.4653;17.0;35.2;46.3;8
10609;0.4643;17.1;35.3;46.4;8
10610;0.4647;17.1;35.3;46.4;8
10611;0.4607;17.1;35.2;46.4;8
10612;0.4607;17.1;35.2;46.4;8
10613;0.4598;17.0;35.2;46.4;8
10614;0.4593;17.0;35.2;46.4;8
10615;0.4616;17.1;35.3;46.4;8
10616;0.4646;17.0;35.2;46.4;8
10617;0.4644;17.0;35.2;46.5;8
10618;0.466;17.0;35.3;46.5;8
10619;0.4659;16.9;35.4;46.5;8
10620;0.467;16.9;35.3;46.5;8
10621;0.4656;16.9;35.3;46.5;8
10622;0.4664;16.9;35.4;46.6;8
10623;0.4673;16.9;35.4;46.6;8
10624;0.4654;16.9;35.4;46.6;8
10625;0.4671;16.9;35.5;46.6;8
10626;0.4666;16.9;35.5;46.7;8
10627;0.465;16.9;35.5;46.6;8
10628;0.4668;16.9;35.4;46.6;8
10629;0.4648;17.0;35.5;46.6;8
10630;0.4657;16.9;35.5;46.6;8
10631;0.466;17.0;35.5;46.7;8
10632;0.4668;16.9;35.6;46.7;8
10633;0.4672;17.0;35.6;46.7;8
10634;0.4655;17.0;35.6;46.7;8
10635;0.4643;17.0;35.6;46.8;8
10636;0.467;16.9;35.6;46.7;8
10637;0.4652;17.0;35.6;46.8;8
10638;0.4661;17.0;35.7;46.8;8
10639;0.4675;17.0;35.7;46.8;8
10640;0.4708;17.0;35.7;46.8;8
10641;0.4682;17.0;35.7;46.8;8
10642;0.4719;17.0;35.8;46.8;8
10643;0.4702;17.0;35.8;46.9;8
10644;0.4702;16.9;35.7;46.9;8
10645;0.4708;17.0;35.7;46.8;8
10646;0.4661;16.9;35.7;46.9;8
10647;0.4695;16.9;35.7;46.9;8
10648;0.4712;16.8;35.7;46.9;8
10649;0.469;16.8;35.7;46.9;8
10650;0.4711;16.8;35.7;46.9;8
10651;0.4679;16.8;35.7;46.9;8
10652;0.4692;16.8;35.7;46.9;8
10653;0.4703;16.8;35.7;46.9;8
10654;0.4704;16.8;35.7;47.0;8
10655;0.4728;16.8;35.7;47.0;8
10656;0.4724;16.8;35.7;46.9;8
10657;0.4722;16.8;35.7;47.0;8
10658;0.4707;16.8;35.8;47.0;8
10659;0.4727;16.8;35.8;47.1;8
10660;0.4742;16.8;35.8;47.1;8
10661;0.4728;16.8;35.7;47.1;8
10662;0.4725;16.8;35.7;47.1;8
10663;0.472;16.8;35.7;47.1;8
10664;0.4724;16.7;35.7;47.1;8
10665;0.4735;16.7;35.7;47.1;8
10666;0.4721;16.7;35.7;47.1;8
10667;0.4748;16.7;35.8;47.1;8
10668;0.4741;16.7;35.8;47.2;8
10669;0.4739;16.7;35.8;47.2;8
10670;0.4739;16.7;35.8;47.2;8
10671;0.4714;16.6;35.8;47.2;8
10672;0.4731;16.7;35.8;47.2;8
10673;0.4724;16.7;35.8;47.3;8
10674;0.4726;16.7;35.9;47.3;8
10675;0.4729;16.6;36.0;47.3;8
10676;0.4739;16.7;36.0;47.3;8
10677;0.4734;16.7;35.9;47.4;8
10678;0.4747;16.7;35.9;47.4;8
10679;0.4725;16.7;35.9;47.4;8
10680;0.4731;16.8;36.0;47.4;8
10681;0.4737;16.8;35.9;47.5;8
10682;0.4724;16.8;36.1;47.5;8
10683;0.4742;16.8;36.0;47.5;8
10684;0.4736;16.8;36.0;47.6;8
10685;0.4747;16.8;36.1;47.6;8
10686;0.4744;16.8;36.1;47.6;8
10687;0.4741;16.8;36.1;47.6;8
10688;0.4735;16.8;36.1;47.6;8
10689;0.4729;16.8;36.1;47.6;8
10690;0.4733;16.8;36.1;47.6;8
10691;0.4732;16.8;36.1;47.6;8
10692;0.4714;16.8;36.1;47.6;8
10693;0.4718;16.9;36.2;47.6;8
10694;0.4735;16.9;36.2;47.6;8
10695;0.4707;16.8;36.3;47.6;8
10696;0.469;16.8;36.2;47.6;8
10697;0.4688;16.8;36.2;47.6;8
10698;0.4694;16.8;36.2;47.6;8
10699;0.4731;16.8;36.2;47.6;8
10700;0.4742;16.8;36.2;47.6;8
10701;0.4746;16.7;36.2;47.7;8
10702;0.472;16.7;36.2;47.6;8
10703;0.4735;16.7;36.1;47.7;8
10704;0.4748;16.6;36.1;47.6;8
10705;0.4767;16.6;36.1;47.7;8
10706;0.4753;16.5;36.1;47.7;8
10707;0.4772;16.4;36.1;47.7;8
10708;0.4748;16.5;36.1;47.7;8
10709;0.4777;16.5;36.0;47.7;8
10710;0.4766;16.4;36.0;47.8;8
10711;0.4762;16.3;36.0;47.8;8
10712;0.4775;16.3;36.0;47.8;8
10713;0.4775;16.3;36.0;47.8;8
10714;0.4733;16.4;35.9;47.9;8
10715;0.4727;16.3;36.1;47.8;8
10716;0.4727;16.2;36.0;47.8;8
10717;0.4708;16.2;36.0;47.8;8
10718;0.4729;16.2;35.9;47.8;8
10719;0.4742;16.2;35.9;47.8;8
10720;0.4733;16.3;36.0;47.8;8
10721;0.4736;16.2;36.0;47.8;8
10722;0.4721;16.2;35.9;47.8;8
10723;0.4703;16.2;36.0;47.8;8
10724;0.4724;16.2;35.9;47.8;8
10725;0.4738;16.3;35.9;47.8;8
10726;0.4716;16.3;35.9;47.8;8
10727;0.4737;16.2;35.9;47.9;8
10728;0.4746;16.3;35.9;47.9;8
10729;0.4753;16.2;35.9;47.9;8
10730;0.4785;16.3;35.9;47.9;8
10731;0.4806;16.2;35.9;47.9;8
10732;0.4801;16.3;36.0;48.0;8
10733;0.4806;16.2;36.0;48.0;8
10734;0.4821;16.1;36.0;48.0;8
10735;0.4838;16.1;36.0;48.0;8
10736;0.4825;16.2;36.0;48.1;8
10737;0.4818;16.2;36.0;48.1;8
10738;0.4804;16.1;36.0;48.1;8
10739;0.4813;16.1;36.0;48.1;8
10740;0.4818;16.2;36.0;48.1;8
10741;0.4829;16.2;36.0;48.1;8
10742;0.4843;16.0;35.9;48.0;8
10743;0.4819;16.0;35.9;48.0;8
10744;0.4825;16.0;35.8;48.0;8
10745;0.4811;16.0;35.9;48.0;8
10746;0.4833;16.0;35.8;48.0;8
10747;0.4835;15.8;35.8;48.0;8
10748;0.4841;15.8;35.7;48.0;8
10749;0.4853;15.9;35.7;48.0;8
10750;0.486;15.9;35.7;48.0;8
10751;0.4857;15.8;35.7;48.0;8
10752;0.4851;15.9;35.8;48.0;8
10753;0.4874;15.8;35.7;48.0;8
10754;0.4873;15.8;35.7;48.1;8
10755;0.488;15.8;35.7;48.1;8
10756;0.4891;15.7;35.7;48.1;8
10757;0.4857;15.7;35.6;48.0;8
10758;0.4877;15.7;35.6;48.0;8
10759;0.4886;15.7;35.6;48.0;8
10760;0.4881;15.7;35.6;48.0;8
10761;0.4897;15.7;35.6;48.0;8
10762;0.4892;15.8;35.6;48.0;8
10763;0.4918;15.9;35.6;48.0;8
10764;0.4912;15.9;35.6;48.0;8
10765;0.4894;15.9;35.6;48.0;8
10766;0.489;15.8;35.6;48.0;8
10767;0.4899;15.9;35.6;47.9;8
10768;0.4886;15.9;35.6;47.9;8
10769;0.4894;16.0;35.5;47.9;8
10770;0.4943;16.0;35.6;47.9;8
10771;0.4924;16.0;35.5;48.0;8
10772;0.4933;16.0;35.6;48.0;8
10773;0.4928;16.0;35.6;48.0;8
10774;0.4938;16.0;35.6;48.1;8
10775;0.4941;16.0;35.5;48.1;8
10776;0.4927;15.8;35.5;48.1;8
10777;0.4933;15.8;35.6;48.1;8
10778;0.4954;15.8;35.6;48.2;8
10779;0.4957;15.9;35.6;48.1;8
10780;0.4957;15.9;35.6;48.2;8
10781;0.4938;15.9;35.6;48.2;8
10782;0.4962;16.0;35.6;48.1;8
10783;0.4932;16.0;35.6;48.2;8
10784;0.4943;16.0;35.6;48.2;8
10785;0.4961;16.0;35.6;48.1;8
10786;0.4957;16.1;35.6;48.2;8
10787;0.4961;16.2;35.6;48.2;8
10788;0.4965;16.1;35.6;48.4;8
10789;0.493;16.1;35.6;48.2;8
10790;0.4939;16.1;35.6;48.2;8
10791;0.4917;16.0;35.6;48.2;8
10792;0.4909;16.0;35.6;48.4;8
10793;0.4889;16.1;35.6;48.2;8
10794;0.4931;16.2;35.5;48.3;8
10795;0.4925;16.2;35.5;48.3;8
10796;0.4937;16.1;35.6;48.2;8
10797;0.4909;16.1;35.6;48.3;8
10798;0.4904;16.1;35.6;48.3;8
10799;0.4935;16.1;35.6;48.5;8
10800;0.4939;16.0;35.6;48.6;8
10801;0.4913;16.1;35.6;48.3;8
10802;0.4919;16.1;35.7;48.5;8
10803;0.4918;16.1;35.7;48.4;8
10804;0.4914;16.1;35.7;48.4;8
10805;0.4926;16.0;35.7;48.4;8
10806;0.4893;16.1;35.7;48.6;8
10807;0.4822;16.1;35.7;48.6;8
10808;0.4822;16.1;35.7;48.6;8
10809;0.4829;16.1;35.7;48.5;8
10810;0.4867;16.1;35.8;48.3;8
10811;0.4838;16.1;35.8;48.3;8
10812;0.4858;16.2;35.9;48.2;8
10813;0.4823;16.1;35.8;48.3;8
10814;0.4826;16.1;36.0;48.2;8
10815;0.4857;16.1;35.9;48.2;8
10816;0.4843;16.1;35.9;48.2;8
10817;0.4853;16.1;36.0;48.2;8
10818;0.4842;16.1;35.9;48.3;8
10819;0.4828;16.0;35.9;48.4;8
10820;0.4858;16.1;35.9;48.2;8
10821;0.4872;16.1;36.0;48.3;8
10822;0.4818;16.2;36.0;48.4;8
10823;0.4832;16.2;36.1;48.2;8
10824;0.488;16.2;36.1;48.5;8
10825;0.4838;16.2;36.1;48.3;8
10826;0.482;16.2;36.1;48.3;8
10827;0.482;16.3;36.3;48.4;8
10828;0.4807;16.2;36.2;48.2;8
10829;0.4807;16.2;36.2;48.2;8
10830;0.4806;16.2;36.2;48.2;8
10831;0.4799;16.3;36.2;48.1;8
10832;0.4814;16.3;36.2;48.1;8
10833;0.4832;16.3;36.2;48.1;8
10834;0.4834;16.3;36.2;48.1;8
10835;0.484;16.3;36.2;48.3;8
10836;0.4803;16.3;36.2;48.2;8
10837;0.4791;16.3;36.2;48.1;8
10838;0.4815;16.4;36.3;48.1;8
10839;0.4802;16.4;36.3;48.2;8
10840;0.483;16.4;36.3;48.2;8
10841;0.4784;16.3;36.3;48.2;8
10842;0.4797;16.3;36.3;48.2;8
10843;0.4789;16.3;36.3;48.1;8
10844;0.4776;16.3;36.4;48.1;8
10845;0.4774;16.3;36.3;48.1;8
10846;0.4777;16.3;36.4;48.1;8
10847;0.4772;16.3;36.5;48.0;8
10848;0.4784;16.3;36.4;48.0;8
10849;0.481;16.3;36.4;48.0;8
10850;0.4825;16.3;36.4;48.0;8
10851;0.4806;16.3;36.5;48.0;8
10852;0.4808;16.2;36.5;48.0;8
10853;0.4804;16.4;36.4;48.0;8
10854;0.4802;16.5;36.5;48.0;8
10855;0.4794;16.4;36.5;48.0;8
10856;0.4763;16.4;36.4;48.1;8
10857;0.4805;16.4;36.5;48.0;8
10858;0.4811;16.5;36.4;48.0;8
10859;0.4814;16.6;36.5;48.0;8
10860;0.4786;16.6;36.4;48.1;8
10861;0.4752;16.6;36.4;48.1;8
10862;0.4761;16.6;36.4;48.0;8
10863;0.4761;16.6;36.4;48.1;8
10864;0.4765;16.6;36.4;48.0;8
10865;0.4751;16.5;36.4;48.2;8
10866;0.4766;16.5;36.4;48.0;8
10867;0.4748;16.6;36.4;48.0;8
10868;0.4736;16.5;36.4;48.0;8
10869;0.4731;16.5;36.4;48.0;8
10870;0.4744;16.5;36.4;48.0;8
10871;0.4692;16.6;36.4;48.0;8
10872;0.471;16.6;36.4;47.9;8
10873;0.4713;16.7;36.4;48.0;8
10874;0.4732;16.7;36.6;47.9;8
10875;0.4705;16.7;36.6;47.9;8
10876;0.4689;16.7;36.6;47.9;8
10877;0.4709;16.8;36.5;47.9;8
10878;0.4698;16.8;36.5;47.9;8
10879;0.4704;16.8;36.6;47.9;8
10880;0.472;16.8;36.6;47.8;8
10881;0.4705;16.7;36.6;47.8;8
10882;0.4686;16.7;36.7;47.8;8
10883;0.4703;16.7;36.7;47.8;8
10884;0.4721;16.7;36.6;47.8;8
10885;0.473;16.7;36.7;47.8;8
10886;0.4704;16.7;36.7;47.8;8
10887;0.4705;16.7;36.7;47.8;8
10888;0.4724;16.7;36.7;47.8;8
10889;0.4721;16.7;36.7;47.8;8
10890;0.4707;16.7;36.7;47.9;8
10891;0.4692;16.8;36.7;47.8;8
10892;0.4693;16.8;36.7;47.9;8
10893;0.4675;16.8;36.7;47.9;8
10894;0.4685;16.8;36.6;47.8;8
10895;0.4689;16.8;36.6;47.8;8
10896;0.4686;16.8;36.6;47.8;8
10897;0.4694;16.8;36.7;47.8;8
10898;0.4694;16.8;36.8;47.8;8
10899;0.4702;16.8;36.8;47.8;8
10900;0.4715;16.8;36.8;47.8;8
10901;0.4694;16.8;36.8;47.8;8
10902;0.4703;16.8;36.8;47.9;8
10903;0.4679;16.8;36.8;47.8;8
10904;0.4668;16.8;36.8;47.8;8
10905;0.4676;16.8;36.8;47.9;8
10906;0.4677;16.8;36.8;47.8;8
10907;0.4682;16.8;36.9;47.8;8
10908;0.4671;16.8;36.9;47.8;8
10909;0.4687;16.8;36.9;47.8;8
10910;0.4677;16.8;36.9;47.8;8
10911;0.4668;16.8;36.9;47.8;8
10912;0.4654;16.9;36.9;47.8;8
10913;0.4687;16.9;36.9;47.8;8
10914;0.4659;16.9;37.0;47.8;8
10915;0.4681;16.9;37.1;47.8;8
10916;0.4644;16.9;37.1;47.8;8
10917;0.4703;16.9;37.1;47.8;8
10918;0.4675;16.9;37.1;47.8;8
10919;0.4666;16.9;37.1;47.8;8
10920;0.4685;16.9;37.1;47.8;8
10921;0.4643;17.0;37.1;47.8;8
10922;0.4667;17.1;37.1;47.8;8
10923;0.4719;17.0;37.0;47.8;8
10924;0.4733;17.1;37.1;47.8;8
10925;0.4726;17.1;37.1;47.8;8
10926;0.4727;17.1;37.1;47.8;8
10927;0.4745;17.1;37.1;47.9;8
10928;0.4751;17.1;37.2;48.0;8
10929;0.4697;17.1;37.2;48.0;8
10930;0.4733;17.1;37.2;48.0;8
10931;0.4714;17.1;37.2;48.0;8
10932;0.4733;17.1;37.2;48.0;8
10933;0.4731;17.0;37.2;48.0;8
10934;0.4718;17.0;37.2;48.1;8
10935;0.4717;17.0;37.2;48.1;8
10936;0.469;17.1;37.3;48.1;8
10937;0.4685;17.0;37.3;48.1;8
10938;0.4701;17.0;37.3;48.1;8
10939;0.4703;17.2;37.3;48.1;8
10940;0.4703;17.1;37.3;48.1;8
10941;0.4675;17.2;37.3;48.1;8
10942;0.4661;17.1;37.3;48.1;8
10943;0.4684;17.1;37.4;48.1;8
10944;0.4696;17.1;37.4;48.1;8
10945;0.4699;17.1;37.4;48.1;8
10946;0.4698;17.1;37.4;48.1;8
10947;0.4681;17.2;37.4;48.1;8
10948;0.4673;17.1;37.4;48.1;8
10949;0.4648;17.2;37.5;48.1;8
10950;0.4699;17.3;37.5;48.1;8
10951;0.4707;17.3;37.5;48.1;8
10952;0.4658;17.3;37.5;48.2;8
10953;0.4664;17.3;37.5;48.2;8
10954;0.4664;17.3;37.5;48.2;8
10955;0.4689;17.3;37.5;48.1;8
10956;0.465;17.4;37.5;48.1;8
10957;0.4665;17.4;37.5;48.2;8
10958;0.466;17.4;37.5;48.1;8
10959;0.468;17.4;37.5;48.1;8
10960;0.4647;17.4;37.5;48.1;8
10961;0.4652;17.4;37.5;48.1;8
10962;0.4641;17.4;37.6;48.1;8
10963;0.4644;17.4;37.6;48.1;8
10964;0.4647;17.4;37.6;48.0;8
10965;0.4639;17.4;37.6;48.1;8
10966;0.4623;17.4;37.6;48.1;8
10967;0.4647;17.4;37.6;48.0;8
10968;0.4659;17.5;37.6;48.0;8
10969;0.4636;17.6;37.6;48.0;8
10970;0.4642;17.5;37.7;48.0;8
10971;0.4641;17.5;37.6;48.1;8
10972;0.4631;17.6;37.6;48.0;8
10973;0.4664;17.5;37.6;48.1;8
10974;0.4629;17.6;37.6;48.1;8
10975;0.4651;17.5;37.6;48.1;8
10976;0.4643;17.5;37.7;48.1;8
10977;0.4651;17.5;37.6;48.1;8
10978;0.4645;17.6;37.7;48.1;8
10979;0.4671;17.6;37.7;48.1;8
10980;0.4677;17.6;37.8;48.1;8
10981;0.466;17.5;37.7;48.1;8
10982;0.4683;17.6;37.7;48.1;8
10983;0.4642;17.6;37.8;48.2;8
10984;0.4669;17.6;37.8;48.2;8
10985;0.4661;17.6;37.8;48.2;8
10986;0.4657;17.7;37.8;48.2;8
10987;0.4657;17.6;37.8;48.2;8
10988;0.4669;17.7;37.7;48.4;8
10989;0.4637;17.7;37.7;48.4;8
10990;0.4671;17.7;37.7;48.3;8
10991;0.4649;17.7;37.7;48.3;8
10992;0.4659;17.7;37.7;48.3;8
10993;0.4675;17.6;37.8;48.5;8
10994;0.4654;17.6;37.7;48.5;8
10995;0.4636;17.6;37.8;48.5;8
10996;0.4655;17.6;37.8;48.5;8
10997;0.4605;17.7;37.8;48.3;8
10998;0.4597;17.7;37.9;48.3;8
10999;0.4611;17.7;37.9;48.2;8
11000;0.4595;17.7;37.9;48.5;8
11001;0.459;17.7;37.9;48.3;8
11002;0.4585;17.8;37.9;48.2;8
11003;0.4613;17.7;37.9;48.2;8
11004;0.4598;17.7;37.9;48.2;8
11005;0.4615;17.7;37.9;48.2;8
11006;0.4593;17.8;37.9;48.4;8
11007;0.4622;17.8;37.9;48.2;8
11008;0.463;17.8;37.9;48.2;8
11009;0.4633;17.8;37.9;48.2;8
11010;0.4647;17.8;37.9;48.3;8
11011;0.4664;17.8;37.9;48.3;8
11012;0.4652;17.8;38.0;48.3;8
11013;0.4661;17.8;38.0;48.3;8
11014;0.4659;17.8;38.0;48.5;8
11015;0.4649;17.8;38.0;48.6;8
11016;0.4637;17.8;38.0;48.6;8
11017;0.4636;17.9;38.1;48.4;8
11018;0.4647;17.8;38.0;48.7;8
11019;0.4618;17.8;38.0;48.6;8
11020;0.4604;17.9;38.0;48.6;8
11021;0.4595;17.9;38.0;48.4;8
11022;0.4596;18.0;38.0;48.6;8
11023;0.4599;18.0;38.1;48.6;8
11024;0.4596;17.9;38.0;48.6;8
11025;0.4585;17.9;38.0;48.6;8
11026;0.4601;17.9;38.0;48.6;8
11027;0.4602;17.9;38.0;48.6;8
11028;0.4611;17.9;38.0;48.6;8
11029;0.4625;17.9;38.0;48.7;8
11030;0.4623;18.0;38.0;48.7;8
11031;0.4617;17.9;38.0;48.7;8
11032;0.4613;18.0;38.0;48.7;8
11033;0.4612;18.1;38.0;48.7;8
11034;0.4606;18.1;38.1;48.8;8
11035;0.4609;18.1;38.1;48.8;8
11036;0.4638;18.1;38.2;48.7;8
11037;0.4625;18.1;38.2;48.8;8
11038;0.4626;18.0;38.2;48.8;8
11039;0.4634;18.1;38.1;48.8;8
11040;0.4631;18.1;38.1;48.8;8
11041;0.4616;18.1;38.1;48.8;8
11042;0.4628;18.1;38.1;48.8;8
11043;0.4638;18.1;38.1;48.9;8
11044;0.4675;18.1;38.1;48.9;8
11045;0.4652;18.0;38.1;48.9;8
11046;0.4674;18.0;38.1;48.9;8
11047;0.4663;18.1;38.2;49.0;8
11048;0.4657;18.1;38.2;48.9;8
11049;0.4656;18.2;38.2;49.0;8
11050;0.4663;18.2;38.3;49.0;8
11051;0.4682;18.2;38.3;49.0;8
11052;0.4679;18.2;38.3;49.0;8
11053;0.4675;18.2;38.2;49.0;8
11054;0.4681;18.2;38.2;49.0;8
11055;0.4678;18.1;38.3;49.0;8
11056;0.467;18.2;38.2;49.1;8
11057;0.4721;18.2;38.3;49.1;8
11058;0.4694;18.2;38.4;49.1;8
11059;0.4682;18.1;38.4;49.1;8
11060;0.4683;18.2;38.4;49.1;8
11061;0.4696;18.2;38.4;49.1;8
11062;0.4688;18.2;38.4;49.1;8
11063;0.4705;18.2;38.4;49.1;8
11064;0.4711;18.2;38.4;49.1;8
11065;0.4756;18.3;38.4;49.1;8
11066;0.4721;18.3;38.4;49.2;8
11067;0.4737;18.3;38.4;49.3;8
11068;0.4712;18.4;38.4;49.3;8
11069;0.4718;18.3;38.4;49.3;8
11070;0.4725;18.3;38.4;49.3;8
11071;0.4714;18.3;38.4;49.3;8
11072;0.4752;18.4;38.4;49.4;8
11073;0.4742;18.4;38.4;49.4;8
11074;0.4711;18.4;38.4;49.4;8
11075;0.4714;18.5;38.5;49.4;8
11076;0.4711;18.5;38.5;49.4;8
11077;0.4747;18.5;38.5;49.4;8
11078;0.472;18.5;38.5;49.5;8
11079;0.4722;18.5;38.5;49.5;8
11080;0.4728;18.6;38.5;49.5;8
11081;0.4719;18.5;38.5;49.5;8
11082;0.4735;18.5;38.5;49.5;8
11083;0.4738;18.6;38.5;49.6;8
11084;0.4748;18.6;38.5;49.6;8
11085;0.4754;18.5;38.6;49.6;8
11086;0.4777;18.6;38.6;49.6;8
11087;0.4787;18.6;38.6;49.6;8
11088;0.4774;18.6;38.6;49.7;8
11089;0.4798;18.7;38.6;49.7;8
11090;0.4795;18.7;38.6;49.8;8
11091;0.478;18.7;38.6;49.8;8
11092;0.4803;18.7;38.6;49.8;8
11093;0.478;18.7;38.6;49.8;8
11094;0.4839;18.7;38.6;49.9;8
11095;0.4815;18.7;38.6;50.0;8
11096;0.4838;18.7;38.6;50.0;8
11097;0.4869;18.7;38.6;50.0;8
11098;0.4868;18.7;38.6;50.1;8
11099;0.491;18.7;38.6;50.2;8
11100;0.4899;18.7;38.6;50.2;8
11101;0.4892;18.6;38.7;50.3;8
11102;0.488;18.6;38.7;50.2;8
11103;0.4877;18.6;38.8;50.3;8
11104;0.4879;18.6;38.8;50.3;8
11105;0.4918;18.6;38.8;50.4;8
11106;0.488;18.6;38.8;50.4;8
11107;0.4885;18.6;38.8;50.4;8
11108;0.4881;18.6;38.7;50.5;8
11109;0.4869;18.5;38.8;50.5;8
11110;0.4862;18.5;38.7;50.5;8
11111;0.4888;18.5;38.7;50.5;8
11112;0.4859;18.6;38.8;50.5;8
11113;0.4847;18.6;38.9;50.5;8
11114;0.4881;18.6;38.9;50.5;8
11115;0.4865;18.6;38.9;50.5;8
11116;0.4878;18.6;38.9;50.6;8
11117;0.4866;18.6;38.9;50.6;8
11118;0.4866;18.6;38.9;50.6;8
11119;0.4872;18.6;38.9;50.6;8
11120;0.487;18.6;38.9;50.6;8
11121;0.4847;18.6;38.9;50.6;8
11122;0.4805;18.6;38.9;50.6;8
11123;0.4832;18.6;38.9;50.6;8
11124;0.4861;18.6;38.9;50.6;8
11125;0.4853;18.6;38.9;50.6;8
11126;0.4812;18.6;38.9;50.6;8
11127;0.4806;18.6;39.0;50.6;8
11128;0.4786;18.6;39.0;50.6;8
11129;0.4798;18.6;39.0;50.5;8
11130;0.4796;18.6;39.0;50.5;8
11131;0.4786;18.6;39.0;50.5;8
11132;0.4772;18.6;39.0;50.5;8
11133;0.48;18.6;39.0;50.5;8
11134;0.4839;18.6;39.0;50.5;8
11135;0.4824;18.6;39.0;50.5;8
11136;0.48;18.6;39.0;50.5;8
11137;0.4799;18.6;39.0;50.5;8
11138;0.4784;18.6;39.0;50.4;8
11139;0.4792;18.6;39.0;50.5;8
11140;0.4777;18.7;38.9;50.5;8
11141;0.4765;18.6;39.1;50.5;8
11142;0.4768;18.7;39.0;50.5;8
11143;0.4761;18.7;39.1;50.5;8
11144;0.4778;18.7;39.2;50.4;8
11145;0.4791;18.7;39.1;50.4;8
11146;0.4768;18.7;39.1;50.4;8
11147;0.4783;18.7;39.1;50.4;8
11148;0.4784;18.7;39.1;50.4;8
11149;0.4768;18.7;39.1;50.4;8
11150;0.4772;18.6;39.2;50.4;8
11151;0.4764;18.6;39.1;50.4;8
11152;0.475;18.6;39.1;50.4;8
11153;0.4801;18.6;39.1;50.3;8
11154;0.4769;18.6;39.1;50.4;8
11155;0.4748;18.6;39.1;50.3;8
11156;0.4782;18.6;39.1;50.3;8
11157;0.4764;18.6;39.2;50.3;8
11158;0.4772;18.6;39.1;50.3;8
11159;0.4763;18.7;39.2;50.2;8
11160;0.4787;18.7;39.1;50.2;8
11161;0.478;18.8;39.2;50.2;8
11162;0.479;18.7;39.1;50.3;8
11163;0.4775;18.8;39.2;50.3;8
11164;0.4784;18.8;39.2;50.3;8
11165;0.4791;18.8;39.2;50.3;8
11166;0.4784;18.9;39.1;50.3;8
11167;0.4782;18.8;39.1;50.3;8
11168;0.4786;18.8;39.1;50.3;8
11169;0.4788;18.8;39.1;50.3;8
11170;0.4772;18.9;39.1;50.4;8
11171;0.4774;18.9;39.3;50.3;8
11172;0.4756;18.9;39.2;50.4;8
11173;0.4746;18.9;39.3;50.3;8
11174;0.4742;18.9;39.2;50.3;8
11175;0.4703;18.9;39.2;50.2;8
11176;0.4682;18.8;39.3;50.2;8
11177;0.4701;18.9;39.3;50.2;8
11178;0.4673;18.9;39.2;50.1;8
11179;0.4703;18.9;39.3;50.1;8
11180;0.4698;18.9;39.3;50.1;8
11181;0.4676;18.8;39.2;50.1;8
11182;0.4666;18.9;39.2;50.0;8
11183;0.4669;18.9;39.2;50.0;8
11184;0.4684;19.0;39.3;50.0;8
11185;0.47;19.0;39.2;50.0;8
11186;0.4668;19.0;39.3;50.0;8
11187;0.4691;19.0;39.3;50.0;8
11188;0.4687;18.9;39.3;50.0;8
11189;0.4702;19.0;39.3;49.9;8
11190;0.4725;19.0;39.3;50.0;8
11191;0.4677;19.0;39.3;50.0;8
11192;0.4693;19.0;39.4;50.0;8
11193;0.4672;18.9;39.4;50.0;8
11194;0.4688;18.9;39.4;50.0;8
11195;0.4668;18.9;39.4;49.9;8
11196;0.4629;18.9;39.4;50.0;8
11197;0.4653;18.9;39.4;49.9;8
11198;0.467;18.9;39.4;49.9;8
11199;0.4681;18.9;39.4;49.9;8
11200;0.4686;18.9;39.4;50.0;8
11201;0.4673;18.8;39.4;50.0;8
11202;0.4651;18.8;39.4;49.9;8
11203;0.4676;18.9;39.4;50.0;8
11204;0.4678;18.9;39.4;49.9;8
11205;0.4695;18.9;39.4;49.9;8
11206;0.4659;18.9;39.4;49.9;8
11207;0.465;18.9;39.4;49.9;8
11208;0.4684;18.9;39.3;49.9;8
11209;0.4693;18.9;39.3;49.9;8
11210;0.4703;18.9;39.3;49.9;8
11211;0.4691;18.9;39.3;49.9;8
11212;0.4685;18.9;39.3;49.9;8
11213;0.4683;18.9;39.3;49.9;8
11214;0.4653;18.9;39.3;49.9;8
11215;0.4666;18.9;39.4;49.9;8
11216;0.4648;18.9;39.3;49.9;8
11217;0.4626;18.9;39.4;49.8;8
11218;0.4634;18.9;39.4;49.8;8
11219;0.4636;18.9;39.4;49.8;8
11220;0.462;18.9;39.3;49.8;8
11221;0.4629;18.9;39.3;49.8;8
11222;0.461;18.9;39.3;49.7;8
11223;0.4618;18.9;39.3;49.7;8
11224;0.4642;18.9;39.3;49.7;8
11225;0.469;18.9;39.3;49.7;8
11226;0.4662;18.8;39.3;49.7;8
11227;0.4648;18.8;39.3;49.8;8
11228;0.4617;18.8;39.3;49.7;8
11229;0.462;18.8;39.3;49.7;8
11230;0.4634;18.9;39.3;49.7;8
11231;0.4611;18.9;39.3;49.7;8
11232;0.4615;18.9;39.3;49.7;8
11233;0.4623;18.9;39.3;49.7;8
11234;0.4635;18.9;39.2;49.7;8
11235;0.4635;18.9;39.3;49.7;8
11236;0.4615;18.9;39.3;49.7;8
11237;0.4606;18.9;39.3;49.6;8
11238;0.4639;18.9;39.3;49.6;8
11239;0.4631;18.9;39.2;49.6;8
11240;0.4639;18.9;39.1;49.6;8
11241;0.4628;18.8;39.1;49.6;8
11242;0.4631;18.9;39.1;49.6;8
11243;0.4622;18.7;39.1;49.6;8
11244;0.4641;18.8;39.0;49.6;8
11245;0.4638;18.8;39.0;49.6;8
11246;0.465;18.8;39.0;49.6;8
11247;0.4617;18.8;39.0;49.6;8
11248;0.461;18.7;39.0;49.6;8
11249;0.463;18.7;39.0;49.7;8
11250;0.461;18.7;39.0;49.6;8
11251;0.4609;18.7;38.9;49.6;8
11252;0.462;18.6;38.9;49.6;8
11253;0.4606;18.6;38.9;49.6;8
11254;0.4619;18.6;38.8;49.6;8
11255;0.462;18.6;38.9;49.6;8
11256;0.4601;18.6;38.9;49.6;8
11257;0.463;18.6;38.9;49.6;8
11258;0.4624;18.7;38.9;49.6;8
11259;0.4605;18.7;38.9;49.5;8
11260;0.4598;18.7;38.9;49.5;8
11261;0.462;18.7;38.9;49.5;8
11262;0.4601;18.7;38.9;49.5;8
11263;0.4616;18.7;38.9;49.5;8
11264;0.463;18.7;38.9;49.5;8
11265;0.4622;18.7;38.9;49.5;8
11266;0.4623;18.6;38.9;49.5;8
11267;0.4615;18.7;38.9;49.5;8
11268;0.4611;18.6;38.9;49.5;8
11269;0.4614;18.6;38.9;49.5;8
11270;0.4595;18.7;38.9;49.4;8
11271;0.4574;18.7;38.9;49.4;8
11272;0.46;18.7;38.9;49.3;8
11273;0.4573;18.6;38.9;49.3;8
11274;0.4592;18.6;38.9;49.3;8
11275;0.4601;18.6;38.9;49.3;8
11276;0.4608;18.5;38.9;49.3;8
11277;0.4576;18.6;38.9;49.3;8
11278;0.4595;18.5;38.9;49.3;8
11279;0.4582;18.5;38.9;49.3;8
11280;0.4562;18.5;38.9;49.3;8
11281;0.4552;18.5;38.9;49.3;8
11282;0.4524;18.5;38.9;49.3;8
11283;0.453;18.6;38.9;49.2;8
11284;0.4533;18.6;38.9;49.2;8
11285;0.4538;18.5;38.9;49.1;8
11286;0.4554;18.6;39.0;49.2;8
11287;0.4527;18.6;38.9;49.1;8
11288;0.4539;18.6;39.0;49.1;8
11289;0.451;18.6;38.9;49.1;8
11290;0.4524;18.6;38.9;49.0;8
11291;0.4511;18.5;38.9;49.0;8
11292;0.4526;18.5;38.9;48.9;8
11293;0.4512;18.6;38.9;49.0;8
11294;0.4524;18.6;38.9;48.9;8
11295;0.4514;18.6;38.9;48.9;8
11296;0.4507;18.6;38.9;48.9;8
11297;0.4521;18.6;38.8;48.9;8
11298;0.4487;18.6;38.8;48.9;8
11299;0.4517;18.6;38.9;48.8;8
11300;0.4515;18.7;38.9;48.8;8
11301;0.4503;18.6;38.9;48.8;8
11302;0.4489;18.6;38.9;48.8;8
11303;0.4506;18.6;38.9;48.8;8
11304;0.4544;18.6;38.9;48.8;8
11305;0.45;18.6;38.9;48.8;8
11306;0.4502;18.6;38.9;48.8;8
11307;0.4523;18.6;38.9;48.8;8
11308;0.4488;18.6;38.9;48.8;8
11309;0.4456;18.7;38.8;48.8;8
11310;0.4449;18.6;38.8;48.7;8
11311;0.4454;18.6;38.9;48.7;8
11312;0.4452;18.6;38.9;48.7;8
11313;0.4443;18.6;38.9;48.6;8
11314;0.4413;18.6;38.9;48.4;8
11315;0.442;18.6;38.9;48.2;8
11316;0.4429;18.6;38.9;48.2;8
11317;0.4432;18.6;38.9;48.2;8
11318;0.44;18.5;38.9;48.2;8
11319;0.4392;18.6;38.9;48.2;8
11320;0.4378;18.6;38.9;48.1;8
11321;0.4388;18.5;38.9;48.1;8
11322;0.4383;18.7;38.9;48.0;8
11323;0.4366;18.6;38.9;48.1;8
11324;0.4358;18.7;38.8;48.0;8
11325;0.4358;18.7;38.8;48.0;8
11326;0.4323;18.6;38.8;47.9;8
11327;0.4331;18.7;38.8;47.9;8
11328;0.4307;18.6;38.8;47.9;8
11329;0.4289;18.5;38.7;47.7;8
11330;0.4311;18.5;38.7;47.8;8
11331;0.4298;18.6;38.8;47.7;8
11332;0.4297;18.5;38.8;47.7;8
11333;0.4295;18.5;38.7;47.7;8
11334;0.4272;18.6;38.7;47.6;8
11335;0.4243;18.6;38.8;47.6;8
11336;0.4223;18.6;38.8;47.6;8
11337;0.4217;18.6;38.8;47.5;8
11338;0.419;18.6;38.8;47.5;8
11339;0.4165;18.6;38.7;47.4;8
11340;0.4146;18.5;38.7;47.3;8
11341;0.4144;18.5;38.7;47.3;8
11342;0.413;18.5;38.7;47.2;8
11343;0.4137;18.5;38.7;47.2;8
11344;0.4134;18.5;38.6;47.2;8
11345;0.4123;18.5;38.7;47.1;8
11346;0.4124;18.5;38.7;47.1;8
11347;0.414;18.5;38.7;47.0;8
11348;0.4134;18.5;38.7;46.9;8
11349;0.4128;18.5;38.8;46.9;8
11350;0.412;18.5;38.7;46.8;8
11351;0.4113;18.5;38.7;46.8;8
11352;0.4127;18.5;38.7;46.8;8
11353;0.4125;18.5;38.7;46.8;8
11354;0.4145;18.5;38.6;46.7;8
11355;0.4155;18.5;38.6;46.7;8
11356;0.4127;18.5;38.7;46.7;8
11357;0.4141;18.5;38.6;46.6;8
11358;0.4138;18.5;38.6;46.6;8
11359;0.4126;18.5;38.6;46.6;8
11360;0.4103;18.5;38.6;46.5;8
11361;0.4107;18.5;38.6;46.5;8
11362;0.4112;18.5;38.6;46.5;8
11363;0.4107;18.5;38.6;46.5;8
11364;0.4079;18.5;38.7;46.4;8
11365;0.4081;18.5;38.7;46.4;8
11366;0.4105;18.5;38.7;46.4;8
11367;0.4083;18.5;38.7;46.4;8
11368;0.4095;18.6;38.7;46.3;8
11369;0.41;18.5;38.6;46.3;8
11370;0.4086;18.5;38.7;46.3;8
11371;0.4075;18.6;38.7;46.3;8
11372;0.4076;18.6;38.7;46.3;8
11373;0.4075;18.6;38.6;46.3;8
11374;0.4083;18.6;38.7;46.3;8
11375;0.4081;18.6;38.7;46.2;8
11376;0.4077;18.6;38.7;46.2;8
11377;0.4047;18.6;38.7;46.2;8
11378;0.4012;18.7;38.5;46.0;8
11379;0.4001;18.7;38.5;46.0;8
11380;0.3989;18.7;38.5;46.0;8
11381;0.4001;18.8;38.5;45.9;8
11382;0.3994;18.7;38.5;45.9;8
11383;0.399;18.7;38.5;45.9;8
11384;0.3994;18.7;38.5;45.9;8
11385;0.3976;18.8;38.5;45.8;8
11386;0.3985;18.8;38.5;45.8;8
11387;0.3964;18.7;38.5;45.8;8
11388;0.3974;18.8;38.5;45.8;8
11389;0.3998;18.8;38.4;45.8;8
11390;0.3966;18.9;38.4;45.8;8
11391;0.3964;18.9;38.4;45.8;8
11392;0.3956;18.8;38.5;45.7;8
11393;0.3943;18.9;38.4;45.6;8
11394;0.3942;18.9;38.3;45.6;8
11395;0.3936;18.9;38.3;45.6;8
11396;0.3931;18.9;38.3;45.5;8
11397;0.3918;18.9;38.2;45.5;8
11398;0.3905;18.9;38.1;45.5;8
11399;0.388;18.9;38.1;45.4;8
11400;0.39;18.9;38.1;45.4;8
11401;0.3882;18.9;38.2;45.4;8
11402;0.3889;19.0;38.2;45.3;8
11403;0.3904;19.0;38.2;45.1;8
11404;0.3889;19.0;38.2;45.3;8
11405;0.3878;19.0;38.1;45.3;8
11406;0.3843;19.0;38.1;45.2;8
11407;0.3844;19.0;38.0;45.0;8
11408;0.3844;18.9;38.1;44.9;8
11409;0.3866;18.9;38.1;45.1;8
11410;0.3857;18.9;37.9;44.9;8
11411;0.3847;18.9;37.9;44.8;8
11412;0.3844;18.8;37.9;44.8;8
11413;0.3854;18.8;37.8;44.8;8
11414;0.3881;18.7;37.8;44.9;8
11415;0.3863;18.7;37.7;44.7;8
11416;0.3874;18.6;37.7;44.7;8
11417;0.3868;18.7;37.7;44.7;8
11418;0.3856;18.6;37.7;44.7;8
11419;0.3843;18.5;37.6;44.7;8
11420;0.3865;18.5;37.5;44.7;8
11421;0.3864;18.5;37.5;44.6;8
11422;0.3838;18.5;37.5;44.6;8
11423;0.3789;18.5;37.4;44.6;8
11424;0.3797;18.4;37.4;44.5;8
11425;0.3774;18.4;37.4;44.4;8
11426;0.3773;18.4;37.4;44.4;8
11427;0.3782;18.3;37.3;44.4;8
11428;0.3763;18.3;37.4;44.3;8
11429;0.3763;18.2;37.1;44.2;8
11430;0.3758;18.2;37.1;44.1;8
11431;0.3753;18.1;37.1;44.1;8
11432;0.3733;18.2;37.1;44.1;8
11433;0.3724;18.1;37.0;44.1;8
11434;0.3716;18.1;37.0;44.0;8
11435;0.3719;18.1;36.9;44.0;8
11436;0.3717;18.0;36.9;44.0;8
11437;0.3713;18.0;37.0;43.9;8
11438;0.3706;18.0;36.9;43.9;8
11439;0.3709;18.0;37.0;43.8;8
11440;0.3682;18.0;37.0;43.8;8
11441;0.3678;18.0;36.9;43.8;8
11442;0.3679;18.0;36.8;43.7;8
11443;0.3653;18.0;36.8;43.8;8
11444;0.3661;18.1;36.9;43.7;8
11445;0.3673;18.1;36.8;43.7;8
11446;0.3663;18.2;36.9;43.6;8
11447;0.3674;18.1;36.8;43.6;8
11448;0.3655;18.1;36.8;43.6;8
11449;0.3625;18.1;36.8;43.5;8
11450;0.3636;18.2;36.8;43.5;8
11451;0.3657;18.1;36.8;43.5;8
11452;0.3637;18.1;36.8;43.5;8
11453;0.3647;18.0;36.7;43.4;8
11454;0.3662;18.0;36.7;43.4;8
11455;0.3632;18.0;36.7;43.4;8
11456;0.3614;18.0;36.7;43.4;8
11457;0.3629;18.1;36.8;43.4;8
11458;0.3636;18.0;36.7;43.3;8
11459;0.3633;18.0;36.8;43.3;8
11460;0.3634;18.0;36.6;43.3;8
11461;0.3657;18.0;36.6;43.3;8
11462;0.3632;17.9;36.6;43.3;8
11463;0.3622;17.9;36.6;43.3;8
11464;0.3621;17.9;36.6;43.3;8
11465;0.3614;17.9;36.6;43.3;8
11466;0.3614;17.9;36.6;43.3;8
11467;0.3612;17.9;36.4;43.2;8
11468;0.3597;17.9;36.4;43.2;8
11469;0.3597;17.9;36.5;43.2;8
11470;0.3583;17.9;36.5;43.2;8
11471;0.3587;17.9;36.4;43.1;8
11472;0.3565;17.9;36.4;43.0;8
11473;0.3568;18.0;36.3;43.1;8
11474;0.3545;18.0;36.4;43.1;8
11475;0.357;17.9;36.3;43.1;8
11476;0.3576;17.8;36.3;43.0;8
11477;0.3593;17.7;36.2;43.0;8
11478;0.358;17.8;36.2;42.9;8
11479;0.3581;17.8;36.3;42.9;8
11480;0.3561;17.8;36.2;42.9;8
11481;0.3555;17.7;36.1;43.0;8
11482;0.3562;17.8;36.1;42.9;8
11483;0.3572;17.6;36.1;42.9;8
11484;0.3555;17.6;36.0;42.6;8
11485;0.3574;17.7;36.0;42.8;8
11486;0.3561;17.7;36.0;42.8;8
11487;0.3544;17.7;36.0;42.7;8
11488;0.3556;17.6;35.9;42.8;8
11489;0.3562;17.6;35.8;42.7;8
11490;0.3539;17.5;35.8;42.5;8
11491;0.3551;17.5;35.8;42.5;8
11492;0.3565;17.5;35.7;42.4;8
11493;0.3529;17.5;35.7;42.7;8
11494;0.3529;17.4;35.7;42.4;8
11495;0.3516;17.4;35.6;42.4;8
11496;0.351;17.5;35.6;42.3;8
11497;0.3511;17.3;35.5;42.4;8
11498;0.3504;17.3;35.5;42.3;8
11499;0.3526;17.3;35.5;42.3;8
11500;0.3536;17.2;35.4;42.3;8
11501;0.3523;17.2;35.4;42.2;8
11502;0.3516;17.2;35.4;42.2;8
11503;0.3497;17.2;35.3;42.2;8
11504;0.3528;17.2;35.3;42.2;8
11505;0.3527;17.1;35.3;42.1;8
11506;0.3523;17.0;35.2;42.1;8
11507;0.3522;17.1;35.2;42.1;8
11508;0.3512;17.1;35.2;42.1;8
11509;0.3508;17.0;35.1;42.1;8
11510;0.3503;17.1;35.1;42.1;8
11511;0.3507;17.0;35.0;42.0;8
11512;0.3518;16.9;35.0;42.0;8
11513;0.3504;16.9;35.0;41.9;8
11514;0.3498;16.9;35.0;41.9;8
11515;0.3476;16.9;34.9;41.8;8
11516;0.3489;16.9;34.9;41.8;8
11517;0.3511;16.9;34.9;41.8;8
11518;0.3516;16.9;34.9;41.8;8
11519;0.3534;17.0;34.7;41.7;8
11520;0.3509;16.8;34.8;41.7;8
11521;0.3497;16.8;34.8;41.7;8
11522;0.3477;16.8;34.8;41.7;8
11523;0.3457;16.8;34.8;41.6;8
11524;0.3441;16.8;34.8;41.6;8
11525;0.3441;16.8;34.8;41.6;8
11526;0.3439;16.8;34.8;41.5;8
11527;0.343;16.8;34.7;41.5;8
11528;0.3436;16.7;34.7;41.4;8
11529;0.3433;16.7;34.7;41.5;8
11530;0.3443;16.7;34.6;41.4;8
11531;0.3434;16.7;34.6;41.4;8
11532;0.3426;16.7;34.6;41.4;8
11533;0.3437;16.7;34.7;41.4;8
11534;0.3445;16.7;34.7;41.3;8
11535;0.343;16.7;34.7;41.3;8
11536;0.3434;16.7;34.7;41.2;8
11537;0.3419;16.7;34.6;41.2;8
11538;0.3428;16.7;34.7;41.2;8
11539;0.3416;16.7;34.6;41.2;8
11540;0.3445;16.7;34.6;41.2;8
11541;0.3421;16.7;34.5;41.1;8
11542;0.3434;16.6;34.5;41.1;8
11543;0.3408;16.7;34.5;41.0;8
11544;0.3414;16.6;34.5;41.0;8
11545;0.3405;16.6;34.5;41.0;8
11546;0.3397;16.6;34.5;41.0;8
11547;0.34;16.6;34.5;40.9;8
11548;0.3394;16.6;34.5;40.9;8
11549;0.341;16.6;34.5;40.9;8
11550;0.3402;16.5;34.5;40.9;8
11551;0.3398;16.6;34.5;40.9;8
11552;0.3408;16.5;34.5;40.9;8
11553;0.3402;16.6;34.5;40.8;8
11554;0.3392;16.6;34.6;40.8;8
11555;0.3391;16.7;34.5;40.8;8
11556;0.3421;16.7;34.4;40.8;8
11557;0.3398;16.7;34.4;40.8;8
11558;0.3398;16.7;34.4;40.8;8
11559;0.341;16.8;34.5;40.7;8
11560;0.339;16.7;34.5;40.7;8
11561;0.3407;16.8;34.4;40.7;8
11562;0.3396;16.7;34.4;40.7;8
11563;0.3392;16.7;34.4;40.7;8
11564;0.3396;16.8;34.3;40.7;8
11565;0.3405;16.7;34.4;40.6;8
11566;0.3375;16.7;34.4;40.6;8
11567;0.3384;16.8;34.4;40.7;8
11568;0.339;16.7;34.4;40.6;8
11569;0.3404;16.7;34.4;40.5;8
11570;0.3381;16.7;34.4;40.6;8
11571;0.3388;16.7;34.4;40.5;8
11572;0.3375;16.7;34.4;40.5;8
11573;0.3388;16.6;34.4;40.5;8
11574;0.338;16.7;34.4;40.5;8
11575;0.3363;16.7;34.4;40.5;8
11576;0.3368;16.6;34.4;40.5;8
11577;0.3344;16.6;34.5;40.5;8
11578;0.3361;16.5;34.4;40.4;8
11579;0.3345;16.5;34.4;40.4;8
11580;0.3371;16.5;34.4;40.4;8
11581;0.3355;16.5;34.4;40.4;8
11582;0.3367;16.5;34.4;40.3;8
11583;0.3344;16.6;34.4;40.3;8
11584;0.3351;16.5;34.4;40.3;8
11585;0.336;16.4;34.4;40.3;8
11586;0.3374;16.4;34.4;40.3;8
11587;0.335;16.5;34.4;40.3;8
11588;0.3369;16.5;34.4;40.3;8
11589;0.3361;16.6;34.4;40.3;8
11590;0.3377;16.5;34.4;40.2;8
11591;0.3364;16.6;34.4;40.2;8
11592;0.3349;16.5;34.4;40.0;8
11593;0.3383;16.6;34.4;40.3;8
11594;0.3365;16.6;34.4;40.3;8
11595;0.3364;16.6;34.4;40.2;8
11596;0.3348;16.5;34.4;40.0;8
11597;0.3342;16.5;34.4;40.0;8
11598;0.3357;16.6;34.4;39.9;8
11599;0.333;16.5;34.4;40.1;8
11600;0.3341;16.5;34.4;40.0;8
11601;0.3341;16.6;34.4;39.9;8
11602;0.3354;16.6;34.4;40.2;8
11603;0.3333;16.6;34.4;39.9;8
11604;0.3315;16.6;34.4;39.8;8
11605;0.3316;16.5;34.4;40.0;8
11606;0.3319;16.6;34.4;40.0;8
11607;0.3311;16.6;34.4;40.0;8
11608;0.33;16.5;34.4;39.8;8
11609;0.3303;16.5;34.4;39.8;8
11610;0.331;16.5;34.4;39.8;8
11611;0.331;16.5;34.4;39.7;8
11612;0.3313;16.5;34.4;39.7;8
11613;0.3315;16.5;34.4;39.7;8
11614;0.334;16.5;34.4;39.7;8
11615;0.3308;16.5;34.4;39.7;8
11616;0.3319;16.5;34.4;39.7;8
11617;0.33;16.5;34.4;39.6;8
11618;0.3319;16.5;34.4;39.6;8
11619;0.3309;16.5;34.4;39.6;8
11620;0.3307;16.5;34.5;39.6;8
11621;0.3318;16.5;34.4;39.6;8
11622;0.3315;16.5;34.3;39.6;8
11623;0.3305;16.5;34.3;39.6;8
11624;0.3321;16.5;34.3;39.6;8
11625;0.3327;16.5;34.3;39.6;8
11626;0.3325;16.5;34.3;39.5;8
11627;0.3309;16.6;34.3;39.5;8
11628;0.3323;16.6;34.3;39.5;8
11629;0.3316;16.6;34.3;39.5;8
11630;0.3312;16.6;34.3;39.5;8
11631;0.3309;16.6;34.3;39.5;8
11632;0.3303;16.7;34.3;39.4;8
11633;0.3288;16.6;34.3;39.4;8
11634;0.3313;16.6;34.3;39.4;8
11635;0.3316;16.6;34.3;39.4;8
11636;0.3322;16.6;34.2;39.4;8
11637;0.3324;16.6;34.2;39.4;8
11638;0.3322;16.6;34.2;39.3;8
11639;0.3337;16.6;34.2;39.4;8
11640;0.3336;16.6;34.2;39.3;8
11641;0.3329;16.6;34.2;39.3;8
11642;0.3327;16.7;34.2;39.3;8
11643;0.3337;16.7;34.0;39.2;8
11644;0.3326;16.6;34.0;39.3;8
11645;0.3309;16.6;34.0;39.2;8
11646;0.3305;16.6;34.0;39.2;8
11647;0.3312;16.6;34.0;39.2;8
11648;0.3318;16.6;34.0;39.2;8
11649;0.3283;16.6;34.0;39.2;8
11650;0.3303;16.6;33.9;39.2;8
11651;0.3312;16.6;33.9;39.1;8
11652;0.33;16.6;33.9;39.1;8
11653;0.3346;16.6;33.9;39.1;8
11654;0.3351;16.6;33.9;39.1;8
11655;0.3347;16.7;33.9;39.1;8
11656;0.3358;16.6;33.8;39.1;8
11657;0.3361;16.7;33.8;39.1;8
11658;0.3367;16.7;33.8;39.1;8
11659;0.3375;16.7;33.8;39.1;8
11660;0.3367;16.6;33.7;39.1;8
11661;0.3336;16.5;33.7;39.1;8
11662;0.3338;16.5;33.7;39.1;8
11663;0.3347;16.5;33.7;39.1;8
11664;0.3327;16.5;33.7;39.1;8
11665;0.3323;16.5;33.7;39.1;8
11666;0.3319;16.5;33.6;39.1;8
11667;0.3332;16.6;33.6;39.0;8
11668;0.3329;16.6;33.6;39.1;8
11669;0.3313;16.6;33.5;39.1;8
11670;0.3351;16.6;33.6;39.0;8
11671;0.3354;16.5;33.5;39.0;8
11672;0.3347;16.5;33.4;39.0;8
11673;0.3338;16.5;33.4;39.0;8
11674;0.334;16.5;33.4;39.0;8
11675;0.3337;16.5;33.5;39.0;8
11676;0.3306;16.5;33.4;39.0;8
11677;0.3314;16.5;33.3;38.9;8
11678;0.3283;16.5;33.3;38.9;8
11679;0.33;16.5;33.3;38.9;8
11680;0.3292;16.5;33.3;38.9;8
11681;0.3292;16.5;33.3;38.9;8
11682;0.3291;16.5;33.3;38.9;8
11683;0.3288;16.4;33.3;38.9;8
11684;0.3273;16.4;33.3;38.9;8
11685;0.3282;16.4;33.3;38.8;8
11686;0.3288;16.4;33.3;38.8;8
11687;0.3275;16.4;33.3;38.8;8
11688;0.325;16.3;33.3;38.8;8
11689;0.3251;16.4;33.3;38.7;8
11690;0.3253;16.4;33.3;38.7;8
11691;0.3258;16.3;33.4;38.7;8
11692;0.3261;16.4;33.4;38.7;8
11693;0.3283;16.4;33.3;38.7;8
11694;0.3253;16.4;33.3;38.7;8
11695;0.3268;16.4;33.4;38.7;8
11696;0.3258;16.4;33.3;38.6;8
11697;0.327;16.3;33.3;38.6;8
11698;0.3278;16.3;33.4;38.6;8
11699;0.3286;16.4;33.3;38.6;8
11700;0.3298;16.3;33.2;38.6;8
11701;0.3291;16.4;33.2;38.6;8
11702;0.329;16.4;33.2;38.6;8
11703;0.33;16.4;33.2;38.6;8
11704;0.329;16.4;33.3;38.6;8
11705;0.3288;16.4;33.3;38.6;8
11706;0.3278;16.4;33.3;38.6;8
11707;0.3278;16.4;33.4;38.5;8
11708;0.328;16.4;33.3;38.5;8
11709;0.3267;16.4;33.3;38.5;8
11710;0.3269;16.4;33.3;38.5;8
11711;0.3252;16.4;33.3;38.5;8
11712;0.3271;16.4;33.3;38.5;8
11713;0.3259;16.4;33.3;38.5;8
11714;0.3267;16.4;33.3;38.5;8
11715;0.3262;16.4;33.3;38.4;8
11716;0.3243;16.4;33.3;38.4;8
11717;0.3234;16.4;33.3;38.4;8
11718;0.3239;16.3;33.4;38.4;8
11719;0.3262;16.4;33.4;38.4;8
11720;0.3265;16.3;33.3;38.4;8
11721;0.3264;16.4;33.3;38.4;8
11722;0.3272;16.3;33.3;38.4;8
11723;0.3285;16.3;33.3;38.4;8
11724;0.3324;16.3;33.3;38.4;8
11725;0.3339;16.3;33.4;38.4;8
11726;0.3338;16.3;33.3;38.4;8
11727;0.3362;16.3;33.3;38.5;8
11728;0.3312;16.3;33.3;38.4;8
11729;0.3297;16.3;33.4;38.4;8
11730;0.3328;16.3;33.3;38.5;8
11731;0.3313;16.3;33.3;38.5;8
11732;0.3333;16.4;33.3;38.5;8
11733;0.3321;16.4;33.3;38.5;8
11734;0.3337;16.4;33.3;38.5;8
11735;0.3331;16.4;33.3;38.5;8
11736;0.332;16.4;33.3;38.5;8
11737;0.3318;16.4;33.3;38.5;8
11738;0.3307;16.4;33.3;38.6;8
11739;0.3304;16.4;33.4;38.5;8
11740;0.331;16.4;33.4;38.6;8
11741;0.3331;16.4;33.4;38.5;8
11742;0.3341;16.4;33.4;38.5;8
11743;0.3307;16.4;33.5;38.5;8
11744;0.3289;16.3;33.4;38.5;8
11745;0.3318;16.3;33.4;38.5;8
11746;0.3309;16.3;33.4;38.5;8
11747;0.3317;16.3;33.4;38.5;8
11748;0.3328;16.3;33.5;38.5;8
11749;0.3306;16.4;33.5;38.5;8
11750;0.3323;16.4;33.4;38.5;8
11751;0.3294;16.4;33.5;38.5;8
11752;0.3304;16.4;33.4;38.5;8
11753;0.3285;16.4;33.4;38.5;8
11754;0.3325;16.4;33.5;38.5;8
11755;0.3321;16.4;33.5;38.5;8
11756;0.3307;16.4;33.4;38.4;8
11757;0.3301;16.4;33.4;38.4;8
11758;0.3294;16.4;33.4;38.4;8
11759;0.3304;16.4;33.4;38.4;8
11760;0.3289;16.4;33.5;38.4;8
11761;0.3292;16.4;33.4;38.4;8
11762;0.3296;16.4;33.4;38.4;8
11763;0.3288;16.4;33.4;38.4;8
11764;0.3272;16.4;33.4;38.4;8
11765;0.3283;16.4;33.4;38.4;8
11766;0.3278;16.4;33.4;38.3;8
11767;0.329;16.4;33.4;38.4;8
11768;0.3286;16.4;33.4;38.3;8
11769;0.328;16.4;33.4;38.3;8
11770;0.3321;16.4;33.4;38.4;8
11771;0.3305;16.4;33.4;38.3;8
11772;0.3285;16.4;33.4;38.4;8
11773;0.329;16.4;33.4;38.3;8
11774;0.3276;16.4;33.4;38.4;8
11775;0.3275;16.4;33.4;38.4;8
11776;0.327;16.4;33.4;38.3;8
11777;0.328;16.4;33.4;38.3;8
11778;0.3278;16.4;33.5;38.3;8
11779;0.3319;16.4;33.4;38.3;8
11780;0.329;16.4;33.4;38.3;8
11781;0.3324;16.4;33.5;38.3;8
11782;0.3302;16.4;33.4;38.3;8
11783;0.331;16.4;33.4;38.4;8
11784;0.3321;16.4;33.4;38.3;8
11785;0.3316;16.4;33.4;38.4;8
11786;0.332;16.4;33.4;38.3;8
11787;0.3341;16.4;33.4;38.4;8
11788;0.3328;16.4;33.4;38.4;8
11789;0.3323;16.4;33.4;38.4;8
11790;0.3335;16.4;33.4;38.4;8
11791;0.3368;16.4;33.5;38.4;8
11792;0.3363;16.3;33.5;38.4;8
11793;0.3354;16.4;33.4;38.4;8
11794;0.3369;16.3;33.5;38.4;8
11795;0.3383;16.4;33.5;38.5;8
11796;0.3381;16.4;33.5;38.5;8
11797;0.3377;16.3;33.4;38.5;8
11798;0.3365;16.4;33.5;38.5;8
11799;0.3361;16.4;33.5;38.5;8
11800;0.3379;16.4;33.5;38.5;8
11801;0.338;16.4;33.5;38.5;8
11802;0.3372;16.4;33.6;38.5;8
11803;0.3368;16.4;33.6;38.5;8
11804;0.336;16.4;33.6;38.5;8
11805;0.337;16.4;33.6;38.5;8
11806;0.3364;16.4;33.5;38.5;8
11807;0.336;16.4;33.5;38.5;8
11808;0.3372;16.4;33.5;38.5;8
11809;0.3364;16.3;33.4;38.5;8
11810;0.3388;16.3;33.4;38.6;8
11811;0.3389;16.3;33.5;38.6;8
11812;0.3405;16.3;33.5;38.6;8
11813;0.3378;16.3;33.5;38.6;8
11814;0.3388;16.4;33.5;38.6;8
11815;0.3408;16.3;33.5;38.6;8
11816;0.3405;16.3;33.5;38.6;8
11817;0.3414;16.3;33.5;38.6;8
11818;0.3399;16.4;33.5;38.7;8
11819;0.3416;16.4;33.5;38.7;8
11820;0.3414;16.4;33.5;38.7;8
11821;0.3423;16.4;33.5;38.7;8
11822;0.3412;16.4;33.6;38.7;8
11823;0.3408;16.5;33.6;38.7;8
11824;0.3394;16.5;33.5;38.7;8
11825;0.3416;16.5;33.6;38.7;8
11826;0.3414;16.5;33.6;38.8;8
11827;0.3411;16.5;33.6;38.8;8
11828;0.3425;16.5;33.6;38.8;8
11829;0.3435;16.5;33.6;38.8;8
11830;0.3473;16.5;33.5;38.8;8
11831;0.3492;16.5;33.4;38.9;8
11832;0.3497;16.5;33.4;38.9;8
11833;0.3495;16.5;33.3;38.9;8
11834;0.3482;16.5;33.3;38.9;8
11835;0.3485;16.6;33.3;39.0;8
11836;0.3463;16.5;33.2;39.0;8
11837;0.3474;16.5;33.2;38.9;8
11838;0.3483;16.5;33.1;38.9;8
11839;0.35;16.5;33.1;38.9;8
11840;0.3477;16.5;33.0;38.9;8
11841;0.3494;16.5;33.0;38.9;8
11842;0.35;16.4;32.9;38.9;8
11843;0.3537;16.4;32.9;38.9;8
11844;0.3554;16.4;32.9;38.9;8
11845;0.3573;16.4;32.7;38.9;8
11846;0.3556;16.3;32.8;38.9;8
11847;0.3568;16.4;32.8;38.9;8
11848;0.358;16.3;32.7;38.9;8
11849;0.3582;16.4;32.6;39.0;8
11850;0.359;16.3;32.6;39.0;8
11851;0.3608;16.4;32.6;39.0;8
11852;0.3599;16.4;32.6;39.1;8
11853;0.3589;16.4;32.6;39.1;8
11854;0.3605;16.4;32.6;39.1;8
11855;0.3629;16.4;32.7;39.1;8
11856;0.3652;16.4;32.6;39.2;8
11857;0.3668;16.3;32.5;39.3;8
11858;0.3707;16.4;32.5;39.3;8
11859;0.37;16.4;32.4;39.3;8
11860;0.3688;16.3;32.5;39.4;8
11861;0.3681;16.3;32.5;39.4;8
11862;0.3674;16.3;32.5;39.4;8
11863;0.3691;16.3;32.5;39.5;8
11864;0.3682;16.3;32.5;39.5;8
11865;0.3701;16.3;32.5;39.5;8
11866;0.3695;16.3;32.5;39.5;8
11867;0.3706;16.3;32.5;39.6;8
11868;0.3719;16.4;32.5;39.6;8
11869;0.3727;16.3;32.5;39.6;8
11870;0.3768;16.3;32.5;39.6;8
11871;0.3776;16.4;32.5;39.7;8
11872;0.3786;16.3;32.5;39.7;8
11873;0.3765;16.3;32.5;39.8;8
11874;0.3799;16.3;32.5;39.8;8
11875;0.3809;16.3;32.4;39.8;8
11876;0.382;16.3;32.4;40.1;8
11877;0.3842;16.3;32.3;39.9;8
11878;0.3839;16.3;32.3;40.3;8
11879;0.3865;16.3;32.3;40.3;8
11880;0.384;16.3;32.3;40.4;8
11881;0.3848;16.3;32.3;40.4;8
11882;0.3863;16.3;32.3;40.4;8
11883;0.3872;16.4;32.3;40.5;8
11884;0.3875;16.5;32.4;40.6;8
11885;0.3884;16.5;32.2;40.6;8
11886;0.3893;16.5;32.2;40.6;8
11887;0.3896;16.5;32.2;40.7;8
11888;0.3919;16.5;32.3;40.7;8
11889;0.3909;16.5;32.3;40.7;8
11890;0.3904;16.5;32.2;40.7;8
11891;0.393;16.5;32.1;40.7;8
11892;0.3926;16.5;32.1;40.7;8
11893;0.3942;16.5;32.1;40.8;8
11894;0.393;16.4;32.1;40.7;8
11895;0.3972;16.4;32.1;40.8;8
11896;0.3957;16.3;32.1;40.8;8
11897;0.3975;16.4;32.1;40.8;8
11898;0.4008;16.4;32.2;40.9;8
11899;0.4014;16.4;32.1;40.9;8
11900;0.4014;16.4;32.1;41.0;8
11901;0.4034;16.4;32.1;41.0;8
11902;0.4029;16.4;32.1;40.9;8
11903;0.4023;16.4;32.2;41.0;8
11904;0.4052;16.4;32.2;41.1;8
11905;0.4074;16.3;32.2;41.2;8
11906;0.4078;16.3;32.1;41.2;8
11907;0.4109;16.3;32.2;41.1;8
11908;0.4086;16.3;32.1;41.2;8
11909;0.4109;16.3;32.1;41.3;8
11910;0.4123;16.3;32.1;41.3;8
11911;0.412;16.3;32.2;41.4;8
11912;0.4136;16.3;32.2;41.5;8
11913;0.4122;16.3;32.2;41.5;8
11914;0.4169;16.4;32.2;41.5;8
11915;0.4154;16.4;32.2;41.6;8
11916;0.418;16.4;32.2;41.7;8
11917;0.4187;16.4;32.3;41.7;8
11918;0.4176;16.5;32.3;41.7;8
11919;0.4165;16.5;32.3;41.7;8
11920;0.4164;16.5;32.4;41.8;8
11921;0.4183;16.5;32.3;41.8;8
11922;0.4189;16.5;32.3;41.9;8
11923;0.4193;16.5;32.3;42.0;8
11924;0.4184;16.5;32.4;42.0;8
11925;0.4181;16.4;32.5;42.0;8
11926;0.421;16.5;32.5;42.1;8
11927;0.4198;16.5;32.5;42.1;8
11928;0.4214;16.5;32.5;42.1;8
11929;0.422;16.5;32.5;42.1;8
11930;0.4205;16.5;32.6;42.2;8
11931;0.4211;16.5;32.6;42.2;8
11932;0.4231;16.4;32.6;42.3;8
11933;0.4223;16.5;32.6;42.2;8
11934;0.425;16.5;32.6;42.3;8
11935;0.4302;16.5;32.7;42.3;8
11936;0.4297;16.5;32.8;42.7;8
11937;0.4312;16.5;32.7;42.7;8
11938;0.4305;16.5;32.7;42.8;8
11939;0.4341;16.5;32.7;42.8;8
11940;0.4333;16.5;32.7;42.9;8
11941;0.4357;16.5;32.9;42.9;8
11942;0.4359;16.5;32.9;43.0;8
11943;0.4357;16.5;32.9;43.1;8
11944;0.4361;16.5;32.8;43.1;8
11945;0.4361;16.6;32.9;43.2;8
11946;0.4362;16.6;33.0;43.2;8
11947;0.4382;16.6;33.0;43.2;8
11948;0.4361;16.6;32.9;43.2;8
11949;0.4349;16.6;33.0;43.3;8
11950;0.438;16.6;33.1;43.3;8
11951;0.4384;16.6;33.1;43.3;8
11952;0.4394;16.6;33.1;43.3;8
11953;0.4378;16.6;33.1;43.3;8
11954;0.4384;16.6;33.2;43.4;8
11955;0.4368;16.6;33.2;43.4;8
11956;0.4358;16.6;33.2;43.4;8
11957;0.436;16.6;33.2;43.5;8
11958;0.4364;16.6;33.3;43.6;8
11959;0.4386;16.5;33.3;43.5;8
11960;0.4363;16.6;33.4;43.6;8
11961;0.4367;16.6;33.3;43.6;8
11962;0.4377;16.6;33.3;43.6;8
11963;0.4367;16.7;33.4;43.6;8
11964;0.4386;16.7;33.5;43.6;8
11965;0.4398;16.7;33.4;43.7;8
11966;0.4451;16.7;33.5;43.8;8
11967;0.4442;16.7;33.6;43.8;8
11968;0.4473;16.7;33.6;43.8;8
11969;0.4438;16.7;33.6;43.9;8
11970;0.4429;16.7;33.7;44.0;8
11971;0.446;16.7;33.7;44.0;8
11972;0.4459;16.7;33.8;44.0;8
11973;0.4458;16.7;33.8;44.1;8
11974;0.4471;16.7;33.8;44.1;8
11975;0.448;16.8;33.8;44.2;8
11976;0.4488;16.8;33.9;44.2;8
11977;0.4524;16.8;33.9;44.3;8
11978;0.4489;16.8;33.9;44.3;8
11979;0.4512;16.9;33.9;44.4;8
11980;0.4525;16.9;33.9;44.5;8
11981;0.4501;16.9;33.9;44.5;8
11982;0.4515;16.9;34.0;44.5;8
11983;0.4519;17.0;34.1;44.5;8
11984;0.4514;17.1;34.0;44.6;8
11985;0.4532;17.0;34.0;44.7;8
11986;0.4562;17.0;34.0;44.7;8
11987;0.4573;17.0;34.1;44.7;8
11988;0.4579;17.0;34.2;44.8;8
11989;0.4594;17.1;34.2;44.8;8
11990;0.4563;17.2;34.2;44.9;8
11991;0.4585;17.2;34.2;44.9;8
11992;0.4571;17.1;34.2;44.9;8
11993;0.4602;17.2;34.3;44.9;8
11994;0.4614;17.2;34.3;45.2;8
11995;0.4587;17.2;34.3;45.2;8
11996;0.4549;17.2;34.3;45.4;8
11997;0.4578;17.2;34.3;45.4;8
11998;0.4588;17.2;34.4;45.4;8
11999;0.4603;17.2;34.4;45.5;8
12000;0.4592;17.2;34.4;45.5;8
12001;0.4592;17.2;34.5;45.5;8
12002;0.4612;17.2;34.5;45.6;8
12003;0.4596;17.2;34.5;45.6;8
12004;0.4603;17.2;34.5;45.6;8
12005;0.4563;17.2;34.5;45.6;8
12006;0.4579;17.2;34.7;45.6;8
12007;0.4592;17.2;34.7;45.6;8
12008;0.4581;17.2;34.6;45.6;8
12009;0.4612;17.3;34.6;45.7;8
12010;0.4607;17.3;34.8;45.7;8
12011;0.4614;17.3;34.8;45.8;8
12012;0.4595;17.3;34.7;45.8;8
12013;0.4562;17.3;34.7;45.8;8
12014;0.4594;17.3;34.9;45.8;8
12015;0.4579;17.3;34.9;45.9;8
12016;0.4584;17.3;34.9;45.9;8
12017;0.4599;17.3;34.9;45.9;8
12018;0.4584;17.3;34.9;45.9;8
12019;0.461;17.3;34.9;45.9;8
12020;0.4606;17.3;34.9;45.9;8
12021;0.459;17.3;35.0;46.0;8
12022;0.4575;17.3;35.0;46.0;8
12023;0.4607;17.3;35.1;45.9;8
12024;0.4608;17.3;35.0;45.9;8
12025;0.462;17.3;35.1;46.0;8
12026;0.4602;17.3;35.0;46.0;8
12027;0.4623;17.3;35.0;46.1;8
12028;0.4594;17.3;35.1;46.1;8
12029;0.4632;17.3;35.2;46.1;8
12030;0.4651;17.3;35.1;46.2;8
12031;0.4644;17.3;35.2;46.2;8
12032;0.4669;17.3;35.1;46.3;8
12033;0.4629;17.3;35.2;46.3;8
12034;0.4651;17.3;35.3;46.4;8
12035;0.4611;17.3;35.3;46.4;8
12036;0.4602;17.3;35.3;46.4;8
12037;0.4613;17.3;35.4;46.4;8
12038;0.4623;17.3;35.2;46.4;8
12039;0.4641;17.3;35.4;46.5;8
12040;0.4609;17.3;35.3;46.5;8
12041;0.4655;17.3;35.4;46.5;8
12042;0.4615;17.3;35.3;46.4;8
12043;0.4637;17.3;35.4;46.5;8
12044;0.4645;17.3;35.4;46.5;8
12045;0.4667;17.3;35.4;46.5;8
12046;0.4693;17.4;35.4;46.6;8
12047;0.4666;17.4;35.4;46.6;8
12048;0.4686;17.4;35.5;46.6;8
12049;0.4686;17.5;35.5;46.6;8
12050;0.4687;17.4;35.5;46.6;8
12051;0.4674;17.4;35.5;46.7;8
12052;0.4706;17.4;35.5;46.7;8
12053;0.4698;17.5;35.5;46.8;8
12054;0.4706;17.5;35.6;46.9;8
12055;0.4714;17.6;35.6;46.9;8
12056;0.4662;17.5;35.6;46.9;8
12057;0.4678;17.6;35.6;46.9;8
12058;0.4674;17.7;35.6;47.0;8
12059;0.4708;17.6;35.6;47.0;8
12060;0.4735;17.7;35.6;47.1;8
12061;0.473;17.8;35.6;47.1;8
12062;0.4715;17.8;35.6;47.1;8
12063;0.4713;17.8;35.6;47.1;8
12064;0.4709;17.8;35.6;47.2;8
12065;0.4692;17.8;35.7;47.2;8
12066;0.4731;17.8;35.7;47.2;8
12067;0.4733;17.8;35.7;47.3;8
12068;0.4735;17.8;35.7;47.3;8
12069;0.4763;17.8;35.7;47.3;8
12070;0.4744;17.8;35.7;47.3;8
12071;0.4766;17.8;35.7;47.3;8
12072;0.4771;17.8;35.8;47.4;8
12073;0.4765;17.8;35.7;47.4;8
12074;0.4755;17.8;35.8;47.5;8
12075;0.4755;17.8;35.7;47.4;8
12076;0.4757;17.8;35.7;47.5;8
12077;0.4748;17.8;35.7;47.5;8
12078;0.475;17.8;35.7;47.5;8
12079;0.477;17.8;35.7;47.5;8
12080;0.4775;17.8;35.7;47.5;8
12081;0.4759;17.8;35.7;47.5;8
12082;0.4775;17.8;35.7;47.5;8
12083;0.4783;17.9;35.7;47.5;8
12084;0.4783;17.9;35.7;47.5;8
12085;0.4784;17.9;35.7;47.6;8
12086;0.4789;17.9;35.7;47.6;8
12087;0.4796;17.9;35.7;47.6;8
12088;0.4774;17.9;35.7;47.7;8
12089;0.4793;17.9;35.7;47.7;8
12090;0.4832;18.0;35.7;47.7;8
12091;0.4794;17.9;35.8;47.7;8
12092;0.4822;18.0;35.8;47.7;8
12093;0.4807;18.0;35.8;47.8;8
12094;0.4833;18.0;35.8;47.8;8
12095;0.4826;18.0;35.9;47.8;8
12096;0.4779;17.9;35.8;47.8;8
12097;0.4797;17.9;35.9;47.8;8
12098;0.4789;17.9;35.9;47.8;8
12099;0.4771;17.9;35.9;47.8;8
12100;0.478;17.9;35.8;47.8;8
12101;0.4765;17.9;36.0;47.8;8
12102;0.4761;17.9;36.0;47.9;8
12103;0.4775;17.9;36.0;47.9;8
12104;0.4769;17.9;36.0;47.9;8
12105;0.4799;17.9;36.0;47.9;8
12106;0.4797;17.9;36.0;47.9;8
12107;0.4782;17.9;36.0;47.9;8
12108;0.4797;17.9;36.0;47.9;8
12109;0.4804;18.0;36.0;47.9;8
12110;0.4838;18.0;36.1;48.0;8
12111;0.4827;18.1;36.1;48.0;8
12112;0.4799;18.1;36.1;48.1;8
12113;0.48;18.1;36.1;48.1;8
12114;0.4798;18.1;36.1;48.1;8
12115;0.4801;18.1;36.1;48.2;8
12116;0.4793;18.1;36.2;48.2;8
12117;0.4773;18.1;36.2;48.2;8
12118;0.4818;18.1;36.2;48.4;8
12119;0.4792;18.1;36.2;48.3;8
12120;0.4803;18.1;36.2;48.3;8
12121;0.4802;18.1;36.3;48.5;8
12122;0.4811;18.1;36.3;48.3;8
12123;0.4827;18.1;36.3;48.5;8
12124;0.4825;18.1;36.4;48.6;8
12125;0.4818;18.0;36.4;48.6;8
12126;0.4802;18.0;36.4;48.7;8
12127;0.4802;18.1;36.5;48.4;8
12128;0.4792;18.2;36.4;48.7;8
12129;0.4807;18.2;36.4;48.7;8
12130;0.4826;18.1;36.5;48.7;8
12131;0.4828;18.2;36.4;48.8;8
12132;0.4823;18.2;36.4;48.8;8
12133;0.482;18.2;36.6;48.8;8
12134;0.4837;18.3;36.6;48.9;8
12135;0.4826;18.4;36.6;48.9;8
12136;0.4837;18.3;36.6;48.9;8
12137;0.4832;18.3;36.6;48.9;8
12138;0.4835;18.3;36.6;48.9;8
12139;0.4822;18.3;36.7;49.0;8
12140;0.4829;18.3;36.7;49.0;8
12141;0.4829;18.4;36.7;49.1;8
12142;0.4862;18.4;36.9;49.0;8
12143;0.4811;18.5;36.8;49.1;8
12144;0.4843;18.5;36.9;49.2;8
12145;0.4851;18.5;37.0;49.2;8
12146;0.485;18.6;37.0;49.2;8
12147;0.4898;18.6;37.0;49.3;8
12148;0.4878;18.7;37.0;49.3;8
12149;0.4884;18.7;37.1;49.4;8
12150;0.4894;18.7;37.1;49.4;8
12151;0.4891;18.7;37.1;49.4;8
12152;0.4893;18.7;37.1;49.5;8
12153;0.4879;18.7;37.2;49.5;8
12154;0.4868;18.7;37.2;49.6;8
12155;0.4852;18.7;37.2;49.5;8
12156;0.4852;18.7;37.2;49.6;8
12157;0.485;18.7;37.2;49.6;8
12158;0.4846;18.7;37.3;49.6;8
12159;0.4837;18.7;37.3;49.6;8
12160;0.4834;18.7;37.3;49.6;8
12161;0.4853;18.6;37.3;49.7;8
12162;0.486;18.6;37.3;49.7;8
12163;0.4864;18.6;37.4;49.7;8
12164;0.4864;18.6;37.4;49.7;8
12165;0.486;18.6;37.4;49.7;8
12166;0.4857;18.6;37.4;49.7;8
12167;0.4858;18.5;37.4;49.8;8
12168;0.4876;18.6;37.4;49.8;8
12169;0.49;18.6;37.4;49.9;8
12170;0.4894;18.6;37.5;49.9;8
12171;0.4892;18.6;37.5;50.0;8
12172;0.4909;18.6;37.5;50.0;8
12173;0.4892;18.6;37.5;50.0;8
12174;0.4905;18.6;37.6;50.1;8
12175;0.4901;18.5;37.7;50.1;8
12176;0.4877;18.6;37.6;50.1;8
12177;0.4883;18.6;37.6;50.2;8
12178;0.4897;18.6;37.7;50.2;8
12179;0.4871;18.6;37.6;50.2;8
12180;0.4899;18.6;37.8;50.2;8
12181;0.4885;18.6;37.8;50.3;8
12182;0.4902;18.7;37.8;50.3;8
12183;0.4922;18.7;37.8;50.4;8
12184;0.4889;18.7;37.9;50.3;8
12185;0.4889;18.7;37.9;50.3;8
12186;0.4899;18.8;37.9;50.4;8
12187;0.4922;18.8;37.9;50.5;8
12188;0.4921;18.8;37.9;50.5;8
12189;0.4918;18.8;38.1;50.5;8
12190;0.4914;18.8;38.0;50.5;8
12191;0.4927;18.8;38.0;50.5;8
12192;0.4928;18.8;38.0;50.5;8
12193;0.4906;18.8;38.2;50.5;8
12194;0.4882;19.0;38.2;50.6;8
12195;0.4901;18.9;38.1;50.5;8
12196;0.4886;19.0;38.2;50.6;8
12197;0.4888;19.1;38.3;50.6;8
12198;0.4897;19.1;38.3;50.6;8
12199;0.4878;19.1;38.3;50.6;8
12200;0.489;19.1;38.3;50.6;8
12201;0.4895;19.1;38.3;50.6;8
12202;0.4868;19.1;38.5;50.6;8
12203;0.4868;19.1;38.5;50.6;8
12204;0.4895;19.2;38.4;50.6;8
12205;0.4886;19.2;38.4;50.7;8
12206;0.49;19.2;38.4;50.7;8
12207;0.4884;19.2;38.5;50.7;8
12208;0.4896;19.2;38.5;50.7;8
12209;0.4892;19.2;38.5;50.8;8
12210;0.4883;19.2;38.5;50.8;8
12211;0.49;19.3;38.5;50.8;8
12212;0.4906;19.3;38.7;50.8;8
12213;0.4913;19.3;38.7;50.8;8
12214;0.4908;19.3;38.7;50.9;8
12215;0.4896;19.3;38.6;50.9;8
12216;0.4899;19.4;38.7;50.9;8
12217;0.4923;19.4;38.8;50.9;8
12218;0.4931;19.4;38.7;50.9;8
12219;0.4959;19.4;38.9;50.9;8
12220;0.493;19.5;38.9;51.0;8
12221;0.4948;19.6;38.9;51.0;8
12222;0.4911;19.5;38.9;51.0;8
12223;0.4911;19.6;38.9;51.0;8
12224;0.4905;19.6;39.0;51.0;8
12225;0.4895;19.7;39.0;51.1;8
12226;0.4914;19.7;39.0;51.1;8
12227;0.4916;19.6;39.0;51.1;8
12228;0.4929;19.8;39.1;51.0;8
12229;0.4913;19.8;39.2;51.1;8
12230;0.4928;19.8;39.1;51.2;8
12231;0.4924;19.8;39.1;51.0;8
12232;0.4934;19.8;39.2;51.2;8
12233;0.4951;19.8;39.2;51.2;8
12234;0.4935;19.8;39.3;51.4;8
12235;0.495;19.9;39.3;51.2;8
12236;0.4937;19.9;39.4;51.3;8
12237;0.4927;19.9;39.4;51.2;8
12238;0.4957;19.9;39.4;51.2;8
12239;0.494;20.0;39.5;51.3;8
12240;0.4949;20.1;39.5;51.3;8
12241;0.4919;20.0;39.5;51.3;8
12242;0.4898;20.0;39.5;51.4;8
12243;0.4909;20.1;39.6;51.3;8
12244;0.4905;20.2;39.6;51.3;8
12245;0.4916;20.2;39.6;51.4;8
12246;0.4875;20.2;39.6;51.5;8
12247;0.4872;20.2;39.6;51.3;8
12248;0.4881;20.3;39.7;51.4;8
12249;0.4884;20.3;39.8;51.7;8
12250;0.4889;20.3;39.8;51.5;8
12251;0.4896;20.3;39.7;51.3;8
12252;0.4875;20.3;39.8;51.4;8
12253;0.488;20.3;39.9;51.4;8
12254;0.4866;20.4;39.9;51.4;8
12255;0.4855;20.4;39.8;51.5;8
12256;0.4828;20.4;39.8;51.5;8
12257;0.4853;20.5;39.8;51.4;8
12258;0.4863;20.5;40.0;51.5;8
12259;0.4856;20.5;40.0;51.8;8
12260;0.4837;20.5;40.0;51.4;8
12261;0.486;20.5;39.9;51.5;8
12262;0.4845;20.5;40.0;51.5;8
12263;0.4888;20.5;40.1;51.4;8
12264;0.4875;20.5;40.1;51.7;8
12265;0.4893;20.6;40.1;51.8;8
12266;0.4857;20.6;40.1;51.5;8
12267;0.4876;20.7;40.1;51.6;8
12268;0.4864;20.7;40.1;51.6;8
12269;0.4869;20.7;40.1;51.6;8
12270;0.4871;20.7;40.2;51.5;8
12271;0.4863;20.8;40.2;51.8;8
12272;0.4848;20.8;40.2;51.8;8
12273;0.4881;20.8;40.3;51.8;8
12274;0.4852;20.8;40.4;51.8;8
12275;0.4852;20.9;40.4;51.9;8
12276;0.485;20.9;40.3;51.9;8
12277;0.4847;20.9;40.4;51.8;8
12278;0.4858;21.1;40.4;51.9;8
12279;0.4864;21.0;40.3;51.9;8
12280;0.4874;21.1;40.4;51.9;8
12281;0.4845;21.2;40.5;52.0;8
12282;0.4829;21.1;40.5;52.0;8
12283;0.4824;21.1;40.5;52.0;8
12284;0.4817;21.3;40.6;52.0;8
12285;0.4866;21.3;40.5;51.9;8
12286;0.4855;21.3;40.6;52.0;8
12287;0.4831;21.4;40.7;52.0;8
12288;0.4823;21.4;40.7;52.0;8
12289;0.4823;21.5;40.7;52.0;8
12290;0.4819;21.5;40.8;52.0;8
12291;0.4824;21.6;40.8;52.0;8
12292;0.4801;21.6;40.9;52.0;9
12293;0.4825;21.7;41.0;52.0;9
12294;0.4824;21.7;41.0;52.1;9
12295;0.4841;21.8;40.9;52.1;9
12296;0.4856;21.9;41.0;52.1;9
12297;0.4845;21.9;41.1;52.2;9
12298;0.4812;22.0;41.1;52.2;9
12299;0.4824;22.0;41.1;52.2;9
12300;0.4824;22.0;41.1;52.2;9
12301;0.482;22.1;41.1;52.3;9
12302;0.4805;22.1;41.1;52.2;9
12303;0.4816;22.1;41.1;52.2;9
12304;0.4777;22.1;41.2;52.2;9
12305;0.4801;22.1;41.2;52.2;9
12306;0.4813;22.2;41.2;52.2;9
12307;0.4824;22.2;41.2;52.2;9
12308;0.4819;22.3;41.2;52.3;9
12309;0.4834;22.2;41.2;52.2;9
12310;0.4819;22.3;41.2;52.2;9
12311;0.4798;22.3;41.2;52.2;9
12312;0.4799;22.3;41.2;52.2;9
12313;0.4807;22.4;41.3;52.2;9
12314;0.4776;22.3;41.3;52.2;9
12315;0.4773;22.3;41.3;52.2;9
12316;0.48;22.3;41.2;52.2;9
12317;0.4783;22.3;41.2;52.3;9
12318;0.4811;22.3;41.2;52.3;9
12319;0.4799;22.2;41.3;52.3;9
12320;0.479;22.2;41.3;52.3;9
12321;0.4781;22.2;41.3;52.3;9
12322;0.4786;22.1;41.3;52.3;9
12323;0.4802;22.1;41.3;52.3;9
12324;0.481;22.1;41.3;52.3;9
12325;0.4802;22.1;41.3;52.3;9
12326;0.4782;22.1;41.3;52.4;9
12327;0.481;22.1;41.3;52.4;9
12328;0.4781;22.0;41.3;52.4;9
12329;0.4798;22.0;41.3;52.5;9
12330;0.4782;22.1;41.3;52.5;9
12331;0.4794;22.1;41.3;52.4;9
12332;0.4808;22.0;41.3;52.4;9
12333;0.4781;22.0;41.3;52.5;9
12334;0.4795;21.9;41.3;52.5;9
12335;0.4788;21.9;41.3;52.5;9
12336;0.4782;21.9;41.3;52.5;9
12337;0.4774;21.8;41.3;52.5;9
12338;0.4753;21.8;41.3;52.5;9
12339;0.4766;21.8;41.3;52.5;9
12340;0.4764;21.6;41.3;52.5;9
12341;0.4763;21.7;41.3;52.5;9
12342;0.476;21.6;41.3;52.5;9
12343;0.476;21.6;41.3;52.5;9
12344;0.4744;21.6;41.4;52.5;9
12345;0.4758;21.4;41.3;52.5;9
12346;0.4742;21.5;41.3;52.5;9
12347;0.4726;21.3;41.4;52.5;9
12348;0.4736;21.3;41.4;52.5;9
12349;0.4711;21.4;41.3;52.5;9
12350;0.4727;21.2;41.3;52.5;9
12351;0.4736;21.2;41.3;52.5;9
12352;0.4695;21.2;41.3;52.5;9
12353;0.4691;21.1;41.3;52.4;9
12354;0.471;21.1;41.3;52.4;9
12355;0.4735;21.1;41.4;52.4;9
12356;0.4693;21.1;41.3;52.4;9
12357;0.4701;21.0;41.3;52.4;9
12358;0.4738;20.9;41.3;52.4;9
12359;0.4747;21.0;41.3;52.4;9
12360;0.4731;21.0;41.3;52.5;9
12361;0.4746;21.0;41.3;52.5;9
12362;0.4735;21.0;41.3;52.5;9
12363;0.4724;21.0;41.3;52.5;9
12364;0.4712;20.9;41.3;52.5;9
12365;0.471;20.9;41.3;52.5;9
12366;0.4685;20.8;41.3;52.5;9
12367;0.4717;20.8;41.3;52.5;9
12368;0.4724;20.9;41.2;52.5;9
12369;0.4705;20.8;41.3;52.5;9
12370;0.4709;20.7;41.3;52.5;9
12371;0.4733;20.7;41.3;52.6;9
12372;0.4737;20.7;41.3;52.6;9
12373;0.4733;20.7;41.2;52.5;9
12374;0.4693;20.6;41.2;52.5;9
12375;0.4691;20.6;41.3;52.5;9
12376;0.4685;20.6;41.2;52.5;9
12377;0.4675;20.6;41.2;52.5;9
12378;0.471;20.6;41.3;52.5;9
12379;0.4692;20.6;41.3;52.5;9
12380;0.467;20.6;41.3;52.5;9
12381;0.4662;20.5;41.3;52.5;9
12382;0.4706;20.5;41.2;52.5;9
12383;0.4686;20.5;41.2;52.4;9
12384;0.4663;20.5;41.2;52.4;9
12385;0.467;20.5;41.2;52.4;9
12386;0.4687;20.4;41.2;52.4;9
12387;0.4684;20.4;41.2;52.4;9
12388;0.4678;20.4;41.2;52.4;9
12389;0.4707;20.4;41.2;52.4;9
12390;0.4672;20.4;41.2;52.3;9
12391;0.4682;20.4;41.2;52.4;9
12392;0.4619;20.4;41.2;52.3;9
12393;0.4654;20.4;41.3;52.3;9
12394;0.4649;20.5;41.3;52.3;9
12395;0.4647;20.5;41.3;52.3;9
12396;0.4647;20.5;41.3;52.3;9
12397;0.4652;20.5;41.3;52.3;9
12398;0.4663;20.5;41.4;52.3;9
12399;0.466;20.5;41.4;52.3;9
12400;0.4646;20.5;41.4;52.3;9
12401;0.4648;20.5;41.5;52.3;9
12402;0.4684;20.6;41.5;52.3;9
12403;0.4688;20.6;41.4;52.3;9
12404;0.4691;20.6;41.5;52.3;9
12405;0.4676;20.6;41.5;52.3;9
12406;0.4662;20.7;41.7;52.3;9
12407;0.4658;20.7;41.7;52.3;9
12408;0.4677;20.9;41.8;52.3;9
12409;0.4663;20.8;41.9;52.3;9
12410;0.4673;21.0;41.9;52.3;9
12411;0.4677;20.9;42.0;52.3;9
12412;0.4695;21.1;42.1;52.3;9
12413;0.4684;21.1;41.9;52.3;9
12414;0.4705;21.0;41.9;52.2;9
12415;0.4685;21.1;41.8;52.3;9
12416;0.4692;21.2;41.8;52.3;9
12417;0.4686;21.2;41.8;52.3;9
12418;0.4703;21.3;41.8;52.3;9
12419;0.4675;21.3;41.8;52.2;9
12420;0.4697;21.4;41.8;52.3;9
12421;0.4707;21.4;41.8;52.3;9
12422;0.4694;21.5;41.8;52.3;9
12423;0.4701;21.6;41.8;52.3;9
12424;0.4693;21.6;41.8;52.3;9
12425;0.4639;21.7;41.8;52.4;9
12426;0.4629;21.6;41.8;52.3;9
12427;0.4634;21.7;41.8;52.3;9
12428;0.4664;21.8;41.8;52.2;9
12429;0.4632;21.8;41.8;52.2;9
12430;0.4637;21.8;41.8;52.2;9
12431;0.4652;21.8;41.8;52.2;9
12432;0.4649;21.8;41.8;52.1;9
12433;0.4676;21.8;41.8;52.1;9
12434;0.4605;21.8;41.8;52.1;9
12435;0.4612;21.8;41.8;52.1;9
12436;0.4623;21.8;41.7;52.1;9
12437;0.4627;21.7;41.7;52.1;9
12438;0.4649;21.6;41.7;52.1;9
12439;0.4638;21.7;41.7;52.1;9
12440;0.4644;21.7;41.7;52.1;9
12441;0.4645;21.7;41.7;52.1;9
12442;0.4651;21.7;41.7;52.2;9
12443;0.4649;21.7;41.7;52.2;9
12444;0.4653;21.7;41.7;52.2;9
12445;0.4649;21.7;41.7;52.2;9
12446;0.4645;21.8;41.7;52.2;9
12447;0.4613;21.7;41.7;52.3;9
12448;0.4611;21.7;41.7;52.3;9
12449;0.461;21.7;41.7;52.3;9
12450;0.4641;21.7;41.7;52.2;9
12451;0.4612;21.8;41.6;52.3;9
12452;0.4612;21.8;41.7;52.3;9
12453;0.4614;21.8;41.7;52.2;9
12454;0.4606;21.7;41.7;52.2;9
12455;0.4611;21.7;41.7;52.2;9
12456;0.4578;21.6;41.7;52.2;9
12457;0.4603;21.7;41.7;52.2;9
12458;0.4604;21.7;41.7;52.1;9
12459;0.4614;21.7;41.7;52.2;9
12460;0.4595;21.7;41.7;52.1;9
12461;0.4626;21.8;41.7;52.2;9
12462;0.4628;21.8;41.7;52.2;9
12463;0.4645;21.8;41.7;52.1;9
12464;0.4636;21.8;41.7;52.1;9
12465;0.4606;21.8;41.7;52.2;9
12466;0.4609;21.8;41.7;52.2;9
12467;0.462;21.8;41.7;52.2;9
12468;0.4597;21.9;41.7;52.2;9
12469;0.4577;21.9;41.6;52.2;9
12470;0.4595;21.9;41.7;52.2;9
12471;0.459;21.9;41.7;52.2;9
12472;0.4581;21.9;41.7;52.2;9
12473;0.46;21.9;41.7;52.2;9
12474;0.4598;21.9;41.7;52.2;9
12475;0.4616;21.9;41.7;52.2;9
12476;0.4615;21.9;41.7;52.2;9
12477;0.4604;21.9;41.7;52.3;9
12478;0.4618;21.9;41.6;52.3;9
12479;0.4612;21.9;41.7;52.2;9
12480;0.4636;21.9;41.6;52.3;9
12481;0.463;21.9;41.7;52.3;9
12482;0.461;21.9;41.7;52.3;9
12483;0.4622;21.9;41.7;52.3;9
12484;0.4651;21.8;41.6;52.3;9
12485;0.4682;21.9;41.7;52.4;9
12486;0.4659;21.8;41.6;52.4;9
12487;0.468;21.8;41.6;52.4;9
12488;0.4681;21.8;41.6;52.4;9
12489;0.4669;21.8;41.6;52.5;9
12490;0.4668;21.8;41.6;52.5;9
12491;0.4666;21.8;41.7;52.5;9
12492;0.4672;21.8;41.7;52.6;9
12493;0.4658;21.8;41.7;52.6;9
12494;0.4645;21.8;41.7;52.6;9
12495;0.4681;21.8;41.6;52.6;9
12496;0.4695;21.8;41.7;52.6;9
12497;0.4675;21.8;41.6;52.7;9
12498;0.4692;21.7;41.6;52.7;9
12499;0.4658;21.7;41.5;52.7;9
12500;0.4699;21.6;41.6;52.7;9
12501;0.4696;21.7;41.5;52.8;9
12502;0.4694;21.7;41.6;52.8;9
12503;0.4695;21.7;41.5;52.8;9
12504;0.4702;21.7;41.6;52.9;9
12505;0.468;21.7;41.5;52.9;9
12506;0.4675;21.7;41.5;52.9;9
12507;0.469;21.7;41.5;52.9;9
12508;0.4719;21.7;41.5;52.9;9
12509;0.4697;21.7;41.5;52.9;9
12510;0.4741;21.6;41.6;52.9;9
12511;0.4711;21.6;41.6;52.9;9
12512;0.4718;21.6;41.6;53.0;9
12513;0.4728;21.7;41.6;53.0;9
12514;0.4737;21.6;41.6;53.0;9
12515;0.4731;21.6;41.6;53.0;9
12516;0.4709;21.6;41.6;53.1;9
12517;0.4711;21.6;41.6;53.0;9
12518;0.4713;21.6;41.6;53.1;9
12519;0.4744;21.6;41.7;53.0;9
12520;0.4743;21.6;41.7;53.1;9
12521;0.4749;21.5;41.6;53.1;9
12522;0.475;21.6;41.6;53.2;9
12523;0.476;21.5;41.6;53.2;9
12524;0.4755;21.5;41.6;53.2;9
12525;0.4763;21.4;41.6;53.3;9
12526;0.4775;21.4;41.7;53.3;9
12527;0.4759;21.4;41.7;53.3;9
12528;0.4761;21.4;41.6;53.3;9
12529;0.4769;21.4;41.6;53.3;9
12530;0.4729;21.4;41.6;53.3;9
12531;0.4751;21.4;41.7;53.3;9
12532;0.474;21.4;41.6;53.3;9
12533;0.4743;21.4;41.7;53.3;9
12534;0.4747;21.4;41.7;53.3;9
12535;0.4738;21.6;41.7;53.3;9
12536;0.4732;21.6;41.7;53.3;9
12537;0.4724;21.6;41.8;53.3;9
12538;0.4782;21.6;41.8;53.3;9
12539;0.4762;21.7;41.9;53.3;9
12540;0.4801;21.7;41.8;53.3;9
12541;0.4803;21.7;41.8;53.3;9
12542;0.4797;21.7;41.8;53.4;9
12543;0.4767;21.8;41.9;53.3;9
12544;0.4756;21.8;41.9;53.3;9
12545;0.4781;21.8;42.0;53.4;9
12546;0.4778;21.9;42.0;53.4;9
12547;0.4755;21.9;41.9;53.4;9
12548;0.472;21.9;41.9;53.5;9
12549;0.4762;21.9;41.9;53.4;9
12550;0.4734;21.9;41.9;53.4;9
12551;0.4737;21.9;42.0;53.4;9
12552;0.4746;21.9;42.0;53.3;9
12553;0.4752;21.9;42.1;53.3;9
12554;0.4763;21.9;42.1;53.3;9
12555;0.4754;22.0;42.1;53.3;9
12556;0.4776;21.9;42.0;53.3;9
12557;0.4771;22.0;42.0;53.3;9
12558;0.4784;22.1;42.0;53.4;9
12559;0.478;22.1;42.0;53.4;9
12560;0.4821;22.1;42.0;53.5;9
12561;0.4815;22.1;42.0;53.4;9
12562;0.4821;22.0;42.1;53.5;9
12563;0.483;22.1;42.1;53.5;9
12564;0.4847;22.1;42.2;53.5;9
12565;0.478;22.2;42.2;53.5;9
12566;0.4762;22.2;42.2;53.6;9
12567;0.4757;22.1;42.1;53.5;9
12568;0.4778;22.2;42.1;53.5;9
12569;0.4741;22.2;42.2;53.5;9
12570;0.4719;22.2;42.2;53.6;9
12571;0.4741;22.3;42.3;53.5;9
12572;0.4732;22.2;42.3;53.5;9
12573;0.4748;22.3;42.3;53.5;9
12574;0.474;22.3;42.3;53.5;9
12575;0.4712;22.3;42.3;53.5;9
12576;0.4717;22.3;42.3;53.5;9
12577;0.4724;22.3;42.4;53.5;9
12578;0.4708;22.2;42.5;53.5;9
12579;0.472;22.2;42.6;53.4;9
12580;0.4725;22.2;42.7;53.5;9
12581;0.4698;22.3;42.7;53.5;9
12582;0.474;22.3;42.8;53.5;9
12583;0.4746;22.2;42.8;53.5;9
12584;0.4722;22.3;42.8;53.5;9
12585;0.4739;22.3;42.9;53.5;9
12586;0.4749;22.3;42.9;53.5;9
12587;0.4763;22.4;43.0;53.5;9
12588;0.4745;22.4;43.0;53.6;9
12589;0.4767;22.4;43.0;53.5;9
12590;0.4767;22.6;43.2;53.6;9
12591;0.4738;22.5;43.2;53.6;9
12592;0.4734;22.6;43.2;53.6;9
12593;0.4729;22.7;43.2;53.6;9
12594;0.4712;22.7;43.2;53.6;9
12595;0.4715;22.7;43.2;53.6;9
12596;0.4698;22.7;43.2;53.6;9
12597;0.4728;22.7;43.2;53.5;9
12598;0.4718;22.8;43.2;53.5;9
12599;0.4706;22.7;43.3;53.5;9
12600;0.4717;22.8;43.3;53.5;9
12601;0.4714;22.8;43.2;53.4;9
12602;0.4716;22.7;43.3;53.5;9
12603;0.4714;22.7;43.2;53.5;9
12604;0.4744;22.7;43.2;53.5;9
12605;0.4721;22.7;43.1;53.5;9
12606;0.4709;22.7;43.0;53.5;9
12607;0.469;22.7;43.0;53.5;9
12608;0.472;22.7;43.0;53.5;9
12609;0.4709;22.7;42.9;53.5;9
12610;0.4705;22.7;42.9;53.5;9
12611;0.4674;22.7;42.9;53.5;9
12612;0.4673;22.8;42.9;53.5;9
12613;0.4693;22.8;42.8;53.5;9
12614;0.4705;22.7;42.8;53.5;9
12615;0.4711;22.7;42.8;53.5;9
12616;0.4703;22.7;42.8;53.5;9
12617;0.4684;22.8;42.8;53.5;9
12618;0.471;22.8;42.8;53.5;9
12619;0.4681;22.8;42.8;53.5;9
12620;0.4655;22.8;42.8;53.4;9
12621;0.465;22.8;42.9;53.4;9
12622;0.4659;22.9;42.9;53.4;9
12623;0.4673;22.9;43.0;53.4;9
12624;0.4639;22.9;43.1;53.4;9
12625;0.4659;22.9;43.1;53.4;9
12626;0.4643;22.9;43.1;53.4;9
12627;0.463;22.9;43.1;53.3;9
12628;0.4626;22.9;43.1;53.3;9
12629;0.4637;22.9;43.1;53.3;9
12630;0.466;22.9;43.1;53.3;9
12631;0.4635;22.9;43.1;53.3;9
12632;0.4589;22.9;43.1;53.3;9
12633;0.4622;23.0;43.1;53.3;9
12634;0.459;23.0;43.2;53.3;9
12635;0.4595;23.0;43.2;53.2;9
12636;0.459;23.0;43.2;53.2;9
12637;0.4571;23.0;43.2;53.2;9
12638;0.458;23.0;43.2;53.2;9
12639;0.4568;23.1;43.2;53.2;9
12640;0.4585;23.1;43.2;53.2;9
12641;0.4576;23.2;43.2;53.1;9
12642;0.455;23.2;43.2;53.1;9
12643;0.4564;23.2;43.2;53.1;9
12644;0.4574;23.2;43.2;53.1;9
12645;0.4565;23.2;43.2;53.1;9
12646;0.4558;23.1;43.2;53.1;9
12647;0.4541;23.2;43.2;53.0;9
12648;0.4582;23.1;43.2;53.0;9
12649;0.4564;23.1;43.2;53.0;9
12650;0.4552;23.2;43.2;52.9;9
12651;0.4562;23.1;43.1;52.9;9
12652;0.4543;23.1;43.1;52.9;9
12653;0.4562;23.1;43.0;52.8;9
12654;0.4535;23.0;43.1;52.9;9
12655;0.4533;23.0;43.1;52.9;9
12656;0.4528;22.9;43.0;52.8;9
12657;0.452;22.9;43.0;52.8;9
12658;0.4519;22.8;43.0;52.8;9
12659;0.4524;22.7;42.9;52.7;9
12660;0.4537;22.8;42.9;52.7;9
12661;0.4541;22.7;42.9;52.7;9
12662;0.4533;22.7;42.9;52.7;9
12663;0.4545;22.7;42.9;52.8;9
12664;0.4532;22.5;42.9;52.7;9
12665;0.454;22.5;42.8;52.8;9
12666;0.4536;22.6;42.9;52.7;9
12667;0.4538;22.5;42.8;52.7;9
12668;0.4555;22.5;42.8;52.7;9
12669;0.4558;22.4;42.8;52.7;9
12670;0.4554;22.4;42.8;52.8;9
12671;0.454;22.4;42.8;52.7;9
12672;0.4576;22.3;42.8;52.8;9
12673;0.4562;22.3;42.7;52.8;9
12674;0.4569;22.3;42.7;52.8;9
12675;0.4569;22.3;42.7;52.8;9
12676;0.4532;22.3;42.7;52.8;9
12677;0.4524;22.3;42.7;52.7;9
12678;0.4546;22.3;42.7;52.8;9
12679;0.4528;22.3;42.7;52.8;9
12680;0.4529;22.2;42.6;52.8;9
12681;0.453;22.2;42.6;52.7;9
12682;0.4551;22.2;42.6;52.8;9
12683;0.4553;22.2;42.6;52.8;9
12684;0.4555;22.2;42.6;52.7;9
12685;0.451;22.2;42.6;52.7;9
12686;0.4504;22.2;42.6;52.7;9
12687;0.4524;22.1;42.6;52.6;9
12688;0.4478;22.1;42.5;52.7;9
12689;0.4489;22.0;42.5;52.6;9
12690;0.451;21.9;42.5;52.6;9
12691;0.4503;21.9;42.5;52.6;9
12692;0.4498;21.9;42.4;52.5;9
12693;0.4493;21.9;42.4;52.5;9
12694;0.4513;21.8;42.4;52.6;9
12695;0.4514;21.8;42.4;52.6;9
12696;0.4507;21.8;42.4;52.5;9
12697;0.4514;21.7;42.4;52.5;9
12698;0.451;21.7;42.4;52.5;9
12699;0.453;21.7;42.4;52.5;9
12700;0.4535;21.6;42.5;52.4;9
12701;0.4509;21.6;42.4;52.4;9
12702;0.453;21.6;42.4;52.4;9
12703;0.4534;21.6;42.3;52.4;9
12704;0.4545;21.5;42.3;52.4;9
12705;0.4515;21.4;42.3;52.3;9
12706;0.4536;21.5;42.3;52.3;9
12707;0.4526;21.4;42.3;52.3;9
12708;0.453;21.3;42.3;52.3;9
12709;0.4558;21.3;42.3;52.3;9
12710;0.4557;21.3;42.3;52.3;9
12711;0.4549;21.3;42.3;52.3;9
12712;0.4556;21.4;42.2;52.3;9
12713;0.4556;21.3;42.2;52.3;9
12714;0.4533;21.2;42.2;52.3;9
12715;0.4566;21.2;42.2;52.3;9
12716;0.4537;21.2;42.2;52.3;9
12717;0.4572;21.1;42.2;52.3;9
12718;0.4554;21.1;42.2;52.3;9
12719;0.454;21.1;42.2;52.2;9
12720;0.4552;21.1;42.2;52.2;9
12721;0.4535;21.1;42.2;52.2;9
12722;0.4571;21.1;42.2;52.2;9
12723;0.4556;21.0;42.1;52.2;9
12724;0.4534;21.0;42.1;52.2;9
12725;0.4559;20.9;42.1;52.2;9
12726;0.4547;20.9;42.1;52.2;9
12727;0.4534;21.0;42.1;52.2;9
12728;0.4539;21.0;42.1;52.2;9
12729;0.454;20.9;42.1;52.2;9
12730;0.4555;20.9;42.1;52.2;9
12731;0.4537;20.9;42.0;52.2;9
12732;0.4526;20.9;42.0;52.1;9
12733;0.4499;20.8;41.9;52.1;9
12734;0.4486;20.9;41.9;52.0;9
12735;0.4498;20.8;42.0;52.0;9
12736;0.4493;20.7;42.0;52.0;9
12737;0.451;20.7;42.0;52.0;9
12738;0.4514;20.7;42.0;51.7;9
12739;0.4516;20.7;41.9;51.8;9
12740;0.4542;20.7;41.8;52.0;9
12741;0.4518;20.7;41.8;51.8;9
12742;0.4516;20.7;41.8;51.9;9
12743;0.4502;20.6;41.8;51.9;9
12744;0.4483;20.6;41.8;51.9;9
12745;0.4503;20.6;41.8;51.8;9
12746;0.4477;20.7;41.8;51.6;9
12747;0.4472;20.6;41.8;51.8;9
12748;0.4452;20.6;41.8;51.8;9
12749;0.4448;20.6;41.8;51.6;9
12750;0.44;20.6;41.9;51.5;9
12751;0.4412;20.6;41.9;51.5;9
12752;0.4397;20.7;41.8;51.4;9
12753;0.4389;20.6;41.8;51.5;9
12754;0.4377;20.6;41.8;51.3;9
12755;0.4357;20.6;41.7;51.3;9
12756;0.4335;20.5;41.7;51.2;9
12757;0.4346;20.5;41.7;51.1;9
12758;0.4349;20.5;41.7;51.2;9
12759;0.4351;20.5;41.7;51.1;9
12760;0.4362;20.5;41.7;51.2;9
12761;0.4372;20.5;41.7;51.1;9
12762;0.4348;20.5;41.7;51.1;9
12763;0.4348;20.5;41.7;51.1;9
12764;0.435;20.5;41.7;51.0;9
12765;0.434;20.5;41.7;51.0;9
12766;0.4338;20.5;41.6;51.0;9
12767;0.4303;20.5;41.6;51.0;9
12768;0.4318;20.5;41.5;51.0;9
12769;0.4333;20.5;41.6;51.0;9
12770;0.4334;20.5;41.6;50.9;9
12771;0.4325;20.5;41.6;50.9;9
12772;0.4294;20.5;41.6;50.8;9
12773;0.4297;20.5;41.6;50.8;9
12774;0.4275;20.5;41.6;50.8;9
12775;0.4289;20.5;41.5;50.8;9
12776;0.4274;20.5;41.5;50.7;9
12777;0.4281;20.5;41.4;50.7;9
12778;0.4249;20.5;41.5;50.7;9
12779;0.4248;20.5;41.5;50.6;9
12780;0.425;20.5;41.5;50.6;9
12781;0.4221;20.5;41.5;50.6;9
12782;0.4228;20.5;41.3;50.5;9
12783;0.4227;20.5;41.3;50.4;9
12784;0.4219;20.4;41.3;50.4;9
12785;0.4228;20.4;41.2;50.3;9
12786;0.4233;20.3;41.2;50.3;9
12787;0.4226;20.3;41.2;50.3;9
12788;0.4203;20.1;41.1;50.3;9
12789;0.4182;20.2;41.1;50.2;9
12790;0.4205;20.1;41.1;50.2;9
12791;0.4193;20.2;41.0;50.1;9
12792;0.4194;20.0;40.9;50.2;9
12793;0.4171;20.0;41.0;50.1;9
12794;0.4166;20.0;41.0;50.1;9
12795;0.4175;19.9;41.0;50.1;9
12796;0.4174;19.9;40.9;50.0;9
12797;0.4178;19.9;40.8;49.9;9
12798;0.4169;19.9;40.9;49.9;9
12799;0.4195;19.9;40.9;49.9;9
12800;0.4176;19.9;40.9;49.9;9
12801;0.4159;19.9;40.8;49.9;9
12802;0.4177;19.8;40.9;49.8;9
12803;0.4175;19.8;40.9;49.7;9
12804;0.4177;19.8;40.9;49.7;9
12805;0.4173;19.8;40.8;49.7;9
12806;0.4174;19.8;40.8;49.7;9
12807;0.4174;19.7;40.8;49.7;9
12808;0.4151;19.6;40.8;49.6;9
12809;0.4138;19.7;40.8;49.6;9
12810;0.4158;19.7;40.8;49.6;9
12811;0.4137;19.7;40.7;49.5;9
12812;0.4141;19.6;40.7;49.5;9
12813;0.4127;19.7;40.8;49.4;9
12814;0.4112;19.8;40.6;49.4;9
12815;0.4109;19.8;40.6;49.3;9
12816;0.4112;19.7;40.6;49.3;9
12817;0.4136;19.7;40.6;49.3;9
12818;0.4108;19.7;40.5;49.3;9
12819;0.4091;19.7;40.5;49.2;9
12820;0.4095;19.7;40.5;49.2;9
12821;0.411;19.7;40.5;49.2;9
12822;0.4098;19.8;40.6;49.2;9
12823;0.4126;19.7;40.6;49.1;9
12824;0.4087;19.7;40.5;49.1;9
12825;0.4065;19.7;40.5;49.1;9
12826;0.407;19.7;40.5;49.0;9
12827;0.4057;19.7;40.5;49.0;9
12828;0.404;19.7;40.5;49.0;9
12829;0.4058;19.7;40.5;48.7;9
12830;0.4037;19.7;40.5;48.8;9
12831;0.4037;19.6;40.4;48.8;9
12832;0.4028;19.6;40.4;48.5;9
12833;0.4018;19.5;40.4;48.7;9
12834;0.4022;19.6;40.4;48.4;9
12835;0.402;19.5;40.4;48.3;9
12836;0.4023;19.4;40.4;48.3;9
12837;0.4023;19.4;40.3;48.3;9
12838;0.3996;19.5;40.2;48.3;9
12839;0.4001;19.5;40.2;48.2;9
12840;0.4034;19.4;40.2;48.2;9
12841;0.4017;19.3;40.1;48.2;9
12842;0.401;19.3;40.1;48.2;9
12843;0.4015;19.3;40.1;48.1;9
12844;0.4027;19.3;40.1;48.1;9
12845;0.4027;19.2;40.2;48.1;9
12846;0.4039;19.2;40.1;48.1;9
12847;0.4007;19.2;40.1;48.1;9
12848;0.4006;19.2;40.0;48.1;9
12849;0.4021;19.2;40.0;48.0;9
12850;0.3986;19.2;40.0;48.0;9
12851;0.397;19.2;40.0;47.9;9
12852;0.3942;19.2;40.0;47.9;9
12853;0.395;19.2;40.0;47.8;9
12854;0.3933;19.2;40.1;47.8;9
12855;0.3939;19.1;40.0;47.8;9
12856;0.3916;19.2;39.9;47.7;9
12857;0.394;19.2;39.9;47.7;9
12858;0.39;19.3;39.9;47.5;9
12859;0.3916;19.3;39.9;47.6;9
12860;0.3882;19.3;39.9;47.5;9
12861;0.3885;19.3;39.9;47.4;9
12862;0.3918;19.3;39.9;47.6;9
12863;0.3879;19.4;39.9;47.4;9
12864;0.3909;19.3;39.9;47.5;9
12865;0.3883;19.5;39.8;47.4;9
12866;0.3912;19.3;39.9;47.5;9
12867;0.3815;19.4;39.7;47.3;9
12868;0.3821;19.5;39.8;47.2;9
12869;0.383;19.4;39.8;47.2;9
12870;0.3822;19.4;39.7;47.1;9
12871;0.3839;19.5;39.6;47.1;9
12872;0.3831;19.5;39.6;47.0;9
12873;0.3829;19.5;39.7;47.0;9
12874;0.3833;19.5;39.7;47.0;9
12875;0.382;19.5;39.7;46.9;9
12876;0.3818;19.5;39.7;46.9;9
12877;0.3795;19.5;39.6;46.8;9
12878;0.3799;19.6;39.5;46.8;9
12879;0.3785;19.6;39.5;46.7;9
12880;0.3787;19.6;39.5;46.7;9
12881;0.3751;19.6;39.4;46.7;9
12882;0.3761;19.6;39.4;46.6;9
12883;0.3751;19.6;39.4;46.6;9
12884;0.3761;19.6;39.4;46.6;9
12885;0.3749;19.6;39.4;46.5;9
12886;0.3734;19.6;39.3;46.5;9
12887;0.3732;19.6;39.3;46.5;9
12888;0.3739;19.6;39.3;46.4;9
12889;0.3721;19.5;39.3;46.3;9
12890;0.3752;19.6;39.3;46.3;9
12891;0.3737;19.6;39.3;46.3;9
12892;0.3734;19.6;39.3;46.3;9
12893;0.371;19.6;39.3;46.2;9
12894;0.3702;19.5;39.3;46.2;9
12895;0.3707;19.6;39.2;46.2;9
12896;0.3718;19.6;39.2;46.1;9
12897;0.3721;19.6;39.2;46.1;9
12898;0.3742;19.6;39.1;46.1;9
12899;0.3741;19.6;39.1;46.0;9
12900;0.3742;19.5;39.2;46.0;9
12901;0.3734;19.6;39.2;46.0;9
12902;0.3743;19.6;39.1;45.9;9
12903;0.373;19.5;39.1;45.9;9
12904;0.3735;19.6;39.0;45.9;9
12905;0.372;19.5;39.1;45.9;9
12906;0.3723;19.6;39.1;45.8;9
12907;0.37;19.6;38.9;45.8;9
12908;0.3676;19.6;38.9;45.8;9
12909;0.367;19.5;39.0;45.7;9
12910;0.3669;19.6;38.9;45.7;9
12911;0.3677;19.5;39.0;45.6;9
12912;0.3688;19.5;38.9;45.5;9
12913;0.3665;19.5;38.9;45.5;9
12914;0.3676;19.4;38.8;45.5;9
12915;0.3643;19.4;38.8;45.5;9
12916;0.3642;19.4;38.8;45.4;9
12917;0.3592;19.4;38.8;45.5;9
12918;0.3617;19.4;38.8;45.3;9
12919;0.3598;19.5;38.7;45.2;9
12920;0.3599;19.4;38.7;45.2;9
12921;0.3609;19.5;38.7;45.2;9
12922;0.3579;19.5;38.7;45.1;9
12923;0.3595;19.5;38.7;45.1;9
12924;0.3612;19.4;38.6;45.0;9
12925;0.36;19.4;38.6;45.0;9
12926;0.3596;19.4;38.5;44.9;9
12927;0.3597;19.4;38.5;44.9;9
12928;0.3601;19.4;38.5;44.9;9
12929;0.3619;19.4;38.6;44.8;9
12930;0.3589;19.3;38.6;44.8;9
12931;0.3603;19.3;38.5;44.8;9
12932;0.3601;19.3;38.4;44.7;9
12933;0.3594;19.3;38.4;44.7;9
12934;0.3571;19.3;38.4;44.7;9
12935;0.3585;19.3;38.4;44.6;9
12936;0.356;19.3;38.3;44.6;9
12937;0.3574;19.3;38.3;44.6;9
12938;0.3568;19.3;38.3;44.5;9
12939;0.3559;19.3;38.3;44.5;9
12940;0.3554;19.2;38.3;44.5;9
12941;0.3546;19.2;38.3;44.4;9
12942;0.3528;19.2;38.3;44.3;9
12943;0.3532;19.2;38.3;44.3;9
12944;0.3551;19.2;38.2;44.3;9
12945;0.3543;19.2;38.2;44.3;9
12946;0.352;19.2;38.2;44.2;9
12947;0.3538;19.2;38.2;44.2;9
12948;0.3532;19.2;38.2;44.1;9
12949;0.3538;19.2;38.2;44.1;9
12950;0.3543;19.3;38.1;44.2;9
12951;0.3535;19.3;38.1;44.1;9
12952;0.3523;19.3;38.1;44.1;9
12953;0.3518;19.3;38.1;44.1;9
12954;0.351;19.4;38.1;44.1;9
12955;0.352;19.3;38.0;44.1;9
12956;0.3514;19.3;38.0;44.0;9
12957;0.3519;19.3;38.0;44.0;9
12958;0.3505;19.3;37.9;43.9;9
12959;0.3513;19.3;37.9;43.9;9
12960;0.3511;19.2;38.0;43.9;9
12961;0.351;19.1;37.8;43.8;9
12962;0.3513;19.2;37.8;43.8;9
12963;0.3518;19.2;37.8;43.7;9
12964;0.3518;19.1;37.8;43.8;9
12965;0.3521;19.0;37.8;43.7;9
12966;0.3509;19.1;37.7;43.7;9
12967;0.3521;19.1;37.7;43.7;9
12968;0.3498;19.0;37.7;43.6;9
12969;0.3517;18.9;37.7;43.6;9
12970;0.3505;19.0;37.7;43.6;9
12971;0.3504;19.0;37.6;43.5;9
12972;0.3496;19.0;37.7;43.5;9
12973;0.3512;18.9;37.6;43.5;9
12974;0.3506;18.8;37.5;43.5;9
12975;0.3518;18.8;37.6;43.5;9
12976;0.3524;18.7;37.6;43.5;9
12977;0.3503;18.7;37.5;43.4;9
12978;0.3488;18.7;37.4;43.4;9
12979;0.3481;18.7;37.5;43.4;9
12980;0.3477;18.7;37.4;43.4;9
12981;0.3477;18.6;37.4;43.4;9
12982;0.3474;18.6;37.3;43.4;9
12983;0.3469;18.6;37.3;43.3;9
12984;0.3468;18.6;37.3;43.3;9
12985;0.346;18.5;37.3;43.3;9
12986;0.346;18.5;37.3;43.2;9
12987;0.3437;18.5;37.3;43.2;9
12988;0.3463;18.5;37.2;43.2;9
12989;0.345;18.4;37.2;43.1;9
12990;0.3455;18.4;37.2;43.1;9
12991;0.3443;18.4;37.2;43.1;9
12992;0.345;18.4;37.2;43.1;9
12993;0.3428;18.3;37.2;43.0;9
12994;0.3448;18.3;37.2;43.0;9
12995;0.3424;18.3;37.1;43.0;9
12996;0.3428;18.3;37.1;42.9;9
12997;0.3443;18.4;37.1;42.7;9
12998;0.345;18.3;37.1;42.9;9
12999;0.3461;18.3;37.0;42.9;9
13000;0.3458;18.4;37.0;42.6;9
13001;0.3444;18.4;36.9;42.8;9
13002;0.343;18.3;37.0;42.5;9
13003;0.3416;18.3;37.0;42.5;9
13004;0.3414;18.3;37.0;42.7;9
13005;0.3401;18.3;37.0;42.5;9
13006;0.3392;18.3;37.0;42.4;9
13007;0.3387;18.3;36.9;42.4;9
13008;0.3412;18.3;36.9;42.4;9
13009;0.3369;18.3;36.8;42.3;9
13010;0.3383;18.3;36.8;42.3;9
13011;0.339;18.3;36.9;42.3;9
13012;0.3399;18.3;36.9;42.3;9
13013;0.338;18.3;36.9;42.2;9
13014;0.3388;18.3;36.8;42.1;9
13015;0.3362;18.3;36.7;42.1;9
13016;0.3384;18.3;36.7;42.1;9
13017;0.3384;18.3;36.8;42.1;9
13018;0.3385;18.3;36.8;42.1;9
13019;0.336;18.3;36.8;42.0;9
13020;0.3367;18.3;36.8;42.0;9
13021;0.3372;18.3;36.7;41.9;9
13022;0.3352;18.3;36.7;41.9;9
13023;0.3345;18.3;36.6;41.8;9
13024;0.3341;18.3;36.6;41.8;9
13025;0.3338;18.2;36.6;41.8;9
13026;0.3346;18.3;36.6;41.8;9
13027;0.3353;18.2;36.6;41.8;9
13028;0.3349;18.2;36.5;41.7;9
13029;0.3328;18.2;36.5;41.7;9
13030;0.3344;18.2;36.4;41.7;9
13031;0.3352;18.2;36.4;41.7;9
13032;0.336;18.2;36.5;41.7;9
13033;0.3357;18.2;36.5;41.6;9
13034;0.3347;18.1;36.5;41.6;9
13035;0.3333;18.1;36.5;41.6;9
13036;0.335;18.1;36.3;41.6;9
13037;0.3364;18.1;36.3;41.5;9
13038;0.3358;18.1;36.4;41.5;9
13039;0.3355;18.1;36.4;41.5;9
13040;0.3374;18.1;36.3;41.5;9
13041;0.3369;18.1;36.2;41.5;9
13042;0.3355;18.0;36.2;41.4;9
13043;0.3357;18.0;36.3;41.4;9
13044;0.3366;17.9;36.3;41.4;9
13045;0.3362;17.9;36.3;41.4;9
13046;0.3361;18.0;36.3;41.4;9
13047;0.3369;18.0;36.2;41.4;9
13048;0.3358;18.0;36.2;41.4;9
13049;0.3374;18.0;36.1;41.4;9
13050;0.3372;18.0;36.1;41.4;9
13051;0.3372;17.9;36.1;41.3;9
13052;0.3369;18.0;36.1;41.3;9
13053;0.3381;17.9;36.1;41.3;9
13054;0.3364;17.8;36.2;41.3;9
13055;0.337;17.8;36.1;41.2;9
13056;0.3346;17.8;36.1;41.2;9
13057;0.3364;17.8;36.1;41.2;9
13058;0.3355;17.9;36.1;41.2;9
13059;0.3375;17.9;36.1;41.2;9
13060;0.3341;17.9;36.1;41.1;9
13061;0.3341;17.8;36.1;41.1;9
13062;0.3336;17.7;36.0;41.1;9
13063;0.335;17.7;36.0;41.1;9
13064;0.3336;17.7;36.0;41.0;9
13065;0.3332;17.7;36.0;41.0;9
13066;0.3321;17.7;36.0;41.0;9
13067;0.3306;17.8;36.0;40.9;9
13068;0.3295;17.8;36.0;40.9;9
13069;0.3302;17.7;36.0;40.9;9
13070;0.3325;17.6;35.9;40.9;9
13071;0.3312;17.6;35.9;40.8;9
13072;0.3308;17.6;35.9;40.7;9
13073;0.3315;17.6;35.9;40.7;9
13074;0.3309;17.6;35.9;40.7;9
13075;0.3315;17.6;35.8;40.7;9
13076;0.3312;17.5;35.8;40.7;9
13077;0.3301;17.5;35.8;40.7;9
13078;0.3329;17.5;35.7;40.6;9
13079;0.3315;17.5;35.7;40.6;9
13080;0.331;17.5;35.8;40.6;9
13081;0.3297;17.5;35.7;40.6;9
13082;0.3313;17.4;35.6;40.6;9
13083;0.3327;17.4;35.7;40.6;9
13084;0.332;17.3;35.6;40.5;9
13085;0.3308;17.3;35.6;40.5;9
13086;0.3306;17.3;35.6;40.5;9
13087;0.3318;17.3;35.6;40.5;9
13088;0.3312;17.3;35.6;40.5;9
13089;0.3312;17.2;35.5;40.5;9
13090;0.3302;17.2;35.5;40.5;9
13091;0.3313;17.2;35.5;40.5;9
13092;0.3325;17.2;35.5;40.4;9
13093;0.3324;17.2;35.5;40.4;9
13094;0.3307;17.2;35.4;40.3;9
13095;0.3303;17.3;35.4;40.4;9
13096;0.3289;17.2;35.4;40.3;9
13097;0.3312;17.2;35.3;40.4;9
13098;0.3321;17.1;35.3;40.3;9
13099;0.3308;17.1;35.3;40.3;9
13100;0.3296;17.1;35.3;40.0;9
13101;0.3316;17.1;35.3;40.2;9
13102;0.3301;17.1;35.3;40.2;9
13103;0.3316;17.1;35.3;40.2;9
13104;0.3307;17.1;35.3;40.2;9
13105;0.3284;17.1;35.3;40.2;9
13106;0.3275;17.0;35.2;40.0;9
13107;0.3275;17.0;35.2;40.1;9
13108;0.327;17.0;35.1;40.1;9
13109;0.3279;16.9;35.2;39.8;9
13110;0.3267;16.9;35.2;39.8;9
13111;0.3255;16.9;35.2;39.8;9
13112;0.3282;16.9;35.2;39.8;9
13113;0.3275;16.8;35.1;39.8;9
13114;0.3281;16.8;35.0;39.8;9
13115;0.3282;16.8;35.0;39.8;9
13116;0.329;16.7;35.1;39.8;9
13117;0.3281;16.8;35.1;39.7;9
13118;0.3274;16.8;35.1;39.7;9
13119;0.3281;16.8;35.1;39.7;9
13120;0.3289;16.7;34.9;39.7;9
13121;0.3271;16.7;34.9;39.7;9
13122;0.3294;16.7;35.0;39.6;9
13123;0.3289;16.7;35.0;39.6;9
13124;0.3284;16.7;34.9;39.6;9
13125;0.3287;16.6;34.9;39.6;9
13126;0.3276;16.6;35.0;39.6;9
13127;0.3281;16.6;34.9;39.6;9
13128;0.3269;16.6;34.8;39.6;9
13129;0.3278;16.6;34.8;39.6;9
13130;0.327;16.6;34.8;39.5;9
13131;0.3278;16.6;34.7;39.5;9
13132;0.3291;16.6;34.8;39.5;9
13133;0.3304;16.6;34.8;39.5;9
13134;0.3318;16.6;34.8;39.5;9
13135;0.331;16.6;34.8;39.5;9
13136;0.3317;16.6;34.8;39.5;9
13137;0.3316;16.6;34.8;39.5;9
13138;0.3311;16.6;34.8;39.5;9
13139;0.3289;16.6;34.8;39.5;9
13140;0.3272;16.6;34.7;39.5;9
13141;0.3255;16.6;34.8;39.4;9
13142;0.3245;16.6;34.8;39.4;9
13143;0.3259;16.6;34.8;39.4;9
13144;0.3255;16.6;34.8;39.4;9
13145;0.3257;16.6;34.8;39.3;9
13146;0.3256;16.6;34.8;39.3;9
13147;0.328;16.6;34.8;39.3;9
13148;0.3259;16.7;34.8;39.3;9
13149;0.3261;16.7;34.8;39.2;9
13150;0.3284;16.8;34.8;39.2;9
13151;0.3272;16.7;34.8;39.2;9
13152;0.3291;16.7;34.8;39.2;9
13153;0.3297;16.7;34.8;39.2;9
13154;0.3301;16.8;34.8;39.2;9
13155;0.3294;16.7;34.8;39.2;9
13156;0.3269;16.7;34.8;39.1;9
13157;0.3282;16.7;34.7;39.1;9
13158;0.3262;16.7;34.6;39.1;9
13159;0.328;16.7;34.7;39.1;9
13160;0.3271;16.7;34.7;39.1;9
13161;0.3257;16.7;34.7;39.0;9
13162;0.3269;16.6;34.7;39.0;9
13163;0.3246;16.6;34.7;39.0;9
13164;0.3266;16.7;34.7;39.0;9
13165;0.3254;16.7;34.7;39.0;9
13166;0.3266;16.6;34.7;39.0;9
13167;0.3246;16.7;34.6;38.9;9
13168;0.3265;16.7;34.6;39.0;9
13169;0.3263;16.7;34.6;38.9;9
13170;0.3273;16.6;34.5;38.9;9
13171;0.3258;16.6;34.6;38.9;9
13172;0.3264;16.6;34.6;38.9;9
13173;0.3251;16.6;34.5;38.9;9
13174;0.3254;16.5;34.5;38.9;9
13175;0.3258;16.4;34.6;38.9;9
13176;0.3254;16.5;34.6;38.9;9
13177;0.3264;16.5;34.6;38.9;9
13178;0.3266;16.5;34.6;38.8;9
13179;0.3284;16.5;34.5;38.8;9
13180;0.3272;16.5;34.5;38.9;9
13181;0.3282;16.5;34.4;38.8;9
13182;0.3272;16.4;34.4;38.8;9
13183;0.328;16.4;34.4;38.8;9
13184;0.3285;16.4;34.4;38.8;9
13185;0.3311;16.4;34.4;38.8;9
13186;0.3287;16.4;34.4;38.8;9
13187;0.3292;16.3;34.4;38.8;9
13188;0.3277;16.2;34.3;38.8;9
13189;0.3278;16.3;34.3;38.7;9
13190;0.3268;16.3;34.3;38.7;9
13191;0.3257;16.3;34.3;38.7;9
13192;0.3281;16.2;34.3;38.7;9
13193;0.3254;16.2;34.3;38.7;9
13194;0.3269;16.2;34.3;38.7;9
13195;0.3263;16.2;34.3;38.7;9
13196;0.3253;16.1;34.3;38.6;9
13197;0.3256;16.1;34.3;38.7;9
13198;0.3263;16.1;34.3;38.6;9
13199;0.3268;16.1;34.3;38.6;9
13200;0.3271;16.0;34.3;38.6;9
13201;0.3259;16.1;34.3;38.6;9
13202;0.3254;16.0;34.2;38.6;9
13203;0.3254;16.0;34.2;38.6;9
13204;0.3257;16.0;34.2;38.6;9
13205;0.3242;16.0;34.2;38.5;9
13206;0.3276;16.0;34.2;38.6;9
13207;0.3268;16.0;34.1;38.5;9
13208;0.3266;16.0;34.1;38.5;9
13209;0.3264;16.0;34.1;38.5;9
13210;0.3252;16.0;34.1;38.4;9
13211;0.3267;16.0;34.1;38.5;9
13212;0.3255;16.0;34.1;38.4;9
13213;0.3266;16.0;34.1;38.4;9
13214;0.3252;16.0;34.1;38.5;9
13215;0.3262;16.0;34.1;38.4;9
13216;0.3278;16.0;34.1;38.4;9
13217;0.3271;16.0;34.0;38.4;9
13218;0.3273;16.0;34.0;38.4;9
13219;0.329;16.0;34.0;38.4;9
13220;0.3276;16.1;33.9;38.4;9
13221;0.3249;16.0;34.0;38.4;9
13222;0.3273;16.0;34.0;38.4;9
13223;0.3274;16.0;34.0;38.4;9
13224;0.3275;16.1;34.0;38.4;9
13225;0.3265;16.1;33.9;38.3;9
13226;0.3281;16.1;33.9;38.3;9
13227;0.3268;16.1;33.8;38.4;9
13228;0.3283;16.1;33.8;38.4;9
13229;0.3294;16.1;33.8;38.3;9
13230;0.3282;16.1;33.8;38.3;9
13231;0.3274;16.0;33.8;38.3;9
13232;0.3272;16.0;33.8;38.3;9
13233;0.3273;16.0;33.8;38.3;9
13234;0.3283;16.0;33.8;38.3;9
13235;0.3294;16.0;33.8;38.3;9
13236;0.3291;16.0;33.8;38.2;9
13237;0.3276;16.0;33.8;38.3;9
13238;0.3301;16.0;33.8;38.3;9
13239;0.3298;16.0;33.8;38.3;9
13240;0.3295;16.0;33.8;38.3;9
13241;0.3278;15.9;33.8;38.3;9
13242;0.3265;16.0;33.8;38.3;9
13243;0.3293;16.0;33.8;38.2;9
13244;0.3267;16.0;33.8;38.3;9
13245;0.3278;16.1;33.8;38.2;9
13246;0.3293;16.0;33.8;38.2;9
13247;0.331;16.1;33.8;38.2;9
13248;0.3286;16.1;33.9;38.2;9
13249;0.3296;16.1;33.8;38.2;9
13250;0.3287;16.1;33.8;38.2;9
13251;0.3298;16.0;33.8;38.2;9
13252;0.3307;16.1;33.8;38.2;9
13253;0.3291;16.1;33.8;38.2;9
13254;0.3293;16.0;33.8;38.2;9
13255;0.3289;16.0;33.8;38.2;9
13256;0.3307;16.1;33.8;38.2;9
13257;0.3309;16.1;33.8;38.2;9
13258;0.3308;16.1;33.8;38.2;9
13259;0.3293;16.1;33.8;38.2;9
13260;0.3296;16.1;33.8;38.2;9
13261;0.3303;16.1;33.8;38.2;9
13262;0.3314;16.1;33.8;38.2;9
13263;0.3307;16.1;33.8;38.2;9
13264;0.3318;16.1;33.8;38.2;9
13265;0.3308;16.2;33.8;38.2;9
13266;0.3299;16.1;33.8;38.2;9
13267;0.3323;16.1;33.9;38.2;9
13268;0.3311;16.1;33.8;38.2;9
13269;0.3296;16.1;33.9;38.2;9
13270;0.3298;16.1;33.8;38.2;9
13271;0.3283;16.1;33.7;38.2;9
13272;0.3281;16.1;33.7;38.2;9
13273;0.3254;16.1;33.7;38.2;9
13274;0.328;16.1;33.7;38.2;9
13275;0.3264;16.1;33.7;38.1;9
13276;0.3268;15.9;33.6;38.1;9
13277;0.3283;16.0;33.6;38.2;9
13278;0.3317;15.9;33.5;38.1;9
13279;0.3304;15.9;33.5;38.1;9
13280;0.331;16.0;33.5;38.2;9
13281;0.3305;16.0;33.4;38.1;9
13282;0.3298;15.9;33.4;38.1;9
13283;0.3305;16.0;33.4;38.1;9
13284;0.3295;16.0;33.4;38.1;9
13285;0.3321;16.0;33.4;38.1;9
13286;0.3319;15.9;33.5;38.1;9
13287;0.334;15.8;33.4;38.1;9
13288;0.3346;15.8;33.5;38.1;9
13289;0.3335;15.9;33.4;38.1;9
13290;0.3333;15.8;33.5;38.1;9
13291;0.3342;15.9;33.5;38.2;9
13292;0.3354;15.8;33.4;38.2;9
13293;0.3373;15.9;33.4;38.1;9
13294;0.3369;15.9;33.4;38.2;9
13295;0.337;15.8;33.4;38.2;9
13296;0.3367;15.8;33.4;38.2;9
13297;0.3368;15.8;33.3;38.2;9
13298;0.3381;15.7;33.3;38.2;9
13299;0.3374;15.7;33.3;38.2;9
13300;0.3368;15.7;33.3;38.2;9
13301;0.3355;15.7;33.3;38.2;9
13302;0.3363;15.7;33.3;38.2;9
13303;0.3342;15.7;33.4;38.2;9
13304;0.3342;15.7;33.3;38.2;9
13305;0.3344;15.7;33.4;38.2;9
13306;0.3329;15.8;33.4;38.2;9
13307;0.3349;15.7;33.3;38.2;9
13308;0.3357;15.8;33.3;38.2;9
13309;0.3346;15.7;33.3;38.2;9
13310;0.336;15.7;33.3;38.2;9
13311;0.3359;15.6;33.3;38.2;9
13312;0.3363;15.6;33.3;38.2;9
13313;0.3353;15.6;33.3;38.2;9
13314;0.3358;15.6;33.3;38.2;9
13315;0.3356;15.6;33.2;38.3;9
13316;0.3336;15.7;33.2;38.2;9
13317;0.3334;15.7;33.2;38.3;9
13318;0.3339;15.7;33.2;38.3;9
13319;0.3352;15.7;33.3;38.2;9
13320;0.3361;15.8;33.2;38.2;9
13321;0.337;15.7;33.3;38.2;9
13322;0.3372;15.8;33.3;38.3;9
13323;0.3396;15.7;33.3;38.2;9
13324;0.3376;15.7;33.3;38.2;9
13325;0.3381;15.7;33.2;38.2;9
13326;0.3378;15.7;33.2;38.2;9
13327;0.3375;15.6;33.2;38.3;9
13328;0.3397;15.7;33.2;38.2;9
13329;0.3392;15.7;33.2;38.2;9
13330;0.3401;15.7;33.2;38.3;9
13331;0.3398;15.7;33.2;38.3;9
13332;0.3392;15.7;33.2;38.2;9
13333;0.3395;15.8;33.1;38.3;9
13334;0.3378;15.8;33.1;38.3;9
13335;0.3414;15.8;33.1;38.3;9
13336;0.3388;15.8;33.1;38.3;9
13337;0.3389;15.8;33.1;38.3;9
13338;0.3388;15.8;33.1;38.3;9
13339;0.3403;15.8;33.1;38.3;9
13340;0.3397;15.8;33.1;38.3;9
13341;0.3387;15.8;33.1;38.3;9
13342;0.3391;15.9;33.1;38.3;9
13343;0.3402;15.9;33.1;38.3;9
13344;0.3374;15.8;33.1;38.3;9
13345;0.3415;15.8;33.1;38.3;9
13346;0.3428;15.8;33.1;38.3;9
13347;0.3421;15.8;33.1;38.3;9
13348;0.3441;15.9;33.1;38.3;9
13349;0.3437;15.8;33.1;38.3;9
13350;0.3434;15.8;33.0;38.3;9
13351;0.342;15.8;33.0;38.3;9
13352;0.3432;15.8;33.0;38.3;9
13353;0.3467;15.7;33.0;38.4;9
13354;0.3477;15.6;33.0;38.4;9
13355;0.348;15.7;32.9;38.4;9
13356;0.3502;15.7;32.9;38.4;9
13357;0.35;15.7;33.0;38.5;9
13358;0.3519;15.7;32.9;38.5;9
13359;0.3536;15.7;33.0;38.5;9
13360;0.3542;15.7;33.0;38.6;9
13361;0.352;15.7;33.0;38.6;9
13362;0.3516;15.6;33.0;38.6;9
13363;0.3539;15.7;33.0;38.6;9
13364;0.3535;15.7;33.1;38.7;9
13365;0.3547;15.7;33.1;38.7;9
13366;0.3543;15.7;33.2;38.7;9
13367;0.3563;15.8;33.1;38.8;9
13368;0.3574;15.8;33.1;38.8;9
13369;0.3554;15.9;33.1;38.8;9
13370;0.3568;15.8;33.1;38.8;9
13371;0.3576;15.9;33.1;38.9;9
13372;0.3561;16.0;33.1;38.9;9
13373;0.3564;15.9;33.1;38.9;9
13374;0.3564;15.9;33.1;38.9;9
13375;0.3569;16.0;33.1;38.9;9
13376;0.3575;16.0;33.1;39.0;9
13377;0.3584;15.9;33.1;38.9;9
13378;0.3586;16.0;33.1;39.0;9
13379;0.3588;16.0;33.2;39.0;9
13380;0.3618;15.9;33.2;39.0;9
13381;0.3612;15.9;33.1;39.0;9
13382;0.3652;15.9;33.1;39.1;9
13383;0.3648;15.9;33.2;39.1;9
13384;0.3675;16.0;33.2;39.1;9
13385;0.366;16.1;33.2;39.2;9
13386;0.3655;16.0;33.2;39.2;9
13387;0.3674;16.0;33.2;39.2;9
13388;0.3692;16.2;33.2;39.3;9
13389;0.3683;16.1;33.2;39.3;9
13390;0.368;16.2;33.2;39.3;9
13391;0.3681;16.2;33.2;39.3;9
13392;0.3679;16.1;33.2;39.4;9
13393;0.3677;16.2;33.2;39.4;9
13394;0.3676;16.2;33.2;39.4;9
13395;0.3688;16.1;33.2;39.4;9
13396;0.3681;16.1;33.2;39.5;9
13397;0.3726;16.0;33.3;39.4;9
13398;0.3738;16.0;33.2;39.5;9
13399;0.3754;16.0;33.2;39.6;9
13400;0.3758;16.0;33.2;39.6;9
13401;0.3712;16.1;33.2;39.6;9
13402;0.3732;16.1;33.2;39.6;9
13403;0.3749;16.1;33.3;39.6;9
13404;0.3772;16.0;33.3;39.6;9
13405;0.3779;16.2;33.3;39.7;9
13406;0.3787;16.2;33.3;39.7;9
13407;0.3791;16.2;33.3;39.7;9
13408;0.3819;16.2;33.3;39.7;9
13409;0.3791;16.2;33.4;39.8;9
13410;0.3796;16.2;33.3;40.0;9
13411;0.3797;16.1;33.3;40.0;9
13412;0.3793;16.1;33.3;40.0;9
13413;0.3819;16.1;33.3;39.9;9
13414;0.3814;16.3;33.3;40.1;9
13415;0.3829;16.3;33.3;39.9;9
13416;0.3819;16.3;33.3;40.2;9
13417;0.3843;16.3;33.4;40.0;9
13418;0.3854;16.3;33.5;40.2;9
13419;0.3862;16.4;33.5;40.0;9
13420;0.3874;16.5;33.5;40.3;9
13421;0.3886;16.4;33.5;40.3;9
13422;0.3859;16.5;33.5;40.4;9
13423;0.3869;16.5;33.5;40.3;9
13424;0.3867;16.5;33.5;40.4;9
13425;0.3895;16.6;33.5;40.4;9
13426;0.3884;16.6;33.5;40.5;9
13427;0.3901;16.6;33.5;40.5;9
13428;0.3896;16.7;33.6;40.6;9
13429;0.3903;16.7;33.6;40.6;9
13430;0.3915;16.8;33.6;40.6;9
13431;0.393;16.7;33.7;40.6;9
13432;0.3951;16.8;33.7;40.6;9
13433;0.3952;16.9;33.7;40.6;9
13434;0.3959;16.9;33.7;40.7;9
13435;0.3966;16.9;33.8;40.7;9
13436;0.3976;17.0;33.8;40.7;9
13437;0.3966;17.0;33.8;40.8;9
13438;0.3999;17.1;33.8;40.9;9
13439;0.3977;17.1;33.8;40.8;9
13440;0.3995;17.2;33.8;40.9;9
13441;0.4;17.2;33.8;40.9;9
13442;0.3999;17.2;33.8;41.0;9
13443;0.4019;17.3;33.8;41.0;9
13444;0.4006;17.4;33.8;41.0;9
13445;0.402;17.4;33.9;41.1;9
13446;0.4019;17.3;33.9;41.1;9
13447;0.4033;17.4;33.9;41.2;9
13448;0.4053;17.4;33.9;41.2;9
13449;0.4045;17.4;33.9;41.2;9
13450;0.4063;17.5;33.9;41.3;9
13451;0.4047;17.5;33.9;41.3;9
13452;0.4051;17.5;33.9;41.4;9
13453;0.4032;17.5;34.0;41.3;9
13454;0.4055;17.4;34.0;41.4;9
13455;0.4059;17.4;34.1;41.4;9
13456;0.4064;17.5;34.1;41.5;9
13457;0.4061;17.6;34.0;41.5;9
13458;0.4045;17.6;34.1;41.5;9
13459;0.4065;17.6;34.2;41.5;9
13460;0.4063;17.7;34.2;41.5;9
13461;0.4058;17.7;34.2;41.5;9
13462;0.4064;17.7;34.2;41.6;9
13463;0.407;17.9;34.2;41.6;9
13464;0.4105;17.8;34.3;41.6;9
13465;0.4102;17.9;34.3;41.7;9
13466;0.4098;18.0;34.3;41.7;9
13467;0.4106;18.0;34.3;41.8;9
13468;0.4093;18.0;34.3;41.9;9
13469;0.4118;18.1;34.4;41.9;9
13470;0.4098;18.1;34.5;41.9;9
13471;0.4077;18.1;34.4;42.0;9
13472;0.4085;18.2;34.4;41.9;9
13473;0.4113;18.2;34.5;42.0;9
13474;0.4119;18.1;34.6;42.0;9
13475;0.4139;18.3;34.6;42.0;9
13476;0.4133;18.3;34.5;42.0;9
13477;0.4141;18.3;34.6;42.1;9
13478;0.416;18.4;34.7;42.1;9
13479;0.4154;18.4;34.7;42.1;9
13480;0.4158;18.4;34.7;42.3;9
13481;0.4162;18.5;34.7;42.4;9
13482;0.4191;18.4;34.7;42.3;9
13483;0.4183;18.4;34.7;42.3;9
13484;0.4162;18.5;34.8;42.5;9
13485;0.4189;18.5;34.8;42.4;9
13486;0.4196;18.4;34.8;42.4;9
13487;0.4219;18.5;34.8;42.7;9
13488;0.4217;18.5;34.8;42.8;9
13489;0.4209;18.6;34.8;42.8;9
13490;0.4218;18.6;34.9;42.8;9
13491;0.4202;18.6;34.9;42.9;9
13492;0.4209;18.6;34.9;42.9;9
13493;0.4227;18.6;34.9;43.0;9
13494;0.4216;18.6;34.9;43.0;9
13495;0.4225;18.6;34.9;43.0;9
13496;0.4265;18.7;34.9;43.1;9
13497;0.429;18.7;34.9;43.2;9
13498;0.4287;18.7;35.1;43.3;9
13499;0.4299;18.7;35.0;43.3;9
13500;0.4299;18.7;35.0;43.4;9
13501;0.4303;18.8;35.0;43.5;9
13502;0.4305;18.8;35.0;43.5;9
13503;0.43;18.9;35.2;43.6;9
13504;0.4309;19.0;35.2;43.6;9
13505;0.4342;19.0;35.1;43.7;9
13506;0.4286;19.1;35.3;43.8;9
13507;0.4319;19.0;35.3;43.8;9
13508;0.4323;19.2;35.3;43.9;9
13509;0.4313;19.2;35.3;43.9;9
13510;0.4343;19.3;35.4;43.9;9
13511;0.4346;19.3;35.4;44.0;9
13512;0.4353;19.4;35.4;44.0;9
13513;0.4366;19.5;35.5;44.1;9
13514;0.437;19.6;35.5;44.2;9
13515;0.435;19.6;35.5;44.2;9
13516;0.4369;19.7;35.5;44.3;9
13517;0.4365;19.7;35.6;44.3;9
13518;0.4363;19.8;35.7;44.4;9
13519;0.4362;19.8;35.6;44.4;9
13520;0.4391;19.9;35.6;44.5;9
13521;0.4387;19.9;35.8;44.6;9
13522;0.437;20.0;35.8;44.6;9
13523;0.435;20.1;35.7;44.6;9
13524;0.4329;20.0;35.7;44.7;9
13525;0.4341;20.0;35.7;44.7;9
13526;0.4327;20.2;35.8;44.7;9
13527;0.4324;20.1;35.8;44.7;9
13528;0.432;20.3;35.8;44.8;9
13529;0.4335;20.3;36.0;44.8;9
13530;0.4324;20.3;36.0;44.8;9
13531;0.4327;20.3;36.0;44.8;9
13532;0.4334;20.4;36.1;44.8;9
13533;0.4333;20.4;36.1;44.9;9
13534;0.4355;20.4;36.1;44.9;9
13535;0.4356;20.5;36.1;44.9;9
13536;0.4366;20.5;36.2;45.2;9
13537;0.4391;20.5;36.2;45.1;9
13538;0.4414;20.5;36.2;45.3;9
13539;0.4413;20.6;36.3;45.3;9
13540;0.4418;20.6;36.4;45.4;9
13541;0.4404;20.7;36.4;45.4;9
13542;0.4427;20.6;36.3;45.5;9
13543;0.4436;20.8;36.5;45.5;9
13544;0.4432;20.8;36.5;45.6;9
13545;0.4414;20.8;36.5;45.6;9
13546;0.4432;20.8;36.5;45.6;9
13547;0.4393;20.8;36.5;45.7;9
13548;0.4417;20.8;36.6;45.7;9
13549;0.4404;20.9;36.6;45.8;9
13550;0.4381;20.9;36.6;45.8;9
13551;0.4401;21.0;36.7;45.8;9
13552;0.4381;21.0;36.7;45.9;9
13553;0.4392;21.0;36.7;46.0;9
13554;0.4354;21.1;36.7;46.0;9
13555;0.436;21.1;36.7;46.0;9
13556;0.4339;21.1;36.7;46.0;9
13557;0.4359;21.3;36.8;46.0;9
13558;0.4376;21.3;36.8;46.1;9
13559;0.4371;21.2;36.9;46.1;9
13560;0.4377;21.3;37.0;46.2;9
13561;0.4406;21.4;37.0;46.2;9
13562;0.4411;21.4;37.0;46.3;9
13563;0.4409;21.5;37.0;46.4;9
13564;0.4417;21.5;37.1;46.3;9
13565;0.4421;21.5;37.1;46.5;9
13566;0.4414;21.6;37.1;46.5;9
13567;0.4399;21.6;37.1;46.5;9
13568;0.4416;21.7;37.2;46.5;9
13569;0.4386;21.8;37.2;46.6;9
13570;0.4414;21.8;37.2;46.6;9
13571;0.4408;21.8;37.3;46.7;9
13572;0.441;21.9;37.3;46.7;9
13573;0.4419;21.9;37.3;46.7;9
13574;0.4409;22.0;37.4;46.8;9
13575;0.4404;22.0;37.4;46.8;9
13576;0.4398;22.0;37.5;46.8;9
13577;0.4439;22.1;37.4;46.9;9
13578;0.4441;22.1;37.4;46.9;9
13579;0.443;22.1;37.4;46.9;9
13580;0.4425;22.2;37.6;47.0;9
13581;0.444;22.2;37.6;47.0;9
13582;0.4428;22.4;37.7;47.1;9
13583;0.4427;22.4;37.7;47.1;9
13584;0.4409;22.4;37.6;47.1;9
13585;0.4402;22.5;37.7;47.2;9
13586;0.4406;22.5;37.8;47.2;9
13587;0.441;22.5;37.9;47.2;9
13588;0.4438;22.6;37.8;47.2;9
13589;0.4454;22.6;38.0;47.2;9
13590;0.4456;22.6;37.9;47.3;9
13591;0.446;22.7;37.9;47.3;9
13592;0.4478;22.7;38.0;47.4;9
13593;0.448;22.7;38.1;47.4;9
13594;0.4499;22.7;38.0;47.4;9
13595;0.4495;22.8;38.1;47.5;9
13596;0.4473;22.8;38.2;47.5;9
13597;0.4475;23.0;38.2;47.6;9
13598;0.4491;22.9;38.2;47.7;9
13599;0.4488;23.1;38.4;47.7;9
13600;0.4473;23.1;38.3;47.8;9
13601;0.4469;23.2;38.3;47.8;9
13602;0.4491;23.2;38.5;47.8;9
13603;0.4506;23.2;38.4;47.9;9
13604;0.4503;23.3;38.4;47.9;9
13605;0.4512;23.3;38.4;47.9;9
13606;0.452;23.3;38.5;48.0;9
13607;0.4529;23.4;38.6;48.0;9
13608;0.4495;23.4;38.6;48.1;9
13609;0.4492;23.5;38.7;48.1;9
13610;0.4507;23.5;38.7;48.1;9
13611;0.4496;23.5;38.7;48.1;9
13612;0.4501;23.5;38.8;48.3;9
13613;0.4505;23.6;38.8;48.2;9
13614;0.45;23.6;38.9;48.3;9
13615;0.4511;23.7;38.9;48.3;9
13616;0.4492;23.7;38.9;48.4;9
13617;0.4503;23.7;39.0;48.7;9
13618;0.4524;23.7;39.0;48.7;9
13619;0.45;23.8;39.1;48.8;9
13620;0.4505;23.8;39.2;48.9;9
13621;0.4516;23.8;39.2;48.9;9
13622;0.4512;23.8;39.2;49.0;9
13623;0.452;23.9;39.2;49.0;9
13624;0.4513;23.9;39.3;49.1;9
13625;0.4516;24.0;39.3;49.1;9
13626;0.4528;24.0;39.4;49.2;9
13627;0.4517;24.0;39.4;49.2;9
13628;0.4531;23.9;39.4;49.3;9
13629;0.4529;23.9;39.4;49.3;9
13630;0.4571;24.0;39.4;49.4;9
13631;0.4565;24.1;39.5;49.4;9
13632;0.454;24.1;39.5;49.4;9
13633;0.454;24.1;39.6;49.5;9
13634;0.4534;24.2;39.6;49.5;9
13635;0.455;24.2;39.6;49.6;9
13636;0.4534;24.3;39.7;49.7;9
13637;0.4566;24.3;39.7;49.7;9
13638;0.4571;24.4;39.8;49.7;9
13639;0.4561;24.5;39.9;49.8;9
13640;0.4596;24.4;39.8;49.8;9
13641;0.4572;24.5;40.0;49.9;9
13642;0.461;24.5;40.0;49.9;9
13643;0.4583;24.6;40.0;49.9;9
13644;0.4572;24.7;40.1;50.0;9
13645;0.459;24.6;40.1;50.0;9
13646;0.4608;24.7;40.1;50.1;9
13647;0.4623;24.8;40.1;50.1;9
13648;0.4653;24.8;40.3;50.1;9
13649;0.4633;24.8;40.3;50.2;9
13650;0.4615;24.7;40.2;50.3;9
13651;0.4601;24.7;40.2;50.3;9
13652;0.4622;24.7;40.3;50.3;9
13653;0.4606;24.5;40.3;50.4;9
13654;0.4575;24.5;40.4;50.4;9
13655;0.4576;24.4;40.4;50.5;9
13656;0.4557;24.3;40.4;50.4;9
13657;0.4565;24.2;40.4;50.4;9
13658;0.4564;24.2;40.4;50.5;9
13659;0.4573;24.1;40.4;50.4;9
13660;0.4613;24.1;40.4;50.5;9
13661;0.4574;24.1;40.4;50.5;9
13662;0.4591;24.0;40.5;50.6;9
13663;0.4587;24.0;40.5;50.6;9
13664;0.4576;24.0;40.5;50.6;9
13665;0.4563;23.9;40.5;50.6;9
13666;0.4553;23.8;40.4;50.6;9
13667;0.4545;23.8;40.5;50.6;9
13668;0.4528;23.8;40.4;50.6;9
13669;0.4532;23.8;40.3;50.6;9
13670;0.4569;23.7;40.4;50.6;9
13671;0.4554;23.7;40.4;50.6;9
13672;0.4564;23.8;40.3;50.6;9
13673;0.4537;23.8;40.4;50.6;9
13674;0.454;23.9;40.5;50.6;9
13675;0.4527;24.0;40.5;50.6;9
13676;0.4511;24.0;40.5;50.6;9
13677;0.4522;24.1;40.5;50.6;9
13678;0.4555;24.2;40.6;50.6;9
13679;0.4535;24.3;40.6;50.6;9
13680;0.4537;24.4;40.6;50.6;9
13681;0.4548;24.5;40.6;50.7;9
13682;0.4541;24.5;40.6;50.7;9
13683;0.4553;24.6;40.7;50.7;9
13684;0.449;24.8;40.7;50.8;9
13685;0.4556;24.8;40.8;50.8;9
13686;0.4529;24.9;40.8;50.8;9
13687;0.4536;24.9;40.8;50.8;9
13688;0.4556;25.0;40.8;50.9;9
13689;0.4562;25.0;40.9;50.9;9
13690;0.4566;25.0;40.9;51.0;9
13691;0.4553;25.1;40.9;51.0;9
13692;0.453;25.1;40.9;51.0;9
13693;0.4544;25.1;40.9;51.0;9
13694;0.4537;25.2;40.9;51.0;9
13695;0.4539;25.3;41.0;51.0;9
13696;0.454;25.2;41.0;51.1;9
13697;0.4555;25.4;41.1;51.1;9
13698;0.454;25.4;41.1;51.1;9
13699;0.4559;25.4;41.2;51.1;9
13700;0.4567;25.4;41.2;51.1;9
13701;0.4558;25.4;41.3;51.1;9
13702;0.4574;25.5;41.4;51.1;9
13703;0.4579;25.5;41.4;51.2;9
13704;0.4577;25.5;41.4;51.2;9
13705;0.4572;25.5;41.4;51.2;9
13706;0.4536;25.5;41.5;51.2;9
13707;0.4534;25.5;41.5;51.2;9
13708;0.455;25.4;41.5;51.3;9
13709;0.4529;25.4;41.5;51.2;9
13710;0.4531;25.4;41.7;51.2;9
13711;0.451;25.3;41.6;51.2;9
13712;0.4546;25.3;41.6;51.2;9
13713;0.4532;25.2;41.6;51.2;9
13714;0.4526;25.1;41.7;51.2;9
13715;0.4522;25.1;41.7;51.2;9
13716;0.4506;25.0;41.7;51.1;9
13717;0.452;25.0;41.7;51.2;9
13718;0.4509;25.0;41.7;51.2;9
13719;0.4503;24.9;41.7;51.2;9
13720;0.451;24.9;41.8;51.2;9
13721;0.4501;24.9;41.8;51.2;9
13722;0.4481;24.9;41.8;51.2;9
13723;0.447;24.9;41.8;51.1;9
13724;0.4475;24.9;41.9;51.1;9
13725;0.4487;24.9;41.9;51.1;9
13726;0.4476;24.9;42.0;51.1;9
13727;0.4478;24.9;42.0;51.1;9
13728;0.448;24.9;42.0;51.1;9
13729;0.4483;24.8;42.0;51.1;9
13730;0.445;24.7;41.9;51.1;9
13731;0.4432;24.8;42.0;51.1;9
13732;0.445;24.8;42.0;51.1;9
13733;0.4449;24.7;42.0;51.1;9
13734;0.442;24.7;41.9;51.1;9
13735;0.4421;24.7;41.9;51.1;9
13736;0.4428;24.5;41.9;51.1;9
13737;0.4432;24.5;41.9;51.1;9
13738;0.4443;24.5;41.9;51.1;9
13739;0.4466;24.6;41.8;51.1;9
13740;0.4449;24.5;41.9;51.1;9
13741;0.4435;24.5;41.8;51.2;9
13742;0.4418;24.5;41.8;51.1;9
13743;0.4388;24.4;41.8;51.1;9
13744;0.4398;24.4;41.8;51.1;9
13745;0.4391;24.4;41.8;51.1;9
13746;0.4416;24.4;41.8;51.1;9
13747;0.4388;24.4;41.8;51.1;9
13748;0.4373;24.5;41.8;51.1;9
13749;0.4391;24.4;41.7;51.1;9
13750;0.4409;24.3;41.7;51.1;9
13751;0.441;24.3;41.7;51.1;9
13752;0.4414;24.3;41.7;51.1;9
13753;0.4405;24.3;41.7;51.0;9
13754;0.4401;24.3;41.8;51.1;9
13755;0.4383;24.2;41.7;51.1;9
13756;0.4395;24.2;41.6;51.1;9
13757;0.4377;24.2;41.6;51.0;9
13758;0.4392;24.2;41.6;51.0;9
13759;0.4389;24.1;41.6;51.0;9
13760;0.4396;24.1;41.5;51.1;9
13761;0.437;24.0;41.6;51.1;9
13762;0.4382;24.0;41.6;51.0;9
13763;0.4382;23.9;41.6;51.1;9
13764;0.4384;24.0;41.5;51.1;9
13765;0.4385;24.0;41.6;51.0;9
13766;0.4388;23.9;41.6;51.1;9
13767;0.4377;23.8;41.6;51.0;9
13768;0.4381;23.8;41.6;51.0;9
13769;0.4415;23.8;41.6;51.0;9
13770;0.4389;23.8;41.6;51.0;9
13771;0.4399;23.8;41.6;51.1;9
13772;0.4383;23.7;41.6;51.0;9
13773;0.4371;23.7;41.6;51.0;9
13774;0.436;23.7;41.7;51.0;9
13775;0.4358;23.7;41.7;51.0;9
13776;0.4368;23.7;41.7;50.9;9
13777;0.4373;23.8;41.7;51.0;9
13778;0.4355;23.8;41.8;51.0;9
13779;0.4357;23.7;41.6;51.0;9
13780;0.4371;23.7;41.6;50.9;9
13781;0.4398;23.7;41.6;51.0;9
13782;0.4414;23.8;41.6;51.0;9
13783;0.4426;23.8;41.7;51.0;9
13784;0.4384;23.8;41.7;51.0;9
13785;0.4368;23.8;41.7;51.0;9
13786;0.4349;23.8;41.7;51.0;9
13787;0.4338;23.8;41.7;51.0;9
13788;0.4342;23.8;41.7;50.9;9
13789;0.4341;23.8;41.7;50.9;9
13790;0.4335;23.7;41.7;50.9;9
13791;0.4338;23.7;41.7;50.9;9
13792;0.436;23.7;41.7;50.9;9
13793;0.434;23.7;41.7;50.9;9
13794;0.4345;23.7;41.7;50.9;9
13795;0.4342;23.7;41.7;50.9;9
13796;0.4328;23.7;41.7;50.9;9
13797;0.4316;23.7;41.7;50.9;9
13798;0.4323;23.7;41.7;50.9;9
13799;0.434;23.7;41.8;50.9;9
13800;0.434;23.7;41.8;50.9;9
13801;0.4354;23.7;41.8;50.8;9
13802;0.4343;23.8;41.8;50.9;9
13803;0.4318;23.9;41.9;50.8;9
13804;0.4325;23.9;41.9;50.9;9
13805;0.4297;23.7;41.7;50.8;9
13806;0.4341;23.9;41.9;50.8;9
13807;0.4307;23.7;41.7;50.8;9
13808;0.4315;23.8;41.9;50.8;9
13809;0.4314;23.7;41.7;50.8;9
13810;0.4315;23.8;41.9;50.8;9
13811;0.4335;23.7;41.7;50.8;9
13812;0.4316;23.8;41.8;50.8;9
13813;0.4339;23.7;41.7;50.9;9
13814;0.4317;23.8;41.7;50.8;9
13815;0.4326;23.7;41.7;50.9;9
13816;0.4331;23.7;41.8;50.8;9
13817;0.4332;23.7;41.7;50.9;9
13818;0.4317;23.6;41.7;50.8;9
13819;0.4289;23.6;41.7;50.9;9
13820;0.4299;23.6;41.7;50.8;9
13821;0.4305;23.6;41.7;50.8;9
13822;0.4297;23.4;41.7;50.9;9
13823;0.4285;23.5;41.7;50.8;9
13824;0.4297;23.5;41.8;50.8;9
13825;0.4266;23.4;41.8;50.8;9
13826;0.4275;23.4;41.9;50.8;9
13827;0.4299;23.4;41.8;50.8;9
13828;0.4312;23.4;42.0;50.8;9
13829;0.4313;23.4;42.1;50.8;9
13830;0.4262;23.4;42.1;50.8;9
13831;0.4265;23.4;42.3;50.8;9
13832;0.4272;23.4;42.3;50.8;9
13833;0.4304;23.4;42.4;50.7;9
13834;0.4282;23.4;42.6;50.7;9
13835;0.4276;23.4;42.6;50.7;9
13836;0.4308;23.5;42.7;50.7;9
13837;0.4316;23.5;42.8;50.7;9
13838;0.4324;23.5;42.9;50.7;9
13839;0.431;23.6;43.0;50.8;9
13840;0.4335;23.6;43.1;50.7;9
13841;0.4318;23.7;43.1;50.8;9
13842;0.4345;23.7;43.0;50.8;9
13843;0.4348;23.7;43.1;50.8;9
13844;0.4346;23.8;43.0;50.8;9
13845;0.4337;23.9;43.0;50.9;9
13846;0.433;23.9;42.9;50.9;9
13847;0.4336;24.0;42.8;50.9;9
13848;0.4342;24.0;42.7;51.0;9
13849;0.43;24.0;42.7;51.0;9
13850;0.431;24.1;42.7;51.0;9
13851;0.4322;24.1;42.6;50.9;9
13852;0.4326;24.1;42.6;50.9;9
13853;0.4323;24.1;42.6;51.0;9
13854;0.4321;24.1;42.5;51.0;9
13855;0.4304;24.1;42.5;51.0;9
13856;0.4309;24.0;42.4;51.0;9
13857;0.4327;24.1;42.5;51.0;9
13858;0.4268;24.1;42.4;51.0;9
13859;0.4324;24.1;42.3;51.0;9
13860;0.4326;24.1;42.3;50.9;9
13861;0.4332;24.0;42.2;51.0;9
13862;0.4338;24.0;42.2;51.0;9
13863;0.4337;23.9;42.0;51.0;9
13864;0.4322;23.7;41.9;50.9;9
13865;0.434;23.6;41.9;50.9;9
13866;0.4347;23.4;41.8;50.9;9
13867;0.4311;23.1;41.7;50.9;9
13868;0.4284;22.8;41.7;50.9;9
13869;0.4308;22.7;41.6;50.9;9
13870;0.4303;22.5;41.5;50.9;9
13871;0.43;22.3;41.5;50.9;9
13872;0.4317;22.1;41.5;50.8;9
13873;0.4283;21.9;41.3;50.8;9
13874;0.4297;21.8;41.2;50.8;9
13875;0.4288;21.7;41.2;50.7;9
13876;0.426;21.6;41.2;50.7;9
13877;0.4278;21.4;41.1;50.6;9
13878;0.4269;21.3;41.1;50.6;9
13879;0.4298;21.3;41.1;50.6;9
13880;0.4283;21.2;41.1;50.6;9
13881;0.4288;21.1;41.0;50.5;9
13882;0.4283;21.1;41.0;50.5;9
13883;0.4248;21.1;41.0;50.5;9
13884;0.4295;21.0;41.0;50.5;9
13885;0.4256;21.0;41.0;50.5;9
13886;0.4233;20.9;41.0;50.5;9
13887;0.4283;21.0;41.0;50.4;9
13888;0.4256;20.9;41.1;50.4;9
13889;0.4265;20.9;41.0;50.3;9
13890;0.4291;20.9;41.0;50.4;9
13891;0.4278;21.0;41.0;50.4;9
13892;0.4276;20.9;41.0;50.4;9
13893;0.4277;21.0;41.1;50.3;9
13894;0.4288;21.0;41.1;50.4;9
13895;0.4274;21.1;41.1;50.3;9
13896;0.4271;21.0;41.1;50.3;9
13897;0.4293;21.1;41.2;50.3;9
13898;0.4286;21.1;41.2;50.4;9
13899;0.4261;21.1;41.2;50.4;9
13900;0.4272;21.1;41.2;50.4;9
13901;0.4236;21.3;41.5;50.4;9
13902;0.4276;21.3;41.6;50.4;9
13903;0.4259;21.3;41.8;50.4;9
13904;0.4248;21.4;41.9;50.3;9
13905;0.4245;21.5;42.0;50.4;9
13906;0.4235;21.5;42.1;50.4;9
13907;0.4252;21.6;42.1;50.4;9
13908;0.4246;21.6;42.2;50.3;9
13909;0.4246;21.7;42.3;50.3;9
13910;0.4255;21.7;42.4;50.3;9
13911;0.4253;21.8;42.4;50.3;9
13912;0.4266;21.8;42.4;50.3;9
13913;0.4255;21.9;42.6;50.3;9
13914;0.4255;21.9;42.5;50.3;9
13915;0.4279;22.0;42.7;50.3;9
13916;0.4276;22.0;42.7;50.3;9
13917;0.4287;22.1;42.7;50.2;9
13918;0.4309;22.1;42.8;50.2;9
13919;0.4305;22.2;42.8;50.2;9
13920;0.4319;22.1;42.8;50.2;9
13921;0.43;22.1;42.8;50.2;9
13922;0.4302;22.2;42.8;50.2;9
13923;0.4318;22.3;42.8;50.2;9
13924;0.4297;22.5;42.3;50.2;9
13925;0.4312;22.5;42.2;50.2;9
13926;0.4319;22.6;42.4;50.2;9
13927;0.4324;22.7;42.4;50.2;9
13928;0.433;22.7;42.6;50.2;9
13929;0.4354;22.7;42.5;50.2;9
13930;0.4317;22.8;42.7;50.3;9
13931;0.4351;22.8;42.7;50.3;9
13932;0.4344;22.7;42.6;50.3;9
13933;0.4342;22.8;42.8;50.3;9
13934;0.4371;22.9;42.7;50.4;9
13935;0.4382;22.9;42.6;50.3;9
13936;0.4355;22.9;42.7;50.4;9
13937;0.4335;22.9;42.6;50.4;9
13938;0.4328;22.9;42.6;50.3;9
13939;0.4336;23.0;42.5;50.4;9
13940;0.4332;23.0;42.4;50.4;9
13941;0.4306;23.1;42.3;50.4;9
13942;0.4318;23.0;42.2;50.4;9
13943;0.4335;23.0;42.1;50.4;9
13944;0.4312;23.0;42.1;50.4;9
13945;0.4331;23.0;42.0;50.4;9
13946;0.4338;23.0;41.9;50.3;9
13947;0.4336;23.0;42.0;50.4;9
13948;0.4302;23.0;41.8;50.4;9
13949;0.4292;23.0;41.8;50.3;9
13950;0.4272;23.0;41.9;50.3;9
13951;0.4248;23.0;41.7;50.3;9
13952;0.4208;23.0;41.7;50.3;9
13953;0.4226;23.0;41.7;50.2;9
13954;0.421;23.0;41.7;50.2;9
13955;0.422;23.0;41.7;50.2;9
13956;0.4212;23.0;41.7;50.2;9
13957;0.4224;23.0;41.7;50.1;9
13958;0.4216;23.0;41.7;50.1;9
13959;0.4202;23.0;41.7;50.1;9
13960;0.422;23.0;41.7;50.1;9
13961;0.4236;23.0;41.6;50.1;9
13962;0.4232;23.0;41.6;50.1;9
13963;0.4232;23.0;41.6;50.1;9
13964;0.4231;23.0;41.6;50.0;9
13965;0.4255;23.0;41.6;50.0;9
13966;0.4241;23.0;41.5;50.0;9
13967;0.4257;23.0;41.5;50.0;9
13968;0.4274;23.0;41.6;50.0;9
13969;0.4263;23.1;41.6;50.0;9
13970;0.4286;23.1;41.6;50.0;9
13971;0.4279;23.2;41.6;50.0;9
13972;0.4275;23.1;41.6;50.0;9
13973;0.428;23.1;41.6;50.0;9
13974;0.4264;23.1;41.6;50.0;9
13975;0.4275;23.1;41.5;50.0;9
13976;0.4265;23.1;41.5;50.1;9
13977;0.4283;23.2;41.6;50.0;9
13978;0.4267;23.2;41.5;50.1;9
13979;0.4246;23.2;41.6;50.0;9
13980;0.4258;23.3;41.6;50.0;9
13981;0.4236;23.4;41.6;50.0;9
13982;0.4244;23.4;41.5;50.0;9
13983;0.4254;23.5;41.5;50.0;9
13984;0.4229;23.5;41.5;50.0;9
13985;0.4248;23.5;41.6;50.0;9
13986;0.4237;23.5;41.6;50.0;9
13987;0.4262;23.6;41.5;50.0;9
13988;0.4269;23.6;41.6;50.0;9
13989;0.4247;23.6;41.6;50.1;9
13990;0.427;23.6;41.6;50.1;9
13991;0.4261;23.6;41.6;50.1;9
13992;0.4236;23.6;41.6;50.1;9
13993;0.425;23.6;41.6;50.1;9
13994;0.4261;23.6;41.6;50.1;9
13995;0.4261;23.6;41.6;50.1;9
13996;0.4264;23.5;41.5;50.1;9
13997;0.4261;23.5;41.5;50.1;9
13998;0.4253;23.5;41.5;50.1;9
13999;0.4249;23.5;41.5;50.1;9
14000;0.4251;23.5;41.5;50.1;9
14001;0.4268;23.3;41.4;50.1;9
14002;0.4261;23.4;41.5;50.1;9
14003;0.4274;23.4;41.4;50.1;9
14004;0.4268;23.4;41.5;50.1;9
14005;0.4255;23.4;41.4;50.1;9
14006;0.4267;23.4;41.5;50.2;9
14007;0.426;23.5;41.5;50.2;9
14008;0.4269;23.5;41.5;50.2;9
14009;0.4248;23.5;41.4;50.2;9
14010;0.4242;23.4;41.4;50.2;9
14011;0.4246;23.4;41.5;50.2;9
14012;0.4242;23.5;41.4;50.2;9
14013;0.4274;23.6;41.4;50.2;9
14014;0.428;23.6;41.5;50.2;9
14015;0.4273;23.6;41.5;50.2;9
14016;0.4267;23.6;41.6;50.2;9
14017;0.4243;23.7;41.6;50.3;9
14018;0.4237;23.7;41.7;50.2;9
14019;0.4242;23.7;41.6;50.2;9
14020;0.4265;23.7;41.6;50.2;9
14021;0.4229;23.7;41.6;50.2;9
14022;0.4218;23.7;41.6;50.2;9
14023;0.4212;23.7;41.6;50.2;9
14024;0.4197;23.6;41.6;50.2;9
14025;0.4208;23.6;41.6;50.2;9
14026;0.4194;23.6;41.5;50.2;9
14027;0.4194;23.6;41.5;50.2;9
14028;0.419;23.6;41.5;50.2;9
14029;0.4209;23.5;41.5;50.2;9
14030;0.4211;23.4;41.4;50.2;9
14031;0.4173;23.5;41.4;50.2;9
14032;0.419;23.5;41.4;50.2;9
14033;0.4181;23.5;41.4;50.2;9
14034;0.4191;23.5;41.5;50.1;9
14035;0.4213;23.5;41.6;50.1;9
14036;0.4213;23.5;41.6;50.1;9
14037;0.4199;23.5;41.7;50.2;9
14038;0.4204;23.5;41.6;50.1;9
14039;0.4213;23.5;41.6;50.1;9
14040;0.4219;23.5;41.5;50.1;9
14041;0.4211;23.5;41.7;50.1;9
14042;0.4174;23.5;41.7;50.1;9
14043;0.4176;23.5;41.7;50.0;9
14044;0.4167;23.5;41.6;50.1;9
14045;0.4182;23.5;41.6;50.0;9
14046;0.4193;23.5;41.6;50.0;9
14047;0.4181;23.5;41.6;50.0;9
14048;0.4191;23.5;41.5;50.0;9
14049;0.4193;23.4;41.5;50.0;9
14050;0.4168;23.4;41.5;50.0;9
14051;0.4157;23.4;41.4;49.9;9
14052;0.415;23.4;41.5;49.9;9
14053;0.4168;23.4;41.5;49.9;9
14054;0.4151;23.4;41.4;49.9;9
14055;0.4149;23.4;41.4;49.8;9
14056;0.4147;23.4;41.4;49.8;9
14057;0.414;23.3;41.5;49.8;9
14058;0.4139;23.3;41.5;49.8;9
14059;0.4149;23.3;41.4;49.8;9
14060;0.4141;23.2;41.6;49.8;9
14061;0.415;23.2;41.5;49.7;9
14062;0.412;23.2;41.5;49.8;9
14063;0.4118;23.2;41.6;49.8;9
14064;0.4134;23.2;41.6;49.8;9
14065;0.4141;23.2;41.6;49.8;9
14066;0.4137;23.2;41.6;49.8;9
14067;0.4155;23.2;41.6;49.7;9
14068;0.4185;23.2;41.6;49.7;9
14069;0.416;23.2;41.5;49.7;9
14070;0.4115;23.3;41.5;49.8;9
14071;0.4126;23.2;41.6;49.7;9
14072;0.4128;23.2;41.6;49.7;9
14073;0.4144;23.2;41.5;49.7;9
14074;0.4125;23.2;41.6;49.7;9
14075;0.4141;23.2;41.6;49.7;9
14076;0.4097;23.2;41.6;49.7;9
14077;0.4124;23.2;41.6;49.6;9
14078;0.4119;23.2;41.5;49.6;9
14079;0.4139;23.2;41.5;49.6;9
14080;0.412;23.3;41.5;49.6;9
14081;0.4123;23.3;41.5;49.6;9
14082;0.415;23.2;41.4;49.6;9
14083;0.4131;23.2;41.4;49.6;9
14084;0.4144;23.1;41.4;49.5;9
14085;0.4164;23.1;41.5;49.5;9
14086;0.4154;23.2;41.5;49.5;9
14087;0.415;23.2;41.5;49.5;9
14088;0.4123;23.1;41.5;49.6;9
14089;0.4114;23.1;41.5;49.5;9
14090;0.4103;23.2;41.5;49.5;9
14091;0.4088;23.2;41.5;49.5;9
14092;0.4077;23.1;41.5;49.5;9
14093;0.4096;23.1;41.5;49.4;9
14094;0.4072;23.0;41.4;49.4;9
14095;0.407;23.1;41.3;49.4;9
14096;0.4069;23.0;41.3;49.4;9
14097;0.4077;23.0;41.4;49.4;9
14098;0.4086;23.0;41.3;49.4;9
14099;0.4051;23.0;41.3;49.4;9
14100;0.404;23.0;41.3;49.3;9
14101;0.4073;23.0;41.2;49.3;9
14102;0.4085;23.0;41.3;49.3;9
14103;0.4079;23.0;41.2;49.3;9
14104;0.4064;23.0;41.2;49.3;9
14105;0.4062;22.9;41.2;49.3;9
14106;0.4051;22.9;41.2;49.3;9
14107;0.4057;22.8;41.2;49.3;9
14108;0.4053;22.9;41.1;49.2;9
14109;0.4032;22.8;41.1;49.2;9
14110;0.4047;22.9;41.1;49.2;9
14111;0.408;22.9;41.1;49.2;9
14112;0.4097;22.9;41.1;49.2;9
14113;0.4089;22.9;41.1;49.2;9
14114;0.4058;22.9;41.1;49.1;9
14115;0.4077;22.8;41.1;49.1;9
14116;0.4071;22.7;41.1;49.1;9
14117;0.407;22.7;41.0;49.1;9
14118;0.4055;22.7;41.0;49.0;9
14119;0.4061;22.7;41.0;49.0;9
14120;0.4079;22.7;41.0;49.0;9
14121;0.4061;22.7;41.0;49.0;9
14122;0.4059;22.8;41.0;49.0;9
14123;0.4072;22.6;40.9;49.0;9
14124;0.4084;22.6;40.9;49.0;9
14125;0.4092;22.6;40.9;49.0;9
14126;0.4075;22.7;40.9;49.0;9
14127;0.4087;22.7;40.9;49.0;9
14128;0.4059;22.6;40.9;49.0;9
14129;0.4084;22.6;40.9;49.0;9
14130;0.4073;22.5;40.9;49.0;9
14131;0.4066;22.5;40.9;49.0;9
14132;0.4069;22.5;40.9;49.0;9
14133;0.4062;22.5;40.9;49.0;9
14134;0.4075;22.5;40.8;49.0;9
14135;0.406;22.5;40.8;49.0;9
14136;0.4053;22.6;40.8;49.0;9
14137;0.4062;22.6;40.7;49.0;9
14138;0.403;22.6;40.7;48.9;9
14139;0.4031;22.5;40.8;48.9;9
14140;0.4048;22.4;40.8;49.0;9
14141;0.4043;22.4;40.8;48.9;9
14142;0.4064;22.4;40.8;48.9;9
14143;0.4045;22.4;40.7;48.9;9
14144;0.4057;22.4;40.6;48.9;9
14145;0.405;22.3;40.6;48.9;9
14146;0.4062;22.3;40.6;48.9;9
14147;0.408;22.3;40.6;48.9;9
14148;0.4066;22.3;40.6;48.9;9
14149;0.4066;22.3;40.6;48.9;9
14150;0.4094;22.2;40.6;48.9;9
14151;0.4097;22.2;40.6;48.9;9
14152;0.4099;22.1;40.6;48.9;9
14153;0.4104;22.1;40.6;48.9;9
14154;0.4109;22.2;40.5;48.9;9
14155;0.4085;22.1;40.5;48.9;9
14156;0.4078;22.1;40.5;48.9;9
14157;0.408;22.1;40.5;48.9;9
14158;0.4059;22.1;40.5;48.9;9
14159;0.4094;22.0;40.5;48.9;9
14160;0.4069;22.0;40.5;48.9;9
14161;0.4087;21.9;40.5;49.0;9
14162;0.4096;21.9;40.5;49.0;9
14163;0.4089;21.9;40.5;49.0;9
14164;0.409;21.8;40.5;49.0;9
14165;0.4091;21.8;40.5;49.0;9
14166;0.4083;21.8;40.5;49.0;9
14167;0.4109;21.7;40.5;49.0;9
14168;0.4084;21.7;40.5;49.0;9
14169;0.4081;21.6;40.5;49.0;9
14170;0.4099;21.6;40.5;49.0;9
14171;0.4101;21.7;40.5;49.0;9
14172;0.4115;21.7;40.5;49.0;9
14173;0.4088;21.6;40.5;49.0;9
14174;0.409;21.6;40.5;49.0;9
14175;0.4108;21.5;40.4;49.0;9
14176;0.4096;21.6;40.4;49.0;9
14177;0.4126;21.6;40.4;49.0;9
14178;0.4133;21.6;40.4;49.0;9
14179;0.4146;21.5;40.4;49.1;9
14180;0.4157;21.4;40.4;49.1;9
14181;0.4137;21.4;40.4;49.1;9
14182;0.411;21.4;40.4;49.1;9
14183;0.4121;21.3;40.4;49.1;9
14184;0.4118;21.2;40.4;49.1;9
14185;0.4107;21.3;40.3;49.1;9
14186;0.41;21.1;40.2;49.1;9
14187;0.4128;21.1;40.3;49.1;9
14188;0.4121;21.1;40.3;49.1;9
14189;0.4117;21.0;40.3;49.1;9
14190;0.4102;21.0;40.2;49.1;9
14191;0.4109;20.8;40.2;49.1;9
14192;0.4096;20.8;40.2;49.1;9
14193;0.4069;20.8;40.1;49.0;9
14194;0.407;20.7;40.1;49.0;9
14195;0.4068;20.7;40.1;49.0;9
14196;0.4063;20.6;40.1;48.9;9
14197;0.4075;20.6;40.1;48.9;9
14198;0.4067;20.6;40.1;48.9;9
14199;0.4049;20.5;40.1;48.8;9
14200;0.402;20.5;40.1;48.8;9
14201;0.4031;20.5;40.2;48.8;9
14202;0.4019;20.4;40.1;48.6;9
14203;0.403;20.4;40.1;48.5;9
14204;0.4037;20.4;40.1;48.5;9
14205;0.4017;20.3;40.0;48.7;9
14206;0.4028;20.3;40.0;48.7;9
14207;0.4042;20.3;40.0;48.6;9
14208;0.4029;20.1;40.0;48.4;9
14209;0.4052;20.2;40.0;48.4;9
14210;0.4042;20.1;40.0;48.5;9
14211;0.4039;20.0;40.0;48.7;9
14212;0.4065;20.0;39.9;48.6;9
14213;0.4039;20.1;39.9;48.3;9
14214;0.4049;20.0;39.9;48.4;9
14215;0.4038;19.8;39.9;48.4;9
14216;0.4028;19.9;39.9;48.4;9
14217;0.4005;19.7;39.9;48.3;9
14218;0.4017;19.8;39.9;48.3;9
14219;0.3998;19.8;39.9;48.5;9
14220;0.4;19.8;39.9;48.2;9
14221;0.3999;19.8;39.9;48.3;9
14222;0.4007;19.8;39.8;48.2;9
14223;0.4025;19.8;39.8;48.2;9
14224;0.4014;19.8;39.7;48.2;9
14225;0.4015;19.8;39.7;48.1;9
14226;0.401;19.8;39.7;48.1;9
14227;0.3994;19.8;39.7;48.1;9
14228;0.4002;19.8;39.7;48.1;9
14229;0.3983;19.8;39.7;48.1;9
14230;0.4002;19.9;39.8;48.0;9
14231;0.3977;19.9;39.8;48.0;9
14232;0.3982;19.9;39.8;48.0;9
14233;0.3976;19.9;39.7;48.0;9
14234;0.3981;19.9;39.7;48.0;9
14235;0.3998;19.9;39.7;48.0;9
14236;0.399;19.9;39.7;47.9;9
14237;0.3987;19.9;39.6;47.9;9
14238;0.3966;19.9;39.7;47.9;9
14239;0.3957;19.9;39.6;47.9;9
14240;0.3982;19.9;39.6;47.9;9
14241;0.399;19.9;39.5;47.9;9
14242;0.3979;19.9;39.5;47.8;9
14243;0.3975;19.9;39.5;47.8;9
14244;0.3971;19.9;39.5;47.8;9
14245;0.3993;19.9;39.5;47.8;9
14246;0.3993;19.9;39.5;47.8;9
14247;0.3992;20.0;39.5;47.8;9
14248;0.3962;20.1;39.5;47.7;9
14249;0.3958;20.0;39.5;47.7;9
14250;0.3959;20.0;39.5;47.7;9
14251;0.3923;20.0;39.5;47.6;9
14252;0.3927;20.1;39.5;47.6;9
14253;0.3942;20.2;39.5;47.6;9
14254;0.3933;20.2;39.4;47.6;9
14255;0.3933;20.2;39.5;47.5;9
14256;0.3957;20.2;39.4;47.5;9
14257;0.398;20.1;39.4;47.4;9
14258;0.3977;20.1;39.4;47.4;9
14259;0.3949;20.2;39.4;47.4;9
14260;0.3969;20.2;39.4;47.4;9
14261;0.3937;20.2;39.4;47.4;9
14262;0.3962;20.3;39.4;47.4;9
14263;0.3925;20.2;39.4;47.4;9
14264;0.39;20.2;39.4;47.3;9
14265;0.3923;20.3;39.3;47.3;9
14266;0.3911;20.3;39.3;47.2;9
14267;0.3897;20.3;39.3;47.2;9
14268;0.3883;20.3;39.2;47.2;9
14269;0.3868;20.3;39.3;47.2;9
14270;0.3854;20.3;39.3;47.1;9
14271;0.3831;20.3;39.3;47.1;9
14272;0.3837;20.3;39.3;47.1;9
14273;0.3833;20.3;39.3;47.0;9
14274;0.385;20.3;39.3;46.9;9
14275;0.3847;20.3;39.3;46.9;9
14276;0.3844;20.3;39.3;46.9;9
14277;0.3828;20.3;39.2;46.8;9
14278;0.3833;20.3;39.2;46.8;9
14279;0.3797;20.1;39.2;46.6;9
14280;0.3799;20.1;39.2;46.6;9
14281;0.3777;20.1;39.2;46.6;9
14282;0.3782;20.1;39.1;46.6;9
14283;0.3797;20.1;39.2;46.5;9
14284;0.3787;20.1;39.1;46.5;9
14285;0.3793;20.1;39.1;46.5;9
14286;0.3771;20.1;39.1;46.5;9
14287;0.3762;20.1;39.1;46.4;9
14288;0.3755;20.1;39.0;46.4;9
14289;0.3769;20.1;39.1;46.3;9
14290;0.3757;20.1;39.0;46.3;9
14291;0.3752;20.0;38.9;46.2;9
14292;0.3746;20.0;38.9;46.3;9
14293;0.3764;19.9;39.0;46.2;9
14294;0.3764;19.9;38.9;46.2;9
14295;0.375;19.9;38.8;46.1;9
14296;0.3748;19.9;38.8;46.1;9
14297;0.3756;19.8;38.8;46.0;9
14298;0.3745;19.8;38.8;46.0;9
14299;0.3759;19.8;38.8;46.1;9
14300;0.3765;19.6;38.7;46.0;9
14301;0.375;19.6;38.6;46.0;9
14302;0.3752;19.7;38.6;46.0;9
14303;0.3732;19.7;38.7;45.9;9
14304;0.3753;19.6;38.7;45.9;9
14305;0.373;19.5;38.7;45.9;9
14306;0.3734;19.5;38.7;45.9;9
14307;0.3717;19.6;38.6;45.9;9
14308;0.3713;19.4;38.7;45.9;9
14309;0.3705;19.4;38.7;45.8;9
14310;0.3725;19.4;38.6;45.8;9
14311;0.3734;19.4;38.5;45.8;9
14312;0.3726;19.4;38.6;45.7;9
14313;0.3729;19.3;38.6;45.7;9
14314;0.3724;19.3;38.4;45.7;9
14315;0.3698;19.3;38.4;45.7;9
14316;0.3683;19.2;38.4;45.7;9
14317;0.366;19.2;38.5;45.7;9
14318;0.366;19.1;38.4;45.6;9
14319;0.3667;19.2;38.5;45.5;9
14320;0.3673;19.1;38.4;45.5;9
14321;0.3666;19.2;38.3;45.5;9
14322;0.3669;19.2;38.3;45.5;9
14323;0.3694;19.1;38.3;45.3;9
14324;0.3683;19.1;38.3;45.4;9
14325;0.3668;19.1;38.3;45.3;9
14326;0.3686;19.1;38.3;45.3;9
14327;0.3695;19.1;38.3;45.4;9
14328;0.3693;19.1;38.3;45.3;9
14329;0.368;19.1;38.3;45.3;9
14330;0.3679;19.0;38.3;45.1;9
14331;0.3669;19.0;38.3;45.2;9
14332;0.3673;19.0;38.3;45.1;9
14333;0.3657;19.0;38.3;45.2;9
14334;0.3657;19.0;38.3;45.2;9
14335;0.3635;19.0;38.3;45.0;9
14336;0.3641;19.1;38.2;45.1;9
14337;0.3632;19.0;38.2;44.9;9
14338;0.3635;18.9;38.2;44.9;9
14339;0.3625;18.9;38.1;44.8;9
14340;0.3642;18.9;38.2;44.8;9
14341;0.3629;18.9;38.2;44.8;9
14342;0.36;18.9;38.2;44.8;9
14343;0.3606;18.8;38.2;44.7;9
14344;0.3609;18.9;38.2;44.6;9
14345;0.3592;18.8;38.1;44.7;9
14346;0.3577;18.8;38.1;44.6;9
14347;0.3575;18.8;38.1;44.6;9
14348;0.3583;18.8;38.0;44.5;9
14349;0.3576;18.8;38.1;44.5;9
14350;0.3598;18.8;38.0;44.5;9
14351;0.3576;18.7;38.1;44.4;9
14352;0.3575;18.7;38.0;44.4;9
14353;0.3557;18.7;38.0;44.4;9
14354;0.3545;18.7;37.9;44.3;9
14355;0.355;18.7;37.9;44.3;9
14356;0.3554;18.7;38.0;44.3;9
14357;0.3561;18.7;38.0;44.3;9
14358;0.3557;18.6;37.9;44.2;9
14359;0.3552;18.6;37.8;44.3;9
14360;0.355;18.6;37.8;44.2;9
14361;0.3551;18.6;37.8;44.2;9
14362;0.3544;18.6;37.8;44.2;9
14363;0.3544;18.6;37.8;44.2;9
14364;0.3536;18.6;37.7;44.1;9
14365;0.3554;18.6;37.7;44.1;9
14366;0.3559;18.6;37.7;44.1;9
14367;0.3537;18.6;37.7;44.0;9
14368;0.3535;18.6;37.6;43.9;9
14369;0.353;18.5;37.6;44.0;9
14370;0.3538;18.6;37.5;43.9;9
14371;0.352;18.5;37.5;43.9;9
14372;0.3512;18.5;37.6;43.8;9
14373;0.3516;18.5;37.5;43.8;9
14374;0.353;18.6;37.6;43.7;9
14375;0.3514;18.5;37.6;43.8;9
14376;0.3528;18.5;37.6;43.7;9
14377;0.3532;18.6;37.6;43.7;9
14378;0.3529;18.5;37.4;43.7;9
14379;0.3511;18.6;37.5;43.7;9
14380;0.3523;18.6;37.5;43.7;9
14381;0.3505;18.6;37.5;43.6;9
14382;0.3495;18.5;37.4;43.6;9
14383;0.3516;18.5;37.3;43.6;9
14384;0.3491;18.5;37.3;43.5;9
14385;0.3506;18.5;37.2;43.5;9
14386;0.3488;18.5;37.2;43.5;9
14387;0.3486;18.4;37.2;43.4;9
14388;0.3496;18.3;37.2;43.4;9
14389;0.3506;18.4;37.2;43.4;9
14390;0.3485;18.3;37.2;43.3;9
14391;0.349;18.2;37.2;43.3;9
14392;0.3489;18.2;37.1;43.3;9
14393;0.3491;18.2;37.1;43.2;9
14394;0.3469;18.2;37.1;43.2;9
14395;0.3465;18.2;37.1;43.2;9
14396;0.3494;18.2;37.1;43.2;9
14397;0.3487;18.2;37.0;43.2;9
14398;0.3482;18.2;37.0;43.2;9
14399;0.3493;18.1;36.9;43.1;9
14400;0.3485;18.1;37.0;43.1;9
14401;0.3475;18.1;37.0;43.1;9
14402;0.3468;18.1;37.0;43.1;9
14403;0.3469;18.1;36.9;43.0;9
14404;0.346;18.0;36.9;43.0;9
14405;0.3439;18.0;36.9;43.0;9
14406;0.342;18.0;36.8;42.9;9
14407;0.3409;17.8;36.8;42.9;9
14408;0.3401;17.8;36.8;42.9;9
14409;0.34;17.8;36.8;42.8;9
14410;0.3406;17.9;36.8;42.5;9
14411;0.3406;17.7;36.7;42.5;9
14412;0.3392;17.7;36.7;42.4;9
14413;0.3407;17.7;36.7;42.4;9
14414;0.3414;17.8;36.7;42.4;9
14415;0.3402;17.7;36.7;42.4;9
14416;0.3419;17.6;36.8;42.3;9
14417;0.3413;17.6;36.8;42.3;9
14418;0.342;17.5;36.6;42.3;9
14419;0.3403;17.6;36.6;42.2;9
14420;0.3405;17.4;36.6;42.2;9
14421;0.3419;17.4;36.6;42.2;9
14422;0.3423;17.4;36.6;42.1;9
14423;0.3403;17.3;36.5;42.1;9
14424;0.3382;17.3;36.5;42.1;9
14425;0.3391;17.3;36.5;42.0;9
14426;0.3423;17.3;36.5;42.0;9
14427;0.3418;17.3;36.5;42.0;9
14428;0.3399;17.2;36.5;42.0;9
14429;0.3391;17.2;36.4;41.9;9
14430;0.3407;17.2;36.4;41.9;9
14431;0.3419;17.1;36.3;41.9;9
14432;0.341;17.0;36.4;41.8;9
14433;0.3419;17.0;36.2;41.8;9
14434;0.3383;17.0;36.2;41.8;9
14435;0.3352;17.0;36.3;41.7;9
14436;0.3382;17.0;36.2;41.7;9
14437;0.3389;17.0;36.3;41.6;9
14438;0.3392;17.0;36.1;41.6;9
14439;0.3387;17.0;36.1;41.6;9
14440;0.3388;17.0;36.1;41.6;9
14441;0.3373;17.0;36.1;41.6;9
14442;0.3355;17.0;36.0;41.6;9
14443;0.336;16.9;36.0;41.5;9
14444;0.3366;16.9;36.0;41.5;9
14445;0.3373;16.9;36.0;41.4;9
14446;0.3387;16.8;35.9;41.4;9
14447;0.3372;16.8;35.9;41.4;9
14448;0.3358;16.7;35.9;41.4;9
14449;0.3353;16.7;35.9;41.4;9
14450;0.3359;16.7;35.9;41.4;9
14451;0.3357;16.7;35.8;41.3;9
14452;0.3338;16.6;35.8;41.3;9
14453;0.3349;16.6;35.8;41.3;9
14454;0.3333;16.6;35.7;41.2;9
14455;0.3355;16.7;35.8;41.2;9
14456;0.3349;16.7;35.7;41.2;9
14457;0.3363;16.7;35.7;41.1;10
14458;0.336;16.7;35.7;41.1;10
14459;0.3368;16.7;35.8;41.1;10
14460;0.336;16.7;35.6;41.1;10
14461;0.3349;16.7;35.6;41.1;10
14462;0.3342;16.7;35.6;41.0;10
14463;0.3362;16.7;35.6;41.0;10
14464;0.3347;16.7;35.6;41.0;10
14465;0.3362;16.7;35.5;40.9;10
14466;0.3363;16.7;35.5;40.9;10
14467;0.3351;16.7;35.5;40.9;10
14468;0.337;16.5;35.5;40.9;10
14469;0.3331;16.5;35.4;40.9;10
14470;0.3345;16.5;35.4;40.9;10
14471;0.3343;16.5;35.4;40.8;10
14472;0.3349;16.4;35.4;40.8;10
14473;0.3366;16.4;35.4;40.8;10
14474;0.3329;16.5;35.4;40.7;10
14475;0.3354;16.4;35.4;40.7;10
14476;0.3362;16.4;35.4;40.7;10
14477;0.3365;16.3;35.4;40.7;10
14478;0.3352;16.3;35.3;40.7;10
14479;0.3361;16.3;35.3;40.7;10
14480;0.3345;16.3;35.3;40.6;10
14481;0.335;16.2;35.3;40.6;10
14482;0.3372;16.2;35.3;40.6;10
14483;0.3361;16.2;35.3;40.6;10
14484;0.3376;16.2;35.3;40.5;10
14485;0.3371;16.1;35.2;40.5;10
14486;0.335;16.0;35.1;40.5;10
14487;0.3332;16.1;35.2;40.4;10
14488;0.3336;16.0;35.1;40.4;10
14489;0.3347;16.0;35.1;40.4;10
14490;0.335;15.8;35.2;40.4;10
14491;0.3343;15.8;35.1;40.3;10
14492;0.3345;15.8;35.0;40.3;10
14493;0.3328;15.7;35.0;40.3;10
14494;0.3325;15.7;35.0;40.3;10
14495;0.3334;15.7;35.1;40.2;10
14496;0.3331;15.6;35.0;40.2;10
14497;0.3321;15.5;35.0;39.9;10
14498;0.331;15.6;34.9;39.9;10
14499;0.3283;15.5;34.9;39.8;10
14500;0.3296;15.5;34.9;39.8;10
14501;0.3305;15.6;35.0;39.8;10
14502;0.3301;15.6;34.9;39.8;10
14503;0.3294;15.6;34.8;39.7;10
14504;0.3311;15.5;34.8;39.7;10
14505;0.3299;15.5;34.8;39.7;10
14506;0.3295;15.5;34.8;39.7;10
14507;0.3306;15.5;34.7;39.7;10
14508;0.3301;15.5;34.6;39.6;10
14509;0.33;15.6;34.6;39.6;10
14510;0.3288;15.6;34.6;39.6;10
14511;0.3273;15.5;34.7;39.6;10
14512;0.3281;15.5;34.7;39.6;10
14513;0.3292;15.5;34.7;39.6;10
14514;0.3309;15.4;34.6;39.5;10
14515;0.3303;15.4;34.5;39.5;10
14516;0.3316;15.4;34.5;39.5;10
14517;0.3314;15.4;34.5;39.4;10
14518;0.3293;15.4;34.5;39.4;10
14519;0.3297;15.5;34.6;39.4;10
14520;0.3287;15.4;34.6;39.4;10
14521;0.3312;15.3;34.5;39.4;10
14522;0.3305;15.3;34.5;39.4;10
14523;0.3317;15.3;34.4;39.4;10
14524;0.33;15.3;34.4;39.4;10
14525;0.3301;15.4;34.4;39.3;10
14526;0.3286;15.3;34.5;39.3;10
14527;0.3279;15.3;34.5;39.3;10
14528;0.3302;15.3;34.4;39.2;10
14529;0.3302;15.3;34.3;39.2;10
14530;0.3313;15.3;34.3;39.2;10
14531;0.3304;15.3;34.2;39.2;10
14532;0.3322;15.2;34.2;39.2;10
14533;0.3312;15.2;34.2;39.2;10
14534;0.3318;15.2;34.2;39.2;10
14535;0.3306;15.2;34.1;39.1;10
14536;0.3313;15.2;34.1;39.1;10
14537;0.33;15.2;34.1;39.1;10
14538;0.3287;15.2;34.1;39.1;10
14539;0.3286;15.2;34.1;39.1;10
14540;0.3286;15.1;34.1;39.1;10
14541;0.3273;15.0;34.1;39.1;10
14542;0.3283;15.0;34.1;39.0;10
14543;0.3267;15.0;34.1;39.0;10
14544;0.3266;15.0;34.0;38.9;10
14545;0.3273;15.1;33.9;38.9;10
14546;0.3302;15.1;33.9;38.9;10
14547;0.3298;15.0;33.9;38.9;10
14548;0.3292;15.0;33.9;38.9;10
14549;0.3302;15.0;33.9;38.9;10
14550;0.3296;15.0;33.9;38.9;10
14551;0.3296;15.1;33.8;38.8;10
14552;0.3314;15.0;33.8;38.8;10
14553;0.331;15.0;33.8;38.8;10
14554;0.3304;15.0;33.8;38.8;10
14555;0.3293;15.0;33.8;38.7;10
14556;0.3304;15.0;33.8;38.7;10
14557;0.3284;15.0;33.8;38.7;10
14558;0.3307;15.0;33.8;38.7;10
14559;0.3299;15.0;33.8;38.7;10
14560;0.3298;15.0;33.8;38.7;10
14561;0.3315;15.0;33.8;38.7;10
14562;0.3309;15.0;33.8;38.7;10
14563;0.3316;15.0;33.7;38.7;10
14564;0.3293;15.0;33.7;38.7;10
14565;0.3294;15.0;33.7;38.6;10
14566;0.3299;15.1;33.7;38.6;10
14567;0.3307;15.0;33.7;38.5;10
14568;0.3312;15.0;33.7;38.5;10
14569;0.3311;15.0;33.7;38.5;10
14570;0.3325;15.0;33.7;38.5;10
14571;0.3301;15.0;33.7;38.5;10
14572;0.3322;15.0;33.7;38.5;10
14573;0.3313;14.9;33.6;38.5;10
14574;0.3319;14.9;33.6;38.5;10
14575;0.3334;14.9;33.6;38.5;10
14576;0.3322;14.9;33.6;38.5;10
14577;0.3312;14.9;33.6;38.5;10
14578;0.3316;14.9;33.6;38.5;10
14579;0.3303;14.8;33.6;38.4;10
14580;0.3291;14.8;33.6;38.4;10
14581;0.3259;14.8;33.6;38.4;10
14582;0.3266;14.8;33.5;38.3;10
14583;0.3272;14.8;33.5;38.3;10
14584;0.3257;14.8;33.4;38.3;10
14585;0.3274;14.7;33.4;38.2;10
14586;0.328;14.7;33.4;38.2;10
14587;0.328;14.7;33.4;38.2;10
14588;0.3286;14.7;33.4;38.2;10
14589;0.3279;14.6;33.4;38.2;10
14590;0.3287;14.5;33.4;38.1;10
14591;0.33;14.5;33.4;38.1;10
14592;0.3287;14.5;33.3;38.1;10
14593;0.3299;14.5;33.3;38.1;10
14594;0.3306;14.5;33.3;38.1;10
14595;0.3289;14.4;33.3;38.1;10
14596;0.3284;14.4;33.3;38.1;10
14597;0.3272;14.4;33.3;38.0;10
14598;0.3293;14.4;33.3;38.1;10
14599;0.328;14.3;33.3;38.0;10
14600;0.3272;14.3;33.3;38.0;10
14601;0.328;14.3;33.3;38.0;10
14602;0.3252;14.3;33.2;38.0;10
14603;0.3271;14.3;33.2;37.9;10
14604;0.3264;14.3;33.2;37.9;10
14605;0.327;14.2;33.2;37.9;10
14606;0.3281;14.1;33.2;37.9;10
14607;0.3271;14.1;33.1;37.9;10
14608;0.3281;14.1;33.0;37.8;10
14609;0.3319;14.1;33.1;37.9;10
14610;0.3338;14.1;33.1;37.9;10
14611;0.3353;14.2;33.1;37.8;10
14612;0.3348;14.2;33.1;37.9;10
14613;0.3344;14.2;33.1;37.8;10
14614;0.3343;14.1;33.1;37.8;10
14615;0.3345;14.1;33.1;37.8;10
14616;0.336;14.0;33.1;37.8;10
14617;0.3324;14.0;33.0;37.8;10
14618;0.335;14.0;33.0;37.8;10
14619;0.3343;14.0;32.9;37.8;10
14620;0.3352;14.1;33.0;37.8;10
14621;0.3338;14.0;33.0;37.8;10
14622;0.3351;14.1;33.0;37.8;10
14623;0.3348;14.0;33.0;37.8;10
14624;0.3358;14.1;33.0;37.8;10
14625;0.3355;14.1;33.0;37.8;10
14626;0.3373;14.1;33.0;37.7;10
14627;0.3326;14.0;32.8;37.8;10
14628;0.3342;14.0;32.8;37.7;10
14629;0.3342;14.0;32.9;37.7;10
14630;0.3321;14.0;32.9;37.7;10
14631;0.3319;14.0;32.8;37.6;10
14632;0.3304;14.0;32.7;37.6;10
14633;0.3295;14.0;32.7;37.6;10
14634;0.332;14.0;32.7;37.5;10
14635;0.3288;14.0;32.6;37.6;10
14636;0.3314;14.0;32.6;37.5;10
14637;0.3303;14.0;32.7;37.5;10
14638;0.3303;14.0;32.7;37.5;10
14639;0.3328;14.0;32.7;37.5;10
14640;0.3287;14.0;32.7;37.5;10
14641;0.3303;14.0;32.7;37.5;10
14642;0.3297;14.0;32.6;37.5;10
14643;0.3281;14.0;32.6;37.5;10
14644;0.329;14.0;32.6;37.4;10
14645;0.3287;14.0;32.6;37.4;10
14646;0.3292;14.0;32.6;37.3;10
14647;0.3306;14.0;32.6;37.3;10
14648;0.3285;14.0;32.5;37.3;10
14649;0.3296;14.0;32.5;37.3;10
14650;0.3305;13.9;32.5;37.3;10
14651;0.3296;13.9;32.5;37.2;10
14652;0.3293;13.9;32.4;37.2;10
14653;0.3311;13.8;32.4;37.2;10
14654;0.3304;13.8;32.5;37.2;10
14655;0.33;13.8;32.4;37.2;10
14656;0.3289;13.8;32.4;37.2;10
14657;0.3271;13.7;32.4;37.2;10
14658;0.3264;13.7;32.3;37.2;10
14659;0.3295;13.7;32.3;37.1;10
14660;0.3281;13.7;32.3;37.1;10
14661;0.3266;13.8;32.3;37.1;10
14662;0.327;13.7;32.4;37.1;10
14663;0.3279;13.7;32.4;37.1;10
14664;0.3289;13.6;32.4;37.1;10
14665;0.328;13.6;32.3;37.1;10
14666;0.3277;13.6;32.3;37.0;10
14667;0.3283;13.6;32.2;37.0;10
14668;0.3299;13.6;32.3;37.0;10
14669;0.3301;13.6;32.3;37.0;10
14670;0.33;13.6;32.2;37.0;10
14671;0.3316;13.5;32.1;36.9;10
14672;0.3298;13.5;32.1;37.0;10
14673;0.3317;13.5;32.1;37.0;10
14674;0.3356;13.4;32.1;37.0;10
14675;0.3353;13.5;32.1;37.0;10
14676;0.3357;13.4;32.1;37.1;10
14677;0.3357;13.3;32.1;37.1;10
14678;0.3371;13.3;32.1;37.1;10
14679;0.3357;13.3;32.1;37.0;10
14680;0.3361;13.3;32.0;37.1;10
14681;0.338;13.3;32.0;37.1;10
14682;0.3366;13.3;32.0;37.1;10
14683;0.3352;13.4;32.0;37.0;10
14684;0.3353;13.3;32.0;37.1;10
14685;0.3354;13.4;32.0;37.1;10
14686;0.3386;13.4;32.0;37.1;10
14687;0.3367;13.4;32.0;37.1;10
14688;0.3378;13.4;31.9;37.1;10
14689;0.3359;13.5;32.0;37.1;10
14690;0.3373;13.4;32.0;37.1;10
14691;0.3367;13.5;31.9;37.0;10
14692;0.3358;13.5;31.9;37.1;10
14693;0.3372;13.4;31.9;37.1;10
14694;0.3378;13.4;31.9;37.0;10
14695;0.3346;13.5;31.9;37.1;10
14696;0.3347;13.6;31.9;37.0;10
14697;0.3327;13.6;31.9;37.0;10
14698;0.334;13.7;31.9;37.0;10
14699;0.3311;13.7;31.9;36.9;10
14700;0.3341;13.8;31.9;36.9;10
14701;0.3323;14.0;31.9;36.9;10
14702;0.3336;13.9;31.9;36.9;10
14703;0.3299;14.0;31.8;36.9;10
14704;0.3312;14.2;31.8;36.9;10
14705;0.3309;14.2;31.9;36.9;10
14706;0.3321;14.2;31.8;36.9;10
14707;0.3314;14.3;31.8;36.9;10
14708;0.3324;14.3;31.9;36.9;10
14709;0.3311;14.3;31.9;36.9;10
14710;0.333;14.3;32.0;36.8;10
14711;0.3321;14.3;32.0;36.9;10
14712;0.3341;14.4;31.9;36.8;10
14713;0.3322;14.4;31.9;36.8;10
14714;0.334;14.4;31.9;36.8;10
14715;0.333;14.3;31.9;36.8;10
14716;0.3352;14.4;31.9;36.8;10
14717;0.3332;14.3;31.9;36.8;10
14718;0.3363;14.3;31.9;36.8;10
14719;0.3356;14.4;31.9;36.8;10
14720;0.3371;14.4;31.9;36.7;10
14721;0.3352;14.4;32.0;36.8;10
14722;0.3358;14.4;32.0;36.8;10
14723;0.3351;14.4;31.9;36.8;10
14724;0.3355;14.4;32.0;36.7;10
14725;0.3347;14.4;32.0;36.8;10
14726;0.3341;14.4;32.0;36.7;10
14727;0.3334;14.4;32.0;36.7;10
14728;0.3362;14.5;32.0;36.8;10
14729;0.3351;14.5;32.0;36.7;10
14730;0.335;14.5;32.0;36.7;10
14731;0.3365;14.5;31.9;36.7;10
14732;0.3368;14.5;31.9;36.7;10
14733;0.3372;14.5;31.9;36.7;10
14734;0.3381;14.5;32.0;36.7;10
14735;0.3357;14.5;31.9;36.7;10
14736;0.336;14.5;31.9;36.7;10
14737;0.3364;14.5;31.9;36.7;10
14738;0.3406;14.6;31.9;36.7;10
14739;0.3399;14.6;31.9;36.8;10
14740;0.3415;14.6;32.0;36.8;10
14741;0.3426;14.6;32.0;36.8;10
14742;0.3435;14.7;31.9;36.9;10
14743;0.3427;14.8;32.0;36.9;10
14744;0.34;14.7;32.0;36.9;10
14745;0.3414;14.9;32.0;36.9;10
14746;0.3438;14.9;31.9;36.9;10
14747;0.3425;14.9;32.0;36.9;10
14748;0.3437;15.0;32.0;36.9;10
14749;0.3413;15.0;32.0;36.9;10
14750;0.3406;15.0;32.0;36.9;10
14751;0.3417;15.0;32.0;37.0;10
14752;0.342;15.1;32.0;37.0;10
14753;0.3414;15.1;32.0;37.0;10
14754;0.343;15.1;32.0;37.0;10
14755;0.3415;15.1;32.0;37.0;10
14756;0.3438;15.1;32.0;37.0;10
14757;0.3409;15.1;32.1;37.0;10
14758;0.3407;15.1;32.1;37.0;10
14759;0.3404;15.2;32.1;37.0;10
14760;0.3417;15.2;32.1;37.0;10
14761;0.3416;15.2;32.1;37.0;10
14762;0.3415;15.2;32.1;37.0;10
14763;0.343;15.2;32.1;37.0;10
14764;0.3446;15.3;32.1;37.0;10
14765;0.3433;15.3;32.1;37.0;10
14766;0.3441;15.3;32.1;37.0;10
14767;0.3435;15.3;32.1;37.0;10
14768;0.345;15.3;32.1;37.1;10
14769;0.3444;15.4;32.1;37.1;10
14770;0.3462;15.4;32.2;37.1;10
14771;0.3445;15.4;32.2;37.1;10
14772;0.3461;15.4;32.2;37.1;10
14773;0.3447;15.4;32.1;37.1;10
14774;0.3475;15.5;32.2;37.1;10
14775;0.3439;15.6;32.2;37.1;10
14776;0.3444;15.6;32.2;37.1;10
14777;0.345;15.5;32.2;37.1;10
14778;0.346;15.5;32.2;37.1;10
14779;0.3464;15.5;32.2;37.2;10
14780;0.3491;15.5;32.2;37.2;10
14781;0.3472;15.6;32.2;37.2;10
14782;0.3457;15.7;32.2;37.2;10
14783;0.3456;15.7;32.2;37.2;10
14784;0.3494;15.7;32.2;37.2;10
14785;0.3489;15.7;32.2;37.3;10
14786;0.349;15.7;32.2;37.3;10
14787;0.3494;15.8;32.2;37.4;10
14788;0.3518;15.9;32.3;37.4;10
14789;0.35;15.8;32.3;37.4;10
14790;0.352;15.8;32.3;37.5;10
14791;0.3545;15.8;32.4;37.5;10
14792;0.3517;15.9;32.4;37.5;10
14793;0.3539;16.0;32.3;37.5;10
14794;0.354;16.0;32.3;37.5;10
14795;0.3541;15.9;32.3;37.6;10
14796;0.354;15.9;32.4;37.6;10
14797;0.3522;16.0;32.4;37.6;10
14798;0.3536;16.1;32.4;37.7;10
14799;0.3562;16.1;32.4;37.7;10
14800;0.3543;16.0;32.5;37.7;10
14801;0.357;16.0;32.5;37.7;10
14802;0.3562;16.0;32.4;37.7;10
14803;0.3581;16.1;32.4;37.7;10
14804;0.3565;16.2;32.4;37.8;10
14805;0.3571;16.2;32.4;37.7;10
14806;0.3586;16.2;32.5;37.8;10
14807;0.3588;16.1;32.5;37.8;10
14808;0.3602;16.2;32.5;37.8;10
14809;0.3604;16.2;32.6;37.8;10
14810;0.3621;16.3;32.6;37.9;10
14811;0.3618;16.3;32.6;37.9;10
14812;0.3629;16.3;32.6;38.0;10
14813;0.3632;16.3;32.5;38.0;10
14814;0.3642;16.3;32.6;38.0;10
14815;0.3642;16.4;32.6;38.1;10
14816;0.365;16.4;32.6;38.1;10
14817;0.3666;16.4;32.7;38.2;10
14818;0.3654;16.4;32.7;38.2;10
14819;0.3667;16.4;32.7;38.2;10
14820;0.3661;16.4;32.7;38.3;10
14821;0.3689;16.5;32.7;38.4;10
14822;0.3692;16.5;32.7;38.4;10
14823;0.372;16.5;32.7;38.4;10
14824;0.3695;16.5;32.8;38.5;10
14825;0.3727;16.5;32.8;38.5;10
14826;0.3724;16.6;32.9;38.6;10
14827;0.3724;16.6;32.8;38.6;10
14828;0.3709;16.6;32.8;38.7;10
14829;0.3702;16.6;32.8;38.7;10
14830;0.3721;16.6;32.8;38.8;10
14831;0.3704;16.6;32.8;38.8;10
14832;0.3722;16.7;32.9;38.8;10
14833;0.3722;16.7;33.0;38.9;10
14834;0.3742;16.7;32.9;38.9;10
14835;0.3765;16.8;32.9;38.9;10
14836;0.3761;16.7;32.9;38.9;10
14837;0.3753;16.7;33.0;39.0;10
14838;0.3761;16.8;33.1;39.0;10
14839;0.3767;16.9;33.1;39.1;10
14840;0.3791;16.9;33.1;39.1;10
14841;0.379;16.9;33.1;39.2;10
14842;0.3804;16.9;33.0;39.2;10
14843;0.3785;16.9;33.0;39.3;10
14844;0.3798;17.0;33.1;39.4;10
14845;0.3818;17.0;33.1;39.3;10
14846;0.3797;17.0;33.2;39.4;10
14847;0.3817;17.0;33.2;39.4;10
14848;0.382;17.1;33.2;39.5;10
14849;0.3833;17.1;33.2;39.5;10
14850;0.3828;17.1;33.3;39.6;10
14851;0.3858;17.2;33.4;39.6;10
14852;0.3874;17.3;33.3;39.7;10
14853;0.3885;17.2;33.3;39.7;10
14854;0.3896;17.2;33.3;39.8;10
14855;0.3895;17.2;33.3;39.8;10
14856;0.389;17.3;33.4;40.0;10
14857;0.3872;17.3;33.4;40.1;10
14858;0.3892;17.4;33.4;40.0;10
14859;0.391;17.3;33.4;40.3;10
14860;0.3909;17.4;33.5;40.2;10
14861;0.3908;17.5;33.6;40.2;10
14862;0.3912;17.5;33.6;40.4;10
14863;0.3905;17.5;33.6;40.4;10
14864;0.3892;17.5;33.6;40.4;10
14865;0.3926;17.5;33.7;40.4;10
14866;0.3938;17.6;33.7;40.4;10
14867;0.3925;17.6;33.7;40.5;10
14868;0.3914;17.6;33.7;40.7;10
14869;0.3904;17.6;33.8;40.6;10
14870;0.3938;17.6;33.8;40.7;10
14871;0.3938;17.6;33.8;40.8;10
14872;0.3934;17.6;33.8;40.8;10
14873;0.3957;17.7;33.8;40.8;10
14874;0.3956;17.7;33.8;40.8;10
14875;0.3983;17.7;33.9;40.9;10
14876;0.3981;17.7;33.9;41.0;10
14877;0.395;17.7;33.9;41.0;10
14878;0.3987;17.8;33.9;41.1;10
14879;0.3994;17.8;34.0;41.1;10
14880;0.3977;17.8;34.0;41.1;10
14881;0.4019;17.8;34.0;41.2;10
14882;0.3992;17.9;34.0;41.3;10
14883;0.4014;17.9;34.0;41.3;10
14884;0.401;18.0;34.1;41.3;10
14885;0.4006;17.9;34.2;41.3;10
14886;0.4021;18.0;34.1;41.4;10
14887;0.4017;18.1;34.2;41.4;10
14888;0.4016;18.1;34.3;41.5;10
14889;0.4015;18.1;34.3;41.5;10
14890;0.4008;18.2;34.3;41.5;10
14891;0.4021;18.2;34.3;41.6;10
14892;0.4036;18.2;34.4;41.6;10
14893;0.4025;18.3;34.4;41.6;10
14894;0.4052;18.4;34.4;41.7;10
14895;0.4048;18.3;34.4;41.7;10
14896;0.4086;18.4;34.4;41.7;10
14897;0.4084;18.5;34.4;41.8;10
14898;0.4106;18.5;34.5;41.9;10
14899;0.4096;18.5;34.5;42.0;10
14900;0.4122;18.6;34.5;42.0;10
14901;0.4089;18.6;34.6;42.0;10
14902;0.4076;18.7;34.7;42.1;10
14903;0.4083;18.7;34.6;42.1;10
14904;0.41;18.7;34.6;42.2;10
14905;0.4103;18.8;34.7;42.2;10
14906;0.4099;18.9;34.8;42.3;10
14907;0.4115;18.9;34.8;42.3;10
14908;0.4115;18.9;34.8;42.3;10
14909;0.4114;19.0;34.8;42.4;10
14910;0.4132;19.0;34.8;42.6;10
14911;0.4124;18.9;34.8;42.8;10
14912;0.4122;19.1;34.9;42.8;10
14913;0.4138;19.1;34.9;42.9;10
14914;0.4124;19.0;34.8;42.9;10
14915;0.4152;19.2;35.0;42.9;10
14916;0.4155;19.2;35.0;43.0;10
14917;0.4154;19.2;34.9;43.1;10
14918;0.4175;19.3;35.0;43.1;10
14919;0.4157;19.3;35.2;43.1;10
14920;0.4174;19.5;35.1;43.2;10
14921;0.4183;19.4;35.1;43.2;10
14922;0.4157;19.6;35.3;43.3;10
14923;0.4155;19.5;35.2;43.3;10
14924;0.4185;19.7;35.3;43.4;10
14925;0.4207;19.7;35.3;43.5;10
14926;0.4205;19.7;35.3;43.5;10
14927;0.4186;19.7;35.3;43.5;10
14928;0.4212;19.8;35.3;43.6;10
14929;0.4216;19.9;35.3;43.6;10
14930;0.4168;19.9;35.4;43.6;10
14931;0.4174;19.9;35.5;43.6;10
14932;0.4171;20.1;35.5;43.7;10
14933;0.4168;20.1;35.5;43.7;10
14934;0.4175;20.2;35.6;43.7;10
14935;0.4179;20.2;35.6;43.8;10
14936;0.4168;20.3;35.7;43.8;10
14937;0.418;20.3;35.7;43.8;10
14938;0.418;20.4;35.7;43.8;10
14939;0.4174;20.4;35.7;43.9;10
14940;0.4194;20.6;35.8;43.9;10
14941;0.4203;20.6;35.8;44.0;10
14942;0.4218;20.6;35.9;44.0;10
14943;0.4197;20.6;36.0;44.0;10
14944;0.4211;20.7;36.0;44.1;10
14945;0.4252;21.0;36.2;44.3;10
14946;0.4213;20.8;35.9;44.2;10
14947;0.4254;21.0;36.2;44.4;10
14948;0.4235;20.8;36.0;44.2;10
14949;0.4264;21.2;36.2;44.5;10
14950;0.4259;20.9;36.1;44.2;10
14951;0.4236;21.1;36.3;44.5;10
14952;0.4268;20.9;36.1;44.3;10
14953;0.4251;21.3;36.4;44.5;10
14954;0.4255;21.3;36.3;44.6;10
14955;0.4286;21.4;36.5;44.7;10
14956;0.4277;21.5;36.5;44.7;10
14957;0.4259;21.5;36.5;44.8;10
14958;0.4248;21.7;36.6;44.9;10
14959;0.4274;21.6;36.6;45.0;10
14960;0.4284;21.8;36.5;45.0;10
14961;0.426;21.8;36.6;45.0;10
14962;0.4262;21.8;36.7;45.2;10
14963;0.4266;21.9;36.7;45.1;10
14964;0.4252;21.9;36.7;45.3;10
14965;0.4272;21.9;36.7;45.3;10
14966;0.4327;21.9;36.7;45.4;10
14967;0.4329;21.9;36.7;45.4;10
14968;0.4347;22.0;36.9;45.6;10
14969;0.433;22.0;36.8;45.6;10
14970;0.4333;22.0;36.8;45.6;10
14971;0.4325;22.1;37.0;45.7;10
14972;0.4329;22.2;37.0;45.8;10
14973;0.433;22.2;36.9;45.8;10
14974;0.4325;22.3;37.0;45.9;10
14975;0.4355;22.3;37.1;45.9;10
14976;0.436;22.3;37.1;46.0;10
14977;0.4354;22.4;37.1;46.0;10
14978;0.4354;22.4;37.2;46.0;10
14979;0.4346;22.4;37.2;46.1;10
14980;0.4364;22.4;37.2;46.2;10
14981;0.4365;22.4;37.2;46.3;10
14982;0.4344;22.4;37.3;46.3;10
14983;0.4335;22.4;37.3;46.3;10
14984;0.4327;22.5;37.3;46.3;10
14985;0.4324;22.6;37.3;46.4;10
14986;0.4328;22.6;37.4;46.4;10
14987;0.4335;22.6;37.4;46.5;10
14988;0.4356;22.7;37.4;46.5;10
14989;0.4339;22.7;37.5;46.5;10
14990;0.4337;22.7;37.5;46.6;10
14991;0.4363;22.7;37.5;46.7;10
14992;0.4363;22.7;37.5;46.7;10
14993;0.4382;22.7;37.6;46.7;10
14994;0.4368;22.8;37.6;46.8;10
14995;0.4379;22.8;37.7;46.8;10
14996;0.4363;22.8;37.7;46.9;10
14997;0.4364;22.8;37.7;47.0;10
14998;0.4368;22.8;37.6;47.0;10
14999;0.4366;22.9;37.7;47.0;10
15000;0.437;22.9;37.7;47.1;10
15001;0.4354;22.9;37.8;47.2;10
15002;0.4351;23.0;37.8;47.2;10
15003;0.4336;23.1;37.8;47.2;10
15004;0.4332;23.1;37.8;47.3;10
15005;0.4382;23.6;38.0;47.5;10
15006;0.4344;23.5;38.0;47.5;10
15007;0.436;23.7;38.2;47.6;10
15008;0.4367;23.7;38.1;47.6;10
15009;0.4384;23.7;38.3;47.6;10
15010;0.436;23.8;38.3;47.7;10
15011;0.4377;23.8;38.3;47.7;10
15012;0.4366;23.9;38.3;47.8;10
15013;0.4343;23.9;38.4;47.9;10
15014;0.4373;24.0;38.4;47.9;10
15015;0.4348;24.0;38.4;47.9;10
15016;0.4349;24.1;38.4;47.9;10
15017;0.4351;24.2;38.5;47.9;10
15018;0.4334;24.1;38.5;48.0;10
15019;0.4347;24.1;38.5;48.0;10
15020;0.4356;24.2;38.5;48.0;10
15021;0.4369;24.2;38.6;48.0;10
15022;0.4383;24.2;38.7;48.1;10
15023;0.4365;24.3;38.7;48.1;10
15024;0.4408;24.3;38.6;48.1;10
15025;0.4409;24.3;38.7;48.2;10
15026;0.4396;24.4;38.8;48.2;10
15027;0.4416;24.4;38.8;48.2;10
15028;0.443;24.3;38.9;48.4;10
15029;0.4416;24.4;38.9;48.4;10
15030;0.4391;24.4;38.9;48.4;10
15031;0.4419;24.4;38.9;48.7;10
15032;0.4409;24.4;38.9;48.8;10
15033;0.4411;24.4;38.9;48.5;10
15034;0.4401;24.4;39.1;48.8;10
15035;0.4431;24.3;39.0;48.8;10
15036;0.4386;24.3;39.1;48.9;10
15037;0.439;24.4;39.2;49.0;10
15038;0.4393;24.4;39.2;49.0;10
15039;0.4413;24.4;39.1;49.1;10
15040;0.4393;24.5;39.2;49.0;10
15041;0.4381;24.5;39.3;49.1;10
15042;0.442;24.5;39.4;49.1;10
15043;0.4428;24.7;39.4;49.2;10
15044;0.4415;24.7;39.4;49.3;10
15045;0.4437;24.6;39.4;49.3;10
15046;0.4418;24.6;39.4;49.4;10
15047;0.4418;24.6;39.5;49.4;10
15048;0.4431;24.6;39.5;49.5;10
15049;0.4392;24.6;39.5;49.5;10
15050;0.4434;24.6;39.5;49.5;10
15051;0.4408;24.6;39.6;49.6;10
15052;0.4411;24.7;39.6;49.6;10
15053;0.4431;24.7;39.6;49.6;10
15054;0.4437;24.8;39.7;49.7;10
15055;0.445;24.9;39.7;49.7;10
15056;0.4438;24.9;39.8;49.8;10
15057;0.4455;25.0;39.9;49.8;10
15058;0.4457;25.0;39.8;49.9;10
15059;0.4469;25.0;39.8;49.9;10
15060;0.4475;25.0;39.8;49.9;10
15061;0.4468;25.0;39.9;49.9;10
15062;0.4475;25.0;39.9;49.9;10
15063;0.4488;25.0;39.8;50.0;10
15064;0.4481;25.0;39.9;49.9;10
15065;0.4484;25.0;40.0;50.0;10
15066;0.4474;25.0;40.0;50.1;10
15067;0.4468;25.0;40.0;50.1;10
15068;0.4466;25.0;40.1;50.1;10
15069;0.4486;25.0;40.1;50.1;10
15070;0.4461;25.2;40.1;50.2;10
15071;0.4475;25.1;40.2;50.2;10
15072;0.4482;25.1;40.3;50.3;10
15073;0.4478;25.2;40.2;50.3;10
15074;0.4484;25.2;40.2;50.3;10
15075;0.4517;25.2;40.2;50.4;10
15076;0.4525;25.3;40.4;50.5;10
15077;0.451;25.4;40.4;50.6;10
15078;0.4493;25.4;40.3;50.6;10
15079;0.4499;25.3;40.4;50.6;10
15080;0.4484;25.6;40.6;50.6;10
15081;0.4473;25.6;40.6;50.7;10
15082;0.4455;25.6;40.6;50.7;10
15083;0.4466;25.7;40.7;50.7;10
15084;0.4479;25.8;40.7;50.7;10
15085;0.4499;25.7;40.7;50.7;10
15086;0.4509;25.7;40.7;50.7;10
15087;0.4501;25.7;40.7;50.8;10
15088;0.4528;25.7;40.8;50.8;10
15089;0.453;25.8;40.9;50.9;10
15090;0.4508;25.8;40.9;51.0;10
15091;0.4509;25.7;40.9;51.0;10
15092;0.4519;25.7;41.0;51.0;10
15093;0.4513;25.9;41.0;51.1;10
15094;0.4523;25.9;41.0;51.1;10
15095;0.4505;25.9;41.1;51.1;10
15096;0.4521;25.9;41.1;51.1;10
15097;0.4508;26.0;41.2;51.1;10
15098;0.4521;26.0;41.2;51.2;10
15099;0.4499;26.1;41.2;51.2;10
15100;0.4528;26.1;41.3;51.2;10
15101;0.4513;26.1;41.3;51.2;10
15102;0.4516;26.1;41.3;51.2;10
15103;0.4476;26.0;41.3;51.3;10
15104;0.4489;26.1;41.3;51.3;10
15105;0.4503;26.1;41.4;51.4;10
15106;0.4512;26.2;41.5;51.4;10
15107;0.4507;26.2;41.4;51.4;10
15108;0.452;26.3;41.5;51.4;10
15109;0.4487;26.3;41.5;51.4;10
15110;0.448;26.3;41.6;51.4;10
15111;0.4463;26.3;41.6;51.4;10
15112;0.4463;26.3;41.6;51.4;10
15113;0.4486;26.3;41.6;51.4;10
15114;0.4479;26.3;41.7;51.3;10
15115;0.4491;26.3;41.7;51.4;10
15116;0.4474;26.3;41.7;51.4;10
15117;0.4477;26.3;41.8;51.4;10
15118;0.4485;26.4;41.9;51.4;10
15119;0.4467;26.4;41.8;51.4;10
15120;0.446;26.4;41.8;51.4;10
15121;0.4476;26.5;41.8;51.4;10
15122;0.4452;26.6;41.9;51.4;10
15123;0.4472;26.5;42.0;51.5;10
15124;0.4453;26.6;42.0;51.4;10
15125;0.4458;26.7;41.9;51.5;10
15126;0.4429;26.7;42.1;51.6;10
15127;0.4475;26.7;42.0;51.6;10
15128;0.4452;26.8;42.0;51.6;10
15129;0.4454;26.8;42.0;51.6;10
15130;0.4463;26.8;42.1;51.6;10
15131;0.4421;26.8;42.2;51.6;10
15132;0.4468;26.8;42.2;51.6;10
15133;0.4458;26.8;42.2;51.6;10
15134;0.4455;26.8;42.3;51.6;10
15135;0.4446;26.8;42.4;51.6;10
15136;0.4466;26.7;42.3;51.6;10
15137;0.4441;26.5;42.3;51.6;10
15138;0.447;26.5;42.3;51.7;10
15139;0.446;26.5;42.3;51.7;10
15140;0.4474;26.4;42.3;51.7;10
15141;0.4441;26.4;42.4;51.7;10
15142;0.4458;26.5;42.5;52.0;10
15143;0.4464;26.5;42.5;52.0;10
15144;0.4476;26.5;42.6;52.0;10
15145;0.4462;26.4;42.6;52.0;10
15146;0.446;26.6;42.7;51.8;10
15147;0.4472;26.5;42.7;52.0;10
15148;0.4466;26.6;42.7;52.0;10
15149;0.4472;26.7;42.7;51.8;10
15150;0.4471;26.7;42.8;52.0;10
15151;0.4476;26.8;42.8;51.9;10
15152;0.4474;26.8;42.8;52.1;10
15153;0.4453;26.8;42.8;52.1;10
15154;0.4471;26.7;42.9;52.1;10
15155;0.4441;26.7;42.9;52.1;10
15156;0.4438;26.7;42.9;52.1;10
15157;0.4421;26.7;42.9;52.1;10
15158;0.4435;26.6;42.9;52.1;10
15159;0.4416;26.5;42.9;52.1;10
15160;0.4419;26.5;42.9;52.0;10
15161;0.4439;26.6;43.0;52.1;10
15162;0.445;26.5;43.0;52.0;10
15163;0.4454;26.4;43.0;52.2;10
15164;0.4449;26.4;43.0;52.2;10
15165;0.4447;26.2;42.9;52.3;10
15166;0.4413;26.2;42.9;52.3;10
15167;0.4414;26.2;42.9;52.3;10
15168;0.4405;26.2;43.0;52.2;10
15169;0.4437;26.2;43.0;52.2;10
15170;0.4455;26.2;43.1;52.3;10
15171;0.4431;26.2;43.1;52.3;10
15172;0.4415;26.2;43.1;52.3;10
15173;0.4405;26.2;43.1;52.3;10
15174;0.4399;26.2;43.2;52.2;10
15175;0.4399;26.3;43.2;52.3;10
15176;0.441;26.2;43.2;52.3;10
15177;0.4431;26.2;43.2;52.3;10
15178;0.4427;26.1;43.2;52.3;10
15179;0.4449;26.1;43.2;52.4;10
15180;0.4408;26.1;43.3;52.2;10
15181;0.4421;26.0;43.3;52.0;10
15182;0.4412;26.0;43.4;52.3;10
15183;0.4437;26.0;43.4;52.2;10
15184;0.4404;26.0;43.5;52.2;10
15185;0.4436;26.0;43.6;52.2;10
15186;0.4423;26.0;43.5;52.2;10
15187;0.4419;26.0;43.5;52.3;10
15188;0.4416;26.0;43.6;52.3;10
15189;0.441;25.9;43.7;52.2;10
15190;0.4444;25.9;43.7;52.3;10
15191;0.4414;26.0;43.7;52.3;10
15192;0.4426;26.0;43.8;52.3;10
15193;0.4398;26.0;43.8;52.4;10
15194;0.4388;26.0;43.8;52.3;10
15195;0.4411;25.9;43.9;52.3;10
15196;0.439;26.0;43.9;52.3;10
15197;0.4405;26.1;43.9;52.3;10
15198;0.4398;26.1;44.1;52.3;10
15199;0.4399;26.1;44.0;52.3;10
15200;0.4387;26.1;44.0;52.4;10
15201;0.4385;26.2;44.0;52.3;10
15202;0.4376;26.3;44.0;52.2;10
15203;0.4343;26.2;44.0;52.3;10
15204;0.4338;26.2;44.0;52.0;10
15205;0.4347;26.2;44.1;52.3;10
15206;0.4329;26.2;44.1;52.3;10
15207;0.4345;26.2;44.1;52.2;10
15208;0.4368;26.2;44.1;52.3;10
15209;0.4334;26.3;44.3;52.1;10
15210;0.4353;26.3;44.3;52.3;10
15211;0.4356;26.3;44.3;52.2;10
15212;0.4364;26.3;44.2;52.3;10
15213;0.4378;26.3;44.2;52.3;10
15214;0.435;26.3;44.3;52.1;10
15215;0.4364;26.4;44.3;52.3;10
15216;0.4385;26.3;44.3;52.4;10
15217;0.4373;26.2;44.2;52.4;10
15218;0.4365;26.2;44.3;52.4;10
15219;0.4382;26.2;44.4;52.4;10
15220;0.4325;26.2;44.4;52.4;10
15221;0.4347;26.2;44.4;52.3;10
15222;0.4358;26.2;44.5;52.4;10
15223;0.4355;26.2;44.5;52.4;10
15224;0.4347;26.2;44.6;52.4;10
15225;0.4345;26.2;44.6;52.4;10
15226;0.4341;26.2;44.6;52.4;10
15227;0.4316;26.3;44.5;52.3;10
15228;0.431;26.2;44.5;52.3;10
15229;0.4301;26.1;44.5;52.3;10
15230;0.4325;26.1;44.6;52.3;10
15231;0.4319;26.1;44.6;52.2;10
15232;0.433;26.1;44.6;52.3;10
15233;0.4308;26.1;44.8;52.4;10
15234;0.4314;26.1;44.8;52.4;10
15235;0.4302;26.1;44.8;52.3;10
15236;0.4315;26.1;44.8;52.4;10
15237;0.4346;26.1;44.9;52.5;10
15238;0.4328;26.1;44.9;52.6;10
15239;0.4339;26.1;44.9;52.6;10
15240;0.4343;26.1;45.0;52.5;10
15241;0.4338;26.0;45.0;52.6;10
15242;0.4349;26.1;45.0;52.6;10
15243;0.4347;26.1;45.1;52.6;10
15244;0.4365;26.1;45.1;52.6;10
15245;0.4361;26.1;45.1;52.6;10
15246;0.4352;26.2;45.1;52.6;10
15247;0.4359;26.2;45.1;52.7;10
15248;0.4346;26.2;45.1;52.6;10
15249;0.4357;26.1;45.1;52.6;10
15250;0.4371;26.0;45.0;52.7;10
15251;0.4351;26.1;45.1;52.7;10
15252;0.4345;26.1;45.1;52.7;10
15253;0.4334;26.0;45.1;52.7;10
15254;0.432;26.1;45.2;52.7;10
15255;0.4328;26.1;45.2;52.7;10
15256;0.4344;26.1;45.2;52.7;10
15257;0.4306;26.1;45.1;52.7;10
15258;0.4318;26.1;45.1;52.7;10
15259;0.4316;26.1;45.1;52.7;10
15260;0.4328;26.1;45.1;52.6;10
15261;0.4332;26.1;45.0;52.7;10
15262;0.4331;26.1;45.1;52.7;10
15263;0.4349;26.1;45.0;52.7;10
15264;0.4324;26.1;45.0;52.6;10
15265;0.4331;26.0;45.0;52.7;10
15266;0.432;26.0;45.0;52.8;10
15267;0.4342;25.9;45.0;52.7;10
15268;0.431;25.9;45.0;52.7;10
15269;0.4352;25.9;45.0;52.7;10
15270;0.4333;26.0;45.1;52.7;10
15271;0.4334;26.0;45.1;52.7;10
15272;0.4337;26.1;45.2;52.8;10
15273;0.4323;26.1;45.4;52.7;10
15274;0.4328;26.1;45.4;52.8;10
15275;0.431;26.1;45.4;52.9;10
15276;0.4319;26.1;45.3;52.8;10
15277;0.4283;26.1;45.3;52.8;10
15278;0.4307;26.1;45.4;52.8;10
15279;0.4327;26.1;45.3;52.8;10
15280;0.4305;26.1;45.4;52.8;10
15281;0.4317;26.1;45.5;52.8;10
15282;0.429;26.1;45.5;52.8;10
15283;0.4303;26.1;45.5;52.8;10
15284;0.4307;26.1;45.5;52.8;10
15285;0.4306;26.1;45.7;52.8;10
15286;0.4303;26.1;45.6;52.8;10
15287;0.4315;26.0;45.6;52.8;10
15288;0.4319;26.0;45.7;52.8;10
15289;0.432;26.0;45.7;52.8;10
15290;0.4327;25.9;45.7;52.8;10
15291;0.4343;26.0;45.8;52.9;10
15292;0.4393;26.0;45.8;52.8;10
15293;0.4367;26.0;45.8;52.9;10
15294;0.4345;26.1;45.8;53.0;10
15295;0.4324;26.1;45.7;53.0;10
15296;0.4352;26.1;45.8;53.0;10
15297;0.4347;26.1;45.8;53.0;10
15298;0.4339;26.1;45.9;53.0;10
15299;0.4357;26.1;45.8;53.0;10
15300;0.4372;26.2;45.8;53.1;10
15301;0.4346;26.2;45.8;53.0;10
15302;0.4342;26.2;46.0;53.0;10
15303;0.4341;26.2;45.9;53.0;10
15304;0.434;26.2;46.0;53.1;10
15305;0.4343;26.2;46.1;53.1;10
15306;0.434;26.2;46.1;53.0;10
15307;0.4327;26.2;46.1;53.1;10
15308;0.4336;26.2;46.2;53.1;10
15309;0.4326;26.2;46.2;53.1;10
15310;0.436;26.3;46.2;53.0;10
15311;0.4339;26.3;46.3;53.1;10
15312;0.4332;26.3;46.3;53.2;10
15313;0.4332;26.3;46.3;53.1;10
15314;0.4365;26.4;46.3;53.2;10
15315;0.4346;26.3;46.3;53.2;10
15316;0.4331;26.5;46.4;53.2;10
15317;0.4326;26.4;46.4;53.2;10
15318;0.4338;26.4;46.4;53.2;10
15319;0.4336;26.5;46.4;53.2;10
15320;0.435;26.5;46.4;53.2;10
15321;0.4365;26.5;46.5;53.2;10
15322;0.4347;26.5;46.4;53.2;10
15323;0.4357;26.6;46.3;53.2;10
15324;0.4365;26.5;46.3;53.3;10
15325;0.4366;26.5;46.4;53.3;10
15326;0.4383;26.6;46.5;53.3;10
15327;0.4414;26.7;46.5;53.3;10
15328;0.4416;26.7;46.4;53.4;10
15329;0.4414;26.7;46.4;53.4;10
15330;0.4398;26.8;46.5;53.4;10
15331;0.4408;26.7;46.5;53.4;10
15332;0.4401;26.7;46.4;53.4;10
15333;0.4402;26.7;46.3;53.4;10
15334;0.4391;26.7;46.4;53.5;10
15335;0.4364;26.7;46.4;53.5;10
15336;0.4371;26.8;46.5;53.4;10
15337;0.4372;26.8;46.5;53.5;10
15338;0.4374;26.7;46.5;53.5;10
15339;0.4415;26.7;46.5;53.6;10
15340;0.4415;26.7;46.5;53.5;10
15341;0.4419;26.7;46.3;53.6;10
15342;0.4411;26.6;46.3;53.6;10
15343;0.439;26.5;46.3;53.7;10
15344;0.439;26.5;46.3;53.6;10
15345;0.4391;26.5;46.3;53.7;10
15346;0.441;26.5;46.4;53.6;10
15347;0.4424;26.5;46.3;53.6;10
15348;0.4427;26.5;46.3;53.7;10
15349;0.442;26.5;46.3;53.8;10
15350;0.4426;26.6;46.3;53.8;10
15351;0.444;26.7;46.3;53.8;10
15352;0.4449;26.7;46.5;53.7;10
15353;0.4451;26.7;46.5;53.8;10
15354;0.4464;26.7;46.4;53.7;10
15355;0.4452;26.7;46.5;53.8;10
15356;0.4452;26.7;46.5;53.9;10
15357;0.4472;26.7;46.4;53.9;10
15358;0.446;26.7;46.4;53.9;10
15359;0.4437;26.7;46.4;54.0;10
15360;0.4453;26.7;46.4;53.9;10
15361;0.445;26.8;46.4;54.0;10
15362;0.445;26.8;46.4;54.0;10
15363;0.4448;26.8;46.5;54.0;10
15364;0.4453;26.8;46.4;54.2;10
15365;0.4433;26.8;46.4;54.0;10
15366;0.4433;26.8;46.3;54.1;10
15367;0.4422;26.8;46.2;54.1;10
15368;0.4427;26.8;46.0;54.3;10
15369;0.4425;26.7;45.9;54.2;10
15370;0.4435;26.7;45.9;54.2;10
15371;0.4443;26.7;45.8;54.2;10
15372;0.4435;26.7;45.8;54.2;10
15373;0.4446;26.7;45.7;54.4;10
15374;0.4435;26.8;45.6;54.2;10
15375;0.4452;26.8;45.6;54.2;10
15376;0.4454;26.8;45.4;54.5;10
15377;0.4468;26.8;45.3;54.5;10
15378;0.4481;26.8;45.3;54.5;10
15379;0.4482;26.8;45.2;54.3;10
15380;0.4494;26.7;45.2;54.5;10
15381;0.4492;26.7;45.2;54.6;10
15382;0.4474;26.7;45.1;54.6;10
15383;0.4473;26.8;45.1;54.4;10
15384;0.447;26.7;45.1;54.5;10
15385;0.4482;26.7;45.0;54.6;10
15386;0.4476;26.7;45.0;54.6;10
15387;0.4477;26.7;45.0;54.7;10
15388;0.4489;26.7;45.0;54.7;10
15389;0.449;26.7;44.9;54.8;10
15390;0.4469;26.8;45.0;54.7;10
15391;0.4485;26.8;45.0;54.7;10
15392;0.4475;26.8;45.0;54.7;10
15393;0.4459;26.8;45.0;54.7;10
15394;0.4443;26.8;45.0;54.8;10
15395;0.447;26.8;45.0;54.7;10
15396;0.4481;26.8;45.0;54.7;10
15397;0.4458;26.8;45.0;54.7;10
15398;0.45;26.8;45.0;54.7;10
15399;0.4467;26.9;45.0;54.9;10
15400;0.4492;26.9;45.0;54.8;10
15401;0.4493;26.9;45.0;54.9;10
15402;0.4482;26.9;45.0;54.9;10
15403;0.4476;27.0;45.0;54.9;10
15404;0.4487;26.9;45.0;54.9;10
15405;0.4504;27.0;45.1;54.9;10
15406;0.4515;26.9;45.1;54.8;10
15407;0.4525;26.9;45.1;54.8;10
15408;0.4506;26.9;45.1;55.0;10
15409;0.4494;26.9;45.1;55.0;10
15410;0.4503;27.0;45.1;55.0;10
15411;0.4496;27.0;45.1;54.9;10
15412;0.4494;27.0;45.1;55.1;10
15413;0.4508;27.0;45.1;55.0;10
15414;0.4504;27.0;45.1;55.0;10
15415;0.4516;27.0;45.1;55.1;10
15416;0.4511;27.1;45.1;55.2;10
15417;0.4509;27.2;45.1;55.1;10
15418;0.4519;27.2;45.1;55.2;10
15419;0.4526;27.2;45.1;55.1;10
15420;0.4499;27.2;45.2;55.1;10
15421;0.45;27.2;45.1;55.2;10
15422;0.4492;27.3;45.2;55.1;10
15423;0.4516;27.3;45.2;55.2;10
15424;0.4495;27.3;45.2;55.2;10
15425;0.4532;27.3;45.1;55.2;10
15426;0.4498;27.2;45.1;55.1;10
15427;0.4499;27.2;45.1;55.2;10
15428;0.4485;27.3;45.1;55.2;10
15429;0.4522;27.3;45.1;55.2;10
15430;0.45;27.3;45.1;55.2;10
15431;0.4529;27.3;45.1;55.1;10
15432;0.4528;27.3;45.1;55.2;10
15433;0.4557;27.3;45.1;55.1;10
15434;0.4523;27.3;45.2;55.2;10
15435;0.4542;27.3;45.2;55.3;10
15436;0.4528;27.3;45.2;55.3;10
15437;0.4538;27.2;45.2;55.2;10
15438;0.4558;27.2;45.2;55.2;10
15439;0.4533;27.1;45.2;55.2;10
15440;0.4528;27.2;45.2;55.2;10
15441;0.4536;27.1;45.2;55.3;10
15442;0.4554;27.2;45.2;55.3;10
15443;0.4558;27.2;45.2;55.3;10
15444;0.4553;27.2;45.2;55.3;10
15445;0.4588;27.2;45.2;55.4;10
15446;0.456;27.2;45.2;55.3;10
15447;0.4539;27.3;45.3;55.4;10
15448;0.4497;27.3;45.3;55.2;10
15449;0.451;27.3;45.3;55.3;10
15450;0.4532;27.3;45.3;55.3;10
15451;0.452;27.3;45.3;55.3;10
15452;0.4534;27.3;45.4;55.4;10
15453;0.4537;27.3;45.4;55.3;10
15454;0.4549;27.3;45.4;55.4;10
15455;0.454;27.3;45.3;55.4;10
15456;0.4527;27.3;45.4;55.3;10
15457;0.4519;27.3;45.5;55.4;10
15458;0.4525;27.2;45.5;55.4;10
15459;0.4492;27.3;45.7;55.3;10
15460;0.4485;27.3;45.6;55.3;10
15461;0.446;27.3;45.7;55.4;10
15462;0.4453;27.4;45.8;55.3;10
15463;0.4439;27.3;45.9;55.3;10
15464;0.4439;27.3;45.9;55.3;10
15465;0.4457;27.3;46.0;55.3;10
15466;0.4449;27.3;45.9;55.3;10
15467;0.4464;27.3;46.1;55.2;10
15468;0.4442;27.3;46.1;55.3;10
15469;0.446;27.3;46.1;55.2;10
15470;0.4451;27.3;46.1;55.2;10
15471;0.4441;27.4;46.2;55.3;10
15472;0.4449;27.4;46.2;55.2;10
15473;0.4467;27.4;46.2;55.2;10
15474;0.4459;27.4;46.2;55.2;10
15475;0.4497;27.4;46.4;55.2;10
15476;0.4461;27.4;46.4;55.3;10
15477;0.4473;27.4;46.3;55.2;10
15478;0.4459;27.4;46.3;55.3;10
15479;0.4476;27.4;46.3;55.3;10
15480;0.4485;27.4;46.3;55.3;10
15481;0.4489;27.4;46.3;55.3;10
15482;0.4474;27.4;46.4;55.3;10
15483;0.4485;27.3;46.4;55.3;10
15484;0.4482;27.3;46.4;55.3;10
15485;0.4504;27.3;46.2;55.4;10
15486;0.4499;27.3;46.1;55.3;10
15487;0.4503;27.3;46.1;55.3;10
15488;0.4485;27.3;46.1;55.4;10
15489;0.4484;27.3;46.1;55.4;10
15490;0.4466;27.3;46.1;55.4;10
15491;0.4487;27.3;46.1;55.4;10
15492;0.448;27.2;46.0;55.4;10
15493;0.4479;27.2;46.1;55.4;10
15494;0.4483;27.2;46.2;55.5;10
15495;0.4463;27.2;46.2;55.5;10
15496;0.4465;27.1;46.2;55.4;10
15497;0.4479;27.1;46.2;55.4;10
15498;0.4467;27.1;46.3;55.4;10
15499;0.4481;27.2;46.3;55.4;10
15500;0.4492;27.2;46.2;55.3;10
15501;0.4498;27.1;46.2;55.4;10
15502;0.4505;27.1;46.1;55.4;10
15503;0.4495;27.2;46.1;55.4;10
15504;0.4505;27.2;46.1;55.4;10
15505;0.4494;27.1;46.1;55.4;10
15506;0.4498;27.2;46.1;55.4;10
15507;0.4504;27.2;46.2;55.4;10
15508;0.4486;27.2;46.2;55.4;10
15509;0.4478;27.2;46.2;55.4;10
15510;0.4463;27.2;46.2;55.3;10
15511;0.4461;27.1;46.0;55.4;10
15512;0.448;27.1;46.1;55.3;10
15513;0.447;27.0;46.0;55.4;10
15514;0.4455;27.0;46.1;55.3;10
15515;0.4459;27.0;46.1;55.3;10
15516;0.4427;27.0;46.0;55.4;10
15517;0.4431;27.1;46.1;55.3;10
15518;0.4412;27.0;46.1;55.3;10
15519;0.444;26.9;46.1;55.3;10
15520;0.4431;26.9;46.0;55.3;10
15521;0.4407;26.9;45.9;55.3;10
15522;0.4389;27.0;46.0;55.2;10
15523;0.4384;26.9;45.9;55.2;10
15524;0.44;26.9;46.0;55.2;10
15525;0.4386;26.9;46.0;55.2;10
15526;0.4383;26.9;45.9;55.1;10
15527;0.4388;26.8;45.8;55.1;10
15528;0.4379;26.8;45.8;55.1;10
15529;0.4389;26.9;45.9;55.1;10
15530;0.4381;26.8;45.9;55.1;10
15531;0.4358;26.7;45.8;55.1;10
15532;0.4346;26.7;45.7;55.1;10
15533;0.4346;26.6;45.8;55.0;10
15534;0.4349;26.6;45.6;54.9;10
15535;0.4346;26.5;45.6;54.9;10
15536;0.4359;26.6;45.6;54.9;10
15537;0.4354;26.5;45.6;54.8;10
15538;0.4375;26.4;45.6;54.6;10
15539;0.4384;26.5;45.5;54.8;10
15540;0.4375;26.3;45.5;54.8;10
15541;0.4363;26.3;45.5;54.8;10
15542;0.4378;26.3;45.5;54.7;10
15543;0.4352;26.3;45.5;54.8;10
15544;0.4358;26.2;45.5;54.7;10
15545;0.4362;26.2;45.5;54.8;10
15546;0.4349;26.2;45.5;54.8;10
15547;0.4357;26.2;45.5;54.7;10
15548;0.434;26.2;45.5;54.7;10
15549;0.4334;26.1;45.4;54.8;10
15550;0.4329;26.1;45.4;54.7;10
15551;0.4308;26.1;45.4;54.7;10
15552;0.4301;26.0;45.3;54.7;10
15553;0.4294;26.0;45.4;54.6;10
15554;0.4286;26.0;45.4;54.5;10
15555;0.4306;26.0;45.3;54.4;10
15556;0.4302;26.0;45.3;54.6;10
15557;0.4273;25.7;45.2;54.5;10
15558;0.4305;26.0;45.3;54.6;10
15559;0.4288;25.6;45.2;54.3;10
15560;0.4313;25.9;45.2;54.4;10
15561;0.4284;25.5;45.1;54.5;10
15562;0.4292;25.8;45.3;54.3;10
15563;0.4305;25.4;45.1;54.3;10
15564;0.4298;25.4;45.1;54.2;10
15565;0.4304;25.3;45.1;54.2;10
15566;0.4314;25.1;45.0;54.4;10
15567;0.4331;25.0;45.0;54.1;10
15568;0.4337;25.0;45.0;54.2;10
15569;0.4329;24.9;45.0;54.3;10
15570;0.4321;24.9;45.0;54.1;10
15571;0.4305;24.7;44.9;54.0;10
15572;0.4302;24.7;44.9;54.0;10
15573;0.4306;24.7;44.9;54.0;10
15574;0.4299;24.6;44.9;54.0;10
15575;0.4301;24.7;44.9;54.0;10
15576;0.4297;24.7;44.9;54.0;10
15577;0.4311;24.7;44.9;54.0;10
15578;0.4334;24.6;44.9;53.9;10
15579;0.4327;24.6;44.8;54.0;10
15580;0.4294;24.6;44.8;53.9;10
15581;0.4313;24.4;44.8;53.9;10
15582;0.4307;24.4;44.8;53.9;10
15583;0.4316;24.3;44.8;53.9;10
15584;0.4322;24.3;44.7;53.9;10
15585;0.4327;24.2;44.6;53.9;10
15586;0.4309;24.2;44.7;53.9;10
15587;0.4329;24.2;44.7;53.9;10
15588;0.434;24.1;44.7;53.9;10
15589;0.4374;24.1;44.6;53.9;10
15590;0.4334;24.1;44.6;53.9;10
15591;0.4329;24.1;44.5;54.0;10
15592;0.4326;24.0;44.5;53.9;10
15593;0.4355;24.0;44.5;54.0;10
15594;0.435;24.0;44.5;54.0;10
15595;0.4355;23.9;44.5;54.0;10
15596;0.4316;23.8;44.5;54.0;10
15597;0.4339;23.8;44.4;54.0;10
15598;0.4335;23.8;44.3;54.2;10
15599;0.4318;23.8;44.4;54.0;10
15600;0.4334;23.7;44.4;54.0;10
15601;0.4341;23.7;44.4;54.0;10
15602;0.4346;23.7;44.4;54.0;10
15603;0.4351;23.7;44.4;54.0;10
15604;0.4347;23.7;44.3;54.0;10
15605;0.4349;23.6;44.2;53.9;10
15606;0.4348;23.6;44.3;54.0;10
15607;0.4357;23.6;44.3;53.9;10
15608;0.4359;23.6;44.3;54.0;10
15609;0.436;23.5;44.3;54.0;10
15610;0.4368;23.5;44.2;54.0;10
15611;0.4387;23.5;44.1;54.0;10
15612;0.4383;23.5;44.2;54.0;10
15613;0.4369;23.5;44.1;54.0;10
15614;0.4366;23.5;44.1;54.0;10
15615;0.4366;23.4;44.2;54.0;10
15616;0.4387;23.3;44.2;54.0;10
15617;0.4351;23.3;44.2;54.2;10
15618;0.4372;23.2;44.2;54.0;10
15619;0.4365;23.1;44.1;54.0;10
15620;0.435;23.2;44.0;54.0;10
15621;0.4342;23.0;44.0;53.9;10
15622;0.4338;23.0;44.0;54.0;10
15623;0.4338;22.9;43.9;53.9;10
15624;0.4366;22.9;43.9;53.9;10
15625;0.4366;22.9;43.9;53.9;10
15626;0.4346;22.9;43.9;53.9;10
15627;0.4361;22.8;43.9;53.9;10
15628;0.437;22.9;43.9;53.9;10
15629;0.4345;22.8;43.9;53.8;10
15630;0.4343;22.8;43.9;53.7;10
15631;0.4335;22.8;44.0;53.8;10
15632;0.4313;22.8;43.9;53.8;10
15633;0.4309;22.7;43.8;53.8;10
15634;0.4285;22.7;43.8;53.8;10
15635;0.4287;22.7;43.8;53.7;10
15636;0.4267;22.8;43.8;53.6;10
15637;0.4287;22.8;43.7;53.6;10
15638;0.4273;22.7;43.8;53.5;10
15639;0.4287;22.7;43.7;53.6;10
15640;0.4275;22.6;43.7;53.5;10
15641;0.4274;22.7;43.7;53.5;10
15642;0.4263;22.7;43.6;53.4;10
15643;0.4254;22.8;43.6;53.5;10
15644;0.4254;22.7;43.6;53.4;10
15645;0.4244;22.8;43.6;53.4;10
15646;0.4235;22.7;43.6;53.4;10
15647;0.4235;22.7;43.6;53.3;10
15648;0.4225;22.7;43.5;53.2;10
15649;0.4249;22.7;43.5;53.2;10
15650;0.4223;22.7;43.5;53.2;10
15651;0.4234;22.6;43.5;53.2;10
15652;0.4224;22.6;43.5;53.2;10
15653;0.4211;22.7;43.4;53.1;10
15654;0.4227;22.5;43.4;53.0;10
15655;0.4194;22.5;43.4;53.0;10
15656;0.422;22.5;43.4;53.0;10
15657;0.4199;22.4;43.4;52.9;10
15658;0.4202;22.4;43.3;52.9;10
15659;0.4201;22.4;43.3;52.8;10
15660;0.4201;22.3;43.3;52.8;10
15661;0.4191;22.3;43.3;52.8;10
15662;0.4175;22.2;43.3;52.7;10
15663;0.4182;22.1;43.3;52.7;10
15664;0.4166;22.2;43.2;52.7;10
15665;0.4167;22.0;43.2;52.6;10
15666;0.4156;22.1;43.2;52.6;10
15667;0.4158;22.0;43.2;52.5;10
15668;0.4165;22.0;43.0;52.5;10
15669;0.4182;21.9;43.1;52.5;10
15670;0.4182;21.9;43.1;52.5;10
15671;0.4177;21.9;43.1;52.4;10
15672;0.4164;21.9;43.1;52.4;10
15673;0.4171;21.8;43.1;52.4;10
15674;0.418;21.8;43.1;52.2;10
15675;0.4178;21.8;43.1;52.3;10
15676;0.4172;21.8;43.1;52.2;10
15677;0.4174;21.8;43.0;52.2;10
15678;0.4165;21.7;43.0;52.2;10
15679;0.4174;21.7;43.0;52.1;10
15680;0.4158;21.6;43.0;52.1;10
15681;0.4131;21.6;42.9;52.0;10
15682;0.4131;21.5;42.9;52.1;10
15683;0.4119;21.4;42.8;51.8;10
15684;0.4139;21.4;42.8;52.0;10
15685;0.4138;21.3;42.8;51.7;10
15686;0.4118;21.3;42.8;51.7;10
15687;0.4107;21.2;42.8;51.6;10
15688;0.4101;21.2;42.7;51.5;10
15689;0.4089;21.1;42.7;51.7;10
15690;0.4092;21.1;42.7;51.5;10
15691;0.4084;21.0;42.6;51.6;10
15692;0.4072;20.9;42.6;51.4;10
15693;0.4074;20.9;42.6;51.4;10
15694;0.4056;20.8;42.6;51.3;10
15695;0.4062;20.8;42.4;51.3;10
15696;0.4062;20.8;42.4;51.2;10
15697;0.4088;20.8;42.4;51.2;10
15698;0.4067;20.8;42.4;51.1;10
15699;0.4063;20.8;42.5;51.2;10
15700;0.4069;20.8;42.4;51.1;10
15701;0.4053;20.9;42.3;51.1;10
15702;0.4055;21.0;42.3;51.1;10
15703;0.4069;21.0;42.3;51.0;10
15704;0.4086;21.0;42.3;51.0;10
15705;0.4072;21.1;42.3;51.0;10
15706;0.4051;21.1;42.3;51.0;10
15707;0.4046;21.1;42.3;51.0;10
15708;0.4043;21.2;42.2;50.8;10
15709;0.4023;21.2;42.2;50.9;10
15710;0.3999;21.2;42.2;50.8;10
15711;0.4009;21.3;42.2;50.8;10
15712;0.4014;21.3;42.2;50.8;10
15713;0.401;21.3;42.2;50.7;10
15714;0.3984;21.3;42.1;50.7;10
15715;0.3986;21.3;42.1;50.7;10
15716;0.3973;21.4;42.0;50.7;10
15717;0.3965;21.5;42.0;50.6;10
15718;0.397;21.4;42.0;50.6;10
15719;0.3973;21.4;42.1;50.5;10
15720;0.3948;21.4;42.1;50.4;10
15721;0.3931;21.4;42.1;50.4;10
15722;0.3935;21.4;42.1;50.3;10
15723;0.3909;21.4;42.0;50.3;10
15724;0.3915;21.4;41.9;50.3;10
15725;0.3915;21.4;41.9;50.2;10
15726;0.3919;21.3;42.0;50.2;10
15727;0.3898;21.3;42.0;50.2;10
15728;0.3902;21.3;41.9;50.1;10
15729;0.3909;21.4;41.9;50.1;10
15730;0.3885;21.4;41.8;50.0;10
15731;0.3868;21.4;41.8;49.9;10
15732;0.3851;21.3;41.8;49.9;10
15733;0.3861;21.3;41.9;49.8;10
15734;0.3849;21.4;41.8;49.8;10
15735;0.3853;21.2;41.7;49.7;10
15736;0.3841;21.2;41.7;49.7;10
15737;0.3835;21.2;41.7;49.7;10
15738;0.3821;21.1;41.7;49.6;10
15739;0.382;21.1;41.6;49.5;10
15740;0.3835;21.1;41.6;49.5;10
15741;0.3798;21.1;41.5;49.4;10
15742;0.379;21.1;41.5;49.4;10
15743;0.3793;21.1;41.6;49.3;10
15744;0.3777;21.1;41.5;49.3;10
15745;0.3791;21.1;41.4;49.2;10
15746;0.3772;21.1;41.5;49.1;10
15747;0.3791;21.0;41.4;49.1;10
15748;0.3767;20.9;41.3;48.9;10
15749;0.3791;20.9;41.3;48.9;10
15750;0.3777;20.9;41.3;49.0;10
15751;0.3766;20.9;41.2;48.9;10
15752;0.375;20.9;41.2;48.5;10
15753;0.3774;21.0;41.2;48.5;10
15754;0.3762;20.9;41.1;48.7;10
15755;0.3746;20.9;41.1;48.8;10
15756;0.3727;20.8;41.1;48.7;10
15757;0.3701;20.8;41.0;48.7;10
15758;0.3716;20.9;41.0;48.4;10
15759;0.3703;20.9;41.0;48.2;10
15760;0.3694;20.9;41.0;48.2;10
15761;0.3695;20.8;40.9;48.2;10
15762;0.3687;20.7;40.9;48.1;10
15763;0.3688;20.7;40.9;48.1;10
15764;0.3677;20.6;40.9;48.0;10
15765;0.3678;20.6;40.8;47.9;10
15766;0.3688;20.5;40.7;47.9;10
15767;0.3681;20.5;40.8;47.7;10
15768;0.3682;20.5;40.7;47.8;10
15769;0.368;20.5;40.6;47.8;10
15770;0.369;20.5;40.6;47.7;10
15771;0.3685;20.5;40.6;47.7;10
15772;0.366;20.4;40.6;47.6;10
15773;0.3642;20.4;40.5;47.6;10
15774;0.3652;20.4;40.5;47.4;10
15775;0.3661;20.4;40.5;47.5;10
15776;0.3642;20.3;40.5;47.5;10
15777;0.3628;20.3;40.5;47.4;10
15778;0.3644;20.3;40.4;47.3;10
15779;0.3642;20.3;40.4;47.3;10
15780;0.3634;20.3;40.4;47.3;10
15781;0.3639;20.3;40.4;47.2;10
15782;0.3622;20.2;40.4;47.2;10
15783;0.3631;20.2;40.4;47.2;10
15784;0.3619;20.1;40.2;47.1;10
15785;0.3621;20.2;40.3;47.1;10
15786;0.3617;20.1;40.1;47.0;10
15787;0.3604;20.0;40.1;47.0;10
15788;0.3609;20.0;40.1;47.0;10
15789;0.3619;19.9;40.0;46.9;10
15790;0.3621;19.9;40.0;46.9;10
15791;0.3605;19.9;40.0;46.9;10
15792;0.3591;19.9;39.9;46.8;10
15793;0.3577;19.9;39.9;46.7;10
15794;0.3577;19.9;39.9;46.7;10
15795;0.3571;19.8;39.9;46.6;10
15796;0.3579;19.8;39.9;46.6;10
15797;0.3587;19.8;39.8;46.6;10
15798;0.3577;19.8;39.8;46.5;10
15799;0.3564;19.8;39.7;46.4;10
15800;0.357;19.8;39.7;46.4;10
15801;0.3568;19.8;39.7;46.4;10
15802;0.3556;19.8;39.7;46.3;10
15803;0.3544;19.8;39.8;46.3;10
15804;0.3542;19.8;39.7;46.2;10
15805;0.3546;19.7;39.6;46.2;10
15806;0.354;19.7;39.6;46.2;10
15807;0.3527;19.7;39.6;46.1;10
15808;0.353;19.7;39.6;46.1;10
15809;0.3542;19.7;39.6;46.1;10
15810;0.3556;19.6;39.5;46.0;10
15811;0.3528;19.6;39.5;45.9;10
15812;0.353;19.5;39.5;46.0;10
15813;0.3533;19.4;39.5;45.9;10
15814;0.3532;19.4;39.5;45.8;10
15815;0.3542;19.4;39.4;45.8;10
15816;0.3536;19.3;39.4;45.8;10
15817;0.3557;19.3;39.4;45.7;10
15818;0.3544;19.3;39.4;45.6;10
15819;0.3547;19.2;39.4;45.6;10
15820;0.3562;19.2;39.3;45.5;10
15821;0.3554;19.2;39.3;45.5;10
15822;0.3569;19.2;39.3;45.5;10
15823;0.3564;19.1;39.2;45.5;10
15824;0.3555;19.0;39.2;45.5;10
15825;0.3544;19.0;39.2;45.4;10
15826;0.3549;19.1;39.2;45.4;10
15827;0.3547;19.1;39.1;45.4;10
15828;0.355;19.1;39.1;45.3;10
15829;0.3554;19.1;39.1;45.2;10
15830;0.3514;19.1;39.0;45.3;10
15831;0.3513;19.1;38.9;45.0;10
15832;0.3523;19.1;39.0;45.2;10
15833;0.3521;19.1;38.9;45.1;10
15834;0.3487;19.1;38.8;45.1;10
15835;0.351;19.1;38.8;45.1;10
15836;0.3486;19.1;38.8;45.0;10
15837;0.349;19.1;38.7;44.8;10
15838;0.3474;19.2;38.7;44.7;10
15839;0.3471;19.2;38.7;44.7;10
15840;0.3503;19.2;38.7;44.6;10
15841;0.3501;19.2;38.6;44.6;10
15842;0.3482;19.2;38.6;44.6;10
15843;0.349;19.2;38.7;44.5;10
15844;0.348;19.2;38.7;44.5;10
15845;0.348;19.2;38.7;44.4;10
15846;0.3464;19.1;38.6;44.3;10
15847;0.347;19.1;38.6;44.3;10
15848;0.3452;19.1;38.5;44.2;10
15849;0.346;19.1;38.6;44.3;10
15850;0.3451;19.0;38.6;44.3;10
15851;0.3448;18.9;38.5;44.1;10
15852;0.3442;19.0;38.4;44.1;10
15853;0.3432;18.9;38.4;44.1;10
15854;0.343;18.9;38.4;44.1;10
15855;0.343;18.9;38.3;44.0;10
15856;0.3424;19.0;38.3;44.0;10
15857;0.3462;19.0;38.3;44.0;10
15858;0.3439;18.9;38.3;43.9;10
15859;0.3437;18.8;38.3;43.9;10
15860;0.3423;18.8;38.3;43.9;10
15861;0.3429;18.8;38.2;43.8;10
15862;0.3437;18.8;38.2;43.8;10
15863;0.3423;18.8;38.2;43.8;10
15864;0.3427;18.8;38.2;43.7;10
15865;0.3442;18.7;38.2;43.7;10
15866;0.3445;18.7;38.2;43.7;10
15867;0.3449;18.7;38.1;43.7;10
15868;0.3428;18.7;38.1;43.6;10
15869;0.343;18.6;38.0;43.6;10
15870;0.3413;18.6;38.1;43.5;10
15871;0.3411;18.6;38.1;43.5;10
15872;0.3407;18.5;38.0;43.4;10
15873;0.3416;18.5;37.9;43.4;10
15874;0.3414;18.5;37.9;43.3;10
15875;0.3401;18.5;37.9;43.2;10
15876;0.3414;18.5;38.0;43.3;10
15877;0.3397;18.4;37.9;43.3;10
15878;0.3381;18.3;37.8;43.2;10
15879;0.3387;18.3;37.8;43.2;10
15880;0.3372;18.4;37.8;43.1;10
15881;0.3359;18.4;37.8;43.1;10
15882;0.3349;18.5;37.7;43.1;10
15883;0.3355;18.5;37.7;43.0;10
15884;0.3369;18.5;37.7;43.0;10
15885;0.3355;18.5;37.6;42.7;10
15886;0.3392;18.5;37.6;42.9;10
15887;0.3389;18.6;37.6;42.7;10
15888;0.3398;18.6;37.6;42.6;10
15889;0.3411;18.6;37.5;42.5;10
15890;0.3401;18.6;37.5;42.7;10
15891;0.3383;18.5;37.4;42.5;10
15892;0.3398;18.5;37.4;42.7;10
15893;0.3379;18.5;37.4;42.7;10
15894;0.3373;18.5;37.3;42.7;10
15895;0.3372;18.4;37.3;42.7;10
15896;0.3373;18.3;37.3;42.4;10
15897;0.3388;18.4;37.3;42.3;10
15898;0.3363;18.3;37.2;42.3;10
15899;0.3381;18.2;37.2;42.6;10
15900;0.339;18.2;37.2;42.5;10
15901;0.3401;18.2;37.2;42.3;10
15902;0.3395;18.2;37.2;42.4;10
15903;0.337;18.2;37.2;42.3;10
15904;0.3338;18.2;37.2;42.2;10
15905;0.3344;18.2;37.2;42.2;10
15906;0.3337;18.2;37.2;42.1;10
15907;0.3326;18.2;37.2;42.0;10
15908;0.3336;18.2;37.2;42.0;10
15909;0.3328;18.2;37.1;41.9;10
15910;0.3339;18.2;37.1;42.0;10
15911;0.3341;18.2;37.1;41.9;10
15912;0.3337;18.2;37.0;41.9;10
15913;0.3331;18.2;37.0;41.9;10
15914;0.3334;18.2;37.0;41.9;10
15915;0.3331;18.2;36.9;41.8;10
15916;0.3324;18.2;36.8;41.8;10
15917;0.3322;18.2;36.8;41.8;10
15918;0.3325;18.2;36.9;41.7;10
15919;0.3313;18.1;36.9;41.7;10
15920;0.3328;18.2;36.8;41.7;10
15921;0.3322;18.1;36.8;41.6;10
15922;0.3329;18.1;36.7;41.6;10
15923;0.3341;18.1;36.7;41.6;10
15924;0.333;18.1;36.8;41.6;10
15925;0.3341;18.1;36.8;41.6;10
15926;0.3345;18.1;36.7;41.5;10
15927;0.3324;18.1;36.7;41.5;10
15928;0.3325;18.1;36.7;41.5;10
15929;0.3334;18.0;36.6;41.5;10
15930;0.334;18.0;36.6;41.6;10
15931;0.3337;18.0;36.7;41.5;10
15932;0.332;17.9;36.6;41.5;10
15933;0.3329;17.9;36.5;41.4;10
15934;0.3317;17.9;36.5;41.4;10
15935;0.3321;17.8;36.5;41.4;10
15936;0.3318;17.9;36.5;41.4;10
15937;0.3323;17.9;36.5;41.4;10
15938;0.3332;17.8;36.4;41.3;10
15939;0.3319;17.8;36.3;41.3;10
15940;0.3323;17.7;36.3;41.4;10
15941;0.3317;17.7;36.3;41.3;10
15942;0.3317;17.7;36.3;41.3;10
15943;0.3313;17.7;36.4;41.3;10
15944;0.3318;17.7;36.4;41.3;10
15945;0.3326;17.7;36.3;41.3;10
15946;0.3326;17.7;36.3;41.2;10
15947;0.3337;17.8;36.2;41.2;10
15948;0.333;17.8;36.2;41.2;10
15949;0.332;17.8;36.2;41.2;10
15950;0.3327;17.8;36.2;41.1;10
15951;0.3328;17.9;36.3;41.1;10
15952;0.3328;17.8;36.3;41.1;10
15953;0.3313;17.7;36.3;41.1;10
15954;0.3328;17.7;36.3;41.1;10
15955;0.3338;17.8;36.3;41.0;10
15956;0.3327;17.8;36.2;41.0;10
15957;0.3321;17.7;36.2;41.0;10
15958;0.3319;17.6;36.1;41.0;10
15959;0.329;17.6;36.1;40.9;10
15960;0.3275;17.6;36.1;40.9;10
15961;0.3301;17.5;36.1;40.9;10
15962;0.3292;17.5;36.1;40.9;10
15963;0.3296;17.5;36.1;40.8;10
15964;0.3283;17.5;36.0;40.8;10
15965;0.3271;17.5;36.0;40.8;10
15966;0.3262;17.5;36.0;40.7;10
15967;0.3246;17.5;36.0;40.8;10
15968;0.3275;17.5;36.0;40.7;10
15969;0.3279;17.4;36.0;40.6;10
15970;0.3267;17.5;36.0;40.6;10
15971;0.3267;17.4;36.0;40.6;10
15972;0.3278;17.4;35.9;40.5;10
15973;0.3254;17.4;35.9;40.5;10
15974;0.3287;17.4;35.9;40.5;10
15975;0.3256;17.4;35.9;40.5;10
15976;0.3276;17.4;35.9;40.5;10
15977;0.3292;17.3;35.9;40.5;10
15978;0.3288;17.4;35.8;40.5;10
15979;0.3289;17.5;35.8;40.5;10
15980;0.3269;17.5;35.8;40.5;10
15981;0.3266;17.5;35.8;40.5;10
15982;0.3263;17.5;35.7;40.4;10
15983;0.3257;17.5;35.8;40.4;10
15984;0.3264;17.5;35.7;40.4;10
15985;0.327;17.5;35.7;40.3;10
15986;0.3316;17.5;35.8;40.3;10
15987;0.3285;17.6;35.7;40.3;10
15988;0.3286;17.5;35.7;40.3;10
15989;0.3297;17.5;35.7;40.1;10
15990;0.3293;17.6;35.6;40.3;10
15991;0.3292;17.6;35.6;40.3;10
15992;0.3293;17.6;35.6;40.2;10
15993;0.3295;17.6;35.6;40.2;10
15994;0.328;17.6;35.5;40.2;10
15995;0.328;17.6;35.5;40.2;10
15996;0.326;17.7;35.5;40.2;10
15997;0.3268;17.7;35.5;40.2;10
15998;0.3289;17.7;35.5;40.1;10
15999;0.328;17.7;35.5;39.9;10
16000;0.3283;17.8;35.5;39.9;10
16001;0.3282;17.7;35.5;39.9;10
16002;0.3275;17.6;35.4;40.1;10
16003;0.3268;17.6;35.4;40.1;10
16004;0.3263;17.6;35.4;39.9;10
16005;0.3259;17.6;35.4;40.1;10
16006;0.3278;17.5;35.4;39.9;10
16007;0.3265;17.5;35.4;39.8;10
16008;0.3267;17.4;35.4;39.8;10
16009;0.3264;17.4;35.4;39.8;10
16010;0.3266;17.4;35.3;39.8;10
16011;0.3283;17.5;35.3;39.8;10
16012;0.3284;17.4;35.3;39.8;10
16013;0.3306;17.4;35.3;39.8;10
16014;0.3284;17.5;35.3;40.0;10
16015;0.3314;17.4;35.3;39.8;10
16016;0.3294;17.5;35.3;39.7;10
16017;0.3297;17.5;35.3;39.7;10
16018;0.3294;17.5;35.3;39.8;10
16019;0.3289;17.5;35.3;39.7;10
16020;0.3306;17.5;35.3;39.7;10
16021;0.3292;17.5;35.3;39.7;10
16022;0.3328;17.5;35.2;39.7;10
16023;0.3309;17.6;35.2;39.7;10
16024;0.3317;17.5;35.2;39.7;10
16025;0.3286;17.5;35.2;39.7;10
16026;0.329;17.4;35.2;39.6;10
16027;0.329;17.5;35.1;39.6;10
16028;0.3289;17.4;35.2;39.6;10
16029;0.3278;17.4;35.2;39.6;10
16030;0.3277;17.5;35.1;39.6;10
16031;0.3275;17.5;35.1;39.6;10
16032;0.3272;17.5;35.2;39.5;10
16033;0.3269;17.5;35.1;39.5;10
16034;0.3257;17.5;35.1;39.5;10
16035;0.3269;17.5;35.2;39.6;10
16036;0.3276;17.4;35.2;39.5;10
16037;0.3259;17.5;35.2;39.5;10
16038;0.3265;17.5;35.2;39.5;10
16039;0.3267;17.5;35.2;39.5;10
16040;0.3263;17.5;35.2;39.4;10
16041;0.3272;17.4;35.2;39.4;10
16042;0.3274;17.5;35.1;39.4;10
16043;0.3274;17.5;35.1;39.4;10
16044;0.3272;17.5;35.1;39.4;10
16045;0.3276;17.5;35.1;39.4;10
16046;0.3273;17.5;35.1;39.4;10
16047;0.3282;17.6;35.0;39.4;10
16048;0.326;17.5;35.0;39.4;10
16049;0.3257;17.6;35.0;39.4;10
16050;0.3252;17.6;35.0;39.3;10
16051;0.3265;17.6;35.0;39.3;10
16052;0.3273;17.6;35.0;39.3;10
16053;0.3286;17.5;35.0;39.3;10
16054;0.3309;17.5;35.0;39.4;10
16055;0.33;17.4;35.0;39.4;10
16056;0.3289;17.5;35.0;39.3;10
16057;0.3291;17.4;35.0;39.3;10
16058;0.3287;17.3;35.1;39.4;10
16059;0.3298;17.2;34.9;39.4;10
16060;0.3298;17.2;34.9;39.3;10
16061;0.3301;17.2;34.9;39.2;10
16062;0.3309;17.2;34.9;39.3;10
16063;0.3308;17.1;34.9;39.3;10
16064;0.3301;17.1;35.0;39.3;10
16065;0.3301;17.1;34.9;39.2;10
16066;0.3287;17.0;34.9;39.2;10
16067;0.3284;17.0;34.9;39.3;10
16068;0.3312;17.0;34.9;39.2;10
16069;0.3309;17.0;34.9;39.2;10
16070;0.3291;16.9;34.8;39.2;10
16071;0.3291;16.9;34.8;39.2;10
16072;0.329;16.9;34.8;39.2;10
16073;0.3287;16.9;34.8;39.3;10
16074;0.3284;16.8;34.8;39.2;10
16075;0.332;16.8;34.8;39.2;10
16076;0.3315;16.7;34.8;39.1;10
16077;0.3309;16.7;34.8;39.1;10
16078;0.3299;16.7;34.8;39.3;10
16079;0.331;16.6;34.6;39.2;10
16080;0.3332;16.7;34.7;39.2;10
16081;0.3312;16.7;34.7;39.2;10
16082;0.3309;16.7;34.7;39.3;10
16083;0.3323;16.8;34.6;39.2;10
16084;0.3325;16.7;34.6;39.2;10
16085;0.3315;16.7;34.6;39.1;10
16086;0.3334;16.7;34.6;39.2;10
16087;0.3338;16.7;34.6;39.2;10
16088;0.3352;16.8;34.5;39.1;10
16089;0.3349;16.8;34.5;39.1;10
16090;0.333;16.9;34.5;39.2;10
16091;0.3335;16.9;34.5;39.1;10
16092;0.3333;16.9;34.5;39.1;10
16093;0.3318;16.9;34.5;39.2;10
16094;0.3328;16.9;34.5;39.1;10
16095;0.3324;16.9;34.5;39.1;10
16096;0.3326;16.9;34.6;39.1;10
16097;0.3302;16.9;34.5;39.1;10
16098;0.3323;16.9;34.6;39.1;10
16099;0.3326;16.9;34.6;39.1;10
16100;0.3333;16.9;34.5;39.1;10
16101;0.3328;17.0;34.5;39.1;10
16102;0.3339;17.0;34.5;39.0;10
16103;0.3331;17.0;34.5;39.1;10
16104;0.3355;17.0;34.5;39.1;10
16105;0.3366;17.0;34.4;39.1;10
16106;0.3361;17.0;34.4;39.1;10
16107;0.3361;17.0;34.4;39.1;10
16108;0.3349;16.9;34.4;39.1;10
16109;0.3367;17.0;34.4;39.1;10
16110;0.3367;17.0;34.4;39.1;10
16111;0.3368;17.0;34.4;39.1;10
16112;0.3382;17.0;34.4;39.1;10
16113;0.339;17.0;34.4;39.1;10
16114;0.3385;17.0;34.4;39.1;10
16115;0.3405;17.0;34.3;39.1;10
16116;0.3392;17.1;34.3;39.1;10
16117;0.3422;17.0;34.3;39.2;10
16118;0.3391;17.0;34.3;39.2;10
16119;0.3402;17.0;34.3;39.2;10
16120;0.3392;17.0;34.3;39.2;10
16121;0.3395;16.9;34.3;39.2;10
16122;0.34;17.0;34.3;39.2;10
16123;0.3398;16.9;34.3;39.2;10
16124;0.3409;16.9;34.4;39.2;10
16125;0.3403;17.0;34.3;39.2;10
16126;0.3428;17.0;34.3;39.2;10
16127;0.3426;17.0;34.3;39.2;10
16128;0.3418;17.0;34.2;39.2;10
16129;0.3414;17.0;34.2;39.2;10
16130;0.3417;16.9;34.2;39.3;10
16131;0.3439;17.0;34.2;39.3;10
16132;0.3446;16.9;34.2;39.3;10
16133;0.3467;16.9;34.2;39.3;10
16134;0.3448;17.0;34.2;39.3;10
16135;0.3453;16.9;34.3;39.3;10
16136;0.3467;17.0;34.3;39.3;10
16137;0.3462;17.0;34.3;39.3;10
16138;0.3466;16.9;34.3;39.4;10
16139;0.3475;17.0;34.3;39.4;10
16140;0.3454;17.0;34.3;39.4;10
16141;0.3464;17.0;34.3;39.3;10
16142;0.3483;17.0;34.3;39.4;10
16143;0.3461;16.9;34.3;39.3;10
16144;0.3452;16.8;34.2;39.4;10
16145;0.3443;16.8;34.2;39.4;10
16146;0.3446;16.8;34.2;39.3;10
16147;0.3459;16.7;34.2;39.3;10
16148;0.3438;16.7;34.2;39.3;10
16149;0.3435;16.7;34.2;39.3;10
16150;0.3454;16.7;34.1;39.3;10
16151;0.3459;16.7;34.2;39.3;10
16152;0.3455;16.7;34.2;39.3;10
16153;0.3456;16.7;34.2;39.3;10
16154;0.3465;16.7;34.2;39.3;10
16155;0.3473;16.7;34.1;39.4;10
16156;0.3464;16.7;34.2;39.4;10
16157;0.3472;16.7;34.2;39.4;10
16158;0.3469;16.7;34.2;39.4;10
16159;0.3491;16.7;34.1;39.4;10
16160;0.3483;16.7;34.1;39.4;10
16161;0.3481;16.7;34.1;39.4;10
16162;0.3509;16.6;34.1;39.4;10
16163;0.3509;16.6;34.1;39.5;10
16164;0.3518;16.6;34.1;39.4;10
16165;0.3546;16.6;34.1;39.5;10
16166;0.3541;16.6;34.1;39.5;10
16167;0.3552;16.6;34.1;39.5;10
16168;0.3555;16.6;34.1;39.5;10
16169;0.3571;16.6;34.1;39.6;10
16170;0.3583;16.6;34.0;39.6;10
16171;0.3597;16.5;34.1;39.6;10
16172;0.3607;16.6;34.0;39.7;10
16173;0.3595;16.5;34.0;39.7;10
16174;0.3593;16.6;34.1;39.7;10
16175;0.3605;16.6;34.0;39.7;10
16176;0.3632;16.6;34.1;39.8;10
16177;0.3644;16.6;34.0;39.8;10
16178;0.3661;16.6;34.1;39.9;10
16179;0.3665;16.6;34.0;39.9;10
16180;0.3702;16.6;34.0;39.9;10
16181;0.3699;16.7;34.0;40.2;10
16182;0.3706;16.6;34.0;40.0;10
16183;0.3691;16.7;34.0;40.1;10
16184;0.3715;16.7;34.0;40.3;10
16185;0.3685;16.7;34.0;40.4;10
16186;0.3703;16.7;34.0;40.4;10
16187;0.3721;16.7;34.0;40.4;10
16188;0.3729;16.7;34.0;40.5;10
16189;0.3729;16.7;34.0;40.5;10
16190;0.3722;16.7;34.0;40.5;10
16191;0.372;16.7;34.1;40.6;10
16192;0.3721;16.7;34.1;40.7;10
16193;0.3745;16.8;34.1;40.7;10
16194;0.3716;16.8;34.1;40.7;10
16195;0.3718;16.8;34.1;40.7;10
16196;0.3741;16.8;34.0;40.8;10
16197;0.3763;16.8;34.1;40.8;10
16198;0.3751;16.8;34.1;40.8;10
16199;0.3802;16.8;34.1;40.8;10
16200;0.3826;16.9;34.0;40.9;10
16201;0.3803;16.8;34.1;41.0;10
16202;0.3823;16.9;34.1;41.0;10
16203;0.3848;16.9;34.1;41.1;10
16204;0.3865;16.9;34.1;41.1;10
16205;0.3885;16.9;34.1;41.1;10
16206;0.3866;16.9;34.1;41.2;10
16207;0.3888;16.9;34.1;41.2;10
16208;0.3911;17.0;34.1;41.3;10
16209;0.3921;17.1;34.0;41.3;10
16210;0.3936;17.1;34.1;41.4;10
16211;0.3949;17.2;34.1;41.4;10
16212;0.3937;17.2;34.1;41.4;10
16213;0.3944;17.2;34.1;41.5;10
16214;0.3954;17.2;34.1;41.6;10
16215;0.3965;17.3;34.1;41.6;10
16216;0.3997;17.3;34.1;41.7;10
16217;0.3984;17.3;34.1;41.7;10
16218;0.4022;17.4;34.1;41.7;10
16219;0.4022;17.4;34.2;41.8;10
16220;0.4022;17.4;34.2;41.8;10
16221;0.4017;17.3;34.2;41.9;10
16222;0.4024;17.4;34.2;42.0;10
16223;0.4037;17.4;34.2;42.0;10
16224;0.4022;17.4;34.2;42.0;10
16225;0.4029;17.4;34.2;42.1;10
16226;0.4058;17.4;34.2;42.1;10
16227;0.4053;17.4;34.2;42.2;10
16228;0.4082;17.4;34.2;42.2;10
16229;0.4092;17.4;34.2;42.3;10
16230;0.4091;17.4;34.2;42.3;10
16231;0.4091;17.4;34.2;42.3;10
16232;0.4126;17.4;34.2;42.4;10
16233;0.4134;17.5;34.2;42.4;10
16234;0.4143;17.5;34.2;42.4;10
16235;0.414;17.5;34.3;42.5;10
16236;0.4197;17.5;34.3;42.8;10
16237;0.4186;17.5;34.3;42.9;10
16238;0.4186;17.6;34.3;42.9;10
16239;0.4217;17.6;34.3;43.0;10
16240;0.4229;17.7;34.3;43.1;10
16241;0.4234;17.6;34.3;43.1;10
16242;0.4233;17.6;34.3;43.1;10
16243;0.4228;17.6;34.4;43.2;10
16244;0.4237;17.6;34.3;43.3;10
16245;0.4248;17.6;34.4;43.3;10
16246;0.4239;17.6;34.4;43.3;10
16247;0.4264;17.6;34.4;43.4;10
16248;0.4234;17.6;34.4;43.4;10
16249;0.428;17.6;34.4;43.5;10
16250;0.4255;17.6;34.4;43.5;10
16251;0.4263;17.6;34.4;43.6;10
16252;0.4251;17.6;34.4;43.6;10
16253;0.4253;17.6;34.5;43.6;10
16254;0.4241;17.6;34.6;43.6;10
16255;0.4251;17.6;34.5;43.7;10
16256;0.4262;17.6;34.6;43.7;10
16257;0.4276;17.6;34.5;43.8;10
16258;0.427;17.6;34.5;43.8;10
16259;0.4297;17.7;34.5;43.8;10
16260;0.4274;17.7;34.6;43.8;10
16261;0.4266;17.7;34.6;43.9;10
16262;0.4277;17.7;34.6;43.9;10
16263;0.4293;17.6;34.6;44.0;10
16264;0.4317;17.6;34.6;44.0;10
16265;0.4315;17.6;34.7;44.0;10
16266;0.4317;17.7;34.7;44.1;10
16267;0.4332;17.7;34.7;44.2;10
16268;0.4311;17.7;34.7;44.2;10
16269;0.4343;17.7;34.7;44.3;10
16270;0.4354;17.7;34.8;44.3;10
16271;0.4379;17.8;34.8;44.4;10
16272;0.437;17.8;34.7;44.5;10
16273;0.4372;17.8;34.7;44.5;10
16274;0.4393;17.9;34.8;44.8;10
16275;0.4376;17.8;34.7;44.5;10
16276;0.4381;17.9;34.9;44.7;10
16277;0.438;17.9;34.8;44.6;10
16278;0.4425;17.9;34.9;44.8;10
16279;0.4373;17.8;34.7;44.6;10
16280;0.4402;17.9;34.8;44.7;10
16281;0.443;17.9;34.9;44.8;10
16282;0.4409;17.8;34.8;44.7;10
16283;0.4453;17.9;34.9;44.9;10
16284;0.4439;17.9;34.9;44.9;10
16285;0.4447;17.7;34.9;45.2;10
16286;0.4397;17.7;34.9;45.3;10
16287;0.438;17.7;34.9;45.3;10
16288;0.4401;17.7;34.9;45.4;10
16289;0.4399;17.6;34.9;45.4;10
16290;0.44;17.6;34.9;45.4;10
16291;0.4425;17.6;34.9;45.5;10
16292;0.4415;17.6;34.9;45.6;10
16293;0.4435;17.6;34.9;45.6;10
16294;0.4425;17.6;34.9;45.6;10
16295;0.4444;17.6;34.9;45.6;10
16296;0.4446;17.6;34.8;45.6;10
16297;0.4451;17.6;34.9;45.7;10
16298;0.4457;17.5;35.0;45.7;10
16299;0.4479;17.5;35.0;45.7;10
16300;0.4457;17.5;35.1;45.7;10
16301;0.4472;17.5;35.0;45.7;10
16302;0.4474;17.4;35.0;45.8;10
16303;0.4488;17.5;35.0;45.8;10
16304;0.4488;17.6;35.1;45.8;10
16305;0.4459;17.6;35.2;45.9;10
16306;0.4444;17.7;35.2;45.9;10
16307;0.4462;17.6;35.1;45.9;10
16308;0.45;17.6;35.2;46.0;10
16309;0.4503;17.5;35.2;46.0;10
16310;0.4493;17.5;35.2;46.1;10
16311;0.4497;17.6;35.1;46.1;10
16312;0.449;17.6;35.2;46.2;10
16313;0.4526;17.6;35.2;46.2;10
16314;0.4525;17.6;35.3;46.2;10
16315;0.4549;17.6;35.3;46.3;10
16316;0.4548;17.6;35.3;46.3;10
16317;0.4543;17.6;35.3;46.3;10
16318;0.4569;17.6;35.3;46.4;10
16319;0.4553;17.6;35.3;46.4;10
16320;0.4571;17.6;35.3;46.4;10
16321;0.458;17.6;35.3;46.5;10
16322;0.4556;17.6;35.4;46.5;10
16323;0.4555;17.6;35.4;46.6;10
16324;0.4569;17.5;35.4;46.6;10
16325;0.4575;17.5;35.4;46.6;10
16326;0.4574;17.5;35.4;46.6;10
16327;0.4583;17.4;35.4;46.6;10
16328;0.4549;17.4;35.4;46.7;10
16329;0.4561;17.3;35.4;46.7;10
16330;0.4555;17.4;35.4;46.8;10
16331;0.4584;17.3;35.5;46.8;10
16332;0.4575;17.3;35.5;46.8;10
16333;0.4559;17.4;35.5;46.9;10
16334;0.4567;17.5;35.5;46.9;10
16335;0.4573;17.4;35.5;46.9;10
16336;0.4566;17.5;35.5;46.9;10
16337;0.4574;17.4;35.5;46.9;10
16338;0.4574;17.3;35.5;47.0;10
16339;0.4574;17.5;35.6;47.0;10
16340;0.4551;17.4;35.6;47.0;10
16341;0.4579;17.4;35.6;47.0;10
16342;0.4565;17.5;35.6;47.0;10
16343;0.4599;17.4;35.7;47.0;10
16344;0.4586;17.5;35.7;47.1;10
16345;0.4605;17.4;35.7;47.1;10
16346;0.4597;17.4;35.7;47.1;10
16347;0.4597;17.4;35.7;47.1;10
16348;0.4604;17.5;35.7;47.1;10
16349;0.4596;17.5;35.7;47.1;10
16350;0.4613;17.4;35.8;47.3;10
16351;0.4644;17.4;35.8;47.3;10
16352;0.4635;17.5;35.8;47.3;10
16353;0.4653;17.4;35.8;47.4;10
16354;0.4657;17.5;35.9;47.4;10
16355;0.4641;17.5;36.0;47.5;10
16356;0.4647;17.6;36.0;47.5;10
16357;0.4678;17.5;35.9;47.5;10
16358;0.4718;17.6;36.0;47.5;10
16359;0.4695;17.6;36.0;47.6;10
16360;0.4697;17.6;36.0;47.5;10
16361;0.4678;17.6;36.0;47.6;10
16362;0.466;17.6;36.0;47.6;10
16363;0.4676;17.6;36.0;47.6;10
16364;0.4661;17.6;36.0;47.6;10
16365;0.468;17.5;36.0;47.6;10
16366;0.4702;17.6;36.1;47.7;10
16367;0.4701;17.5;36.1;47.7;10
16368;0.467;17.7;36.1;47.7;10
16369;0.47;17.6;36.2;47.7;10
16370;0.4711;17.7;36.2;47.7;10
16371;0.4704;17.8;36.2;47.8;10
16372;0.4695;17.8;36.2;47.8;10
16373;0.4691;17.8;36.2;47.8;10
16374;0.467;17.8;36.3;47.8;10
16375;0.469;17.8;36.3;47.8;10
16376;0.4721;17.9;36.3;47.8;10
16377;0.4744;18.0;36.3;47.8;10
16378;0.4752;17.9;36.3;47.9;10
16379;0.4744;17.9;36.4;47.9;10
16380;0.4739;17.9;36.4;48.0;10
16381;0.4704;17.9;36.4;48.0;10
16382;0.4712;18.0;36.4;48.0;10
16383;0.4747;17.9;36.5;48.0;10
16384;0.4706;18.0;36.5;48.0;10
16385;0.4708;18.1;36.4;48.0;10
16386;0.4699;18.1;36.4;48.0;10
16387;0.4717;18.2;36.5;48.1;10
16388;0.4691;18.2;36.6;48.1;10
16389;0.4699;18.2;36.6;48.1;10
16390;0.4721;18.3;36.6;48.2;10
16391;0.4716;18.2;36.6;48.3;10
16392;0.4702;18.2;36.6;48.1;10
16393;0.473;18.2;36.5;48.2;10
16394;0.4728;18.2;36.7;48.2;10
16395;0.4697;18.3;36.7;48.2;10
16396;0.4745;18.3;36.7;48.2;10
16397;0.4733;18.3;36.7;48.2;10
16398;0.4718;18.4;36.7;48.3;10
16399;0.4741;18.4;36.8;48.5;10
16400;0.4725;18.5;36.8;48.3;10
16401;0.4759;18.5;36.8;48.6;10
16402;0.4756;18.7;36.8;48.6;10
16403;0.4732;18.7;37.0;48.7;10
16404;0.4751;18.8;37.0;48.7;10
16405;0.4761;18.9;36.9;48.8;10
16406;0.478;19.0;37.0;48.8;10
16407;0.4777;19.1;37.1;48.8;10
16408;0.4795;19.0;37.1;48.8;10
16409;0.4826;19.1;37.1;48.9;10
16410;0.479;19.1;37.0;48.9;10
16411;0.4787;19.1;37.0;48.9;10
16412;0.4771;19.1;37.1;49.0;10
16413;0.4786;19.2;37.2;49.0;10
16414;0.48;19.1;37.2;49.0;10
16415;0.4789;19.1;37.2;49.1;10
16416;0.4779;19.1;37.2;49.1;10
16417;0.4787;19.1;37.2;49.1;10
16418;0.4804;19.1;37.3;49.1;10
16419;0.4826;19.1;37.3;49.1;10
16420;0.4821;19.1;37.3;49.2;10
16421;0.4873;19.1;37.3;49.3;10
16422;0.488;19.3;37.4;49.3;10
16423;0.4875;19.2;37.4;49.3;10
16424;0.4877;19.3;37.4;49.3;10
16425;0.4854;19.4;37.5;49.3;10
16426;0.487;19.4;37.5;49.4;10
16427;0.4875;19.5;37.5;49.4;10
16428;0.4869;19.5;37.6;49.4;10
16429;0.6286;19.5;37.6;49.8;10
16430;0.6321;19.5;37.6;50.9;10
16431;0.633;19.5;37.7;52.3;10
16432;0.6317;19.5;37.7;53.2;10
16433;0.6347;19.5;37.8;54.0;10
16434;0.6329;19.5;37.7;54.9;10
16435;0.6299;19.5;37.9;55.5;10
16436;0.6302;19.6;37.9;55.9;10
16437;0.6297;19.6;37.9;56.5;10
16438;0.6279;19.7;37.9;56.9;10
16439;0.6318;19.7;38.0;57.2;10
16440;0.6328;19.8;38.1;57.6;10
16441;0.6331;19.9;38.1;57.9;10
16442;0.6371;20.0;38.2;58.1;10
16443;0.6327;20.0;38.3;58.5;10
16444;0.6345;20.0;38.4;58.7;10
16445;0.6336;20.0;38.4;58.9;10
16446;0.6346;20.1;38.5;59.1;10
16447;0.6313;20.1;38.6;59.3;10
16448;0.6316;20.1;38.6;59.4;10
16449;0.6349;20.2;38.7;59.7;10
16450;0.6344;20.2;38.9;59.8;10
16451;0.6336;20.2;38.9;60.0;10
16452;0.636;20.2;39.0;60.1;10
16453;0.632;20.3;39.2;60.2;10
16454;0.6367;20.3;39.1;60.3;10
16455;0.6365;20.3;39.3;60.4;10
16456;0.6373;20.3;39.4;60.5;10
16457;0.6385;20.2;39.4;60.6;10
16458;0.6381;20.2;39.5;60.8;10
16459;0.6381;20.1;39.5;60.8;10
16460;0.6364;20.1;39.5;60.8;10
16461;0.6335;20.2;39.6;60.9;10
16462;0.6369;20.1;39.6;60.9;10
16463;0.6335;20.2;39.7;60.9;11
16464;0.633;20.1;39.8;61.0;11
16465;0.6343;20.2;39.8;61.1;11
16466;0.6355;20.1;39.9;61.1;11
16467;0.6324;20.1;39.9;61.1;11
16468;0.6316;20.1;40.1;61.2;11
16469;0.6301;20.2;40.1;61.2;11
16470;0.6324;20.2;40.2;61.3;11
16471;0.6304;20.1;40.2;61.3;11
16472;0.6312;20.1;40.4;61.3;11
16473;0.6315;20.2;40.4;61.3;11
16474;0.6316;20.2;40.4;61.4;11
16475;0.6276;20.4;40.6;61.5;11
16476;0.6301;20.3;40.7;61.5;11
16477;0.6285;20.4;40.7;61.6;11
16478;0.6298;20.4;40.8;61.6;11
16479;0.6322;20.5;40.8;61.7;11
16480;0.6317;20.5;40.9;61.7;11
16481;0.6323;20.5;41.0;61.8;11
16482;0.6327;20.5;41.1;61.9;11
16483;0.6309;20.6;41.2;61.9;11
16484;0.6346;20.6;41.3;62.0;11
16485;0.6333;20.6;41.3;62.1;11
16486;0.6354;20.6;41.4;62.2;11
16487;0.6361;20.7;41.5;62.4;11
16488;0.634;20.7;41.5;62.4;11
16489;0.6342;20.8;41.6;62.4;11
16490;0.634;20.8;41.8;62.6;11
16491;0.6353;20.7;41.7;62.7;11
16492;0.636;20.7;41.9;62.7;11
16493;0.6337;20.8;42.0;62.9;11
16494;0.6364;20.8;42.0;62.9;11
16495;0.6838;20.8;42.1;63.0;11
16496;0.4912;20.8;42.1;62.2;11
16497;0.4876;20.8;42.1;61.5;11
16498;0.4911;20.8;42.2;60.7;11
16499;0.488;20.8;42.4;59.8;11
16500;0.49;20.8;42.4;59.0;11
16501;0.491;20.8;42.5;58.5;11
16502;0.4917;20.8;42.6;58.1;11
16503;0.4904;20.7;42.5;57.7;11
16504;0.4859;20.7;42.5;57.4;11
16505;0.488;20.6;42.5;57.1;11
16506;0.4864;20.6;42.6;56.9;11
16507;0.4874;20.6;42.7;56.6;11
16508;0.4877;20.5;42.6;56.2;11
16509;0.4873;20.6;42.6;56.1;11
16510;0.4871;20.5;42.6;55.9;11
16511;0.4898;20.5;42.7;55.7;11
16512;0.491;20.6;42.8;55.6;11
16513;0.4903;20.7;42.8;55.4;11
16514;0.4892;20.8;42.7;55.3;11
16515;0.4891;20.7;42.7;55.3;11
16516;0.4873;20.8;42.7;55.1;11
16517;0.486;20.9;42.7;55.0;11
16518;0.4865;20.9;42.7;54.9;11
16519;0.4893;21.0;42.7;54.9;11
16520;0.4872;21.0;42.9;54.8;11
16521;0.4895;21.1;42.9;54.7;11
16522;0.488;21.1;42.9;54.7;11
16523;0.4872;21.1;42.9;54.6;11
16524;0.488;21.2;42.9;54.6;11
16525;0.4878;21.2;42.9;54.5;11
16526;0.49;21.2;43.0;54.5;11
16527;0.488;21.3;42.9;54.4;11
16528;0.4907;21.4;43.0;54.4;11
16529;0.4928;21.4;42.9;54.4;11
16530;0.4916;21.4;43.0;54.4;11
16531;0.4904;21.4;42.9;54.4;11
16532;0.4935;21.3;43.0;54.3;11
16533;0.4932;21.4;43.0;54.2;11
16534;0.4947;21.5;43.0;54.3;11
16535;0.4942;21.5;43.0;54.1;11
16536;0.4939;21.5;43.0;54.3;11
16537;0.4932;21.6;43.0;54.3;11
16538;0.4948;21.6;43.0;54.3;11
16539;0.4962;21.7;43.0;54.3;11
16540;0.4938;21.6;43.0;54.1;11
16541;0.4964;21.6;43.0;54.0;11
16542;0.4959;21.6;43.0;54.1;11
16543;0.4948;21.6;43.0;54.3;11
16544;0.4939;21.5;43.0;54.3;11
16545;0.4957;21.6;43.0;54.1;11
16546;0.4982;21.6;43.0;54.3;11
16547;0.4977;21.6;43.0;54.3;11
16548;0.4974;21.6;42.9;54.2;11
16549;0.4955;21.6;42.9;54.3;11
16550;0.4916;21.6;42.9;54.1;11
16551;0.4923;21.6;42.9;54.3;11
16552;0.4942;21.6;42.9;54.3;11
16553;0.4961;21.6;43.0;54.0;11
16554;0.4935;21.6;42.9;54.3;11
16555;0.4934;21.7;42.9;54.3;11
16556;0.4958;21.7;42.9;54.3;11
16557;0.4946;21.6;42.9;54.3;11
16558;0.4942;21.5;42.9;54.3;11
16559;0.4933;21.6;42.9;54.1;11
16560;0.4942;21.5;42.8;54.3;11
16561;0.4957;21.5;42.8;54.4;11
16562;0.4965;21.4;42.8;54.4;11
16563;0.4953;21.4;42.7;54.4;11
16564;0.4952;21.4;42.7;54.4;11
16565;0.496;21.4;42.7;54.4;11
16566;0.4951;21.4;42.7;54.4;11
16567;0.4931;21.4;42.7;54.3;11
16568;0.4929;21.4;42.7;54.4;11
16569;0.4913;21.4;42.7;54.4;11
16570;0.4919;21.4;42.8;54.4;11
16571;0.4909;21.4;42.7;54.3;11
16572;0.4915;21.4;42.8;54.3;11
16573;0.4955;21.4;42.8;54.3;11
16574;0.4902;21.4;42.8;54.3;11
16575;0.4894;21.3;42.7;54.3;11
16576;0.4873;21.3;42.8;54.4;11
16577;0.491;21.3;42.7;54.1;11
16578;0.4907;21.3;42.7;54.3;11
16579;0.4918;21.3;42.7;54.3;11
16580;0.4897;21.3;42.8;54.1;11
16581;0.4895;21.3;42.7;54.2;11
16582;0.492;21.3;42.7;54.4;11
16583;0.4931;21.3;42.6;54.4;11
16584;0.4915;21.3;42.6;54.4;11
16585;0.4892;21.3;42.6;54.2;11
16586;0.4904;21.3;42.6;54.4;11
16587;0.49;21.3;42.6;54.4;11
16588;0.4891;21.3;42.6;54.3;11
16589;0.4915;21.3;42.6;54.4;11
16590;0.4858;21.3;42.6;54.4;11
16591;0.487;21.3;42.6;54.2;11
16592;0.4861;21.3;42.7;54.4;11
16593;0.488;21.3;42.6;54.4;11
16594;0.49;21.4;42.6;54.4;11
16595;0.4868;21.4;42.6;54.4;11
16596;0.4861;21.4;42.6;54.4;11
16597;0.4868;21.4;42.6;54.3;11
16598;0.4858;21.3;42.5;54.4;11
16599;0.4851;21.3;42.5;54.4;11
16600;0.4871;21.3;42.5;54.3;11
16601;0.4838;21.3;42.5;54.3;11
16602;0.4855;21.3;42.5;54.3;11
16603;0.4905;21.3;42.5;54.3;11
16604;0.4902;21.3;42.5;54.4;11
16605;0.4885;21.2;42.5;54.4;11
16606;0.4897;21.2;42.5;54.1;11
16607;0.4898;21.2;42.5;54.3;11
16608;0.4884;21.2;42.5;54.3;11
16609;0.4926;21.2;42.5;54.2;11
16610;0.4911;21.2;42.6;54.3;11
16611;0.4909;21.2;42.5;54.2;11
16612;0.4913;21.3;42.5;54.4;11
16613;0.4874;21.3;42.5;54.4;11
16614;0.6169;21.2;42.5;55.1;11
16615;0.6165;21.3;42.5;56.1;11
16616;0.6179;21.3;42.5;57.2;11
16617;0.6198;21.3;42.5;57.9;11
16618;0.6192;21.3;42.5;58.5;11
16619;0.6148;21.3;42.5;59.0;11
16620;0.6164;21.3;42.5;59.4;11
16621;0.6161;21.3;42.5;60.0;11
16622;0.6184;21.3;42.6;60.3;11
16623;0.6197;21.3;42.6;60.7;11
16624;0.6159;21.3;42.7;60.9;11
16625;0.6188;21.4;42.7;61.1;11
16626;0.6157;21.4;42.6;61.4;11
16627;0.6138;21.4;42.6;61.5;11
16628;0.6157;21.4;42.7;61.6;11
16629;0.6172;21.4;42.8;61.7;11
16630;0.6149;21.4;42.7;61.9;11
16631;0.6148;21.4;42.7;62.0;11
16632;0.6132;21.4;42.9;62.1;11
16633;0.6101;21.4;42.9;62.1;11
16634;0.615;21.4;43.0;62.2;11
16635;0.6138;21.4;43.0;62.4;11
16636;0.6154;21.5;43.0;62.3;11
16637;0.6171;21.5;43.1;62.5;11
16638;0.6128;21.6;43.2;62.7;11
16639;0.6219;21.6;43.1;62.8;11
16640;0.627;21.5;43.2;63.0;11
16641;0.6316;21.5;43.2;63.2;11
16642;0.6303;21.4;43.2;63.3;11
16643;0.6327;21.4;43.3;63.4;11
16644;0.6336;21.5;43.4;63.5;11
16645;0.6352;21.5;43.5;63.7;11
16646;0.6351;21.6;43.5;63.9;11
16647;0.6329;21.6;43.5;64.0;11
16648;0.6382;21.5;43.6;64.1;11
16649;0.6362;21.5;43.7;64.3;11
16650;0.637;21.5;43.8;64.4;11
16651;0.6381;21.6;43.7;64.5;11
16652;0.6389;21.6;43.8;64.7;11
16653;0.6376;21.6;43.9;64.8;11
16654;0.6394;21.5;43.9;64.8;11
16655;0.639;21.6;44.0;64.9;11
16656;0.6369;21.6;44.0;65.2;11
16657;0.6378;21.5;43.9;65.2;11
16658;0.6372;21.6;44.1;65.3;11
16659;0.3985;21.5;44.1;65.3;11
16660;0.3919;21.6;44.0;63.4;11
16661;0.3942;21.6;44.3;61.7;11
16662;0.3958;21.5;44.3;60.4;11
16663;0.395;21.6;44.2;59.1;11
16664;0.3957;21.6;44.4;58.4;11
16665;0.393;21.6;44.3;57.6;11
16666;0.3945;21.6;44.3;57.0;11
16667;0.394;21.5;44.4;56.4;11
16668;0.3952;21.5;44.4;55.8;11
16669;0.3926;21.4;44.5;55.3;11
16670;0.3934;21.4;44.3;54.9;11
16671;0.3923;21.4;44.4;54.6;11
16672;0.3916;21.4;44.3;54.1;11
16673;0.3874;21.3;44.4;53.8;11
16674;0.3873;21.3;44.4;53.5;11
16675;0.387;21.4;44.4;53.2;11
16676;0.3889;21.4;44.3;52.9;11
16677;0.3906;21.4;44.3;52.7;11
16678;0.3917;21.4;44.3;52.5;11
16679;0.3928;21.4;44.3;52.4;11
16680;0.393;21.4;44.4;52.2;11
16681;0.3923;21.4;44.3;52.0;11
16682;0.3905;21.4;44.3;51.9;11
16683;0.3896;21.4;44.3;51.5;11
16684;0.3898;21.4;44.3;51.3;11
16685;0.3904;21.3;44.3;51.2;11
16686;0.3909;21.4;44.3;51.0;11
16687;0.3928;21.5;44.2;50.9;11
16688;0.3926;21.4;44.2;50.8;11
16689;0.394;21.4;44.2;50.7;11
16690;0.3927;21.4;44.2;50.6;11
16691;0.3931;21.4;44.2;50.6;11
16692;0.3916;21.4;44.2;50.5;11
16693;0.3914;21.4;44.3;50.4;11
16694;0.3898;21.4;44.1;50.4;11
16695;0.3878;21.5;44.1;50.3;11
16696;0.3906;21.5;44.1;50.2;11
16697;0.3931;21.5;44.1;50.1;11
16698;0.3942;21.4;44.0;50.1;11
16699;0.3923;21.4;43.9;50.0;11
16700;0.3948;21.4;44.0;50.1;11
16701;0.3926;21.4;44.0;50.0;11
16702;0.3934;21.5;43.8;50.0;11
16703;0.3921;21.3;43.9;50.0;11
16704;0.3902;21.3;43.9;50.0;11
16705;0.3887;21.3;43.7;49.9;11
16706;0.3881;21.2;43.7;49.9;11
16707;0.3889;21.2;43.6;49.9;11
16708;0.3889;21.2;43.6;49.9;11
16709;0.391;21.2;43.5;49.8;11
16710;0.3915;21.2;43.5;49.8;11
16711;0.3899;21.2;43.4;49.7;11
16712;0.3939;21.2;43.4;49.7;11
16713;0.3897;21.2;43.3;49.7;11
16714;0.3911;21.1;43.3;49.6;11
16715;0.3917;21.0;43.2;49.6;11
16716;0.3898;21.1;43.1;49.6;11
16717;0.3901;21.0;43.0;49.6;11
16718;0.389;21.0;43.0;49.6;11
16719;0.3886;20.9;42.9;49.5;11
16720;0.3877;21.0;42.9;49.5;11
16721;0.3878;20.9;42.8;49.5;11
16722;0.3882;20.8;42.8;49.4;11
16723;0.3874;20.8;42.6;49.4;11
16724;0.3887;20.7;42.6;49.3;11
16725;0.3873;20.7;42.5;49.3;11
16726;0.3901;20.6;42.5;49.3;11
16727;0.3903;20.6;42.4;49.2;11
16728;0.3904;20.6;42.4;49.2;11
16729;0.3884;20.6;42.2;49.1;11
16730;0.389;20.6;42.3;49.1;11
16731;0.3887;20.5;42.2;49.1;11
16732;0.3884;20.7;42.1;49.0;11
16733;0.3898;20.7;42.1;49.0;11
16734;0.3884;20.7;42.0;49.0;11
16735;0.3845;20.6;42.1;49.0;11
16736;0.3855;20.6;41.9;49.0;11
16737;0.3862;20.6;42.0;48.9;11
16738;0.3875;20.5;41.8;48.9;11
16739;0.3882;20.5;41.8;48.8;11
16740;0.387;20.4;41.7;48.8;11
16741;0.3899;20.3;41.7;48.8;11
16742;0.3886;20.3;41.6;48.8;11
16743;0.3894;20.4;41.5;48.5;11
16744;0.387;20.3;41.6;48.8;11
16745;0.3867;20.3;41.5;48.8;11
16746;0.3897;20.3;41.4;48.5;11
16747;0.3919;20.2;41.4;48.8;11
16748;0.3907;20.2;41.3;48.8;11
16749;0.3911;20.2;41.3;48.8;11
16750;0.3866;20.2;41.2;48.7;11
16751;0.3869;20.2;41.2;48.8;11
16752;0.3861;20.1;41.1;48.7;11
16753;0.3866;20.1;41.1;48.7;11
16754;0.3883;20.1;41.1;48.7;11
16755;0.3866;20.1;41.0;48.7;11
16756;0.3872;20.1;41.0;48.4;11
16757;0.3876;20.2;40.9;48.7;11
16758;0.3889;20.1;40.8;48.4;11
16759;0.3899;20.1;40.8;48.4;11
16760;0.3877;20.1;40.8;48.4;11
16761;0.3879;20.1;40.7;48.3;11
16762;0.3893;20.1;40.7;48.5;11
16763;0.3903;20.1;40.7;48.3;11
16764;0.3906;20.1;40.7;48.3;11
16765;0.3905;20.1;40.6;48.3;11
16766;0.3906;20.0;40.6;48.3;11
16767;0.39;20.0;40.6;48.3;11
16768;0.389;20.0;40.6;48.3;11
16769;0.3838;20.0;40.4;48.3;11
16770;0.3807;19.9;40.5;48.2;11
16771;0.3837;19.9;40.3;48.2;11
16772;0.3851;19.9;40.3;48.1;11
16773;0.3897;19.9;40.4;48.1;11
16774;0.3875;19.9;40.2;48.1;11
16775;0.3868;19.9;40.2;48.1;11
16776;0.388;19.8;40.2;48.1;11
16777;0.3923;20.0;40.2;48.1;11
16778;0.391;20.0;40.2;48.1;11
16779;0.393;20.0;40.1;48.1;11
16780;0.3909;20.0;40.1;48.1;11
16781;0.3917;20.0;40.1;48.1;11
16782;0.3933;19.9;40.0;48.1;11
16783;0.3922;20.0;40.0;48.1;11
16784;0.392;20.0;40.0;48.0;11
16785;0.393;20.0;40.0;48.0;11
16786;0.3919;20.0;40.0;48.0;11
16787;0.3915;20.0;40.0;48.1;11
16788;0.3945;20.0;39.8;48.0;11
16789;0.395;20.1;39.8;48.1;11
16790;0.3934;20.1;39.8;48.1;11
16791;0.3938;20.0;39.8;48.1;11
16792;0.3925;20.0;39.9;48.0;11
16793;0.3934;19.9;39.9;48.0;11
16794;0.3955;19.9;39.7;48.0;11
16795;0.3964;19.9;39.8;48.0;11
16796;0.394;19.9;39.7;48.1;11
16797;0.3946;19.9;39.7;48.1;11
16798;0.3971;20.0;39.7;48.0;11
16799;0.3986;20.0;39.6;48.0;11
16800;0.3964;20.0;39.6;48.1;11
16801;0.3981;20.0;39.6;48.0;11
16802;0.3954;20.0;39.6;48.0;11
16803;0.3948;20.0;39.6;48.1;11
16804;0.3957;20.0;39.6;48.1;11
16805;0.3965;20.0;39.5;48.1;11
16806;0.3963;20.0;39.5;48.1;11
16807;0.3936;20.0;39.5;48.0;11
16808;0.397;20.0;39.5;48.0;11
16809;0.3963;20.0;39.4;48.0;11
16810;0.3948;19.9;39.5;48.1;11
16811;0.3949;19.9;39.4;48.0;11
16812;0.3938;19.9;39.3;48.0;11
16813;0.3963;19.9;39.4;48.0;11
16814;0.3984;19.8;39.4;48.0;11
16815;0.3987;19.8;39.4;47.9;11
16816;0.4003;19.8;39.4;48.0;11
16817;0.4012;19.9;39.3;47.9;11
16818;0.4026;19.9;39.2;48.0;11
16819;0.4026;19.9;39.3;48.0;11
16820;0.4048;19.8;39.2;48.0;11
16821;0.405;19.9;39.3;48.1;11
16822;0.4024;19.8;39.2;48.1;11
16823;0.402;19.8;39.1;48.1;11
16824;0.4018;19.8;39.1;48.1;11
16825;0.4022;19.7;39.1;48.1;11
16826;0.4036;19.6;39.2;48.1;11
16827;0.4035;19.6;39.1;48.1;11
16828;0.4029;19.6;39.1;48.1;11
16829;0.4045;19.6;39.1;48.1;11
16830;0.4058;19.6;39.0;48.1;11
16831;0.4044;19.6;39.1;48.1;11
16832;0.406;19.6;39.0;48.1;11
16833;0.4072;19.6;39.0;48.2;11
16834;0.407;19.6;39.0;48.1;11
16835;0.4066;19.6;39.0;48.2;11
16836;0.408;19.6;39.0;48.2;11
16837;0.4088;19.6;39.0;48.2;11
16838;0.4068;19.6;39.0;48.2;11
16839;0.4094;19.6;39.0;48.2;11
16840;0.4091;19.6;39.0;48.2;11
16841;0.4109;19.6;39.0;48.2;11
16842;0.4107;19.7;39.1;48.2;11
16843;0.4121;19.7;39.1;48.2;11
16844;0.414;19.8;39.1;48.2;11
16845;0.4149;19.8;39.0;48.3;11
16846;0.4138;19.8;39.0;48.3;11
16847;0.4153;19.9;39.0;48.3;11
16848;0.414;19.9;39.0;48.3;11
16849;0.4148;19.8;39.1;48.3;11
16850;0.4156;19.8;39.0;48.3;11
16851;0.4161;20.0;39.0;48.3;11
16852;0.4174;20.0;39.0;48.4;11
16853;0.4164;20.0;39.1;48.3;11
16854;0.4188;20.0;39.0;48.4;11
16855;0.4187;20.0;38.9;48.4;11
16856;0.4206;20.0;38.9;48.6;11
16857;0.4201;20.0;38.9;48.7;11
16858;0.4199;20.0;38.9;48.4;11
16859;0.4225;19.9;38.9;48.7;11
16860;0.4242;19.9;38.9;48.7;11
16861;0.4214;19.9;38.9;48.7;11
16862;0.4204;19.9;38.9;48.7;11
16863;0.4189;19.9;38.9;48.5;11
16864;0.4222;19.8;38.8;48.5;11
16865;0.4208;19.9;38.8;48.8;11
16866;0.4183;19.9;38.7;48.7;11
16867;0.4201;19.8;38.7;48.4;11
16868;0.4189;19.8;38.8;48.5;11
16869;0.4234;19.7;38.8;48.5;11
16870;0.4222;19.7;38.8;48.7;11
16871;0.424;19.8;38.8;48.7;11
16872;0.4248;19.7;38.8;48.7;11
16873;0.4251;19.7;38.8;48.7;11
16874;0.4238;19.7;38.7;48.7;11
16875;0.4225;19.7;38.7;48.5;11
16876;0.4243;19.8;38.7;48.7;11
16877;0.4219;19.7;38.7;48.7;11
16878;0.4217;19.8;38.7;48.7;11
16879;0.4239;19.8;38.6;48.7;11
16880;0.4255;19.9;38.6;48.7;11
16881;0.4253;19.9;38.6;48.8;11
16882;0.4237;19.8;38.6;48.8;11
16883;0.4258;19.9;38.6;48.7;11
16884;0.4273;19.9;38.6;48.8;11
16885;0.4266;19.8;38.6;48.8;11
16886;0.4267;19.8;38.6;48.8;11
16887;0.4268;19.8;38.7;48.9;11
16888;0.4247;19.8;38.7;48.7;11
16889;0.4222;19.7;38.7;48.9;11
16890;0.4219;19.7;38.7;48.8;11
16891;0.422;19.6;38.7;48.8;11
16892;0.4207;19.8;38.7;48.8;11
16893;0.4202;19.8;38.7;48.6;11
16894;0.4195;19.8;38.7;48.8;11
16895;0.4193;19.8;38.6;48.8;11
16896;0.4134;19.7;38.7;48.7;11
16897;0.4153;19.7;38.7;48.6;11
16898;0.4162;19.7;38.7;48.6;11
16899;0.4139;19.7;38.6;48.6;11
16900;0.4146;19.7;38.5;48.5;11
16901;0.4164;19.7;38.5;48.6;11
16902;0.4131;19.7;38.5;48.3;11
16903;0.4117;19.6;38.5;48.3;11
16904;0.4158;19.6;38.5;48.3;11
16905;0.4133;19.6;38.5;48.2;11
16906;0.412;19.6;38.5;48.2;11
16907;0.4148;19.6;38.5;48.2;11
16908;0.412;19.6;38.5;48.1;11
16909;0.4138;19.6;38.5;48.1;11
16910;0.41;19.5;38.5;48.1;11
16911;0.4078;19.5;38.5;48.1;11
16912;0.4102;19.5;38.4;48.1;11
16913;0.4085;19.5;38.4;48.1;11
16914;0.411;19.5;38.4;48.1;11
16915;0.4103;19.5;38.4;48.0;11
16916;0.4115;19.5;38.4;48.0;11
16917;0.4111;19.6;38.4;48.0;11
16918;0.4125;19.6;38.4;48.0;11
16919;0.4094;19.5;38.4;48.0;11
16920;0.4095;19.5;38.4;47.9;11
16921;0.4074;19.4;38.4;47.9;11
16922;0.4086;19.4;38.4;47.9;11
16923;0.4071;19.3;38.4;47.9;11
16924;0.4077;19.3;38.4;47.8;11
16925;0.4042;19.3;38.4;47.8;11
16926;0.4057;19.4;38.3;47.8;11
16927;0.4055;19.4;38.3;47.7;11
16928;0.4045;19.3;38.3;47.7;11
16929;0.404;19.3;38.3;47.7;11
16930;0.4036;19.3;38.3;47.6;11
16931;0.403;19.3;38.3;47.6;11
16932;0.4008;19.4;38.3;47.5;11
16933;0.405;19.3;38.3;47.6;11
16934;0.4013;19.4;38.3;47.5;11
16935;0.4066;19.3;38.2;47.5;11
16936;0.4021;19.4;38.3;47.6;11
16937;0.4049;19.3;38.2;47.4;11
16938;0.4024;19.3;38.3;47.6;11
16939;0.4024;19.4;38.2;47.4;11
16940;0.4029;19.4;38.3;47.5;11
16941;0.4052;19.4;38.1;47.4;11
16942;0.4024;19.3;38.1;47.3;11
16943;0.4011;19.4;38.1;47.3;11
16944;0.4004;19.4;38.1;47.3;11
16945;0.4011;19.3;38.2;47.3;11
16946;0.403;19.4;38.1;47.3;11
16947;0.4015;19.4;38.2;47.3;11
16948;0.4021;19.4;38.2;47.3;11
16949;0.4021;19.3;38.1;47.2;11
16950;0.3994;19.3;38.1;47.2;11
16951;0.398;19.3;38.1;47.2;11
16952;0.3984;19.3;38.0;47.2;11
16953;0.4008;19.3;38.0;47.2;11
16954;0.3983;19.3;38.0;47.1;11
16955;0.3983;19.3;38.0;47.1;11
16956;0.3973;19.3;38.0;47.1;11
16957;0.3989;19.3;38.0;47.0;11
16958;0.3989;19.3;38.0;47.0;11
16959;0.3972;19.5;38.0;47.0;11
16960;0.3945;19.4;38.0;46.9;11
16961;0.3972;19.5;38.1;47.0;11
16962;0.3966;19.4;38.0;46.9;11
16963;0.3977;19.4;38.0;46.9;11
16964;0.3972;19.4;38.0;46.9;11
16965;0.3958;19.4;38.0;46.9;11
16966;0.3979;19.3;38.0;46.9;11
16967;0.3965;19.3;37.9;46.9;11
16968;0.398;19.4;38.0;46.8;11
16969;0.3961;19.4;38.0;46.8;11
16970;0.3961;19.3;37.9;46.8;11
16971;0.3971;19.3;37.9;46.8;11
16972;0.398;19.3;37.9;46.8;11
16973;0.3971;19.4;37.9;46.8;11
16974;0.3956;19.5;37.9;46.7;11
16975;0.3958;19.5;37.9;46.7;11
16976;0.3927;19.5;37.9;46.7;11
16977;0.3933;19.5;37.9;46.7;11
16978;0.395;19.5;37.9;46.7;11
16979;0.3965;19.6;37.9;46.7;11
16980;0.3951;19.6;37.9;46.6;11
16981;0.3956;19.6;37.9;46.6;11
16982;0.3956;19.6;37.9;46.6;11
16983;0.3957;19.6;37.9;46.6;11
16984;0.3931;19.6;37.9;46.6;11
16985;0.3952;19.6;37.8;46.6;11
16986;0.3944;19.6;37.8;46.6;11
16987;0.3951;19.6;37.8;46.5;11
16988;0.3954;19.6;37.8;46.5;11
16989;0.3971;19.6;37.8;46.5;11
16990;0.3944;19.6;37.8;46.5;11
16991;0.3968;19.6;37.8;46.5;11
16992;0.3938;19.5;37.8;46.5;11
16993;0.3974;19.6;37.8;46.5;11
16994;0.3954;19.5;37.7;46.5;11
16995;0.3957;19.6;37.8;46.5;11
16996;0.3968;19.5;37.7;46.5;11
16997;0.3976;19.5;37.7;46.5;11
16998;0.3967;19.6;37.8;46.5;11
16999;0.3976;19.6;37.7;46.5;11
17000;0.396;19.6;37.7;46.5;11
17001;0.3962;19.6;37.8;46.5;11
17002;0.398;19.6;37.7;46.5;11
17003;0.3979;19.6;37.7;46.5;11
17004;0.3988;19.6;37.6;46.5;11
17005;0.399;19.6;37.6;46.6;11
17006;0.399;19.5;37.7;46.5;11
17007;0.399;19.4;37.6;46.6;11
17008;0.3988;19.5;37.6;46.6;11
17009;0.3988;19.4;37.6;46.6;11
17010;0.3988;19.5;37.7;46.6;11
17011;0.3979;19.5;37.7;46.5;11
17012;0.3991;19.5;37.6;46.6;11
17013;0.4005;19.5;37.6;46.5;11
17014;0.3999;19.5;37.7;46.5;11
17015;0.4006;19.5;37.7;46.5;11
17016;0.4019;19.5;37.6;46.5;11
17017;0.4017;19.5;37.6;46.5;11
17018;0.4017;19.5;37.7;46.5;11
17019;0.4003;19.5;37.6;46.5;11
17020;0.3999;19.5;37.6;46.5;11
17021;0.3991;19.5;37.6;46.5;11
17022;0.3968;19.5;37.6;46.4;11
17023;0.3984;19.5;37.6;46.4;11
17024;0.3972;19.5;37.5;46.4;11
17025;0.3969;19.5;37.5;46.4;11
17026;0.399;19.4;37.5;46.4;11
17027;0.4;19.5;37.5;46.4;11
17028;0.399;19.5;37.5;46.4;11
17029;0.4015;19.6;37.5;46.4;11
17030;0.4011;19.5;37.5;46.4;11
17031;0.3985;19.4;37.5;46.4;11
17032;0.3977;19.4;37.5;46.4;11
17033;0.3965;19.5;37.5;46.4;11
17034;0.3971;19.4;37.5;46.3;11
17035;0.3969;19.4;37.5;46.3;11
17036;0.3949;19.4;37.4;46.4;11
17037;0.3958;19.4;37.4;46.3;11
17038;0.3932;19.3;37.4;46.3;11
17039;0.3957;19.3;37.4;46.3;11
17040;0.3943;19.3;37.4;46.3;11
17041;0.394;19.3;37.4;46.3;11
17042;0.3938;19.2;37.4;46.3;11
17043;0.3924;19.1;37.3;46.3;11
17044;0.3916;19.1;37.3;46.2;11
17045;0.3919;19.0;37.2;46.2;11
17046;0.3889;19.0;37.2;46.2;11
17047;0.3907;19.0;37.2;46.1;11
17048;0.389;18.9;37.2;46.1;11
17049;0.3913;18.9;37.0;46.0;11
17050;0.3893;18.8;37.1;46.0;11
17051;0.3892;18.7;37.1;46.0;11
17052;0.3876;18.7;36.9;46.0;11
17053;0.3885;18.7;36.9;45.9;11
17054;0.3899;18.6;37.0;45.9;11
17055;0.3899;18.6;37.0;45.9;11
17056;0.3916;18.7;36.9;45.8;11
17057;0.3879;18.6;36.8;45.8;11
17058;0.389;18.6;36.8;45.8;11
17059;0.3912;18.6;36.9;45.8;11
17060;0.3893;18.6;36.8;45.8;11
17061;0.3871;18.6;36.7;45.8;11
17062;0.3881;18.6;36.7;45.7;11
17063;0.3861;18.6;36.7;45.7;11
17064;0.3867;18.6;36.7;45.7;11
17065;0.383;18.6;36.7;45.7;11
17066;0.3845;18.6;36.7;45.7;11
17067;0.3839;18.5;36.7;45.6;11
17068;0.3842;18.5;36.7;45.6;11
17069;0.3823;18.5;36.7;45.6;11
17070;0.3826;18.5;36.7;45.6;11
17071;0.3813;18.5;36.7;45.5;11
17072;0.3835;18.4;36.7;45.5;11
17073;0.3824;18.4;36.7;45.5;11
17074;0.3825;18.4;36.6;45.5;11
17075;0.3829;18.4;36.7;45.5;11
17076;0.3816;18.5;36.7;45.5;11
17077;0.3805;18.5;36.7;45.4;11
17078;0.379;18.5;36.7;45.4;11
17079;0.3786;18.6;36.6;45.4;11
17080;0.3796;18.6;36.7;45.1;11
17081;0.3804;18.6;36.6;45.3;11
17082;0.3795;18.6;36.6;45.0;11
17083;0.3776;18.6;36.6;45.2;11
17084;0.3766;18.6;36.6;45.0;11
17085;0.3752;18.6;36.5;45.2;11
17086;0.3734;18.6;36.5;44.9;11
17087;0.3731;18.6;36.6;45.1;11
17088;0.3729;18.6;36.6;44.9;11
17089;0.3731;18.6;36.6;44.9;11
17090;0.3738;18.6;36.6;44.8;11
17091;0.3746;18.6;36.6;44.8;11
17092;0.3717;18.6;36.6;44.8;11
17093;0.3722;18.6;36.6;44.8;11
17094;0.372;18.6;36.6;44.7;11
17095;0.3725;18.7;36.6;44.7;11
17096;0.3697;18.7;36.6;44.7;11
17097;0.3685;18.6;36.6;44.7;11
17098;0.3689;18.7;36.6;44.6;11
17099;0.3707;18.7;36.6;44.6;11
17100;0.3683;18.7;36.6;44.6;11
17101;0.3682;18.7;36.5;44.5;11
17102;0.3687;18.6;36.4;44.5;11
17103;0.3697;18.6;36.4;44.5;11
17104;0.3691;18.6;36.5;44.4;11
17105;0.3715;18.6;36.4;44.4;11
17106;0.3694;18.6;36.5;44.4;11
17107;0.3703;18.6;36.4;44.4;11
17108;0.3702;18.4;36.5;44.4;11
17109;0.3705;18.5;36.4;44.3;11
17110;0.3675;18.4;36.3;44.3;11
17111;0.3683;18.5;36.3;44.2;11
17112;0.3693;18.5;36.3;44.2;11
17113;0.3696;18.5;36.3;44.2;11
17114;0.3688;18.5;36.3;44.2;11
17115;0.3675;18.5;36.3;44.1;11
17116;0.3657;18.5;36.3;44.1;11
17117;0.3667;18.4;36.3;44.0;11
17118;0.3675;18.5;36.3;44.0;11
17119;0.3658;18.5;36.3;44.0;11
17120;0.3658;18.4;36.3;44.0;11
17121;0.3632;18.5;36.3;44.0;11
17122;0.3648;18.5;36.2;43.9;11
17123;0.3651;18.4;36.2;43.9;11
17124;0.3634;18.4;36.2;43.9;11
17125;0.3611;18.3;36.2;43.8;11
17126;0.3598;18.3;36.2;43.8;11
17127;0.3603;18.4;36.2;43.8;11
17128;0.3614;18.3;36.2;43.8;11
17129;0.3581;18.3;36.2;43.8;11
17130;0.3605;18.4;36.3;43.8;11
17131;0.3583;18.3;36.2;43.7;11
17132;0.3564;18.2;36.2;43.7;11
17133;0.356;18.2;36.2;43.7;11
17134;0.3553;18.2;36.3;43.6;11
17135;0.3556;18.2;36.2;43.6;11
17136;0.3553;18.2;36.1;43.6;11
17137;0.355;18.2;36.1;43.6;11
17138;0.3553;18.2;36.1;43.5;11
17139;0.3546;18.2;36.1;43.5;11
17140;0.3557;18.2;36.1;43.4;11
17141;0.355;18.2;36.1;43.4;11
17142;0.3553;18.2;36.1;43.5;11
17143;0.3539;18.2;36.1;43.4;11
17144;0.3532;18.2;36.1;43.4;11
17145;0.3526;18.2;36.1;43.3;11
17146;0.3563;18.2;36.1;43.3;11
17147;0.356;18.2;36.0;43.3;11
17148;0.3543;18.1;36.1;43.3;11
17149;0.3514;18.2;36.0;43.2;11
17150;0.3522;18.2;36.1;43.2;11
17151;0.3517;18.2;36.0;43.1;11
17152;0.3495;18.2;36.0;43.0;11
17153;0.3491;18.2;36.0;43.0;11
17154;0.3479;18.2;36.0;43.0;11
17155;0.3472;18.2;36.0;43.0;11
17156;0.3475;18.2;36.0;42.9;11
17157;0.3455;18.2;36.0;42.9;11
17158;0.3458;18.2;36.0;42.9;11
17159;0.3437;18.2;36.0;42.8;11
17160;0.3417;18.3;36.0;42.8;11
17161;0.3416;18.3;36.0;42.8;11
17162;0.3439;18.3;36.0;42.7;11
17163;0.342;18.3;36.0;42.7;11
17164;0.343;18.3;36.0;42.4;11
17165;0.3432;18.3;36.0;42.4;11
17166;0.3398;18.4;36.0;42.6;11
17167;0.3411;18.5;36.0;42.4;11
17168;0.3407;18.5;36.0;42.3;11
17169;0.3412;18.5;36.0;42.3;11
17170;0.3407;18.6;36.0;42.3;11
17171;0.3402;18.6;35.9;42.3;11
17172;0.339;18.6;36.0;42.4;11
17173;0.338;18.6;36.0;42.2;11
17174;0.3377;18.6;35.9;42.1;11
17175;0.3367;18.6;36.0;42.1;11
17176;0.3375;18.6;36.0;42.1;11
17177;0.3355;18.5;36.0;42.0;11
17178;0.3331;18.6;36.0;42.0;11
17179;0.3344;18.6;36.0;42.0;11
17180;0.3336;18.6;36.0;41.9;11
17181;0.3352;18.6;36.0;41.9;11
17182;0.3339;18.6;36.0;41.9;11
17183;0.3331;18.6;35.9;42.0;11
17184;0.3335;18.6;36.0;42.0;11
17185;0.3331;18.6;36.0;41.9;11
17186;0.3329;18.6;36.0;41.9;11
17187;0.3316;18.5;35.9;41.9;11
17188;0.3304;18.6;35.9;41.8;11
17189;0.3304;18.6;35.9;41.8;11
17190;0.3303;18.6;35.9;41.8;11
17191;0.3295;18.6;35.8;41.8;11
17192;0.3296;18.5;35.8;41.7;11
17193;0.3292;18.5;35.8;41.7;11
17194;0.331;18.5;35.8;41.6;11
17195;0.3317;18.6;35.8;41.6;11
17196;0.3294;18.6;35.8;41.6;11
17197;0.3312;18.5;35.8;41.6;11
17198;0.3326;18.6;35.8;41.6;11
17199;0.3313;18.5;35.8;41.6;11
17200;0.3309;18.6;35.8;41.6;11
17201;0.328;18.6;35.8;41.5;11
17202;0.3285;18.5;35.8;41.5;11
17203;0.323;18.6;35.8;41.4;11
17204;0.3229;18.6;35.8;41.4;11
17205;0.322;18.6;35.8;41.3;11
17206;0.3221;18.6;35.8;41.3;11
17207;0.322;18.6;35.8;41.3;11
17208;0.3223;18.6;35.8;41.3;11
17209;0.3213;18.6;35.8;41.2;11
17210;0.321;18.5;35.8;41.2;11
17211;0.3203;18.6;35.8;41.1;11
17212;0.3191;18.6;35.8;41.2;11
17213;0.3182;18.6;35.8;41.1;11
17214;0.3176;18.7;35.8;41.0;11
17215;0.3179;18.7;35.8;41.0;11
17216;0.3166;18.7;35.7;40.9;11
17217;0.3181;18.7;35.7;40.9;11
17218;0.3178;18.7;35.7;40.9;11
17219;0.3178;18.7;35.7;40.9;11
17220;0.3181;18.7;35.7;40.9;11
17221;0.3181;18.7;35.7;40.8;11
17222;0.3145;18.7;35.7;40.8;11
17223;0.3165;18.7;35.7;40.8;11
17224;0.3147;18.7;35.7;40.7;11
17225;0.3148;18.7;35.7;40.7;11
17226;0.3148;18.6;35.7;40.7;11
17227;0.3152;18.6;35.7;40.7;11
17228;0.3165;18.7;35.7;40.7;11
17229;0.3151;18.6;35.7;40.7;11
17230;0.3135;18.6;35.6;40.6;11
17231;0.3126;18.6;35.6;40.6;11
17232;0.3129;18.6;35.6;40.5;11
17233;0.3152;18.6;35.6;40.6;11
17234;0.3137;18.6;35.6;40.5;11
17235;0.3144;18.6;35.6;40.5;11
17236;0.3135;18.6;35.6;40.5;11
17237;0.313;18.6;35.5;40.5;11
17238;0.3119;18.5;35.5;40.5;11
17239;0.3127;18.4;35.5;40.4;11
17240;0.3116;18.4;35.5;40.4;11
17241;0.312;18.4;35.5;40.4;11
17242;0.3106;18.4;35.5;40.3;11
17243;0.311;18.4;35.5;40.4;11
17244;0.3107;18.4;35.4;40.3;11
17245;0.3111;18.5;35.3;40.3;11
17246;0.3106;18.4;35.3;40.3;11
17247;0.3118;18.3;35.4;40.3;11
17248;0.3099;18.3;35.4;40.2;11
17249;0.309;18.3;35.4;40.2;11
17250;0.3095;18.3;35.4;40.1;11
17251;0.3066;18.3;35.4;40.2;11
17252;0.3081;18.2;35.3;40.1;11
17253;0.3077;18.2;35.3;40.0;11
17254;0.3085;18.2;35.2;39.9;11
17255;0.3092;18.2;35.2;40.0;11
17256;0.3077;18.2;35.3;39.8;11
17257;0.3088;18.1;35.3;39.8;11
17258;0.3078;18.1;35.3;40.0;11
17259;0.3092;18.0;35.3;39.8;11
17260;0.3073;18.1;35.3;39.7;11
17261;0.3069;18.0;35.2;39.8;11
17262;0.3061;18.1;35.2;39.7;11
17263;0.3063;18.0;35.1;39.7;11
17264;0.3065;18.1;35.1;39.6;11
17265;0.3073;18.1;35.1;39.6;11
17266;0.306;18.1;35.1;39.6;11
17267;0.3067;18.1;35.2;39.6;11
17268;0.305;18.1;35.1;39.6;11
17269;0.3067;18.1;35.0;39.6;11
17270;0.3043;18.1;35.0;39.6;11
17271;0.305;18.1;35.0;39.6;11
17272;0.3034;18.1;35.0;39.6;11
17273;0.3016;18.0;35.1;39.4;11
17274;0.3025;18.0;35.0;39.4;11
17275;0.3014;18.0;34.9;39.4;11
17276;0.3007;18.0;34.9;39.4;11
17277;0.3011;18.0;34.9;39.4;11
17278;0.3022;18.0;35.0;39.4;11
17279;0.3032;17.9;34.9;39.3;11
17280;0.3013;17.9;34.8;39.4;11
17281;0.3001;17.9;34.8;39.3;11
17282;0.3018;17.9;34.7;39.3;11
17283;0.3015;18.0;34.8;39.3;11
17284;0.3017;17.8;34.7;39.2;11
17285;0.3016;17.8;34.7;39.2;11
17286;0.3017;17.8;34.6;39.1;11
17287;0.3015;17.7;34.5;39.1;11
17288;0.304;17.7;34.5;39.1;11
17289;0.301;17.6;34.4;39.1;11
17290;0.3017;17.6;34.4;39.1;11
17291;0.3011;17.6;34.3;39.0;11
17292;0.3019;17.6;34.3;39.0;11
17293;0.3022;17.6;34.3;39.0;11
17294;0.3031;17.5;34.2;38.9;11
17295;0.3037;17.5;34.2;38.9;11
17296;0.3029;17.5;34.0;38.9;11
17297;0.3017;17.4;34.1;38.9;11
17298;0.3023;17.3;33.9;38.9;11
17299;0.3022;17.4;33.9;38.8;11
17300;0.3003;17.3;33.8;38.9;11
17301;0.2997;17.3;33.8;38.8;11
17302;0.3;17.3;33.8;38.8;11
17303;0.2984;17.3;33.8;38.8;11
17304;0.2985;17.2;33.7;38.7;11
17305;0.2979;17.2;33.7;38.7;11
17306;0.2983;17.2;33.6;38.7;11
17307;0.2971;17.2;33.6;38.7;11
17308;0.2963;17.1;33.5;38.6;11
17309;0.2951;17.1;33.5;38.6;11
17310;0.2953;17.1;33.4;38.6;11
17311;0.2958;17.1;33.3;38.5;11
17312;0.2961;17.1;33.3;38.5;11
17313;0.2956;17.1;33.3;38.5;11
17314;0.2974;17.1;33.3;38.4;11
17315;0.2973;17.1;33.2;38.4;11
17316;0.2987;17.1;33.2;38.4;11
17317;0.2981;17.1;33.3;38.3;11
17318;0.2973;17.0;33.1;38.3;11
17319;0.2961;17.0;33.1;38.3;11
17320;0.2966;17.0;33.1;38.2;11
17321;0.2963;17.0;33.2;38.3;11
17322;0.2972;17.0;33.1;38.2;11
17323;0.2971;17.0;33.0;38.2;11
17324;0.2972;17.0;33.0;38.2;11
17325;0.2955;17.0;33.0;38.1;11
17326;0.2963;17.0;33.0;38.1;11
17327;0.2967;17.0;33.0;38.1;11
17328;0.2973;17.0;32.9;38.1;11
17329;0.2958;17.0;32.8;38.1;11
17330;0.2964;17.0;32.8;38.1;11
17331;0.2943;17.0;32.9;38.1;11
17332;0.295;17.0;32.9;38.0;11
17333;0.2948;17.0;32.8;38.0;11
17334;0.2951;17.0;32.8;38.0;11
17335;0.2947;17.0;32.7;37.9;11
17336;0.2948;17.0;32.7;37.9;11
17337;0.2943;17.0;32.7;37.9;11
17338;0.2948;17.0;32.7;37.9;11
17339;0.295;17.0;32.7;37.9;11
17340;0.2935;17.1;32.7;37.8;11
17341;0.2931;17.1;32.7;37.8;11
17342;0.2932;17.1;32.8;37.8;11
17343;0.2943;17.1;32.7;37.8;11
17344;0.2958;17.1;32.6;37.8;11
17345;0.2957;17.1;32.6;37.8;11
17346;0.2953;17.1;32.6;37.8;11
17347;0.2949;17.1;32.7;37.8;11
17348;0.2962;17.1;32.6;37.7;11
17349;0.2946;17.1;32.6;37.7;11
17350;0.2937;17.1;32.6;37.7;11
17351;0.2956;17.1;32.6;37.7;11
17352;0.2946;17.2;32.6;37.7;11
17353;0.2951;17.2;32.6;37.7;11
17354;0.2944;17.2;32.6;37.6;11
17355;0.2939;17.2;32.6;37.7;11
17356;0.2933;17.2;32.6;37.6;11
17357;0.2931;17.2;32.6;37.6;11
17358;0.2944;17.2;32.6;37.6;11
17359;0.2949;17.2;32.6;37.6;11
17360;0.2955;17.2;32.6;37.6;11
17361;0.293;17.2;32.6;37.6;11
17362;0.2933;17.2;32.6;37.5;11
17363;0.2917;17.1;32.6;37.5;11
17364;0.2949;17.1;32.6;37.5;11
17365;0.2934;17.2;32.6;37.5;11
17366;0.2934;17.2;32.6;37.5;11
17367;0.2936;17.2;32.6;37.5;11
17368;0.2943;17.2;32.5;37.5;11
17369;0.2944;17.2;32.5;37.5;11
17370;0.2948;17.2;32.4;37.5;11
17371;0.2929;17.3;32.5;37.5;11
17372;0.2938;17.3;32.5;37.4;11
17373;0.2904;17.3;32.5;37.4;11
17374;0.2932;17.3;32.4;37.4;11
17375;0.2915;17.3;32.4;37.4;11
17376;0.2917;17.3;32.4;37.4;11
17377;0.2948;17.3;32.4;37.4;11
17378;0.2931;17.2;32.3;37.3;11
17379;0.2917;17.3;32.2;37.3;11
17380;0.2923;17.2;32.2;37.3;11
17381;0.2923;17.1;32.3;37.3;11
17382;0.2939;17.2;32.1;37.3;11
17383;0.2908;17.1;32.1;37.3;11
17384;0.2923;17.2;32.1;37.2;11
17385;0.2906;17.2;32.1;37.2;11
17386;0.2922;17.2;32.0;37.1;11
17387;0.2912;17.1;32.0;37.2;11
17388;0.2923;17.1;32.0;37.1;11
17389;0.2908;17.1;31.9;37.1;11
17390;0.2893;17.0;31.9;37.1;11
17391;0.2898;17.1;31.9;37.1;11
17392;0.2909;17.0;31.9;37.0;11
17393;0.2893;17.1;31.8;37.0;11
17394;0.291;17.0;31.8;37.0;11
17395;0.2901;17.0;31.7;36.9;11
17396;0.2913;17.0;31.7;36.9;11
17397;0.2891;17.1;31.7;36.9;11
17398;0.2912;17.0;31.8;36.9;11
17399;0.2916;17.0;31.8;36.9;11
17400;0.2927;17.0;31.7;36.9;11
17401;0.2903;17.0;31.6;36.9;11
17402;0.2923;17.0;31.6;36.9;11
17403;0.2918;17.1;31.6;36.9;11
17404;0.2931;17.0;31.7;36.9;11
17405;0.2929;17.1;31.6;36.9;11
17406;0.2929;17.0;31.6;36.9;11
17407;0.2916;16.9;31.5;36.8;11
17408;0.2939;16.9;31.6;36.8;11
17409;0.2928;16.9;31.5;36.8;11
17410;0.2906;16.9;31.5;36.8;11
17411;0.2921;16.9;31.5;36.8;11
17412;0.2927;16.9;31.4;36.8;11
17413;0.2914;16.9;31.4;36.8;11
17414;0.2919;16.9;31.4;36.8;11
17415;0.2928;16.9;31.4;36.7;11
17416;0.2944;16.8;31.3;36.7;11
17417;0.293;16.8;31.3;36.7;11
17418;0.2919;16.8;31.3;36.7;11
17419;0.2925;16.8;31.4;36.7;11
17420;0.2931;16.8;31.4;36.7;11
17421;0.2914;16.8;31.3;36.6;11
17422;0.2914;16.8;31.2;36.6;11
17423;0.2901;16.9;31.2;36.6;11
17424;0.2905;16.8;31.2;36.6;11
17425;0.2885;16.8;31.1;36.5;11
17426;0.2888;16.9;31.1;36.5;11
17427;0.2895;16.8;31.1;36.4;11
17428;0.2904;16.8;31.1;36.4;11
17429;0.2895;16.8;31.0;36.4;11
17430;0.2901;16.7;31.0;36.4;11
17431;0.2914;16.8;31.0;36.3;11
17432;0.2908;16.7;30.9;36.3;11
17433;0.291;16.7;30.8;36.3;11
17434;0.2912;16.7;30.8;36.2;11
17435;0.2888;16.7;30.8;36.3;11
17436;0.29;16.7;30.8;36.2;11
17437;0.2878;16.7;30.8;36.2;11
17438;0.2905;16.7;30.7;36.2;11
17439;0.2893;16.7;30.7;36.2;11
17440;0.2919;16.6;30.7;36.1;11
17441;0.2912;16.6;30.7;36.1;11
17442;0.2926;16.6;30.6;36.1;11
17443;0.2936;16.5;30.6;36.1;11
17444;0.2936;16.5;30.6;36.1;11
17445;0.2894;16.5;30.5;36.1;11
17446;0.2924;16.6;30.5;36.1;11
17447;0.2907;16.6;30.5;36.0;11
17448;0.2925;16.6;30.4;36.0;11
17449;0.291;16.6;30.3;36.0;11
17450;0.2911;16.5;30.4;36.0;11
17451;0.2908;16.5;30.2;36.0;11
17452;0.2932;16.4;30.3;35.9;11
17453;0.291;16.4;30.2;35.9;11
17454;0.2907;16.4;30.2;35.8;11
17455;0.2909;16.4;30.1;35.8;11
17456;0.2924;16.4;29.9;35.8;11
17457;0.2918;16.4;30.0;35.8;11
17458;0.2926;16.4;30.0;35.8;11
17459;0.2915;16.4;30.0;35.8;11
17460;0.2923;16.3;29.9;35.7;11
17461;0.2917;16.3;29.9;35.7;11
17462;0.2911;16.3;29.9;35.7;11
17463;0.291;16.3;29.9;35.6;11
17464;0.2927;16.3;29.9;35.6;11
17465;0.2913;16.3;29.8;35.6;11
17466;0.2916;16.3;29.8;35.6;11
17467;0.2923;16.3;29.8;35.5;11
17468;0.2924;16.3;29.8;35.5;11
17469;0.2909;16.3;29.8;35.5;11
17470;0.2908;16.4;29.8;35.5;11
17471;0.2906;16.3;29.8;35.4;11
17472;0.2916;16.3;29.8;35.5;11
17473;0.2906;16.2;29.8;35.4;11
17474;0.2894;16.2;29.7;35.4;11
17475;0.2902;16.2;29.7;35.4;11
17476;0.2894;16.2;29.6;35.4;11
17477;0.2902;16.2;29.6;35.4;11
17478;0.2898;16.3;29.6;35.4;11
17479;0.2902;16.3;29.6;35.4;11
17480;0.2911;16.3;29.7;35.3;11
17481;0.2894;16.2;29.6;35.3;11
17482;0.29;16.2;29.6;35.3;11
17483;0.2912;16.2;29.6;35.2;11
17484;0.2921;16.2;29.6;35.2;11
17485;0.2895;16.2;29.7;35.2;11
17486;0.2902;16.2;29.7;35.2;11
17487;0.2899;16.2;29.5;35.2;11
17488;0.291;16.2;29.5;35.2;11
17489;0.2901;16.2;29.5;35.2;11
17490;0.291;16.2;29.5;35.2;11
17491;0.2924;16.2;29.5;35.1;11
17492;0.2939;16.3;29.5;35.2;11
17493;0.2985;16.3;29.5;35.1;11
17494;0.2976;16.2;29.5;35.1;11
17495;0.2984;16.3;29.5;35.2;11
17496;0.2967;16.3;29.5;35.2;11
17497;0.2986;16.3;29.5;35.2;11
17498;0.2984;16.3;29.5;35.2;11
17499;0.2982;16.3;29.5;35.2;11
17500;0.2987;16.3;29.5;35.2;11
17501;0.2977;16.3;29.5;35.2;11
17502;0.2973;16.3;29.5;35.2;11
17503;0.2967;16.3;29.5;35.2;11
17504;0.2963;16.3;29.5;35.2;11
17505;0.2949;16.4;29.6;35.2;11
17506;0.2959;16.4;29.6;35.2;11
17507;0.2965;16.4;29.6;35.2;11
17508;0.2976;16.4;29.6;35.2;11
17509;0.2959;16.4;29.6;35.2;11
17510;0.2954;16.4;29.5;35.1;11
17511;0.2946;16.4;29.5;35.1;11
17512;0.2951;16.4;29.5;35.1;11
17513;0.2952;16.4;29.5;35.1;11
17514;0.2938;16.3;29.5;35.1;11
17515;0.2939;16.3;29.5;35.1;11
17516;0.2928;16.3;29.5;35.1;11
17517;0.2927;16.3;29.6;35.0;11
17518;0.2921;16.3;29.5;35.0;11
17519;0.2898;16.3;29.6;35.0;11
17520;0.2913;16.3;29.5;34.9;11
17521;0.2902;16.3;29.5;34.9;11
17522;0.2921;16.3;29.5;34.9;11
17523;0.2951;16.2;29.4;35.0;11
17524;0.2944;16.3;29.4;34.9;11
17525;0.2947;16.2;29.4;34.9;11
17526;0.2934;16.3;29.4;34.9;11
17527;0.2932;16.3;29.4;34.9;11
17528;0.2945;16.3;29.4;34.9;11
17529;0.2919;16.4;29.4;34.9;11
17530;0.2923;16.4;29.4;34.9;11
17531;0.291;16.3;29.5;34.9;11
17532;0.2923;16.3;29.4;34.8;11
17533;0.2911;16.2;29.4;34.8;11
17534;0.2924;16.3;29.4;34.8;11
17535;0.2894;16.3;29.4;34.8;11
17536;0.2921;16.2;29.3;34.8;11
17537;0.2918;16.2;29.3;34.7;11
17538;0.2929;16.3;29.4;34.7;11
17539;0.2913;16.3;29.3;34.7;11
17540;0.2928;16.3;29.3;34.7;11
17541;0.292;16.2;29.3;34.7;11
17542;0.2909;16.2;29.3;34.7;11
17543;0.2923;16.2;29.3;34.7;11
17544;0.2906;16.3;29.3;34.7;11
17545;0.2904;16.3;29.3;34.7;11
17546;0.2886;16.2;29.3;34.6;11
17547;0.2899;16.2;29.3;34.6;11
17548;0.2895;16.3;29.3;34.5;11
17549;0.2907;16.2;29.4;34.5;11
17550;0.2911;16.3;29.4;34.5;11
17551;0.2928;16.3;29.4;34.6;11
17552;0.2948;16.4;29.4;34.5;11
17553;0.2959;16.3;29.4;34.6;11
17554;0.2969;16.4;29.4;34.6;11
17555;0.2968;16.4;29.4;34.6;11
17556;0.2993;16.4;29.4;34.6;11
17557;0.3014;16.4;29.4;34.6;11
17558;0.3011;16.4;29.4;34.7;11
17559;0.3007;16.4;29.4;34.7;11
17560;0.3005;16.4;29.5;34.7;11
17561;0.301;16.4;29.4;34.8;11
17562;0.3018;16.4;29.5;34.8;11
17563;0.3032;16.4;29.5;34.8;11
17564;0.3042;16.4;29.5;34.8;11
17565;0.3046;16.4;29.6;34.8;11
17566;0.3041;16.4;29.6;34.8;11
17567;0.3049;16.4;29.5;34.8;11
17568;0.3048;16.5;29.6;34.9;11
17569;0.3052;16.5;29.5;34.9;11
17570;0.3048;16.5;29.5;34.9;11
17571;0.3044;16.6;29.5;34.9;11
17572;0.3038;16.5;29.6;34.9;11
17573;0.3051;16.4;29.5;34.9;11
17574;0.3063;16.4;29.5;35.0;11
17575;0.3043;16.4;29.4;35.0;11
17576;0.3036;16.4;29.4;35.0;11
17577;0.305;16.4;29.4;35.0;11
17578;0.3027;16.4;29.4;35.0;11
17579;0.301;16.5;29.4;35.0;11
17580;0.3018;16.5;29.4;35.0;11
17581;0.3028;16.5;29.4;35.0;11
17582;0.3022;16.5;29.5;35.0;11
17583;0.3038;16.5;29.5;35.0;11
17584;0.3038;16.5;29.5;34.9;11
17585;0.3059;16.5;29.5;34.9;11
17586;0.3047;16.5;29.5;34.9;11
17587;0.3053;16.5;29.5;35.0;11
17588;0.3056;16.5;29.5;34.9;11
17589;0.3063;16.5;29.5;35.0;11
17590;0.3041;16.5;29.5;35.0;11
17591;0.3031;16.5;29.5;35.0;11
17592;0.3025;16.5;29.5;35.0;11
17593;0.3035;16.5;29.6;34.9;11
17594;0.3039;16.5;29.5;35.0;11
17595;0.3037;16.5;29.5;35.0;11
17596;0.3052;16.5;29.5;35.0;11
17597;0.3048;16.4;29.5;35.0;11
17598;0.3068;16.5;29.5;35.0;11
17599;0.3078;16.5;29.5;35.0;11
17600;0.3088;16.5;29.5;35.0;11
17601;0.3101;16.5;29.5;35.1;11
17602;0.3111;16.5;29.5;35.0;11
17603;0.3097;16.5;29.4;35.1;11
17604;0.3098;16.5;29.4;35.1;11
17605;0.309;16.4;29.4;35.1;11
17606;0.3104;16.4;29.4;35.1;11
17607;0.308;16.4;29.4;35.1;11
17608;0.3078;16.5;29.4;35.2;11
17609;0.3073;16.5;29.4;35.2;11
17610;0.3071;16.5;29.4;35.2;11
17611;0.31;16.5;29.4;35.2;11
17612;0.3112;16.4;29.4;35.2;11
17613;0.3126;16.4;29.4;35.2;11
17614;0.3156;16.4;29.4;35.2;11
17615;0.314;16.4;29.4;35.3;11
17616;0.3171;16.4;29.4;35.3;11
17617;0.3173;16.4;29.4;35.3;11
17618;0.3187;16.4;29.4;35.4;11
17619;0.3211;16.4;29.4;35.3;11
17620;0.3194;16.4;29.4;35.4;11
17621;0.3195;16.4;29.4;35.4;11
17622;0.3228;16.4;29.4;35.4;11
17623;0.3216;16.4;29.4;35.5;11
17624;0.325;16.4;29.4;35.6;11
17625;0.3245;16.4;29.4;35.5;11
17626;0.3261;16.3;29.4;35.5;11
17627;0.324;16.3;29.4;35.6;11
17628;0.325;16.3;29.4;35.6;11
17629;0.3267;16.3;29.4;35.7;11
17630;0.3273;16.3;29.4;35.7;11
17631;0.3275;16.2;29.4;35.7;11
17632;0.3278;16.2;29.4;35.7;11
17633;0.3285;16.3;29.4;35.8;11
17634;0.3298;16.3;29.4;35.8;11
17635;0.3289;16.3;29.4;35.8;11
17636;0.3316;16.3;29.4;35.9;11
17637;0.3312;16.2;29.4;35.9;11
17638;0.3311;16.2;29.3;35.9;11
17639;0.332;16.2;29.3;35.9;11
17640;0.3321;16.3;29.3;36.0;11
17641;0.3324;16.4;29.3;36.0;11
17642;0.3328;16.4;29.3;36.0;11
17643;0.3352;16.4;29.3;36.1;11
17644;0.3367;16.4;29.3;36.1;11
17645;0.3396;16.3;29.2;36.2;11
17646;0.3409;16.3;29.2;36.2;11
17647;0.3415;16.3;29.2;36.2;11
17648;0.3437;16.3;29.2;36.4;11
17649;0.3434;16.4;29.2;36.5;11
17650;0.3425;16.3;29.2;36.4;11
17651;0.3411;16.2;29.2;36.5;11
17652;0.3431;16.2;29.3;36.5;11
17653;0.344;16.2;29.2;36.4;11
17654;0.3454;16.2;29.3;36.6;11
17655;0.3452;16.2;29.2;36.6;11
17656;0.3471;16.2;29.2;36.6;11
17657;0.3463;16.2;29.3;36.7;11
17658;0.3441;16.2;29.3;36.8;11
17659;0.3466;16.3;29.3;36.8;11
17660;0.3442;16.3;29.3;36.8;11
17661;0.3456;16.3;29.3;36.8;11
17662;0.3458;16.2;29.3;36.8;11
17663;0.3451;16.2;29.3;36.9;11
17664;0.3455;16.3;29.3;36.9;11
17665;0.3465;16.3;29.3;36.9;11
17666;0.3457;16.3;29.3;37.0;11
17667;0.3463;16.3;29.3;37.0;11
17668;0.3453;16.4;29.3;37.0;11
17669;0.3477;16.3;29.3;37.0;11
17670;0.3494;16.3;29.3;37.0;11
17671;0.3501;16.4;29.3;37.0;11
17672;0.3501;16.3;29.3;37.1;11
17673;0.3532;16.3;29.3;37.1;11
17674;0.3524;16.2;29.3;37.1;11
17675;0.3542;16.2;29.3;37.1;11
17676;0.3557;16.2;29.3;37.2;11
17677;0.3573;16.2;29.3;37.2;11
17678;0.3578;16.2;29.3;37.2;11
17679;0.3607;16.3;29.3;37.3;11
17680;0.3605;16.2;29.4;37.3;11
17681;0.3605;16.3;29.4;37.3;11
17682;0.3632;16.3;29.4;37.3;11
17683;0.3626;16.3;29.4;37.5;11
17684;0.361;16.3;29.4;37.5;11
17685;0.3638;16.3;29.4;37.5;11
17686;0.3663;16.4;29.4;37.6;11
17687;0.3673;16.4;29.5;37.6;11
17688;0.3708;16.4;29.5;37.7;11
17689;0.3705;16.4;29.5;37.7;11
17690;0.3701;16.4;29.5;37.8;11
17691;0.3678;16.4;29.5;37.8;11
17692;0.3714;16.4;29.5;37.9;11
17693;0.371;16.4;29.6;38.0;11
17694;0.3699;16.4;29.6;37.9;11
17695;0.3707;16.4;29.6;38.0;11
17696;0.3692;16.4;29.6;38.0;11
17697;0.3707;16.4;29.7;38.1;11
17698;0.3712;16.4;29.6;38.1;11
17699;0.3727;16.4;29.8;38.2;11
17700;0.3713;16.4;29.6;38.1;11
17701;0.3723;16.4;29.8;38.3;11
17702;0.3705;16.4;29.7;38.2;11
17703;0.3729;16.4;29.7;38.2;11
17704;0.3711;16.4;29.8;38.3;11
17705;0.3703;16.4;29.8;38.3;11
17706;0.3745;16.4;29.7;38.2;11
17707;0.3737;16.4;29.7;38.3;11
17708;0.3743;16.4;29.7;38.4;11
17709;0.376;16.4;29.8;38.4;11
17710;0.3777;16.4;29.8;38.4;11
17711;0.3783;16.4;29.8;38.4;11
17712;0.3772;16.4;29.8;38.5;11
17713;0.3798;16.4;29.8;38.5;11
17714;0.3789;16.4;29.9;38.5;11
17715;0.3814;16.4;29.8;38.6;11
17716;0.3797;16.4;29.9;38.6;11
17717;0.383;16.4;29.9;38.7;11
17718;0.3851;16.4;29.9;38.8;11
17719;0.3842;16.4;29.9;38.8;11
17720;0.3867;16.4;29.9;38.8;11
17721;0.3884;16.5;29.9;38.8;11
17722;0.3876;16.4;29.9;38.9;11
17723;0.3863;16.5;29.9;38.9;11
17724;0.3888;16.4;29.9;38.9;11
17725;0.3869;16.4;29.8;38.9;11
17726;0.3859;16.4;29.9;38.9;11
17727;0.3861;16.4;29.9;38.9;11
17728;0.3859;16.4;29.9;39.0;11
17729;0.3871;16.4;29.9;38.9;11
17730;0.3891;16.5;29.9;39.0;11
17731;0.3874;16.5;29.9;39.0;11
17732;0.3895;16.5;29.9;39.0;11
17733;0.3897;16.5;30.0;39.0;11
17734;0.3906;16.5;30.0;39.0;11
17735;0.3921;16.5;30.0;39.1;11
17736;0.39;16.5;30.0;39.1;11
17737;0.3901;16.5;30.0;39.0;11
17738;0.3905;16.5;30.0;39.1;11
17739;0.3897;16.5;30.0;39.1;11
17740;0.3888;16.5;30.0;39.1;11
17741;0.3943;16.5;30.0;39.1;11
17742;0.3937;16.5;30.0;39.2;11
17743;0.3942;16.5;30.0;39.2;11
17744;0.3925;16.5;30.0;39.2;11
17745;0.396;16.5;30.0;39.3;11
17746;0.3965;16.5;30.0;39.3;11
17747;0.3974;16.5;30.1;39.3;11
17748;0.3989;16.5;30.1;39.4;11
17749;0.3991;16.5;30.2;39.4;11
17750;0.3996;16.5;30.1;39.4;11
17751;0.4;16.5;30.2;39.4;11
17752;0.4022;16.5;30.2;39.5;11
17753;0.4004;16.5;30.1;39.5;11
17754;0.4002;16.5;30.1;39.4;11
17755;0.4013;16.5;30.1;39.5;11
17756;0.3998;16.5;30.1;39.6;11
17757;0.4011;16.5;30.1;39.6;11
17758;0.401;16.5;30.2;39.6;11
17759;0.4041;16.5;30.3;39.5;11
17760;0.4011;16.5;30.3;39.6;11
17761;0.4008;16.5;30.2;39.6;11
17762;0.3987;16.5;30.3;39.6;11
17763;0.3999;16.5;30.3;39.6;11
17764;0.4001;16.5;30.3;39.6;11
17765;0.4005;16.5;30.4;39.7;11
17766;0.4005;16.5;30.4;39.9;11
17767;0.399;16.5;30.4;39.7;11
17768;0.3986;16.5;30.4;40.0;11
17769;0.3968;16.5;30.4;39.9;11
17770;0.3989;16.5;30.4;39.7;11
17771;0.401;16.5;30.4;40.0;11
17772;0.4014;16.5;30.5;39.9;11
17773;0.4008;16.5;30.5;39.7;11
17774;0.401;16.5;30.5;39.8;11
17775;0.3996;16.5;30.5;39.7;11
17776;0.4019;16.5;30.4;40.0;11
17777;0.401;16.5;30.4;40.0;11
17778;0.4031;16.5;30.5;40.0;11
17779;0.4037;16.5;30.6;40.0;11
17780;0.4004;16.5;30.6;40.1;11
17781;0.4014;16.5;30.6;40.1;11
17782;0.4007;16.5;30.6;39.8;11
17783;0.398;16.5;30.6;40.1;11
17784;0.3972;16.5;30.6;40.1;11
17785;0.3966;16.5;30.6;40.1;11
17786;0.3988;16.5;30.7;40.1;11
17787;0.401;16.5;30.7;40.1;11
17788;0.3994;16.5;30.7;39.9;11
17789;0.4018;16.5;30.7;40.1;11
17790;0.4021;16.5;30.7;40.2;11
17791;0.4042;16.5;30.7;40.1;11
17792;0.405;16.5;30.7;40.2;11
17793;0.4066;16.4;30.7;40.3;11
17794;0.4069;16.5;30.7;40.3;11
17795;0.4058;16.4;30.8;40.3;11
17796;0.4056;16.4;30.8;40.3;11
17797;0.4102;16.4;30.8;40.3;11
17798;0.4074;16.5;30.8;40.3;11
17799;0.4055;16.5;30.8;40.4;11
17800;0.4069;16.5;30.9;40.4;11
17801;0.4063;16.5;30.8;40.3;11
17802;0.4043;16.5;30.8;40.4;11
17803;0.4077;16.4;30.9;40.4;11
17804;0.4083;16.4;30.8;40.4;11
17805;0.4104;16.4;30.8;40.4;11
17806;0.4088;16.4;30.8;40.4;11
17807;0.4104;16.4;30.9;40.4;11
17808;0.4091;16.4;30.8;40.4;11
17809;0.4076;16.4;30.8;40.4;11
17810;0.4068;16.4;30.8;40.3;11
17811;0.4076;16.4;30.8;40.4;11
17812;0.4055;16.4;30.9;40.4;11
17813;0.4077;16.5;30.9;40.4;11
17814;0.4071;16.5;30.9;40.4;11
17815;0.4064;16.5;30.9;40.5;11
17816;0.4085;16.5;31.0;40.4;11
17817;0.4086;16.5;31.0;40.5;11
17818;0.4106;16.5;31.0;40.5;11
17819;0.4079;16.5;31.0;40.5;11
17820;0.4091;16.5;31.0;40.6;11
17821;0.41;16.5;31.0;40.6;11
17822;0.4102;16.5;30.9;40.6;11
17823;0.407;16.5;30.9;40.6;11
17824;0.4069;16.5;30.9;40.6;11
17825;0.4087;16.5;31.0;40.6;11
17826;0.4098;16.5;30.9;40.7;11
17827;0.4101;16.5;31.0;40.6;11
17828;0.4121;16.5;31.0;40.7;11
17829;0.4106;16.5;31.0;40.7;11
17830;0.4121;16.5;31.1;40.7;11
17831;0.4096;16.4;31.1;40.7;11
17832;0.4113;16.4;31.1;40.7;11
17833;0.411;16.4;31.1;40.7;11
17834;0.4123;16.3;31.1;40.7;11
17835;0.4119;16.4;31.1;40.7;11
17836;0.4124;16.4;31.1;40.8;11
17837;0.4118;16.5;31.1;40.8;11
17838;0.412;16.4;31.1;40.8;11
17839;0.4103;16.4;31.1;40.7;11
17840;0.4139;16.4;31.1;40.7;11
17841;0.4149;16.4;31.1;40.8;11
17842;0.4122;16.5;31.2;40.8;11
17843;0.4138;16.5;31.2;40.8;11
17844;0.4106;16.5;31.2;40.8;11
17845;0.4123;16.5;31.2;40.8;11
17846;0.4124;16.5;31.2;40.8;11
17847;0.4118;16.5;31.2;40.8;11
17848;0.4123;16.5;31.2;40.9;11
17849;0.4122;16.5;31.2;40.9;11
17850;0.4127;16.5;31.3;40.9;11
17851;0.4148;16.5;31.3;41.0;11
17852;0.4132;16.5;31.3;41.0;11
17853;0.415;16.5;31.4;41.0;11
17854;0.4134;16.5;31.3;41.0;11
17855;0.4128;16.5;31.3;41.0;11
17856;0.415;16.5;31.3;41.1;11
17857;0.415;16.5;31.3;41.1;11
17858;0.4118;16.5;31.3;41.1;11
17859;0.4128;16.5;31.3;41.1;11
17860;0.4165;16.5;31.3;41.1;11
17861;0.4154;16.5;31.3;41.1;11
17862;0.4146;16.5;31.4;41.1;11
17863;0.4166;16.5;31.4;41.1;11
17864;0.4167;16.5;31.4;41.1;11
17865;0.4178;16.5;31.4;41.2;11
17866;0.4185;16.5;31.4;41.2;11
17867;0.4206;16.5;31.4;41.2;11
17868;0.4217;16.5;31.4;41.2;11
17869;0.417;16.5;31.4;41.2;11
17870;0.4181;16.5;31.4;41.2;11
17871;0.4208;16.5;31.4;41.2;11
17872;0.4182;16.5;31.4;41.3;11
17873;0.4186;16.5;31.5;41.3;11
17874;0.4182;16.5;31.5;41.3;11
17875;0.4188;16.5;31.5;41.3;11
17876;0.4196;16.5;31.5;41.3;11
17877;0.4202;16.5;31.5;41.4;11
17878;0.4191;16.5;31.5;41.4;11
17879;0.4187;16.5;31.5;41.4;11
17880;0.4217;16.5;31.5;41.4;11
17881;0.4224;16.5;31.6;41.4;11
17882;0.4211;16.5;31.6;41.5;11
17883;0.4253;16.5;31.6;41.5;11
17884;0.4249;16.5;31.6;41.5;11
17885;0.4265;16.6;31.6;41.6;11
17886;0.424;16.5;31.7;41.6;11
17887;0.4247;16.5;31.7;41.7;11
17888;0.4254;16.6;31.8;41.7;11
17889;0.4256;16.6;31.8;41.7;11
17890;0.4264;16.5;31.7;41.7;11
17891;0.4258;16.6;31.7;41.8;11
17892;0.4234;16.6;31.9;41.8;11
17893;0.4233;16.6;31.9;41.8;11
17894;0.4232;16.6;31.9;41.8;11
17895;0.4223;16.6;31.9;41.7;11
17896;0.4217;16.6;31.9;41.8;11
17897;0.4225;16.6;31.9;41.8;11
17898;0.4236;16.6;31.9;41.8;11
17899;0.4231;16.6;31.9;41.8;11
17900;0.4231;16.6;31.9;41.8;11
17901;0.4252;16.6;31.9;41.9;11
17902;0.4242;16.6;31.9;41.8;11
17903;0.4242;16.7;31.8;41.9;11
17904;0.423;16.6;31.8;41.8;11
17905;0.4253;16.7;31.8;41.9;11
17906;0.4246;16.6;31.9;41.9;11
17907;0.4229;16.6;31.9;41.9;11
17908;0.4249;16.7;31.9;42.0;11
17909;0.4258;16.6;31.9;42.0;11
17910;0.4256;16.6;31.9;42.0;11
17911;0.4302;16.6;31.8;42.1;11
17912;0.4278;16.7;31.8;42.1;11
17913;0.427;16.7;31.8;42.1;11
17914;0.4263;16.6;31.8;42.1;11
17915;0.4255;16.6;31.8;42.1;11
17916;0.4264;16.6;31.7;42.1;11
17917;0.4273;16.5;31.7;42.1;11
17918;0.4264;16.5;31.8;42.2;11
17919;0.4246;16.6;31.8;42.2;11
17920;0.4246;16.6;31.9;42.2;11
17921;0.4294;16.5;31.9;42.2;11
17922;0.4283;16.6;31.8;42.2;11
17923;0.4323;16.6;31.9;42.2;11
17924;0.4316;16.6;31.9;42.2;11
17925;0.4284;16.6;31.9;42.2;11
17926;0.4284;16.6;31.8;42.3;11
17927;0.4278;16.6;31.8;42.3;11
17928;0.4288;16.6;31.9;42.2;11
17929;0.4281;16.5;32.0;42.3;11
17930;0.4292;16.5;31.9;42.3;11
17931;0.4304;16.5;32.0;42.4;11
17932;0.4318;16.5;32.0;42.4;11
17933;0.4329;16.5;32.0;42.4;11
17934;0.4291;16.5;32.1;42.7;11
17935;0.4291;16.5;32.1;42.5;11
17936;0.4273;16.5;32.1;42.5;11
17937;0.4283;16.5;32.1;42.7;11
17938;0.4259;16.6;32.1;42.8;11
17939;0.4265;16.5;32.2;42.8;11
17940;0.4273;16.5;32.2;42.7;11
17941;0.4284;16.5;32.2;42.9;11
17942;0.4276;16.5;32.2;42.9;11
17943;0.4306;16.5;32.2;42.9;11
17944;0.4309;16.5;32.2;43.0;11
17945;0.4295;16.5;32.2;43.0;11
17946;0.431;16.5;32.3;43.0;11
17947;0.4287;16.5;32.4;43.1;11
17948;0.43;16.5;32.3;43.1;11
17949;0.429;16.5;32.3;43.1;11
17950;0.4302;16.5;32.3;43.1;11
17951;0.431;16.5;32.4;43.1;11
17952;0.4288;16.5;32.4;43.1;11
17953;0.4313;16.5;32.5;43.1;11
17954;0.4306;16.5;32.5;43.2;11
17955;0.4288;16.5;32.5;43.3;11
17956;0.4294;16.5;32.5;43.3;11
17957;0.4293;16.5;32.5;43.3;11
17958;0.4314;16.5;32.5;43.3;11
17959;0.4323;16.5;32.5;43.3;11
17960;0.4321;16.5;32.5;43.3;11
17961;0.4345;16.5;32.5;43.4;11
17962;0.4351;16.5;32.7;43.4;11
17963;0.4339;16.5;32.6;43.4;11
17964;0.4356;16.5;32.6;43.3;11
17965;0.4311;16.6;32.6;43.4;11
17966;0.4331;16.5;32.6;43.4;11
17967;0.4349;16.6;32.6;43.4;11
17968;0.4356;16.5;32.7;43.4;11
17969;0.4369;16.5;32.7;43.4;11
17970;0.4411;16.5;32.7;43.5;11
17971;0.4395;16.5;32.7;43.5;11
17972;0.4385;16.5;32.7;43.5;11
17973;0.4423;16.5;32.8;43.5;11
17974;0.4384;16.5;32.8;43.6;11
17975;0.4377;16.5;32.8;43.6;11
17976;0.4377;16.5;32.7;43.6;11
17977;0.4372;16.4;32.9;43.7;11
17978;0.4338;16.5;32.9;43.6;11
17979;0.4333;16.5;32.9;43.6;11
17980;0.4348;16.5;32.9;43.7;11
17981;0.4343;16.5;32.8;43.7;11
17982;0.4359;16.5;32.9;43.7;11
17983;0.435;16.5;32.8;43.7;11
17984;0.4364;16.5;32.9;43.7;11
17985;0.4349;16.5;33.0;43.8;11
17986;0.4341;16.5;32.9;43.8;11
17987;0.4352;16.5;33.0;43.8;11
17988;0.4374;16.5;32.9;43.8;11
17989;0.4374;16.5;32.8;43.8;11
17990;0.4379;16.6;32.8;43.8;11
17991;0.4387;16.6;32.8;43.8;11
17992;0.4361;16.6;32.8;43.8;11
17993;0.4388;16.6;32.8;43.8;11
17994;0.4384;16.6;32.8;43.8;11
17995;0.4384;16.6;32.8;43.8;11
17996;0.4383;16.6;32.8;43.8;11
17997;0.4367;16.6;32.9;43.7;11
17998;0.4394;16.5;32.9;43.7;11
17999;0.4365;16.5;32.9;43.7;11
18000;0.4378;16.5;32.9;43.7;11
18001;0.4355;16.5;32.9;43.7;11
18002;0.4357;16.5;32.9;43.6;11
18003;0.4357;16.5;32.9;43.7;11
18004;0.4352;16.5;32.9;43.7;11
18005;0.4348;16.6;32.9;43.7;11
18006;0.4357;16.5;32.8;43.7;11
18007;0.4361;16.5;32.9;43.7;11
18008;0.4331;16.5;32.9;43.7;11
18009;0.434;16.5;32.8;43.7;11
18010;0.4356;16.5;32.8;43.7;11
18011;0.4339;16.5;32.8;43.7;11
18012;0.4335;16.5;32.8;43.7;11
18013;0.434;16.5;32.8;43.7;11
18014;0.4314;16.5;32.8;43.6;11
18015;0.431;16.5;32.8;43.6;11
18016;0.4305;16.5;32.9;43.7;11
18017;0.4313;16.5;33.0;43.6;11
18018;0.4332;16.5;33.0;43.6;11
18019;0.429;16.5;33.0;43.5;11
18020;0.4291;16.6;33.0;43.5;11
18021;0.4331;16.6;33.0;43.6;11
18022;0.4318;16.6;32.9;43.5;11
18023;0.4289;16.6;33.0;43.6;11
18024;0.4285;16.6;32.9;43.6;11
18025;0.4293;16.6;32.9;43.5;11
18026;0.4297;16.6;32.9;43.5;11
18027;0.4299;16.6;33.0;43.5;11
18028;0.4299;16.6;32.9;43.5;11
18029;0.4328;16.5;32.9;43.5;11
18030;0.4357;16.5;32.9;43.5;11
18031;0.4359;16.5;33.0;43.6;11
18032;0.4347;16.5;33.0;43.6;11
18033;0.4345;16.5;33.0;43.6;11
18034;0.4334;16.6;33.0;43.6;11
18035;0.4305;16.6;33.1;43.6;11
18036;0.4307;16.6;33.1;43.6;11
18037;0.4311;16.6;33.1;43.6;11
18038;0.43;16.6;33.1;43.6;11
18039;0.4284;16.6;33.1;43.6;11
18040;0.4286;16.6;33.1;43.6;11
18041;0.4278;16.6;33.1;43.5;11
18042;0.4266;16.6;33.1;43.6;11
18043;0.4272;16.6;33.1;43.5;11
18044;0.4309;16.6;33.1;43.5;11
18045;0.4285;16.6;33.1;43.5;11
18046;0.4315;16.6;33.1;43.5;11
18047;0.4308;16.6;33.1;43.5;11
18048;0.4313;16.6;33.2;43.5;11
18049;0.4298;16.6;33.1;43.6;11
18050;0.4313;16.5;33.2;43.6;11
18051;0.4282;16.5;33.3;43.6;11
18052;0.4279;16.5;33.2;43.6;11
18053;0.4292;16.6;33.3;43.5;11
18054;0.4291;16.5;33.3;43.6;11
18055;0.4297;16.5;33.2;43.5;11
18056;0.4315;16.5;33.2;43.6;11
18057;0.4278;16.5;33.2;43.6;11
18058;0.4281;16.5;33.2;43.6;11
18059;0.4261;16.6;33.2;43.6;11
18060;0.424;16.5;33.2;43.5;11
18061;0.4241;16.5;33.2;43.6;11
18062;0.4226;16.5;33.2;43.5;11
18063;0.423;16.5;33.2;43.5;11
18064;0.4209;16.6;33.2;43.5;11
18065;0.4257;16.5;33.3;43.4;11
18066;0.4217;16.5;33.4;43.4;11
18067;0.4244;16.5;33.3;43.4;11
18068;0.4231;16.5;33.2;43.5;11
18069;0.4255;16.5;33.2;43.5;11
18070;0.4216;16.5;33.3;43.5;11
18071;0.4231;16.6;33.3;43.5;11
18072;0.4222;16.5;33.3;43.5;11
18073;0.4202;16.5;33.3;43.4;11
18074;0.4205;16.5;33.3;43.5;11
18075;0.4193;16.5;33.3;43.5;11
18076;0.4188;16.5;33.3;43.5;11
18077;0.4191;16.5;33.3;43.4;11
18078;0.4181;16.5;33.3;43.5;11
18079;0.4159;16.5;33.3;43.3;11
18080;0.4176;16.5;33.3;43.3;11
18081;0.4172;16.5;33.3;43.3;11
18082;0.4171;16.5;33.3;43.3;11
18083;0.4187;16.5;33.5;43.3;11
18084;0.4156;16.6;33.4;43.3;11
18085;0.4167;16.6;33.4;43.3;11
18086;0.4182;16.6;33.5;43.3;11
18087;0.4201;16.6;33.4;43.3;11
18088;0.4188;16.6;33.5;43.3;11
18089;0.4204;16.7;33.4;43.3;11
18090;0.4203;16.6;33.5;43.3;11
18091;0.4212;16.7;33.6;43.3;11
18092;0.4214;16.6;33.6;43.3;11
18093;0.4209;16.7;33.6;43.3;11
18094;0.4171;16.8;33.5;43.3;11
18095;0.4178;16.8;33.6;43.3;11
18096;0.4182;16.8;33.6;43.3;11
18097;0.4155;16.7;33.6;43.4;11
18098;0.4136;16.7;33.6;43.3;11
18099;0.4151;16.8;33.7;43.4;11
18100;0.415;16.8;33.7;43.3;11
18101;0.4134;16.8;33.7;43.4;11
18102;0.4144;16.8;33.7;43.4;11
18103;0.4167;16.8;33.7;43.4;11
18104;0.4143;16.8;33.8;43.4;11
18105;0.4157;16.8;33.8;43.3;11
18106;0.415;16.8;33.8;43.4;11
18107;0.4173;16.9;33.8;43.4;11
18108;0.4138;16.9;33.8;43.4;11
18109;0.4151;16.9;33.8;43.4;11
18110;0.413;16.9;33.8;43.4;11
18111;0.4127;16.9;33.8;43.4;11
18112;0.4126;16.9;33.8;43.4;11
18113;0.4151;16.9;33.8;43.3;11
18114;0.415;16.9;33.8;43.3;11
18115;0.4153;16.9;33.9;43.3;11
18116;0.4132;16.9;33.8;43.3;11
18117;0.4124;16.9;33.8;43.3;11
18118;0.4148;16.9;33.9;43.3;11
18119;0.4165;16.9;33.9;43.3;11
18120;0.4134;16.9;33.8;43.3;11
18121;0.4139;16.9;33.9;43.3;11
18122;0.4133;16.9;33.9;43.3;11
18123;0.4134;16.9;33.9;43.3;11
18124;0.4147;16.9;33.9;43.3;11
18125;0.4147;16.9;33.9;43.3;11
18126;0.4136;16.9;33.9;43.3;11
18127;0.4105;16.9;33.9;43.3;11
18128;0.4116;16.9;33.9;43.3;11
18129;0.4109;16.9;33.9;43.3;11
18130;0.4131;16.9;33.9;43.3;11
18131;0.4111;16.9;33.9;43.3;11
18132;0.4093;16.9;33.8;43.3;11
18133;0.4076;16.9;33.8;43.3;11
18134;0.4063;16.9;33.8;43.3;11
18135;0.408;16.9;33.8;43.3;11
18136;0.4093;16.8;33.8;43.3;11
18137;0.409;16.9;33.8;43.3;11
18138;0.4085;16.8;33.8;43.3;11
18139;0.4106;16.9;33.8;43.3;11
18140;0.4102;16.9;33.8;43.3;11
18141;0.4092;16.9;33.9;43.3;11
18142;0.4075;16.9;33.9;43.2;11
18143;0.411;16.9;33.9;43.3;11
18144;0.4107;16.9;33.9;43.3;11
18145;0.4096;16.9;33.9;43.3;11
18146;0.4094;16.9;33.9;43.3;11
18147;0.4088;16.9;33.9;43.3;11
18148;0.41;16.9;34.0;43.3;11
18149;0.4094;16.9;34.0;43.3;11
18150;0.4086;16.9;34.0;43.3;11
18151;0.4097;16.9;34.0;43.3;11
18152;0.4113;17.0;34.0;43.3;11
18153;0.4122;17.0;34.0;43.3;11
18154;0.4121;17.0;34.1;43.3;11
18155;0.4131;17.0;34.0;43.3;11
18156;0.4095;17.0;34.0;43.3;11
18157;0.4087;17.0;34.0;43.3;11
18158;0.4072;17.0;34.0;43.3;11
18159;0.4096;17.0;34.0;43.3;11
18160;0.4087;17.0;34.0;43.3;11
18161;0.4089;17.0;34.1;43.3;11
18162;0.4098;17.0;34.2;43.3;11
18163;0.4094;17.0;34.2;43.3;11
18164;0.4066;17.0;34.2;43.3;11
18165;0.4082;17.0;34.2;43.3;11
18166;0.406;17.0;34.2;43.3;11
18167;0.4079;17.0;34.2;43.3;11
18168;0.411;17.0;34.2;43.3;11
18169;0.4074;17.0;34.2;43.3;11
18170;0.4051;17.0;34.2;43.3;11
18171;0.4083;17.0;34.3;43.3;11
18172;0.4088;17.0;34.3;43.3;11
18173;0.4083;17.1;34.3;43.3;11
18174;0.4082;17.0;34.3;43.3;11
18175;0.4072;17.0;34.3;43.3;11
18176;0.4066;17.0;34.3;43.3;11
18177;0.4064;17.0;34.3;43.3;11
18178;0.4088;17.0;34.3;43.3;11
18179;0.4058;17.0;34.3;43.3;11
18180;0.409;17.0;34.4;43.4;11
18181;0.4089;17.0;34.4;43.3;11
18182;0.409;17.0;34.4;43.4;11
18183;0.4077;17.0;34.4;43.4;11
18184;0.4088;17.0;34.4;43.4;11
18185;0.4108;17.0;34.5;43.4;11
18186;0.4106;17.0;34.5;43.5;11
18187;0.4116;17.0;34.6;43.5;11
18188;0.4102;17.0;34.5;43.5;11
18189;0.4076;17.0;34.5;43.5;11
18190;0.4105;17.1;34.6;43.5;11
18191;0.4088;17.1;34.5;43.5;11
18192;0.4103;17.1;34.5;43.5;11
18193;0.408;17.1;34.5;43.5;11
18194;0.408;17.1;34.5;43.5;11
18195;0.4059;17.1;34.5;43.5;11
18196;0.4061;17.2;34.5;43.4;11
18197;0.405;17.1;34.5;43.4;11
18198;0.4071;17.1;34.5;43.4;11
18199;0.4063;17.1;34.5;43.4;11
18200;0.4079;17.1;34.5;43.5;11
18201;0.4078;17.1;34.6;43.4;11
18202;0.407;17.2;34.6;43.4;11
18203;0.4106;17.1;34.6;43.4;11
18204;0.4108;17.0;34.5;43.4;11
18205;0.4129;17.0;34.4;43.4;11
18206;0.411;17.0;34.4;43.4;11
18207;0.4098;17.0;34.4;43.5;11
18208;0.413;17.0;34.4;43.5;11
18209;0.4126;17.0;34.4;43.5;11
18210;0.4138;17.0;34.4;43.5;11
18211;0.414;17.0;34.4;43.5;11
18212;0.4129;17.1;34.4;43.5;11
18213;0.4128;17.1;34.4;43.5;11
18214;0.4125;17.1;34.4;43.6;11
18215;0.4108;17.1;34.4;43.6;11
18216;0.4134;17.1;34.4;43.6;11
18217;0.4145;17.1;34.4;43.6;11
18218;0.4152;17.1;34.4;43.6;11
18219;0.4143;17.1;34.4;43.7;11
18220;0.4125;17.1;34.4;43.7;11
18221;0.4148;17.1;34.4;43.7;11
18222;0.4143;17.1;34.4;43.7;11
18223;0.4147;17.1;34.4;43.7;11
18224;0.415;17.1;34.4;43.7;11
18225;0.4144;17.2;34.4;43.8;11
18226;0.4124;17.1;34.4;43.8;11
18227;0.4136;17.2;34.4;43.8;11
18228;0.4124;17.1;34.4;43.7;11
18229;0.414;17.2;34.3;43.8;11
18230;0.4134;17.1;34.3;43.8;11
18231;0.411;17.1;34.3;43.9;11
18232;0.414;17.2;34.3;43.9;11
18233;0.4124;17.1;34.3;43.9;11
18234;0.4131;17.1;34.3;43.9;11
18235;0.4141;17.2;34.3;43.9;11
18236;0.4123;17.2;34.4;43.9;11
18237;0.4137;17.3;34.4;44.0;11
18238;0.4133;17.3;34.3;44.0;11
18239;0.4126;17.3;34.4;44.0;11
18240;0.4122;17.3;34.3;44.0;11
18241;0.4148;17.3;34.3;44.0;11
18242;0.4127;17.3;34.4;44.0;11
18243;0.4131;17.3;34.3;44.0;11
18244;0.4125;17.3;34.3;44.0;11
18245;0.4143;17.3;34.3;44.0;11
18246;0.416;17.3;34.3;44.0;11
18247;0.4132;17.3;34.3;44.0;11
18248;0.414;17.3;34.5;44.0;11
18249;0.4155;17.3;34.4;44.0;11
18250;0.4186;17.3;34.4;44.0;11
18251;0.4147;17.2;34.4;44.0;11
18252;0.4152;17.2;34.4;44.0;11
18253;0.4171;17.2;34.4;44.1;11
18254;0.4201;17.3;34.4;44.1;11
18255;0.4231;17.3;34.4;44.1;11
18256;0.4227;17.3;34.4;44.2;11
18257;0.4212;17.2;34.4;44.2;11
18258;0.4217;17.3;34.4;44.2;11
18259;0.4224;17.3;34.4;44.3;11
18260;0.4234;17.3;34.5;44.2;11
18261;0.4204;17.3;34.5;44.3;11
18262;0.4213;17.3;34.5;44.3;11
18263;0.4218;17.3;34.5;44.3;11
18264;0.4219;17.4;34.5;44.3;11
18265;0.4218;17.4;34.5;44.3;11
18266;0.4198;17.4;34.6;44.3;11
18267;0.4245;17.4;34.5;44.4;11
18268;0.4242;17.4;34.7;44.4;11
18269;0.4265;17.4;34.6;44.4;11
18270;0.4305;17.4;34.7;44.4;11
18271;0.4334;17.4;34.7;44.5;11
18272;0.4289;17.4;34.7;44.4;11
18273;0.4312;17.3;34.7;44.5;11
18274;0.4336;17.4;34.7;44.6;11
18275;0.4331;17.3;34.7;44.6;11
18276;0.4336;17.4;34.8;44.6;11
18277;0.4347;17.4;34.8;44.7;11
18278;0.4339;17.4;34.8;44.8;11
18279;0.4339;17.4;34.8;44.8;11
18280;0.4352;17.4;34.7;44.9;11
18281;0.4349;17.4;34.8;44.8;11
18282;0.4324;17.4;34.8;44.8;11
18283;0.4347;17.4;34.8;45.0;11
18284;0.4342;17.4;34.9;44.9;11
18285;0.4344;17.4;34.9;45.1;11
18286;0.4331;17.4;34.9;45.2;11
18287;0.4321;17.4;34.9;45.2;11
18288;0.4327;17.4;34.9;45.2;11
18289;0.4326;17.4;35.0;45.2;11
18290;0.4349;17.4;35.1;45.2;11
18291;0.4339;17.4;35.1;45.3;11
18292;0.432;17.4;35.1;45.3;11
18293;0.4329;17.4;35.0;45.4;11
18294;0.4341;17.4;35.0;45.4;11
18295;0.4336;17.4;35.0;45.3;11
18296;0.4334;17.4;35.1;45.4;11
18297;0.4337;17.4;35.2;45.4;11
18298;0.4326;17.4;35.2;45.4;11
18299;0.4335;17.4;35.2;45.5;11
18300;0.4344;17.4;35.2;45.5;11
18301;0.436;17.4;35.1;45.5;11
18302;0.4368;17.4;35.2;45.5;11
18303;0.4349;17.5;35.2;45.5;11
18304;0.4379;17.5;35.3;45.6;11
18305;0.4366;17.5;35.3;45.7;11
18306;0.4376;17.5;35.2;45.7;11
18307;0.4369;17.6;35.3;45.7;11
18308;0.435;17.5;35.2;45.7;11
18309;0.4361;17.5;35.3;45.7;11
18310;0.4361;17.5;35.3;45.7;11
18311;0.4385;17.6;35.4;45.7;11
18312;0.4371;17.5;35.4;45.7;11
18313;0.4354;17.6;35.4;45.7;11
18314;0.4366;17.5;35.4;45.7;11
18315;0.4387;17.6;35.4;45.8;11
18316;0.4382;17.6;35.5;45.8;11
18317;0.437;17.6;35.5;45.8;11
18318;0.4348;17.6;35.5;45.8;11
18319;0.4369;17.5;35.5;45.7;11
18320;0.4406;17.5;35.5;45.8;11
18321;0.4386;17.5;35.5;45.8;11
18322;0.4369;17.5;35.5;45.8;11
18323;0.4394;17.5;35.6;45.8;11
18324;0.4401;17.5;35.6;45.7;11
18325;0.438;17.5;35.6;45.8;11
18326;0.4375;17.5;35.6;45.8;11
18327;0.4366;17.5;35.6;45.8;11
18328;0.4357;17.5;35.6;45.8;11
18329;0.437;17.5;35.6;45.8;11
18330;0.4365;17.5;35.6;45.8;11
18331;0.4386;17.6;35.6;45.9;11
18332;0.4381;17.6;35.7;45.9;11
18333;0.4326;17.6;35.7;45.9;11
18334;0.4323;17.7;35.7;45.9;11
18335;0.4319;17.7;35.7;45.8;11
18336;0.4312;17.6;35.7;45.8;11
18337;0.4316;17.7;35.7;45.8;11
18338;0.4259;17.7;35.7;45.8;11
18339;0.4278;17.7;35.7;45.7;11
18340;0.4256;17.6;35.7;45.7;11
18341;0.4273;17.7;35.7;45.7;11
18342;0.4275;17.6;35.8;45.7;11
18343;0.4283;17.7;35.7;45.7;11
18344;0.4299;17.7;35.7;45.7;11
18345;0.4281;17.7;35.7;45.6;11
18346;0.4286;17.6;35.7;45.7;11
18347;0.4298;17.7;35.8;45.6;11
18348;0.4301;17.7;35.7;45.7;11
18349;0.4313;17.7;35.7;45.5;11
18350;0.4287;17.7;35.8;45.6;11
18351;0.4288;17.7;35.7;45.5;11
18352;0.4261;17.7;35.7;45.5;11
18353;0.4279;17.6;35.8;45.5;11
18354;0.4287;17.7;35.8;45.5;11
18355;0.4267;17.7;35.7;45.5;11
18356;0.4252;17.6;35.7;45.5;11
18357;0.427;17.6;35.7;45.5;11
18358;0.4276;17.7;35.8;45.5;11
18359;0.425;17.7;35.7;45.5;11
18360;0.4277;17.7;35.7;45.5;11
18361;0.4256;17.7;35.8;45.5;11
18362;0.4264;17.8;35.8;45.5;11
18363;0.4247;17.8;35.8;45.5;11
18364;0.4227;17.8;35.7;45.4;11
18365;0.4229;17.7;35.7;45.4;11
18366;0.4211;17.8;35.7;45.3;11
18367;0.4175;17.8;35.8;45.3;11
18368;0.4173;17.8;35.8;45.3;11
18369;0.4176;17.8;35.8;45.3;11
18370;0.4167;17.8;35.7;45.2;11
18371;0.4196;17.8;35.7;45.2;11
18372;0.4186;17.8;35.8;45.0;11
18373;0.4171;17.8;35.8;45.0;11
18374;0.418;17.8;35.7;45.1;11
18375;0.4185;17.8;35.7;45.1;11
18376;0.4174;17.8;35.7;44.9;11
18377;0.4172;17.8;35.7;44.9;11
18378;0.414;17.8;35.7;44.9;11
18379;0.4152;17.8;35.7;44.9;11
18380;0.415;17.8;35.7;44.9;11
18381;0.4152;17.8;35.7;45.0;11
18382;0.4165;17.9;35.7;44.8;11
18383;0.4151;17.8;35.7;44.8;11
18384;0.4143;17.8;35.7;44.8;11
18385;0.4143;17.8;35.7;44.8;11
18386;0.4138;17.8;35.7;44.8;11
18387;0.4118;17.8;35.7;44.8;11
18388;0.4136;17.7;35.7;44.8;11
18389;0.4148;17.7;35.7;44.8;11
18390;0.412;17.8;35.8;44.7;11
18391;0.4122;17.8;35.8;44.7;11
18392;0.4137;17.8;35.8;44.7;11
18393;0.4111;17.8;35.8;44.7;11
18394;0.4103;17.8;35.8;44.7;11
18395;0.4108;17.8;35.8;44.7;11
18396;0.4099;17.8;35.8;44.7;11
18397;0.4124;17.8;35.9;44.7;11
18398;0.4115;17.8;35.9;44.7;11
18399;0.4107;17.8;35.9;44.6;11
18400;0.4107;17.8;35.9;44.6;11
18401;0.4102;17.8;35.9;44.6;11
18402;0.4088;17.8;35.8;44.6;11
18403;0.4106;17.8;35.9;44.6;11
18404;0.4049;17.8;35.9;44.5;11
18405;0.4063;17.9;35.9;44.5;11
18406;0.4065;17.8;35.9;44.5;11
18407;0.4071;17.8;35.8;44.5;11
18408;0.4064;17.8;35.8;44.5;11
18409;0.4068;17.8;35.9;44.4;11
18410;0.4053;17.8;35.8;44.5;11
18411;0.4052;17.9;35.9;44.4;11
18412;0.4062;17.8;35.8;44.4;11
18413;0.4047;17.9;35.9;44.4;11
18414;0.4033;17.9;35.8;44.3;11
18415;0.4018;17.9;35.8;44.3;11
18416;0.4034;17.9;35.8;44.3;11
18417;0.4019;17.9;35.8;44.3;11
18418;0.4019;17.9;35.9;44.3;11
18419;0.4012;17.9;35.8;44.2;11
18420;0.3994;17.9;35.9;44.2;11
18421;0.4024;17.9;35.9;44.2;11
18422;0.4003;17.9;35.8;44.2;11
18423;0.3999;17.9;35.8;44.2;11
18424;0.3993;17.9;35.9;44.1;11
18425;0.4009;17.9;35.8;44.1;11
18426;0.4031;17.9;35.9;44.2;11
18427;0.4036;17.9;35.8;44.1;11
18428;0.402;17.9;35.9;44.1;11
18429;0.3989;17.9;35.8;44.1;11
18430;0.3977;17.9;35.8;44.1;11
18431;0.3992;17.9;35.8;44.1;11
18432;0.3987;17.9;35.8;44.1;11
18433;0.3997;17.9;35.9;44.0;11
18434;0.3997;17.9;35.8;44.0;11
18435;0.4011;17.9;35.8;44.0;11
18436;0.4046;17.9;35.8;44.0;11
18437;0.4057;17.9;35.8;44.1;11
18438;0.4051;17.9;35.8;44.1;11
18439;0.4051;17.9;35.9;44.1;11
18440;0.4043;17.9;35.9;44.2;11
18441;0.4047;17.9;35.9;44.1;11
18442;0.4046;17.8;35.9;44.1;11
18443;0.4049;18.0;35.9;44.1;11
18444;0.406;17.9;35.8;44.2;11
18445;0.4049;17.9;35.8;44.1;11
18446;0.4045;17.9;35.9;44.2;11
18447;0.4038;18.0;35.9;44.2;11
18448;0.4038;18.0;35.9;44.2;11
18449;0.4048;17.9;35.9;44.2;11
18450;0.4039;17.9;35.9;44.1;11
18451;0.4053;18.0;35.9;44.2;11
18452;0.4034;18.0;35.9;44.2;11
18453;0.406;17.9;35.9;44.1;11
18454;0.4068;17.9;36.0;44.2;11
18455;0.4036;18.0;35.9;44.2;11
18456;0.403;17.9;36.0;44.2;11
18457;0.4033;17.9;36.0;44.1;11
18458;0.4038;17.9;36.1;44.2;11
18459;0.4049;17.9;36.0;44.2;11
18460;0.4051;17.9;36.0;44.1;11
18461;0.4077;17.8;36.0;44.2;11
18462;0.4062;17.9;36.0;44.1;11
18463;0.4056;17.9;36.0;44.1;11
18464;0.4064;17.9;36.0;44.1;11
18465;0.406;17.9;36.0;44.2;11
18466;0.4035;17.9;36.0;44.2;11
18467;0.4036;17.9;36.0;44.1;11
18468;0.4049;17.9;36.0;44.2;11
18469;0.4012;17.9;36.0;44.1;11
18470;0.4035;17.9;35.9;44.1;11
18471;0.4011;17.8;36.0;44.1;11
18472;0.4015;17.9;36.0;44.2;11
18473;0.3965;17.9;36.0;44.1;11
18474;0.3966;17.9;36.0;44.1;11
18475;0.3971;17.9;36.0;44.0;11
18476;0.3991;17.9;36.0;44.1;11
18477;0.3988;17.9;36.0;44.0;11
18478;0.3969;17.9;36.0;44.0;11
18479;0.3958;17.9;36.0;44.0;11
18480;0.3959;18.0;36.0;44.0;11
18481;0.3947;17.9;36.0;44.0;11
18482;0.3936;17.9;36.0;44.0;11
18483;0.3922;17.8;36.0;43.9;11
18484;0.3928;17.9;36.0;43.9;11
18485;0.3902;17.9;36.0;43.9;11
18486;0.3894;18.0;36.0;43.9;11
18487;0.3907;17.9;36.0;43.8;11
18488;0.3913;17.9;36.1;43.8;11
18489;0.3898;17.9;36.1;43.8;11
18490;0.387;17.9;36.0;43.8;11
18491;0.3881;17.9;36.1;43.8;11
18492;0.3861;17.9;36.1;43.7;11
18493;0.3869;17.9;36.1;43.7;11
18494;0.3862;18.0;36.1;43.7;11
18495;0.3867;18.0;36.1;43.7;11
18496;0.3896;18.0;36.1;43.6;11
18497;0.3904;18.0;36.1;43.7;11
18498;0.3871;18.0;36.1;43.7;11
18499;0.387;18.0;36.1;43.6;11
18500;0.3852;17.9;36.1;43.7;11
18501;0.3834;18.1;36.1;43.6;11
18502;0.3841;18.0;36.2;43.6;11
18503;0.384;18.1;36.1;43.5;11
18504;0.3857;18.0;36.1;43.6;11
18505;0.3826;18.1;36.1;43.5;11
18506;0.3846;18.0;36.1;43.5;11
18507;0.3843;18.1;36.1;43.5;11
18508;0.3838;18.1;36.1;43.5;11
18509;0.3846;18.0;36.1;43.5;11
18510;0.3825;18.1;36.2;43.5;11
18511;0.3835;18.0;36.2;43.5;11
18512;0.3814;18.0;36.3;43.5;11
18513;0.3817;18.1;36.3;43.5;11
18514;0.3808;18.1;36.3;43.4;11
18515;0.3823;18.1;36.2;43.4;11
18516;0.3783;18.1;36.2;43.3;11
18517;0.3794;18.1;36.2;43.3;11
18518;0.3773;18.1;36.2;43.3;11
18519;0.3792;18.1;36.2;43.3;11
18520;0.3781;18.1;36.2;43.2;11
18521;0.3802;18.0;36.2;43.2;11
18522;0.3806;18.0;36.2;43.2;11
18523;0.3803;18.1;36.2;43.2;11
18524;0.3789;18.1;36.2;43.2;11
18525;0.3798;18.1;36.2;43.1;11
18526;0.3794;18.0;36.2;43.1;11
18527;0.3795;18.1;36.2;43.1;11
18528;0.3789;18.2;36.3;43.1;11
18529;0.3775;18.1;36.3;43.1;11
18530;0.378;18.1;36.2;43.1;11
18531;0.3788;18.1;36.3;43.1;11
18532;0.378;18.1;36.3;43.1;11
18533;0.3755;18.1;36.3;43.0;11
18534;0.3762;18.0;36.3;43.0;11
18535;0.3744;18.0;36.3;43.0;11
18536;0.3743;18.0;36.3;42.9;11
18537;0.3731;18.1;36.3;42.9;11
18538;0.3731;18.1;36.3;42.9;11
18539;0.3726;18.0;36.3;42.8;11
18540;0.3693;18.1;36.3;42.8;11
18541;0.3704;18.1;36.2;42.8;11
18542;0.3689;18.0;36.2;42.7;11
18543;0.3692;18.1;36.3;42.6;11
18544;0.3691;18.1;36.3;42.6;11
18545;0.368;18.1;36.2;42.4;11
18546;0.3695;18.1;36.3;42.3;11
18547;0.3673;18.1;36.3;42.3;11
18548;0.3682;18.1;36.3;42.3;11
18549;0.3668;18.1;36.3;42.3;11
18550;0.3687;18.1;36.3;42.5;11
18551;0.3617;18.1;36.2;42.2;11
18552;0.362;18.1;36.2;42.2;11
18553;0.3627;18.1;36.2;42.1;11
18554;0.3614;18.1;36.2;42.1;11
18555;0.3628;18.1;36.2;42.1;11
18556;0.3599;18.1;36.3;42.1;11
18557;0.3606;18.0;36.3;42.1;11
18558;0.36;18.1;36.2;42.1;11
18559;0.3618;18.1;36.3;42.0;11
18560;0.3598;18.1;36.3;42.0;11
18561;0.3585;18.1;36.3;42.0;11
18562;0.3594;18.1;36.3;42.0;11
18563;0.3565;18.1;36.2;41.9;11
18564;0.357;18.1;36.2;41.9;11
18565;0.3579;18.0;36.3;41.9;11
18566;0.3573;18.0;36.3;41.9;11
18567;0.3562;18.0;36.2;41.8;11
18568;0.358;18.1;36.3;41.8;11
18569;0.3553;18.1;36.2;41.8;11
18570;0.3546;18.1;36.2;41.7;11
18571;0.3508;18.2;36.3;41.8;11
18572;0.3534;18.1;36.1;41.8;11
18573;0.3521;18.2;36.2;41.7;11
18574;0.353;18.2;36.2;41.7;11
18575;0.3498;18.2;36.1;41.6;11
18576;0.3507;18.2;36.2;41.6;11
18577;0.3489;18.2;36.1;41.6;11
18578;0.3505;18.2;36.1;41.6;11
18579;0.3478;18.2;36.1;41.6;11
18580;0.3483;18.2;36.1;41.5;11
18581;0.3475;18.2;36.1;41.5;11
18582;0.3488;18.2;36.1;41.5;11
18583;0.3472;18.2;36.1;41.5;11
18584;0.3483;18.1;36.0;41.4;11
18585;0.3462;18.2;36.0;41.4;11
18586;0.3465;18.1;36.1;41.4;11
18587;0.3451;18.1;36.0;41.4;11
18588;0.3439;18.1;36.0;41.3;11
18589;0.3431;18.1;36.0;41.3;11
18590;0.3421;18.1;36.0;41.2;11
18591;0.343;18.1;36.0;41.2;11
18592;0.3444;18.1;35.9;41.2;11
18593;0.3421;18.1;35.9;41.2;11
18594;0.3436;18.1;35.9;41.1;11
18595;0.3421;18.1;35.8;41.1;11
18596;0.341;18.1;35.8;41.1;11
18597;0.3429;18.1;35.9;41.1;11
18598;0.3418;18.1;35.8;41.1;11
18599;0.3442;18.1;35.8;41.0;11
18600;0.3414;18.1;35.7;41.0;11
18601;0.3415;18.1;35.7;41.0;11
18602;0.3417;18.1;35.7;41.0;11
18603;0.341;18.1;35.8;41.0;11
18604;0.3409;18.1;35.8;41.0;11
18605;0.3378;18.1;35.7;40.9;11
18606;0.3402;18.1;35.7;40.9;11
18607;0.3399;18.0;35.7;40.9;11
18608;0.3391;18.0;35.6;40.9;11
18609;0.3393;18.0;35.6;40.9;11
18610;0.3354;18.0;35.6;40.8;11
18611;0.337;17.9;35.6;40.8;11
18612;0.337;18.0;35.6;40.7;11
18613;0.3358;18.0;35.6;40.8;11
18614;0.3377;18.0;35.6;40.7;11
18615;0.3338;18.0;35.6;40.7;11
18616;0.3341;18.0;35.6;40.7;11
18617;0.333;18.0;35.6;40.7;11
18618;0.3325;18.0;35.6;40.6;11
18619;0.3312;18.0;35.6;40.6;11
18620;0.3318;18.0;35.5;40.6;11
18621;0.3297;17.9;35.5;40.5;11
18622;0.3313;17.9;35.5;40.4;11
18623;0.3309;17.9;35.5;40.4;11
18624;0.3295;17.9;35.5;40.4;11
18625;0.3286;17.8;35.5;40.4;11
18626;0.3272;17.8;35.5;40.4;11
18627;0.3284;17.8;35.4;40.3;11
18628;0.326;17.9;35.4;40.3;11
18629;0.3265;17.9;35.4;40.3;11
18630;0.3292;17.9;35.4;40.3;11
18631;0.327;17.9;35.4;40.3;11
18632;0.3274;17.9;35.4;40.3;11
18633;0.3252;17.9;35.4;40.3;11
18634;0.327;17.9;35.4;40.2;11
18635;0.3256;17.9;35.4;40.2;11
18636;0.325;17.9;35.4;40.1;11
18637;0.3238;17.9;35.4;39.9;11
18638;0.3231;17.8;35.3;40.1;11
18639;0.3221;17.8;35.4;39.9;11
18640;0.3193;17.7;35.3;39.8;11
18641;0.3172;17.7;35.3;39.8;11
18642;0.3173;17.7;35.3;39.8;11
18643;0.3174;17.8;35.3;39.8;11
18644;0.3188;17.7;35.3;39.7;11
18645;0.3188;17.7;35.4;39.7;11
18646;0.3198;17.7;35.3;39.7;11
18647;0.3172;17.8;35.3;39.7;11
18648;0.3176;17.7;35.3;39.6;11
18649;0.3169;17.7;35.3;39.6;11
18650;0.3165;17.7;35.3;39.6;11
18651;0.3163;17.7;35.3;39.6;11
18652;0.3146;17.7;35.3;39.6;11
18653;0.314;17.7;35.3;39.6;11
18654;0.3147;17.7;35.3;39.5;11
18655;0.3138;17.7;35.3;39.4;11
18656;0.3142;17.7;35.3;39.4;11
18657;0.314;17.8;35.3;39.4;11
18658;0.3145;17.8;35.3;39.4;11
18659;0.3134;17.8;35.3;39.4;11
18660;0.3129;17.8;35.3;39.4;11
18661;0.3115;17.8;35.3;39.3;11
18662;0.3096;17.9;35.3;39.3;11
18663;0.3112;17.9;35.3;39.2;11
18664;0.3114;17.9;35.3;39.2;11
18665;0.3113;17.9;35.3;39.2;11
18666;0.3105;17.9;35.3;39.1;11
18667;0.3109;17.9;35.3;39.1;11
18668;0.3109;17.9;35.3;39.1;11
18669;0.3114;17.9;35.2;39.1;11
18670;0.3119;17.9;35.2;39.0;11
18671;0.3124;17.9;35.2;39.0;11
18672;0.3126;17.9;35.2;39.0;11
18673;0.3099;17.9;35.2;39.0;11
18674;0.309;17.9;35.2;39.0;11
18675;0.3082;17.9;35.2;38.9;11
18676;0.3093;17.9;35.1;38.9;11
18677;0.3078;17.9;35.1;38.9;11
18678;0.3086;17.9;35.1;38.9;11
18679;0.3094;17.9;35.0;38.9;11
18680;0.3086;17.9;35.0;38.8;11
18681;0.3086;17.9;35.0;38.8;11
18682;0.3086;17.9;35.1;38.8;11
18683;0.3076;17.9;35.1;38.8;11
18684;0.3084;17.9;35.1;38.7;11
18685;0.3068;17.9;35.1;38.7;11
18686;0.3061;17.9;35.1;38.7;11
18687;0.3048;17.9;35.1;38.7;11
18688;0.304;17.9;35.1;38.7;11
18689;0.3052;17.9;35.0;38.7;11
18690;0.304;17.8;35.0;38.7;11
18691;0.3057;17.7;35.0;38.6;11
18692;0.3051;17.7;34.9;38.6;11
18693;0.305;17.8;34.9;38.6;11
18694;0.3049;17.8;34.9;38.6;11
18695;0.303;17.8;35.0;38.6;11
18696;0.3015;17.8;34.9;38.6;11
18697;0.3016;17.8;34.8;38.5;11
18698;0.3016;17.7;34.8;38.5;11
18699;0.3012;17.7;34.8;38.5;11
18700;0.3038;17.7;34.7;38.5;11
18701;0.3024;17.8;34.7;38.5;11
18702;0.3011;17.8;34.7;38.4;11
18703;0.3006;17.7;34.7;38.4;11
18704;0.301;17.7;34.7;38.4;11
18705;0.2997;17.7;34.6;38.4;11
18706;0.2998;17.6;34.6;38.4;11
18707;0.2987;17.6;34.5;38.4;11
18708;0.2997;17.6;34.5;38.4;11
18709;0.2988;17.6;34.6;38.3;11
18710;0.2992;17.6;34.6;38.3;11
18711;0.3011;17.6;34.5;38.3;11
18712;0.3005;17.7;34.4;38.3;11
18713;0.3012;17.7;34.4;38.3;11
18714;0.3005;17.6;34.4;38.3;11
18715;0.3;17.6;34.4;38.2;11
18716;0.2989;17.6;34.3;38.2;11
18717;0.3001;17.7;34.3;38.2;11
18718;0.2995;17.7;34.3;38.2;11
18719;0.3007;17.8;34.3;38.2;11
18720;0.3003;17.8;34.2;38.2;11
18721;0.2986;17.8;34.2;38.2;11
18722;0.3003;17.7;34.2;38.1;11
18723;0.3005;17.8;34.2;38.1;11
18724;0.3008;17.8;34.2;38.1;11
18725;0.301;17.8;34.2;38.1;11
18726;0.3017;17.8;34.1;38.2;11
18727;0.3017;17.7;34.1;38.1;11
18728;0.3033;17.8;34.1;38.1;11
18729;0.3013;17.8;34.1;38.1;11
18730;0.3022;17.8;34.1;38.1;11
18731;0.3017;17.8;34.1;38.0;11
18732;0.3005;17.8;34.1;38.1;11
18733;0.3008;17.8;34.0;38.0;11
18734;0.2998;17.8;34.0;38.0;11
18735;0.2997;17.7;34.0;38.0;11
18736;0.3002;17.6;33.9;38.0;11
18737;0.298;17.6;33.9;38.0;11
18738;0.2971;17.6;33.9;38.0;11
18739;0.2954;17.7;33.9;37.9;11
18740;0.2939;17.6;34.0;37.9;11
18741;0.2908;17.6;33.9;37.8;11
18742;0.2915;17.7;33.8;37.8;11
18743;0.2911;17.6;33.8;37.8;11
18744;0.295;17.7;33.8;37.8;11
18745;0.2938;17.7;33.8;37.8;11
18746;0.2943;17.6;33.8;37.8;11
18747;0.2934;17.7;33.8;37.8;11
18748;0.2935;17.6;33.9;37.8;11
18749;0.293;17.6;33.8;37.7;11
18750;0.2932;17.7;33.9;37.8;11
18751;0.2935;17.7;33.9;37.7;11
18752;0.2923;17.6;33.8;37.7;11
18753;0.2924;17.6;33.7;37.6;11
18754;0.2936;17.6;33.7;37.6;11
18755;0.2941;17.6;33.7;37.6;11
18756;0.2933;17.6;33.7;37.6;11
18757;0.2935;17.6;33.7;37.6;11
18758;0.294;17.6;33.7;37.5;11
18759;0.2943;17.5;33.7;37.5;11
18760;0.2966;17.5;33.6;37.6;11
18761;0.2964;17.5;33.6;37.5;11
18762;0.2957;17.5;33.6;37.5;11
18763;0.2957;17.5;33.6;37.5;11
18764;0.2936;17.5;33.7;37.4;11
18765;0.2933;17.6;33.7;37.6;11
18766;0.2931;17.6;33.7;37.4;11
18767;0.2919;17.6;33.6;37.5;11
18768;0.2928;17.7;33.7;37.4;11
18769;0.293;17.6;33.7;37.5;11
18770;0.2923;17.6;33.7;37.5;11
18771;0.2915;17.6;33.7;37.4;11
18772;0.2924;17.6;33.7;37.5;11
18773;0.2916;17.5;33.7;37.4;11
18774;0.2929;17.5;33.7;37.4;11
18775;0.2919;17.5;33.6;37.4;11
18776;0.2938;17.5;33.6;37.3;11
18777;0.2913;17.5;33.6;37.4;11
18778;0.2913;17.5;33.6;37.4;11
18779;0.2885;17.5;33.6;37.4;11
18780;0.2893;17.5;33.6;37.3;11
18781;0.29;17.5;33.6;37.4;11
18782;0.2885;17.5;33.6;37.4;11
18783;0.2888;17.5;33.6;37.4;11
18784;0.2889;17.5;33.6;37.3;11
18785;0.2895;17.5;33.6;37.3;11
18786;0.288;17.5;33.6;37.2;11
18787;0.2883;17.5;33.6;37.2;11
18788;0.2892;17.5;33.6;37.2;11
18789;0.2888;17.5;33.5;37.2;11
18790;0.2896;17.5;33.6;37.2;11
18791;0.2881;17.5;33.5;37.2;11
18792;0.2886;17.6;33.5;37.2;11
18793;0.2904;17.5;33.5;37.1;11
18794;0.2906;17.5;33.5;37.1;11
18795;0.2898;17.4;33.5;37.1;11
18796;0.2894;17.5;33.4;37.1;11
18797;0.2902;17.4;33.4;37.1;11
18798;0.2903;17.5;33.5;37.1;11
18799;0.2905;17.4;33.4;37.1;11
18800;0.2904;17.4;33.5;37.1;11
18801;0.2882;17.3;33.5;37.1;11
18802;0.2861;17.4;33.5;37.1;11
18803;0.287;17.3;33.5;37.1;11
18804;0.2881;17.3;33.5;37.0;11
18805;0.2855;17.4;33.4;37.0;11
18806;0.2873;17.3;33.5;37.0;11
18807;0.2877;17.4;33.5;37.0;11
18808;0.289;17.3;33.5;37.0;11
18809;0.2898;17.4;33.5;37.0;11
18810;0.2884;17.4;33.4;37.0;11
18811;0.2884;17.4;33.4;37.0;11
18812;0.2878;17.4;33.4;37.0;11
18813;0.2902;17.5;33.4;37.0;11
18814;0.2893;17.5;33.5;37.0;11
18815;0.2892;17.5;33.5;37.0;11
18816;0.2902;17.5;33.5;37.0;11
18817;0.2892;17.5;33.6;37.0;11
18818;0.2904;17.5;33.6;37.0;11
18819;0.2895;17.5;33.6;37.0;11
18820;0.2903;17.5;33.6;37.0;11
18821;0.29;17.5;33.6;36.9;11
18822;0.2904;17.5;33.6;37.0;11
18823;0.2897;17.6;33.6;37.0;11
18824;0.2905;17.6;33.6;37.0;11
18825;0.2892;17.6;33.6;37.0;11
18826;0.2887;17.7;33.6;36.9;11
18827;0.2873;17.7;33.6;36.9;11
18828;0.2879;17.6;33.6;37.0;11
18829;0.2881;17.6;33.6;36.9;11
18830;0.2871;17.6;33.6;36.9;11
18831;0.2888;17.6;33.6;36.9;11
18832;0.2875;17.6;33.6;36.8;11
18833;0.288;17.7;33.6;36.9;11
18834;0.2886;17.7;33.6;36.9;11
18835;0.2881;17.7;33.6;36.8;11
18836;0.2883;17.8;33.6;36.9;11
18837;0.2875;17.7;33.6;36.9;11
18838;0.2868;17.7;33.6;36.9;11
18839;0.2856;17.7;33.7;36.9;11
18840;0.2857;17.7;33.7;36.8;11
18841;0.2864;17.8;33.7;36.8;11
18842;0.2869;17.8;33.7;36.8;11
18843;0.2838;17.8;33.7;36.8;11
18844;0.2845;17.8;33.7;36.8;11
18845;0.2839;17.8;33.6;36.7;11
18846;0.2833;17.7;33.6;36.7;11
18847;0.2832;17.7;33.6;36.7;11
18848;0.2831;17.8;33.6;36.7;11
18849;0.2839;17.7;33.6;36.7;11
18850;0.2855;17.6;33.6;36.7;11
18851;0.2853;17.6;33.6;36.7;11
18852;0.2847;17.6;33.6;36.5;11
18853;0.2846;17.6;33.6;36.7;11
18854;0.2843;17.6;33.6;36.7;11
18855;0.2841;17.6;33.6;36.7;11
18856;0.2848;17.7;33.6;36.6;11
18857;0.2843;17.7;33.6;36.6;11
18858;0.2842;17.7;33.6;36.5;11
18859;0.2821;17.7;33.6;36.6;11
18860;0.2844;17.7;33.6;36.6;11
18861;0.2832;17.7;33.6;36.5;11
18862;0.2837;17.7;33.6;36.6;11
18863;0.2836;17.7;33.6;36.6;11
18864;0.2844;17.7;33.6;36.6;11
18865;0.2829;17.7;33.6;36.6;11
18866;0.282;17.7;33.6;36.4;11
18867;0.2821;17.7;33.6;36.5;11
18868;0.282;17.7;33.6;36.4;11
18869;0.2811;17.8;33.6;36.4;11
18870;0.2833;17.7;33.6;36.5;11
18871;0.2828;17.7;33.6;36.5;11
18872;0.2824;17.8;33.6;36.5;11
18873;0.2821;17.7;33.6;36.5;11
18874;0.2823;17.8;33.6;36.4;11
18875;0.2823;17.7;33.6;36.5;11
18876;0.2824;17.7;33.6;36.5;11
18877;0.2804;17.8;33.6;36.5;11
18878;0.2824;17.8;33.6;36.3;11
18879;0.2819;17.7;33.6;36.3;11
18880;0.2824;17.8;33.6;36.3;11
18881;0.2825;17.8;33.6;36.3;11
18882;0.2827;17.8;33.6;36.4;11
18883;0.2824;17.8;33.6;36.5;11
18884;0.2838;17.8;33.6;36.3;11
18885;0.2841;17.8;33.6;36.3;11
18886;0.2835;17.7;33.6;36.3;11
18887;0.2836;17.7;33.6;36.3;11
18888;0.2832;17.7;33.6;36.3;11
18889;0.2829;17.6;33.6;36.3;11
18890;0.2833;17.7;33.6;36.4;11
18891;0.2834;17.6;33.6;36.3;11
18892;0.2827;17.7;33.6;36.3;11
18893;0.284;17.6;33.6;36.3;11
18894;0.2841;17.7;33.6;36.3;11
18895;0.2827;17.7;33.6;36.3;11
18896;0.2852;17.8;33.6;36.3;11
18897;0.2826;17.7;33.6;36.3;11
18898;0.282;17.7;33.5;36.4;11
18899;0.2817;17.7;33.6;36.3;11
18900;0.2839;17.7;33.6;36.3;11
18901;0.2816;17.7;33.6;36.3;11
18902;0.282;17.6;33.6;36.3;11
18903;0.2819;17.7;33.6;36.3;11
18904;0.283;17.7;33.6;36.3;11
18905;0.2826;17.8;33.6;36.3;11
18906;0.2824;17.8;33.6;36.3;11
18907;0.2813;17.7;33.6;36.3;11
18908;0.2806;17.8;33.6;36.4;11
18909;0.2834;17.8;33.6;36.2;11
18910;0.2819;17.8;33.6;36.3;11
18911;0.283;17.7;33.6;36.2;11
18912;0.2825;17.8;33.6;36.2;11
18913;0.2826;17.8;33.6;36.3;11
18914;0.2809;17.7;33.6;36.2;11
18915;0.2828;17.7;33.6;36.2;11
18916;0.2815;17.8;33.6;36.2;11
18917;0.2803;17.8;33.6;36.2;11
18918;0.2816;17.7;33.6;36.2;11
18919;0.282;17.8;33.6;36.2;11
18920;0.282;17.8;33.6;36.2;11
18921;0.2796;17.7;33.6;36.2;11
18922;0.2814;17.8;33.6;36.2;11
18923;0.2815;17.8;33.6;36.2;11
18924;0.2814;17.7;33.6;36.2;11
18925;0.2831;17.8;33.5;36.2;11
18926;0.2826;17.8;33.6;36.2;11
18927;0.2813;17.7;33.6;36.2;11
18928;0.2808;17.7;33.6;36.2;11
18929;0.2812;17.8;33.6;36.2;11
18930;0.2811;17.8;33.6;36.2;11
18931;0.2817;17.7;33.7;36.2;11
18932;0.28;17.7;33.6;36.2;11
18933;0.281;17.7;33.6;36.2;11
18934;0.2809;17.8;33.5;36.2;11
18935;0.2823;17.8;33.6;36.2;11
18936;0.2811;17.7;33.6;36.2;11
18937;0.2801;17.7;33.5;36.1;11
18938;0.2814;17.8;33.5;36.2;11
18939;0.2832;17.7;33.5;36.1;11
18940;0.2838;17.8;33.5;36.2;11
18941;0.2825;17.8;33.5;36.3;11
18942;0.2826;17.8;33.5;36.2;11
18943;0.2819;17.8;33.5;36.2;11
18944;0.2813;17.8;33.5;36.2;11
18945;0.2812;17.8;33.5;36.2;11
18946;0.2811;17.8;33.5;36.2;11
18947;0.2809;17.7;33.4;36.2;11
18948;0.2818;17.8;33.5;36.2;11
18949;0.2819;17.8;33.4;36.1;11
18950;0.2836;17.7;33.5;36.1;11
18951;0.2825;17.7;33.4;36.1;11
18952;0.2816;17.7;33.5;36.1;11
18953;0.2821;17.6;33.5;36.1;11
18954;0.2807;17.6;33.5;36.1;11
18955;0.2829;17.6;33.5;36.2;11
18956;0.2817;17.6;33.5;36.2;11
18957;0.2815;17.6;33.5;36.1;11
18958;0.2822;17.7;33.4;36.1;11
18959;0.2816;17.7;33.4;36.1;11
18960;0.2845;17.7;33.4;36.2;11
18961;0.2841;17.6;33.5;36.2;11
18962;0.2826;17.7;33.5;36.1;11
18963;0.2835;17.6;33.5;36.2;11
18964;0.2828;17.7;33.5;36.2;11
18965;0.2823;17.7;33.5;36.2;11
18966;0.2835;17.7;33.5;36.2;11
18967;0.2817;17.7;33.4;36.2;11
18968;0.283;17.7;33.5;36.1;11
18969;0.2843;17.6;33.5;36.2;11
18970;0.2844;17.6;33.4;36.2;11
18971;0.2841;17.6;33.5;36.2;11
18972;0.2849;17.7;33.5;36.2;11
18973;0.2828;17.7;33.5;36.2;11
18974;0.2836;17.7;33.5;36.2;11
18975;0.2843;17.7;33.5;36.2;11
18976;0.2836;17.7;33.5;36.2;11
18977;0.2834;17.7;33.5;36.2;11
18978;0.2828;17.7;33.5;36.2;11
18979;0.2839;17.6;33.5;36.2;11
18980;0.2848;17.6;33.5;36.2;11
18981;0.2839;17.6;33.5;36.2;11
18982;0.2844;17.5;33.5;36.2;11
18983;0.2853;17.5;33.5;36.2;11
18984;0.2869;17.5;33.4;36.2;11
18985;0.2875;17.5;33.5;36.2;11
18986;0.2867;17.5;33.5;36.2;11
18987;0.2888;17.5;33.4;36.2;11
18988;0.2915;17.5;33.4;36.3;11
18989;0.2904;17.5;33.5;36.3;11
18990;0.2917;17.5;33.4;36.3;11
18991;0.2906;17.5;33.4;36.5;11
18992;0.2899;17.5;33.4;36.5;11
18993;0.2923;17.5;33.5;36.3;11
18994;0.2917;17.5;33.4;36.5;11
18995;0.2933;17.5;33.5;36.4;11
18996;0.2919;17.5;33.4;36.5;11
18997;0.293;17.4;33.5;36.5;11
18998;0.2913;17.4;33.5;36.6;11
18999;0.2907;17.4;33.4;36.6;11
19000;0.2923;17.4;33.5;36.5;11
19001;0.2924;17.4;33.5;36.4;11
19002;0.2914;17.4;33.4;36.6;11
19003;0.2913;17.4;33.4;36.6;11
19004;0.2918;17.4;33.3;36.5;11
19005;0.2934;17.4;33.4;36.6;11
19006;0.2941;17.4;33.3;36.6;11
19007;0.2942;17.4;33.4;36.7;11
19008;0.2963;17.5;33.3;36.6;11
19009;0.2954;17.4;33.4;36.6;11
19010;0.2938;17.4;33.4;36.7;11
19011;0.2956;17.4;33.3;36.6;11
19012;0.2948;17.4;33.3;36.7;11
19013;0.2956;17.5;33.3;36.7;11
19014;0.2938;17.5;33.3;36.7;11
19015;0.2955;17.4;33.4;36.7;11
19016;0.2958;17.5;33.4;36.7;11
19017;0.2937;17.5;33.4;36.7;11
19018;0.2951;17.4;33.4;36.7;11
19019;0.2942;17.5;33.3;36.6;11
19020;0.2947;17.4;33.4;36.7;11
19021;0.2942;17.4;33.3;36.7;11
19022;0.2963;17.4;33.3;36.7;11
19023;0.2946;17.4;33.3;36.7;11
19024;0.295;17.4;33.4;36.7;11
19025;0.2949;17.4;33.3;36.7;11
19026;0.2935;17.4;33.2;36.8;11
19027;0.2927;17.5;33.3;36.7;11
19028;0.2944;17.4;33.3;36.7;11
19029;0.2938;17.3;33.2;36.7;11
19030;0.2971;17.3;33.2;36.7;11
19031;0.298;17.3;33.2;36.8;11
19032;0.2971;17.2;33.3;36.7;11
19033;0.3004;17.1;33.2;36.8;11
19034;0.2983;17.1;33.2;36.8;11
19035;0.3;17.2;33.2;36.8;11
19036;0.3002;17.1;33.2;36.8;11
19037;0.3004;17.0;33.3;36.9;11
19038;0.2996;17.0;33.2;36.9;11
19039;0.3002;17.0;33.3;36.9;11
19040;0.3009;17.0;33.2;36.9;11
19041;0.3002;17.0;33.1;36.9;11
19042;0.3006;16.9;33.1;36.9;11
19043;0.3015;16.9;33.1;37.0;11
19044;0.3036;16.9;33.1;36.9;11
19045;0.3067;17.0;33.1;37.0;11
19046;0.3075;16.9;33.1;37.0;11
19047;0.3085;16.9;33.2;37.0;11
19048;0.3111;16.8;33.2;37.1;11
19049;0.315;16.8;33.1;37.1;11
19050;0.316;16.8;33.1;37.2;11
19051;0.3162;16.7;33.0;37.2;11
19052;0.3171;16.7;33.1;37.2;11
19053;0.3189;16.7;33.0;37.3;11
19054;0.3183;16.7;33.0;37.3;11
19055;0.3164;16.7;33.0;37.4;11
19056;0.3169;16.6;33.0;37.4;11
19057;0.3185;16.6;33.0;37.4;11
19058;0.3199;16.6;33.0;37.4;11
19059;0.3174;16.6;33.0;37.4;11
19060;0.3176;16.6;33.0;37.5;11
19061;0.3183;16.5;33.0;37.5;11
19062;0.3199;16.4;33.0;37.5;11
19063;0.3195;16.5;32.9;37.6;11
19064;0.3174;16.5;32.9;37.6;11
19065;0.3185;16.5;32.9;37.6;11
19066;0.3196;16.4;32.8;37.6;11
19067;0.3206;16.4;32.8;37.7;11
19068;0.3213;16.4;32.8;37.6;11
19069;0.3239;16.4;32.9;37.7;11
19070;0.3241;16.3;32.9;37.7;11
19071;0.3242;16.4;32.9;37.7;11
19072;0.3236;16.4;32.9;37.8;11
19073;0.3251;16.3;32.9;37.8;11
19074;0.326;16.2;32.9;37.7;11
19075;0.3272;16.2;32.8;37.8;11
19076;0.3273;16.3;32.9;37.8;11
19077;0.3282;16.2;32.9;37.8;11
19078;0.3305;16.3;32.9;37.8;11
19079;0.3301;16.2;32.9;37.9;11
19080;0.3311;16.2;32.9;37.9;11
19081;0.3308;16.2;32.9;37.9;11
19082;0.3313;16.2;32.9;37.9;11
19083;0.3319;16.3;32.9;38.0;11
19084;0.3335;16.3;32.9;38.0;11
19085;0.3343;16.3;32.9;38.1;11
19086;0.336;16.3;32.9;38.1;11
19087;0.3351;16.3;32.9;38.2;11
19088;0.3384;16.3;32.9;38.1;11
19089;0.3356;16.3;32.9;38.2;11
19090;0.338;16.3;32.9;38.2;11
19091;0.3403;16.3;32.9;38.3;11
19092;0.3419;16.3;32.9;38.3;11
19093;0.34;16.3;32.9;38.4;11
19094;0.3447;16.3;32.8;38.4;11
19095;0.3434;16.3;32.9;38.4;11
19096;0.3462;16.4;32.9;38.5;11
19097;0.3461;16.4;32.9;38.5;11
19098;0.3463;16.3;32.8;38.6;11
19099;0.3436;16.4;32.9;38.6;11
19100;0.3463;16.4;32.8;38.6;11
19101;0.3476;16.5;32.8;38.7;11
19102;0.3448;16.5;32.8;38.7;11
19103;0.3474;16.4;32.8;38.7;11
19104;0.3485;16.4;32.8;38.8;11
19105;0.3516;16.4;32.9;38.8;11
19106;0.3527;16.5;32.9;38.9;11
19107;0.3536;16.6;33.0;38.9;11
19108;0.355;16.5;33.0;38.9;11
19109;0.3571;16.6;33.0;39.0;11
19110;0.3561;16.6;33.0;39.0;11
19111;0.3577;16.6;32.9;39.1;11
19112;0.3573;16.7;32.9;39.1;11
19113;0.3588;16.7;32.9;39.2;11
19114;0.3615;16.7;33.0;39.2;11
19115;0.3595;16.6;33.0;39.2;11
19116;0.3606;16.7;33.0;39.3;11
19117;0.3584;16.7;33.0;39.4;11
19118;0.3576;16.7;33.0;39.4;11
19119;0.36;16.8;33.1;39.4;11
19120;0.3614;16.8;33.1;39.4;11
19121;0.3619;16.8;33.1;39.5;11
19122;0.3606;16.8;33.2;39.6;11
19123;0.3627;16.8;33.1;39.6;11
19124;0.3612;16.8;33.1;39.6;11
19125;0.3647;16.9;33.1;39.6;11
19126;0.3635;16.9;33.2;39.7;11
19127;0.3625;16.9;33.2;39.7;11
19128;0.3651;16.9;33.2;39.9;11
19129;0.3654;16.9;33.3;39.8;11
19130;0.3676;17.0;33.2;39.8;11
19131;0.3717;17.0;33.3;39.9;11
19132;0.3719;17.0;33.4;40.2;11
19133;0.3715;17.0;33.3;40.2;11
19134;0.3722;17.0;33.3;40.3;11
19135;0.3743;17.0;33.3;40.3;11
19136;0.3746;17.0;33.3;40.3;11
19137;0.3722;17.1;33.4;40.4;11
19138;0.3755;17.1;33.4;40.4;11
19139;0.3757;17.2;33.4;40.4;11
19140;0.3756;17.1;33.4;40.5;11
19141;0.3763;17.1;33.5;40.5;11
19142;0.3766;17.1;33.4;40.6;11
19143;0.3778;17.1;33.5;40.6;11
19144;0.3804;17.1;33.5;40.7;11
19145;0.3796;17.1;33.5;40.7;11
19146;0.3776;17.1;33.5;40.8;11
19147;0.3776;17.1;33.5;40.8;11
19148;0.3782;17.1;33.6;40.9;11
19149;0.3791;17.2;33.6;40.9;11
19150;0.3824;17.2;33.6;40.9;11
19151;0.3806;17.3;33.7;41.0;11
19152;0.3789;17.2;33.7;41.0;11
19153;0.3795;17.3;33.8;41.1;11
19154;0.3789;17.2;33.7;41.0;11
19155;0.3784;17.3;33.8;41.1;11
19156;0.3802;17.3;33.7;41.1;11
19157;0.3797;17.4;33.8;41.0;11
19158;0.3815;17.3;33.7;41.0;11
19159;0.3802;17.4;33.8;41.1;11
19160;0.3828;17.6;33.8;41.1;11
19161;0.3823;17.6;33.8;41.1;11
19162;0.3847;17.6;33.9;41.1;11
19163;0.3853;17.6;33.9;41.2;11
19164;0.3864;17.7;34.0;41.2;11
19165;0.3879;17.7;34.0;41.2;11
19166;0.3871;17.9;34.0;41.2;11
19167;0.3867;17.9;34.1;41.2;11
19168;0.388;17.9;34.1;41.3;11
19169;0.3913;17.9;34.1;41.4;11
19170;0.3912;17.9;34.1;41.4;11
19171;0.392;18.0;34.2;41.4;11
19172;0.3907;18.1;34.2;41.4;11
19173;0.3907;18.1;34.2;41.4;11
19174;0.3909;18.1;34.2;41.5;11
19175;0.3886;18.2;34.2;41.5;11
19176;0.389;18.2;34.3;41.5;11
19177;0.3858;18.3;34.3;41.6;11
19178;0.3872;18.3;34.3;41.6;11
19179;0.3877;18.4;34.3;41.6;11
19180;0.3869;18.4;34.3;41.6;11
19181;0.3891;18.5;34.3;41.7;11
19182;0.3891;18.5;34.3;41.7;11
19183;0.3898;18.5;34.4;41.7;11
19184;0.3917;18.6;34.4;41.8;11
19185;0.392;18.7;34.4;41.8;11
19186;0.3916;18.7;34.5;41.8;11
19187;0.3913;18.7;34.6;41.9;11
19188;0.393;18.8;34.6;41.8;11
19189;0.394;18.8;34.6;41.9;11
19190;0.3922;18.8;34.5;41.9;11
19191;0.3941;18.9;34.6;41.9;11
19192;0.3947;18.9;34.6;42.0;11
19193;0.3946;18.9;34.6;42.0;11
19194;0.3946;18.9;34.7;42.0;11
19195;0.397;19.0;34.6;42.1;11
19196;0.3985;19.0;34.7;42.2;11
19197;0.3988;19.0;34.7;42.2;11
19198;0.3975;19.0;34.6;42.3;11
19199;0.3966;19.0;34.8;42.3;11
19200;0.3969;19.1;34.8;42.3;11
19201;0.3983;19.2;34.8;42.3;11
19202;0.3979;19.1;34.7;42.6;11
19203;0.3962;19.2;34.8;42.6;11
19204;0.3953;19.3;34.9;42.4;11
19205;0.3951;19.3;34.9;42.6;11
19206;0.3965;19.2;34.9;42.7;11
19207;0.3966;19.3;35.0;42.7;11
19208;0.3985;19.4;35.0;42.6;11
19209;0.3984;19.4;35.1;42.7;11
19210;0.3978;19.4;35.1;42.7;11
19211;0.3992;19.4;35.1;42.8;11
19212;0.4017;19.5;35.1;42.8;11
19213;0.4024;19.5;35.1;42.9;11
19214;0.4032;19.5;35.0;42.9;11
19215;0.403;19.6;35.0;42.9;11
19216;0.4026;19.5;35.0;42.9;11
19217;0.4011;19.5;35.1;42.9;11
19218;0.4001;19.6;35.2;43.0;11
19219;0.3985;19.7;35.2;43.0;11
19220;0.3999;19.7;35.3;43.0;11
19221;0.4003;19.7;35.2;43.1;11
19222;0.3998;19.8;35.3;43.1;11
19223;0.4;19.8;35.3;43.1;11
19224;0.4014;19.8;35.3;43.2;11
19225;0.4032;19.9;35.4;43.2;11
19226;0.4037;19.9;35.4;43.2;11
19227;0.4041;20.0;35.4;43.2;11
19228;0.4044;20.0;35.4;43.2;11
19229;0.4058;20.0;35.4;43.3;11
19230;0.4039;20.0;35.4;43.3;11
19231;0.405;20.0;35.4;43.3;11
19232;0.4039;20.0;35.4;43.4;11
19233;0.4054;20.0;35.5;43.4;11
19234;0.4064;20.0;35.5;43.5;11
19235;0.4067;20.0;35.5;43.5;11
19236;0.4065;20.0;35.5;43.5;11
19237;0.4079;20.1;35.6;43.6;11
19238;0.4062;20.1;35.6;43.6;11
19239;0.4071;20.2;35.7;43.7;11
19240;0.4054;20.1;35.7;43.8;11
19241;0.4066;20.2;35.7;43.8;11
19242;0.4073;20.2;35.7;43.8;11
19243;0.406;20.3;35.7;43.8;11
19244;0.4061;20.3;35.7;43.9;11
19245;0.4057;20.3;35.7;43.9;11
19246;0.405;20.3;35.8;44.0;11
19247;0.4072;20.3;35.9;44.0;11
19248;0.4064;20.2;35.9;44.0;11
19249;0.4095;20.3;35.8;44.0;11
19250;0.4101;20.3;35.7;44.0;11
19251;0.4109;20.2;35.7;44.0;11
19252;0.4106;20.2;35.8;44.0;11
19253;0.4088;20.2;35.9;44.1;11
19254;0.4076;20.2;35.9;44.2;11
19255;0.4074;20.2;35.8;44.1;11
19256;0.4068;20.3;35.9;44.1;11
19257;0.4072;20.3;35.9;44.2;11
19258;0.4086;20.3;35.9;44.2;11
19259;0.4087;20.2;36.0;44.2;11
19260;0.4106;20.3;36.0;44.2;11
19261;0.4116;20.3;36.0;44.2;11
19262;0.4125;20.3;36.0;44.2;11
19263;0.4128;20.3;36.1;44.3;11
19264;0.4149;20.4;36.2;44.3;11
19265;0.4142;20.3;36.1;44.4;11
19266;0.415;20.4;36.1;44.4;11
19267;0.4122;20.4;36.3;44.4;11
19268;0.415;20.4;36.3;44.4;11
19269;0.4134;20.5;36.2;44.4;11
19270;0.4134;20.4;36.2;44.4;11
19271;0.4112;20.4;36.3;44.5;11
19272;0.4146;20.4;36.4;44.5;11
19273;0.4144;20.4;36.4;44.5;11
19274;0.4137;20.5;36.3;44.5;11
19275;0.4133;20.5;36.4;44.5;11
19276;0.4145;20.6;36.5;44.6;11
19277;0.4142;20.5;36.5;44.6;11
19278;0.4172;20.5;36.5;44.6;11
19279;0.4129;20.5;36.5;44.6;11
19280;0.4147;20.5;36.6;44.6;11
19281;0.4156;20.6;36.6;44.7;11
19282;0.4161;20.7;36.6;44.7;11
19283;0.4154;20.7;36.6;44.7;11
19284;0.4137;20.6;36.7;44.8;11
19285;0.4132;20.8;36.7;44.8;11
19286;0.4154;20.8;36.7;44.9;11
19287;0.4172;20.8;36.7;44.9;11
19288;0.4174;20.8;36.8;45.1;11
19289;0.417;20.7;36.7;45.2;11
19290;0.417;20.8;36.8;45.2;11
19291;0.4169;20.8;36.8;45.2;11
19292;0.4143;20.8;36.9;45.2;11
19293;0.4139;20.8;36.8;45.2;11
19294;0.4152;20.8;36.9;45.2;11
19295;0.4147;20.9;37.0;45.3;11
19296;0.4156;20.9;37.0;45.3;11
19297;0.4178;20.9;37.0;45.3;11
19298;0.4193;20.9;37.0;45.4;11
19299;0.4174;20.9;37.0;45.4;11
19300;0.4174;20.9;37.0;45.4;11
19301;0.4166;20.9;37.0;45.4;11
19302;0.415;20.9;37.0;45.5;11
19303;0.415;20.9;37.1;45.4;11
19304;0.4153;20.9;37.1;45.4;11
19305;0.4139;20.9;37.1;45.5;11
19306;0.4145;20.9;37.1;45.5;11
19307;0.4159;20.9;37.1;45.5;11
19308;0.414;20.9;37.1;45.5;11
19309;0.4138;20.9;37.1;45.5;11
19310;0.413;20.9;37.1;45.5;11
19311;0.4167;21.1;37.1;45.5;11
19312;0.4122;21.1;37.2;45.6;11
19313;0.4153;21.0;37.3;45.5;11
19314;0.414;21.2;37.2;45.6;11
19315;0.4155;21.2;37.2;45.6;11
19316;0.4145;21.2;37.2;45.6;11
19317;0.4149;21.3;37.3;45.6;11
19318;0.4128;21.3;37.3;45.6;11
19319;0.4128;21.4;37.3;45.6;11
19320;0.4127;21.5;37.4;45.6;11
19321;0.4117;21.5;37.5;45.6;11
19322;0.4126;21.6;37.4;45.6;11
19323;0.4154;21.6;37.5;45.6;11
19324;0.4141;21.8;37.6;45.7;11
19325;0.4164;21.8;37.6;45.7;11
19326;0.4159;21.8;37.6;45.8;11
19327;0.4154;21.8;37.6;45.8;11
19328;0.4141;21.9;37.6;45.8;11
19329;0.4148;21.9;37.6;45.8;11
19330;0.4145;21.9;37.6;45.9;11
19331;0.4125;21.9;37.7;45.9;11
19332;0.4127;21.8;37.7;45.9;11
19333;0.4124;21.8;37.7;45.9;11
19334;0.413;21.7;37.7;45.9;11
19335;0.4155;21.8;37.8;46.0;11
19336;0.4128;21.8;37.8;46.0;11
19337;0.4152;21.7;37.9;46.0;11
19338;0.4115;21.7;37.8;46.0;11
19339;0.4105;21.8;37.8;46.0;11
19340;0.4103;21.8;37.8;46.0;11
19341;0.4078;21.8;37.9;46.0;11
19342;0.4097;21.8;37.9;46.0;11
19343;0.4103;21.8;37.9;46.0;11
19344;0.412;21.7;38.0;46.0;11
19345;0.4081;21.6;38.0;46.0;11
19346;0.4087;21.6;37.9;46.0;11
19347;0.4087;21.6;37.9;46.0;11
19348;0.4091;21.7;37.9;46.0;11
19349;0.4112;21.6;38.0;46.0;11
19350;0.411;21.7;38.1;46.1;11
19351;0.4133;21.8;38.1;46.0;11
19352;0.4131;21.8;38.0;46.1;11
19353;0.41;21.8;38.1;46.1;11
19354;0.4103;21.8;38.1;46.1;11
19355;0.4129;21.8;38.1;46.1;11
19356;0.4132;21.8;38.1;46.2;11
19357;0.414;21.8;38.2;46.2;11
19358;0.4145;21.8;38.2;46.2;11
19359;0.4145;21.8;38.2;46.2;11
19360;0.4153;21.8;38.2;46.3;11
19361;0.4156;21.8;38.2;46.3;11
19362;0.4145;21.8;38.2;46.3;11
19363;0.4139;21.8;38.2;46.3;11
19364;0.4179;21.8;38.2;46.3;11
19365;0.4171;21.8;38.3;46.3;11
19366;0.4171;21.7;38.3;46.4;11
19367;0.417;21.8;38.3;46.4;11
19368;0.4182;21.9;38.3;46.5;11
19369;0.4149;21.9;38.4;46.5;11
19370;0.4164;21.9;38.4;46.5;11
19371;0.4162;22.0;38.4;46.5;11
19372;0.4134;22.0;38.5;46.5;11
19373;0.4127;22.1;38.4;46.5;11
19374;0.4137;22.2;38.6;46.6;11
19375;0.4136;22.1;38.6;46.6;11
19376;0.415;22.3;38.5;46.6;11
19377;0.4158;22.3;38.6;46.6;11
19378;0.4164;22.3;38.6;46.6;11
19379;0.4148;22.4;38.6;46.6;11
19380;0.4137;22.4;38.7;46.7;11
19381;0.4159;22.4;38.7;46.7;11
19382;0.4194;22.5;38.7;46.7;11
19383;0.4153;22.5;38.7;46.8;11
19384;0.4157;22.5;38.7;46.8;11
19385;0.4133;22.5;38.8;46.8;11
19386;0.4153;22.5;38.8;46.9;11
19387;0.417;22.6;38.8;46.9;11
19388;0.417;22.6;38.8;46.9;11
19389;0.4197;22.7;38.8;46.9;11
19390;0.4182;22.6;38.8;47.0;11
19391;0.4174;22.6;38.8;47.0;11
19392;0.4176;22.6;38.8;47.0;11
19393;0.4183;22.7;38.8;47.0;11
19394;0.4146;22.7;38.9;47.0;11
19395;0.4147;22.7;38.9;47.1;11
19396;0.4141;22.8;38.9;47.0;11
19397;0.413;22.7;38.9;47.0;11
19398;0.4151;22.7;39.0;47.0;11
19399;0.4145;22.9;39.0;47.0;11
19400;0.4152;22.9;39.0;47.0;11
19401;0.4146;22.9;39.0;47.0;11
19402;0.4167;23.0;39.2;47.1;11
19403;0.4151;23.0;39.2;47.0;11
19404;0.4163;23.2;39.2;47.0;11
19405;0.4153;23.1;39.2;47.1;11
19406;0.418;23.2;39.3;47.1;11
19407;0.4201;23.3;39.3;47.2;11
19408;0.4198;23.3;39.3;47.2;11
19409;0.4208;23.4;39.4;47.2;11
19410;0.4203;23.5;39.4;47.2;11
19411;0.4205;23.5;39.5;47.3;11
19412;0.42;23.5;39.4;47.3;11
19413;0.4189;23.6;39.5;47.3;11
19414;0.422;23.7;39.5;47.4;11
19415;0.4228;23.7;39.5;47.4;11
19416;0.424;23.8;39.5;47.5;11
19417;0.4222;23.7;39.5;47.5;11
19418;0.4222;23.7;39.5;47.6;11
19419;0.4206;23.7;39.5;47.5;11
19420;0.4226;23.7;39.5;47.6;11
19421;0.421;23.7;39.5;47.6;11
19422;0.4198;23.7;39.5;47.6;11
19423;0.4194;23.8;39.5;47.6;11
19424;0.4226;23.8;39.5;47.6;11
19425;0.422;23.9;39.7;47.7;11
19426;0.4206;23.9;39.7;47.7;11
19427;0.4238;24.0;39.6;47.7;11
19428;0.424;24.0;39.7;47.7;11
19429;0.4228;24.1;39.7;47.7;11
19430;0.4195;24.2;39.9;47.8;11
19431;0.42;24.2;39.9;47.8;11
19432;0.4202;24.3;39.9;47.8;11
19433;0.419;24.4;39.9;47.8;11
19434;0.4201;24.4;39.9;47.8;11
19435;0.4191;24.4;39.9;47.8;11
19436;0.4204;24.4;40.0;47.8;11
19437;0.4224;24.4;40.0;47.8;11
19438;0.422;24.4;40.0;47.9;11
19439;0.4229;24.4;40.0;47.9;11
19440;0.4239;24.4;40.0;48.0;11
19441;0.4252;24.4;40.0;48.0;11
19442;0.4242;24.4;40.1;48.1;11
19443;0.4216;24.4;40.1;48.1;11
19444;0.4211;24.4;40.1;48.1;11
19445;0.4214;24.4;40.2;48.1;11
19446;0.4201;24.5;40.1;48.1;11
19447;0.4182;24.4;40.1;48.1;11
19448;0.4168;24.4;40.1;48.1;11
19449;0.419;24.4;40.2;48.1;11
19450;0.4172;24.5;40.3;48.1;11
19451;0.4184;24.6;40.3;48.1;11
19452;0.4199;24.6;40.3;48.1;11
19453;0.4175;24.6;40.3;48.2;11
19454;0.4152;24.5;40.3;48.2;11
19455;0.4191;24.5;40.3;48.2;11
19456;0.4201;24.6;40.3;48.2;11
19457;0.42;24.4;40.3;48.2;11
19458;0.4201;24.5;40.3;48.3;11
19459;0.4226;24.4;40.3;48.3;11
19460;0.4208;24.3;40.3;48.3;11
19461;0.4209;24.3;40.4;48.3;11
19462;0.4229;24.3;40.5;48.3;11
19463;0.4211;24.3;40.4;48.3;11
19464;0.4204;24.3;40.5;48.3;11
19465;0.4196;24.4;40.6;48.3;11
19466;0.42;24.4;40.5;48.3;11
19467;0.4182;24.4;40.5;48.4;11
19468;0.4218;24.5;40.5;48.6;11
19469;0.421;24.4;40.5;48.7;11
19470;0.4201;24.4;40.5;48.4;11
19471;0.4207;24.3;40.5;48.6;11
19472;0.4217;24.3;40.5;48.7;11
19473;0.4196;24.3;40.6;48.4;11
19474;0.419;24.3;40.6;48.5;11
19475;0.4197;24.3;40.6;48.7;11
19476;0.4209;24.3;40.6;48.5;11
19477;0.4179;24.3;40.6;48.5;11
19478;0.4174;24.3;40.6;48.4;11
19479;0.4192;24.2;40.6;48.8;11
19480;0.4169;24.2;40.7;48.5;11
19481;0.4183;24.2;40.6;48.5;11
19482;0.4192;24.2;40.6;48.8;11
19483;0.4193;24.2;40.7;48.5;11
19484;0.4204;24.2;40.7;48.7;11
19485;0.4192;24.1;40.6;48.8;11
19486;0.421;24.1;40.7;48.9;11
19487;0.4199;24.1;40.7;48.8;11
19488;0.4212;24.0;40.6;48.9;11
19489;0.4201;24.0;40.6;48.9;11
19490;0.4181;24.0;40.8;48.9;11
19491;0.4178;24.0;40.8;48.8;11
19492;0.4191;24.0;40.9;48.9;11
19493;0.4199;23.9;40.9;48.9;11
19494;0.4209;24.1;40.9;48.9;11
19495;0.4194;24.1;41.0;48.9;11
19496;0.4169;24.1;41.0;48.9;11
19497;0.4166;24.2;41.0;48.9;11
19498;0.4171;24.2;41.0;49.0;11
19499;0.4162;24.2;40.9;49.0;11
19500;0.4178;24.2;40.9;49.0;11
19501;0.4159;24.1;40.9;49.1;11
19502;0.4158;24.2;40.9;49.1;11
19503;0.416;24.2;41.0;49.0;11
19504;0.4169;24.2;41.0;49.1;11
19505;0.4152;24.2;41.0;49.1;11
19506;0.4159;24.2;41.1;49.1;11
19507;0.4148;24.2;41.1;49.1;11
19508;0.416;24.2;41.2;49.1;11
19509;0.4175;24.3;41.3;49.1;11
19510;0.4184;24.3;41.3;49.0;11
19511;0.4193;24.3;41.4;49.1;11
19512;0.4169;24.3;41.4;49.1;11
19513;0.4117;24.3;41.5;49.1;11
19514;0.4092;24.3;41.6;49.1;11
19515;0.4088;24.4;41.6;49.1;11
19516;0.4092;24.4;41.6;49.1;11
19517;0.4105;24.4;41.6;49.1;11
19518;0.411;24.6;41.7;49.1;11
19519;0.4116;24.6;41.7;49.1;11
19520;0.4119;24.5;41.7;49.1;11
19521;0.4127;24.5;41.7;49.1;11
19522;0.4132;24.6;41.7;49.1;11
19523;0.4139;24.7;41.7;49.1;11
19524;0.4142;24.6;41.7;49.1;11
19525;0.414;24.7;41.7;49.2;11
19526;0.4155;24.7;41.8;49.1;11
19527;0.4138;24.6;41.7;49.1;11
19528;0.4154;24.5;41.7;49.2;11
19529;0.4137;24.5;41.7;49.2;11
19530;0.4131;24.6;41.7;49.2;11
19531;0.4131;24.5;41.7;49.2;11
19532;0.4149;24.5;41.8;49.2;11
19533;0.4144;24.5;41.7;49.2;11
19534;0.4137;24.4;41.8;49.2;11
19535;0.4119;24.4;41.6;49.2;11
19536;0.4128;24.4;41.6;49.3;11
19537;0.4133;24.4;41.6;49.2;11
19538;0.4145;24.5;41.6;49.2;11
19539;0.4124;24.3;41.5;49.3;11
19540;0.4124;24.3;41.5;49.2;11
19541;0.41;24.3;41.5;49.2;11
19542;0.4105;24.2;41.5;49.2;11
19543;0.4113;24.2;41.4;49.2;11
19544;0.4119;24.2;41.4;49.2;11
19545;0.41;24.2;41.3;49.2;11
19546;0.4085;24.2;41.4;49.2;11
19547;0.4113;24.1;41.4;49.3;11
19548;0.4097;24.1;41.4;49.2;11
19549;0.4125;24.1;41.4;49.2;11
19550;0.4092;24.1;41.4;49.2;11
19551;0.4099;24.0;41.4;49.2;11
19552;0.4129;24.0;41.4;49.3;11
19553;0.4127;24.0;41.4;49.2;11
19554;0.4113;24.0;41.5;49.2;11
19555;0.4121;24.0;41.5;49.2;11
19556;0.4123;24.0;41.5;49.2;11
19557;0.4148;24.1;41.6;49.3;11
19558;0.4126;24.0;41.5;49.3;11
19559;0.4133;24.0;41.5;49.3;11
19560;0.4129;24.0;41.4;49.3;11
19561;0.4147;24.0;41.3;49.3;11
19562;0.413;24.0;41.3;49.3;11
19563;0.4137;23.9;41.4;49.3;11
19564;0.4124;24.0;41.4;49.3;11
19565;0.4126;24.0;41.4;49.3;11
19566;0.4115;24.0;41.4;49.3;11
19567;0.4116;24.0;41.3;49.3;11
19568;0.4143;24.0;41.4;49.3;11
19569;0.4132;24.0;41.3;49.3;11
19570;0.4112;24.0;41.3;49.3;11
19571;0.411;24.0;41.2;49.3;11
19572;0.4124;24.0;41.2;49.3;11
19573;0.4126;24.0;41.3;49.3;11
19574;0.4139;23.9;41.2;49.3;11
19575;0.4136;23.8;41.1;49.3;11
19576;0.4155;23.8;41.1;49.3;11
19577;0.4161;23.8;41.1;49.3;11
19578;0.415;23.7;41.2;49.4;11
19579;0.4117;23.7;41.3;49.3;11
19580;0.4153;23.7;41.5;49.4;11
19581;0.4164;23.7;41.6;49.3;11
19582;0.4127;23.8;41.6;49.3;11
19583;0.4133;23.8;41.7;49.3;11
19584;0.4116;23.7;41.7;49.3;11
19585;0.413;23.8;41.7;49.4;11
19586;0.4153;23.8;41.7;49.3;11
19587;0.4139;23.9;41.6;49.4;11
19588;0.4136;23.8;41.6;49.3;11
19589;0.4126;23.8;41.6;49.3;11
19590;0.4141;23.8;41.6;49.4;11
19591;0.4092;23.7;41.6;49.3;11
19592;0.4068;23.7;41.6;49.3;11
19593;0.4031;23.7;41.7;49.3;11
19594;0.4036;23.7;41.8;49.2;11
19595;0.4044;23.7;41.9;49.2;11
19596;0.4041;23.8;42.0;49.2;11
19597;0.4034;23.9;42.0;49.2;11
19598;0.4052;23.9;42.1;49.2;11
19599;0.4064;24.0;42.1;49.2;11
19600;0.404;24.0;42.1;49.1;11
19601;0.4058;24.0;42.2;49.2;11
19602;0.4061;24.0;42.4;49.2;11
19603;0.4048;24.1;42.4;49.2;11
19604;0.4049;24.1;42.4;49.1;11
19605;0.4051;24.1;42.2;49.1;11
19606;0.4036;24.1;42.2;49.1;11
19607;0.4038;24.1;42.1;49.1;11
19608;0.404;24.1;42.1;49.1;11
19609;0.4031;24.1;41.9;49.1;11
19610;0.403;24.1;42.0;49.1;11
19611;0.4024;24.1;41.8;49.1;11
19612;0.4018;24.1;41.8;49.1;11
19613;0.4016;24.1;41.7;49.1;11
19614;0.4011;24.1;41.7;49.1;11
19615;0.4028;24.1;41.7;49.1;11
19616;0.4042;24.1;41.6;49.1;11
19617;0.4039;24.1;41.7;49.1;11
19618;0.4016;24.1;41.7;49.1;11
19619;0.401;24.1;41.9;49.0;11
19620;0.4003;24.1;41.9;49.1;11
19621;0.4013;24.1;42.0;49.0;11
19622;0.4028;24.1;42.0;49.0;11
19623;0.4054;24.1;41.8;49.1;11
19624;0.4038;24.1;41.8;49.1;11
19625;0.4026;24.0;41.7;49.0;11
19626;0.4036;23.9;41.7;48.9;11
19627;0.4013;24.0;41.7;49.0;11
19628;0.4042;24.1;41.7;49.0;11
19629;0.405;24.1;41.9;49.1;11
19630;0.4034;24.0;41.8;49.0;11
19631;0.4031;24.1;42.0;49.0;11
19632;0.4023;24.1;42.0;49.0;11
19633;0.4041;24.1;42.0;49.0;11
19634;0.4035;24.1;42.1;49.0;11
19635;0.4046;24.1;42.2;49.0;11
19636;0.4024;24.1;42.2;49.0;11
19637;0.4015;24.1;42.2;49.0;11
19638;0.4023;24.2;42.2;49.0;11
19639;0.4019;24.2;42.2;49.1;11
19640;0.4037;24.2;42.1;49.0;12
19641;0.4005;24.2;42.1;49.0;12
19642;0.4027;24.2;41.9;49.1;12
19643;0.4012;24.2;42.0;49.0;12
19644;0.4006;24.2;41.9;49.0;12
19645;0.4027;24.2;41.8;49.0;12
19646;0.4024;24.2;41.9;49.1;12
19647;0.4041;24.1;41.8;49.0;12
19648;0.4025;24.2;41.8;49.1;12
19649;0.4006;24.2;41.7;49.1;12
19650;0.4011;24.1;41.7;49.1;12
19651;0.4033;24.1;41.6;49.1;12
19652;0.4038;24.1;41.6;49.1;12
19653;0.404;24.1;41.6;49.1;12
19654;0.4044;24.1;41.8;49.1;12
19655;0.4033;24.1;41.7;49.1;12
19656;0.4034;24.1;41.8;49.2;12
19657;0.4049;24.1;42.0;49.1;12
19658;0.4051;24.1;42.1;49.2;12
19659;0.4012;24.1;42.0;49.2;12
19660;0.4035;24.1;42.1;49.2;12
19661;0.4051;24.1;42.1;49.2;12
19662;0.4058;24.0;42.1;49.3;12
19663;0.4065;24.0;42.2;49.2;12
19664;0.4095;24.0;42.3;49.2;12
19665;0.408;24.0;42.5;49.2;12
19666;0.4086;24.1;42.6;49.2;12
19667;0.4063;24.1;42.7;49.3;12
19668;0.4086;24.1;42.7;49.3;12
19669;0.4073;24.1;42.8;49.3;12
19670;0.4077;24.1;42.8;49.3;12
19671;0.4079;24.1;43.0;49.3;12
19672;0.4088;24.1;42.9;49.3;12
19673;0.4107;24.1;43.0;49.4;12
19674;0.4093;24.2;43.1;49.4;12
19675;0.4092;24.2;43.0;49.4;12
19676;0.4102;24.2;43.0;49.4;12
19677;0.4086;24.2;43.1;49.4;12
19678;0.4111;24.2;43.1;49.5;12
19679;0.4119;24.2;43.1;49.5;12
19680;0.4145;24.2;43.1;49.6;12
19681;0.4155;24.2;42.8;49.6;12
19682;0.4146;24.2;42.7;49.7;12
19683;0.4157;24.2;42.5;49.7;12
19684;0.4137;24.2;42.3;49.7;12
19685;0.4141;24.2;42.2;49.8;12
19686;0.4144;24.2;42.1;49.7;12
19687;0.4141;24.1;42.0;49.8;12
19688;0.4145;24.1;42.0;49.8;12
19689;0.4137;24.1;42.0;49.8;12
19690;0.4117;24.1;42.0;49.8;12
19691;0.4122;24.1;41.9;49.8;12
19692;0.4111;24.1;41.8;49.8;12
19693;0.4131;24.2;41.8;49.9;12
19694;0.4155;24.2;41.8;49.9;12
19695;0.4174;24.2;41.9;49.9;12
19696;0.4154;24.2;41.8;49.9;12
19697;0.417;24.2;41.7;49.9;12
19698;0.4167;24.2;41.7;49.9;12
19699;0.4166;24.2;41.7;49.9;12
19700;0.4178;24.2;41.7;49.9;12
19701;0.4184;24.2;41.7;49.9;12
19702;0.4205;24.2;41.6;49.9;12
19703;0.4177;24.2;41.6;49.9;12
19704;0.4174;24.2;41.6;49.9;12
19705;0.4181;24.2;41.6;50.0;12
19706;0.4189;24.2;41.6;50.0;12
19707;0.4202;24.2;41.6;50.0;12
19708;0.4209;24.2;41.6;50.0;12
19709;0.4213;24.2;41.6;50.1;12
19710;0.4258;24.1;41.6;50.1;12
19711;0.4238;24.1;41.6;50.1;12
19712;0.4236;24.1;41.6;50.1;12
19713;0.4249;24.1;41.6;50.2;12
19714;0.4222;24.1;41.6;50.2;12
19715;0.4218;24.0;41.6;50.2;12
19716;0.4215;24.1;41.6;50.2;12
19717;0.4236;24.1;41.6;50.3;12
19718;0.4263;24.1;41.6;50.3;12
19719;0.4256;24.1;41.6;50.3;12
19720;0.4249;24.1;41.6;50.3;12
19721;0.4251;24.1;41.6;50.3;12
19722;0.4245;24.1;41.6;50.3;12
19723;0.423;24.1;41.6;50.3;12
19724;0.4249;24.2;41.6;50.4;12
19725;0.4253;24.2;41.6;50.4;12
19726;0.4258;24.2;41.6;50.4;12
19727;0.4252;24.2;41.6;50.5;12
19728;0.4255;24.2;41.6;50.4;12
19729;0.4273;24.3;41.6;50.5;12
19730;0.4269;24.3;41.6;50.5;12
19731;0.4243;24.3;41.6;50.5;12
19732;0.4281;24.3;41.6;50.5;12
19733;0.4298;24.3;41.6;50.6;12
19734;0.4297;24.4;41.6;50.6;12
19735;0.43;24.5;41.6;50.7;12
19736;0.4295;24.4;41.6;50.7;12
19737;0.4328;24.4;41.6;50.7;12
19738;0.4324;24.5;41.6;50.7;12
19739;0.4329;24.4;41.6;50.8;12
19740;0.4316;24.4;41.6;50.8;12
19741;0.4328;24.3;41.6;50.9;12
19742;0.4333;24.3;41.6;50.8;12
19743;0.4315;24.3;41.6;50.9;12
19744;0.4277;24.3;41.6;50.9;12
19745;0.4294;24.3;41.6;50.9;12
19746;0.4299;24.3;41.6;50.9;12
19747;0.4283;24.3;41.6;50.8;12
19748;0.4293;24.3;41.7;50.8;12
19749;0.4321;24.3;41.7;50.9;12
19750;0.4297;24.3;41.7;50.8;12
19751;0.4321;24.3;41.6;50.9;12
19752;0.4317;24.3;41.7;50.9;12
19753;0.4324;24.3;41.6;51.0;12
19754;0.4316;24.3;41.6;50.9;12
19755;0.4341;24.3;41.6;51.0;12
19756;0.4354;24.3;41.6;51.0;12
19757;0.4357;24.4;41.6;51.0;12
19758;0.4328;24.4;41.6;51.1;12
19759;0.4315;24.4;41.7;51.0;12
19760;0.4333;24.4;41.6;51.1;12
19761;0.4326;24.3;41.6;51.1;12
19762;0.4291;24.3;41.6;51.1;12
19763;0.4295;24.3;41.6;51.1;12
19764;0.4275;24.3;41.6;51.1;12
19765;0.4266;24.3;41.6;51.1;12
19766;0.4257;24.4;41.6;51.1;12
19767;0.4272;24.3;41.6;51.1;12
19768;0.4237;24.3;41.6;51.1;12
19769;0.4221;24.3;41.6;51.1;12
19770;0.4221;24.3;41.7;51.0;12
19771;0.4257;24.3;41.7;51.0;12
19772;0.4254;24.3;41.7;51.0;12
19773;0.4252;24.3;41.6;51.0;12
19774;0.4234;24.3;41.6;51.0;12
19775;0.4251;24.3;41.6;51.0;12
19776;0.4241;24.3;41.6;51.0;12
19777;0.4262;24.3;41.6;50.9;12
19778;0.426;24.3;41.6;51.0;12
19779;0.4285;24.3;41.7;50.9;12
19780;0.4241;24.3;41.7;50.9;12
19781;0.4255;24.2;41.8;51.0;12
19782;0.4247;24.2;41.8;51.0;12
19783;0.4223;24.2;42.0;51.0;12
19784;0.4239;24.1;42.0;50.9;12
19785;0.4218;24.2;42.0;50.9;12
19786;0.4205;24.2;42.2;50.9;12
19787;0.4198;24.2;42.2;50.8;12
19788;0.4218;24.1;42.3;50.9;12
19789;0.4209;24.1;42.4;50.8;12
19790;0.4247;24.1;42.4;50.8;12
19791;0.4246;24.1;42.5;50.8;12
19792;0.4237;24.1;42.6;50.8;12
19793;0.4222;24.1;42.6;50.8;12
19794;0.4231;24.1;42.6;50.8;12
19795;0.4236;24.1;42.6;50.7;12
19796;0.4219;24.1;42.6;50.8;12
19797;0.4205;24.1;42.6;50.7;12
19798;0.4214;24.1;42.7;50.8;12
19799;0.4203;24.1;42.7;50.7;12
19800;0.4204;24.1;42.7;50.8;12
19801;0.4193;24.1;42.7;50.7;12
19802;0.4179;24.1;42.7;50.7;12
19803;0.4189;24.0;42.7;50.7;12
19804;0.4161;24.0;42.7;50.7;12
19805;0.4153;23.9;42.7;50.7;12
19806;0.4162;24.0;42.8;50.6;12
19807;0.4165;24.0;42.7;50.6;12
19808;0.4159;24.0;42.7;50.6;12
19809;0.4175;24.0;42.8;50.6;12
19810;0.4146;24.0;42.8;50.6;12
19811;0.414;24.0;42.7;50.6;12
19812;0.4133;24.0;42.7;50.6;12
19813;0.4127;24.0;42.6;50.6;12
19814;0.4134;23.9;42.7;50.6;12
19815;0.4123;24.0;42.7;50.5;12
19816;0.4129;23.9;42.8;50.5;12
19817;0.4125;23.9;42.8;50.5;12
19818;0.4119;24.0;42.8;50.4;12
19819;0.4118;24.0;42.8;50.5;12
19820;0.4115;24.0;42.7;50.5;12
19821;0.4094;23.9;42.7;50.4;12
19822;0.4105;23.9;42.7;50.4;12
19823;0.4108;23.9;42.6;50.4;12
19824;0.4104;23.8;42.4;50.3;12
19825;0.4114;23.8;42.4;50.4;12
19826;0.4094;23.8;42.3;50.3;12
19827;0.4103;23.7;42.2;50.3;12
19828;0.4065;23.7;42.2;50.3;12
19829;0.4067;23.7;42.2;50.3;12
19830;0.406;23.7;42.2;50.2;12
19831;0.4033;23.7;42.2;50.1;12
19832;0.4018;23.6;42.2;50.1;12
19833;0.4028;23.6;42.2;50.1;12
19834;0.4032;23.6;42.3;50.1;12
19835;0.4022;23.6;42.3;50.0;12
19836;0.4027;23.5;42.3;50.0;12
19837;0.4016;23.4;42.3;50.0;12
19838;0.4031;23.5;42.3;49.9;12
19839;0.4056;23.5;42.3;49.9;12
19840;0.4033;23.4;42.3;49.9;12
19841;0.4038;23.5;42.4;49.9;12
19842;0.4032;23.4;42.3;49.9;12
19843;0.4036;23.5;42.2;49.8;12
19844;0.4036;23.5;42.3;49.8;12
19845;0.4025;23.5;42.1;49.8;12
19846;0.4017;23.5;42.1;49.8;12
19847;0.4027;23.5;42.1;49.7;12
19848;0.4022;23.4;42.0;49.7;12
19849;0.3996;23.4;42.0;49.7;12
19850;0.4019;23.4;42.0;49.6;12
19851;0.4026;23.4;41.8;49.6;12
19852;0.3996;23.3;41.8;49.5;12
19853;0.4016;23.3;41.8;49.5;12
19854;0.3994;23.2;41.8;49.5;12
19855;0.3992;23.2;41.8;49.5;12
19856;0.3994;23.2;41.7;49.5;12
19857;0.3998;23.3;41.7;49.5;12
19858;0.3997;23.2;41.7;49.5;12
19859;0.3988;23.1;41.7;49.5;12
19860;0.3968;23.1;41.7;49.5;12
19861;0.3966;23.1;41.7;49.5;12
19862;0.3965;23.1;41.7;49.4;12
19863;0.3957;23.2;41.7;49.4;12
19864;0.395;23.1;41.7;49.3;12
19865;0.3956;23.1;41.7;49.3;12
19866;0.3963;23.0;41.6;49.3;12
19867;0.3984;23.0;41.6;49.3;12
19868;0.398;23.0;41.6;49.2;12
19869;0.3986;22.9;41.6;49.2;12
19870;0.4009;23.0;41.6;49.3;12
19871;0.4016;23.1;41.5;49.3;12
19872;0.4019;23.0;41.5;49.2;12
19873;0.399;23.0;41.5;49.2;12
19874;0.3968;22.9;41.4;49.2;12
19875;0.3974;22.9;41.4;49.2;12
19876;0.3985;22.9;41.4;49.2;12
19877;0.3987;22.9;41.3;49.3;12
19878;0.3985;22.9;41.3;49.3;12
19879;0.3977;22.9;41.2;49.2;12
19880;0.399;22.8;41.2;49.3;12
19881;0.3985;22.8;41.2;49.3;12
19882;0.4008;22.8;41.2;49.3;12
19883;0.3989;22.8;41.2;49.3;12
19884;0.3999;22.7;41.1;49.3;12
19885;0.398;22.7;41.1;49.3;12
19886;0.3985;22.8;41.1;49.3;12
19887;0.4005;22.8;41.1;49.3;12
19888;0.4025;22.8;41.1;49.3;12
19889;0.4019;22.8;41.1;49.3;12
19890;0.4023;22.8;41.1;49.3;12
19891;0.4032;22.7;41.1;49.4;12
19892;0.4037;22.7;41.1;49.4;12
19893;0.4026;22.7;41.1;49.4;12
19894;0.403;22.7;41.0;49.3;12
19895;0.4018;22.7;41.0;49.3;12
19896;0.402;22.7;41.0;49.3;12
19897;0.4007;22.6;41.0;49.3;12
19898;0.4017;22.6;41.0;49.3;12
19899;0.4011;22.5;41.0;49.3;12
19900;0.4014;22.5;40.9;49.3;12
19901;0.3985;22.6;40.9;49.3;12
19902;0.3976;22.5;40.9;49.2;12
19903;0.3999;22.5;40.9;49.2;12
19904;0.399;22.4;40.9;49.2;12
19905;0.3999;22.4;40.9;49.2;12
19906;0.4;22.3;40.9;49.2;12
19907;0.4007;22.3;40.9;49.1;12
19908;0.4032;22.3;40.9;49.1;12
19909;0.4039;22.2;40.8;49.1;12
19910;0.4033;22.2;40.8;49.1;12
19911;0.4047;22.2;40.8;49.1;12
19912;0.4021;22.2;40.7;49.0;12
19913;0.4049;22.2;40.8;49.0;12
19914;0.4043;22.0;40.8;49.0;12
19915;0.4041;22.0;40.8;49.1;12
19916;0.4033;22.0;40.8;49.1;12
19917;0.4017;22.1;40.7;49.1;12
19918;0.4031;22.1;40.7;49.1;12
19919;0.4027;22.0;40.7;49.0;12
19920;0.4019;22.0;40.7;49.0;12
19921;0.4019;22.0;40.7;49.0;12
19922;0.4031;21.9;40.6;49.0;12
19923;0.401;22.0;40.6;49.0;12
19924;0.4001;21.9;40.6;49.0;12
19925;0.4006;21.9;40.6;48.9;12
19926;0.3987;21.9;40.6;48.9;12
19927;0.398;21.9;40.6;48.6;12
19928;0.3997;21.9;40.6;48.8;12
19929;0.4005;22.0;40.6;48.8;12
19930;0.4013;22.0;40.6;48.9;12
19931;0.4018;21.9;40.7;48.9;12
19932;0.4011;21.9;40.7;48.9;12
19933;0.4005;21.9;40.7;48.9;12
19934;0.3994;21.9;40.6;48.6;12
19935;0.3996;21.9;40.6;48.9;12
19936;0.3981;21.8;40.5;48.6;12
19937;0.3976;21.7;40.5;48.8;12
19938;0.3963;21.7;40.5;48.8;12
19939;0.3943;21.6;40.5;48.8;12
19940;0.3949;21.6;40.5;48.7;12
19941;0.395;21.4;40.4;48.5;12
19942;0.3955;21.4;40.4;48.4;12
19943;0.3967;21.3;40.4;48.5;12
19944;0.3941;21.3;40.4;48.4;12
19945;0.3946;21.2;40.4;48.4;12
19946;0.3941;21.2;40.4;48.4;12
19947;0.394;21.1;40.4;48.3;12
19948;0.3916;21.1;40.4;48.3;12
19949;0.3942;20.9;40.4;48.2;12
19950;0.3935;20.9;40.3;48.2;12
19951;0.3907;20.8;40.3;48.2;12
19952;0.3899;20.8;40.3;48.2;12
19953;0.3887;20.6;40.3;48.2;12
19954;0.3896;20.6;40.3;48.1;12
19955;0.389;20.5;40.2;48.1;12
19956;0.3865;20.4;40.1;48.0;12
19957;0.3878;20.2;40.1;48.0;12
19958;0.3888;20.3;40.1;47.9;12
19959;0.3875;20.2;40.1;47.9;12
19960;0.3889;20.2;40.1;47.9;12
19961;0.3894;20.1;40.0;47.8;12
19962;0.3884;20.0;40.0;47.8;12
19963;0.3891;20.0;40.0;47.8;12
19964;0.3882;20.0;40.0;47.8;12
19965;0.3862;20.0;40.0;47.7;12
19966;0.3871;19.9;39.9;47.7;12
19967;0.3862;19.9;39.9;47.7;12
19968;0.3873;19.9;39.9;47.7;12
19969;0.3876;19.8;39.9;47.7;12
19970;0.3868;19.8;39.8;47.6;12
19971;0.3867;19.8;39.8;47.6;12
19972;0.3896;19.7;39.8;47.6;12
19973;0.3898;19.7;39.8;47.6;12
19974;0.3891;19.7;39.8;47.5;12
19975;0.3889;19.7;39.8;47.5;12
19976;0.3877;19.6;39.7;47.5;12
19977;0.3863;19.6;39.7;47.5;12
19978;0.3874;19.6;39.6;47.5;12
19979;0.3872;19.6;39.6;47.5;12
19980;0.3842;19.6;39.6;47.5;12
19981;0.3844;19.5;39.6;47.5;12
19982;0.384;19.5;39.7;47.4;12
19983;0.3834;19.4;39.7;47.4;12
19984;0.3829;19.4;39.6;47.4;12
19985;0.3807;19.4;39.5;47.4;12
19986;0.3808;19.4;39.5;47.3;12
19987;0.382;19.5;39.5;47.3;12
19988;0.3791;19.5;39.5;47.2;12
19989;0.3795;19.4;39.5;47.2;12
19990;0.3787;19.5;39.4;47.2;12
19991;0.3795;19.5;39.4;47.1;12
19992;0.3805;19.4;39.4;47.0;12
19993;0.3788;19.3;39.4;47.0;12
19994;0.3763;19.4;39.4;47.0;12
19995;0.3773;19.4;39.4;47.0;12
19996;0.3762;19.3;39.4;46.9;12
19997;0.3774;19.2;39.4;46.8;12
19998;0.3766;19.2;39.3;46.9;12
19999;0.377;19.2;39.3;46.8;12
20000;0.3778;19.1;39.3;46.8;12
20001;0.3762;19.1;39.3;46.7;12
20002;0.3766;19.1;39.3;46.7;12
20003;0.376;19.0;39.2;46.6;12
20004;0.3768;18.9;39.2;46.6;12
20005;0.3776;18.9;39.2;46.6;12
20006;0.3749;19.0;39.2;46.6;12
20007;0.375;18.9;39.1;46.5;12
20008;0.373;18.8;39.0;46.4;12
20009;0.3726;18.8;39.1;46.4;12
20010;0.368;18.7;39.1;46.3;12
20011;0.3657;18.7;39.0;46.3;12
20012;0.3673;18.7;38.9;46.2;12
20013;0.3649;18.6;38.9;46.2;12
20014;0.3655;18.6;39.0;46.1;12
20015;0.3662;18.6;38.9;46.1;12
20016;0.3679;18.6;38.9;46.0;12
20017;0.3656;18.6;38.8;46.0;12
20018;0.3646;18.6;38.8;45.9;12
20019;0.3631;18.5;38.8;45.9;12
20020;0.3633;18.5;38.8;45.9;12
20021;0.363;18.5;38.7;45.7;12
20022;0.3622;18.5;38.7;45.7;12
20023;0.3606;18.5;38.7;45.7;12
20024;0.3606;18.5;38.7;45.6;12
20025;0.36;18.5;38.7;45.6;12
20026;0.3598;18.5;38.6;45.6;12
20027;0.3593;18.4;38.6;45.6;12
20028;0.359;18.4;38.6;45.5;12
20029;0.3578;18.5;38.6;45.5;12
20030;0.3567;18.5;38.6;45.4;12
20031;0.3557;18.4;38.5;45.2;12
20032;0.3553;18.4;38.4;45.4;12
20033;0.3557;18.4;38.4;45.4;12
20034;0.3549;18.3;38.4;45.3;12
20035;0.3538;18.4;38.5;45.3;12
20036;0.3551;18.4;38.4;45.2;12
20037;0.3549;18.4;38.4;45.0;12
20038;0.3541;18.4;38.3;44.9;12
20039;0.3534;18.4;38.3;44.8;12
20040;0.3529;18.3;38.3;44.9;12
20041;0.3531;18.2;38.3;44.8;12
20042;0.3511;18.3;38.2;44.7;12
20043;0.3532;18.2;38.2;44.7;12
20044;0.3528;18.1;38.2;44.6;12
20045;0.352;18.1;38.2;44.6;12
20046;0.3517;18.2;38.1;44.5;12
20047;0.3523;18.1;38.1;44.6;12
20048;0.3496;18.1;38.1;44.5;12
20049;0.348;18.1;38.1;44.4;12
20050;0.3473;18.1;38.0;44.3;12
20051;0.3486;18.1;38.0;44.3;12
20052;0.3473;18.1;38.0;44.3;12
20053;0.3488;18.1;37.9;44.2;12
20054;0.3467;18.1;38.0;44.1;12
20055;0.3458;18.1;38.0;44.1;12
20056;0.3468;18.1;37.9;44.1;12
20057;0.3458;18.1;37.8;44.1;12
20058;0.3453;18.1;37.8;44.0;12
20059;0.3449;18.1;37.8;44.0;12
20060;0.3454;18.1;37.7;44.0;12
20061;0.3452;18.1;37.7;43.9;12
20062;0.3437;18.1;37.7;43.9;12
20063;0.3426;18.1;37.7;43.8;12
20064;0.3419;18.1;37.7;43.8;12
20065;0.3423;18.1;37.7;43.7;12
20066;0.3404;18.1;37.7;43.6;12
20067;0.3404;18.0;37.6;43.6;12
20068;0.3402;18.1;37.6;43.5;12
20069;0.341;18.0;37.6;43.5;12
20070;0.3408;18.0;37.6;43.5;12
20071;0.3385;18.0;37.6;43.4;12
20072;0.3387;18.0;37.5;43.4;12
20073;0.3395;18.0;37.5;43.3;12
20074;0.3376;18.0;37.4;43.3;12
20075;0.3381;17.9;37.4;43.2;12
20076;0.3359;17.8;37.4;43.2;12
20077;0.3375;17.9;37.3;43.1;12
20078;0.3365;17.9;37.3;43.1;12
20079;0.3368;17.9;37.3;43.1;12
20080;0.3348;17.8;37.3;43.0;12
20081;0.3353;17.7;37.3;43.0;12
20082;0.3327;17.7;37.2;42.9;12
20083;0.3323;17.8;37.2;42.8;12
20084;0.3315;17.8;37.2;42.5;12
20085;0.3306;17.8;37.2;42.5;12
20086;0.3283;17.7;37.1;42.5;12
20087;0.3256;17.7;37.1;42.6;12
20088;0.3257;17.7;37.1;42.3;12
20089;0.3277;17.6;37.1;42.3;12
20090;0.3271;17.6;37.1;42.3;12
20091;0.3266;17.6;37.0;42.2;12
20092;0.3266;17.6;37.0;42.2;12
20093;0.3263;17.5;37.0;42.1;12
20094;0.3263;17.5;37.0;42.1;12
20095;0.3252;17.6;36.9;42.1;12
20096;0.326;17.6;36.9;42.0;12
20097;0.3259;17.6;36.9;41.9;12
20098;0.3252;17.5;36.9;41.9;12
20099;0.3231;17.5;36.9;41.9;12
20100;0.3235;17.4;36.8;41.8;12
20101;0.323;17.5;36.8;41.8;12
20102;0.3223;17.4;36.7;41.7;12
20103;0.3218;17.4;36.7;41.7;12
20104;0.3215;17.5;36.7;41.6;12
20105;0.3214;17.5;36.7;41.6;12
20106;0.322;17.5;36.8;41.5;12
20107;0.3211;17.5;36.8;41.5;12
20108;0.3207;17.5;36.7;41.4;12
20109;0.3213;17.5;36.6;41.4;12
20110;0.3212;17.5;36.5;41.4;12
20111;0.3207;17.5;36.6;41.4;12
20112;0.3188;17.5;36.6;41.4;12
20113;0.3189;17.5;36.6;41.3;12
20114;0.316;17.5;36.6;41.2;12
20115;0.3143;17.6;36.6;41.2;12
20116;0.3157;17.6;36.5;41.2;12
20117;0.3155;17.6;36.5;41.1;12
20118;0.3168;17.6;36.4;41.1;12
20119;0.3166;17.6;36.5;41.0;12
20120;0.317;17.6;36.5;41.0;12
20121;0.3159;17.6;36.5;40.9;12
20122;0.3166;17.6;36.5;40.9;12
20123;0.3168;17.5;36.5;40.8;12
20124;0.3169;17.5;36.5;40.8;12
20125;0.3177;17.5;36.5;40.8;12
20126;0.3186;17.5;36.4;40.7;12
20127;0.3177;17.5;36.3;40.7;12
20128;0.3176;17.5;36.4;40.7;12
20129;0.3206;17.5;36.4;40.7;12
20130;0.3205;17.5;36.2;40.7;12
20131;0.317;17.5;36.2;40.6;12
20132;0.3179;17.4;36.2;40.6;12
20133;0.3186;17.4;36.2;40.6;12
20134;0.3201;17.4;36.2;40.6;12
20135;0.3195;17.4;36.3;40.5;12
20136;0.3184;17.3;36.2;40.6;12
20137;0.3179;17.4;36.1;40.5;12
20138;0.3164;17.3;36.1;40.5;12
20139;0.3154;17.3;36.0;40.5;12
20140;0.3145;17.3;36.0;40.5;12
20141;0.3138;17.4;36.0;40.4;12
20142;0.314;17.3;36.0;40.4;12
20143;0.3136;17.4;36.0;40.3;12
20144;0.3133;17.4;36.0;40.1;12
20145;0.3121;17.3;36.1;40.3;12
20146;0.3118;17.3;36.0;40.0;12
20147;0.3098;17.3;35.9;40.0;12
20148;0.3118;17.2;35.9;39.9;12
20149;0.3123;17.3;35.9;39.8;12
20150;0.312;17.2;35.9;39.9;12
20151;0.3123;17.2;35.9;39.8;12
20152;0.3135;17.2;35.8;39.8;12
20153;0.3118;17.2;35.8;39.8;12
20154;0.3115;17.2;35.8;39.8;12
20155;0.3106;17.2;35.8;39.8;12
20156;0.3108;17.3;35.8;39.7;12
20157;0.3111;17.2;35.8;39.7;12
20158;0.3078;17.3;35.8;39.6;12
20159;0.3084;17.3;35.7;39.6;12
20160;0.3074;17.3;35.6;39.6;12
20161;0.3073;17.3;35.6;39.6;12
20162;0.3057;17.3;35.6;39.5;12
20163;0.3054;17.2;35.6;39.5;12
20164;0.3064;17.2;35.6;39.4;12
20165;0.3063;17.2;35.5;39.4;12
20166;0.3067;17.1;35.6;39.4;12
20167;0.3053;17.1;35.5;39.3;12
20168;0.3057;17.1;35.5;39.3;12
20169;0.3066;17.1;35.5;39.3;12
20170;0.3056;17.1;35.5;39.2;12
20171;0.304;17.1;35.5;39.2;12
20172;0.3036;17.1;35.4;39.1;12
20173;0.304;17.1;35.4;39.1;12
20174;0.3035;17.0;35.4;39.1;12
20175;0.3043;17.0;35.4;39.1;12
20176;0.3052;17.0;35.4;39.0;12
20177;0.3051;17.0;35.4;39.0;12
20178;0.3045;17.0;35.3;39.0;12
20179;0.3034;17.0;35.3;38.9;12
20180;0.3024;17.0;35.3;38.9;12
20181;0.3033;17.0;35.3;38.9;12
20182;0.3027;17.0;35.2;38.8;12
20183;0.3034;17.0;35.3;38.8;12
20184;0.3023;17.0;35.3;38.8;12
20185;0.3035;17.0;35.3;38.7;12
20186;0.3015;17.0;35.2;38.7;12
20187;0.301;17.0;35.2;38.7;12
20188;0.3023;17.0;35.2;38.7;12
20189;0.3034;17.0;35.2;38.7;12
20190;0.3024;17.0;35.2;38.6;12
20191;0.3024;16.9;35.2;38.6;12
20192;0.3046;17.0;35.0;38.6;12
20193;0.3019;16.9;35.1;38.6;12
20194;0.302;16.9;35.1;38.5;12
20195;0.3005;16.9;35.1;38.5;12
20196;0.3035;16.9;35.0;38.5;12
20197;0.3004;16.9;34.9;38.5;12
20198;0.3008;16.9;34.9;38.4;12
20199;0.2997;16.9;34.9;38.4;12
20200;0.2984;16.9;34.9;38.4;12
20201;0.2991;16.9;34.9;38.3;12
20202;0.2992;16.8;34.7;38.3;12
20203;0.2983;16.8;34.8;38.3;12
20204;0.2985;16.7;34.8;38.2;12
20205;0.2991;16.8;34.8;38.2;12
20206;0.2962;16.8;34.7;38.2;12
20207;0.2967;16.8;34.7;38.2;12
20208;0.296;16.7;34.7;38.1;12
20209;0.2962;16.7;34.7;38.1;12
20210;0.2976;16.7;34.7;38.1;12
20211;0.2982;16.7;34.6;38.0;12
20212;0.2967;16.6;34.5;38.0;12
20213;0.2988;16.7;34.5;38.0;12
20214;0.2971;16.6;34.5;38.0;12
20215;0.2987;16.6;34.5;37.9;12
20216;0.3;16.6;34.6;37.9;12
20217;0.3002;16.5;34.6;37.9;12
20218;0.2989;16.5;34.6;37.9;12
20219;0.2985;16.5;34.6;37.9;12
20220;0.2972;16.5;34.6;37.9;12
20221;0.2958;16.5;34.5;37.9;12
20222;0.2965;16.4;34.4;37.8;12
20223;0.2977;16.4;34.4;37.7;12
20224;0.2976;16.4;34.4;37.7;12
20225;0.2978;16.4;34.4;37.7;12
20226;0.2992;16.4;34.4;37.7;12
20227;0.2983;16.4;34.5;37.7;12
20228;0.2989;16.3;34.4;37.6;12
20229;0.2976;16.3;34.4;37.6;12
20230;0.2984;16.3;34.3;37.7;12
20231;0.2995;16.3;34.3;37.6;12
20232;0.3001;16.3;34.3;37.6;12
20233;0.2975;16.2;34.3;37.6;12
20234;0.2995;16.2;34.3;37.5;12
20235;0.2968;16.2;34.3;37.5;12
20236;0.2989;16.2;34.3;37.5;12
20237;0.2983;16.2;34.2;37.4;12
20238;0.2964;16.1;34.2;37.5;12
20239;0.2973;16.1;34.2;37.4;12
20240;0.2956;16.0;34.2;37.4;12
20241;0.2971;16.0;34.2;37.4;12
20242;0.2954;16.1;34.2;37.4;12
20243;0.293;16.1;34.2;37.4;12
20244;0.2961;16.1;34.1;37.3;12
20245;0.2965;16.0;34.1;37.3;12
20246;0.2965;16.0;34.1;37.3;12
20247;0.2959;15.9;34.1;37.3;12
20248;0.2965;15.9;34.1;37.2;12
20249;0.2981;15.9;34.0;37.2;12
20250;0.2977;15.8;33.9;37.2;12
20251;0.2971;15.9;33.9;37.2;12
20252;0.2969;15.9;34.0;37.2;12
20253;0.2956;15.9;34.0;37.2;12
20254;0.2949;15.9;34.0;37.1;12
20255;0.2956;15.9;34.0;37.1;12
20256;0.2964;16.0;34.0;37.1;12
20257;0.294;15.9;33.9;37.0;12
20258;0.2952;15.9;33.9;37.0;12
20259;0.2939;15.9;33.9;37.0;12
20260;0.2957;15.9;33.8;37.0;12
20261;0.2942;16.0;33.8;37.0;12
20262;0.2958;15.9;33.8;36.9;12
20263;0.2947;16.0;33.8;36.9;12
20264;0.2784;15.9;33.8;36.9;12
20265;0.2792;15.9;33.8;36.8;12
20266;0.279;15.8;33.7;36.7;12
20267;0.278;15.8;33.7;36.7;12
20268;0.2791;15.8;33.7;36.6;12
20269;0.2783;15.8;33.7;36.5;12
20270;0.2765;15.8;33.7;36.5;12
20271;0.277;15.9;33.7;36.5;12
20272;0.2769;15.9;33.7;36.3;12
20273;0.2767;15.9;33.7;36.2;12
20274;0.2763;15.9;33.7;36.2;12
20275;0.2764;15.9;33.6;36.1;12
20276;0.2766;15.9;33.6;36.1;12
20277;0.2771;15.9;33.6;36.1;12
20278;0.278;15.9;33.6;36.1;12
20279;0.2781;15.9;33.6;36.0;12
20280;0.2767;15.9;33.6;36.0;12
20281;0.276;15.9;33.6;36.0;12
20282;0.2752;15.9;33.6;35.9;12
20283;0.2736;15.7;33.6;35.9;12
20284;0.2744;15.8;33.4;35.9;12
20285;0.2754;15.7;33.5;35.8;12
20286;0.2747;15.6;33.4;35.8;12
20287;0.2749;15.6;33.5;35.8;12
20288;0.2729;15.7;33.4;35.7;12
20289;0.2727;15.6;33.4;35.7;12
20290;0.275;15.6;33.4;35.7;12
20291;0.2737;15.7;33.3;35.7;12
20292;0.274;15.8;33.4;35.6;12
20293;0.2741;15.8;33.4;35.6;12
20294;0.2762;15.8;33.4;35.6;12
20295;0.2761;15.8;33.3;35.6;12
20296;0.2751;15.8;33.2;35.6;12
20297;0.2765;15.7;33.3;35.6;12
20298;0.2754;15.7;33.3;35.6;12
20299;0.2769;15.7;33.2;35.5;12
20300;0.2749;15.7;33.2;35.5;12
20301;0.2757;15.6;33.2;35.5;12
20302;0.2765;15.6;33.2;35.5;12
20303;0.2757;15.6;33.1;35.5;12
20304;0.2762;15.6;33.1;35.4;12
20305;0.2773;15.7;33.1;35.4;12
20306;0.2772;15.6;33.1;35.4;12
20307;0.2774;15.6;33.1;35.4;12
20308;0.2767;15.6;33.1;35.4;12
20309;0.2774;15.6;33.0;35.4;12
20310;0.2769;15.6;33.0;35.4;12
20311;0.2765;15.6;32.9;35.4;12
20312;0.2776;15.5;33.0;35.3;12
20313;0.278;15.5;33.0;35.4;12
20314;0.2773;15.5;33.0;35.3;12
20315;0.2791;15.5;33.0;35.3;12
20316;0.2766;15.5;32.9;35.4;12
20317;0.2786;15.6;33.0;35.3;12
20318;0.2755;15.5;33.0;35.3;12
20319;0.276;15.5;33.0;35.3;12
20320;0.2753;15.5;33.0;35.3;12
20321;0.2759;15.5;32.9;35.2;12
20322;0.2738;15.5;32.9;35.2;12
20323;0.2753;15.5;32.8;35.2;12
20324;0.2746;15.5;32.8;35.2;12
20325;0.2752;15.5;32.8;35.2;12
20326;0.2753;15.5;32.9;35.2;12
20327;0.2753;15.5;32.9;35.2;12
20328;0.2754;15.5;32.9;35.1;12
20329;0.2741;15.5;32.8;35.1;12
20330;0.2763;15.5;32.7;35.1;12
20331;0.2762;15.5;32.7;35.1;12
20332;0.2754;15.5;32.8;35.1;12
20333;0.275;15.5;32.7;35.1;12
20334;0.2746;15.5;32.6;35.0;12
20335;0.2756;15.5;32.6;35.0;12
20336;0.2755;15.5;32.6;35.0;12
20337;0.2742;15.4;32.7;35.0;12
20338;0.273;15.4;32.7;34.9;12
20339;0.2735;15.3;32.6;34.9;12
20340;0.2738;15.4;32.6;34.9;12
20341;0.2761;15.4;32.7;34.9;12
20342;0.274;15.4;32.7;34.9;12
20343;0.2761;15.4;32.7;34.9;12
20344;0.2742;15.4;32.7;34.9;12
20345;0.2756;15.4;32.7;34.9;12
20346;0.2749;15.3;32.5;34.9;12
20347;0.2761;15.3;32.5;34.8;12
20348;0.2745;15.3;32.5;34.8;12
20349;0.2773;15.3;32.5;34.8;12
20350;0.2742;15.3;32.5;34.8;12
20351;0.2764;15.3;32.4;34.8;12
20352;0.2765;15.3;32.5;34.8;12
20353;0.2781;15.2;32.4;34.8;12
20354;0.2759;15.3;32.5;34.8;12
20355;0.275;15.2;32.5;34.8;12
20356;0.274;15.3;32.5;34.7;12
20357;0.2722;15.3;32.4;34.7;12
20358;0.2741;15.2;32.4;34.7;12
20359;0.2733;15.2;32.4;34.7;12
20360;0.2756;15.2;32.4;34.6;12
20361;0.2741;15.3;32.4;34.7;12
20362;0.2732;15.3;32.3;34.6;12
20363;0.2733;15.1;32.3;34.6;12
20364;0.2746;15.1;32.4;34.6;12
20365;0.2745;15.1;32.4;34.6;12
20366;0.2748;15.1;32.3;34.5;12
20367;0.274;15.1;32.3;34.5;12
20368;0.2743;15.0;32.3;34.5;12
20369;0.2753;15.0;32.3;34.5;12
20370;0.2816;15.0;32.3;34.5;12
20371;0.2787;15.0;32.2;34.5;12
20372;0.2804;14.9;32.2;34.5;12
20373;0.2798;14.9;32.2;34.5;12
20374;0.2792;14.9;32.2;34.5;12
20375;0.2776;14.9;32.2;34.5;12
20376;0.2796;14.8;32.1;34.5;12
20377;0.2797;14.8;32.1;34.5;12
20378;0.2788;14.8;32.1;34.5;12
20379;0.2795;14.8;32.1;34.5;12
20380;0.279;14.8;32.1;34.5;12
20381;0.2805;14.7;32.1;34.5;12
20382;0.2821;14.7;32.1;34.5;12
20383;0.2807;14.7;32.1;34.5;12
20384;0.2803;14.7;32.1;34.5;12
20385;0.281;14.8;32.1;34.5;12
20386;0.2807;14.8;32.1;34.5;12
20387;0.2808;14.8;32.1;34.5;12
20388;0.2797;14.8;32.0;34.5;12
20389;0.2799;14.8;32.0;34.5;12
20390;0.2798;14.8;32.0;34.5;12
20391;0.2794;14.7;32.0;34.5;12
20392;0.2785;14.6;32.0;34.5;12
20393;0.2785;14.6;32.0;34.4;12
20394;0.2801;14.6;31.9;34.4;12
20395;0.278;14.5;31.9;34.5;12
20396;0.2772;14.4;31.9;34.4;12
20397;0.2775;14.4;31.9;34.4;12
20398;0.2783;14.4;31.9;34.4;12
20399;0.2775;14.2;31.9;34.3;12
20400;0.2785;14.3;31.9;34.3;12
20401;0.2788;14.3;31.9;34.3;12
20402;0.2793;14.2;31.9;34.3;12
20403;0.2774;14.1;31.8;34.3;12
20404;0.2765;14.1;31.8;34.3;12
20405;0.2772;14.1;31.8;34.2;12
20406;0.2765;14.1;31.8;34.2;12
20407;0.2763;14.1;31.8;34.2;12
20408;0.2763;14.1;31.8;34.2;12
20409;0.2748;14.0;31.7;34.2;12
20410;0.2749;14.0;31.7;34.2;12
20411;0.277;14.0;31.6;34.0;12
20412;0.2757;14.0;31.6;34.2;12
20413;0.2748;14.0;31.6;34.1;12
20414;0.2755;13.9;31.6;34.1;12
20415;0.2754;13.8;31.6;34.2;12
20416;0.2751;13.9;31.6;34.1;12
20417;0.2773;13.9;31.5;34.1;12
20418;0.2789;13.9;31.5;33.9;12
20419;0.2763;13.9;31.5;33.9;12
20420;0.2771;13.9;31.5;34.0;12
20421;0.2758;13.9;31.5;34.1;12
20422;0.278;13.8;31.5;34.1;12
20423;0.2774;13.8;31.5;34.0;12
20424;0.2787;13.9;31.5;33.9;12
20425;0.2764;14.0;31.5;33.9;12
20426;0.2785;14.0;31.5;34.1;12
20427;0.2786;14.0;31.5;33.9;12
20428;0.2784;14.0;31.5;33.9;12
20429;0.2773;14.1;31.5;33.9;12
20430;0.2792;14.1;31.5;34.0;12
20431;0.2787;14.1;31.5;33.9;12
20432;0.2815;14.2;31.4;33.9;12
20433;0.2813;14.3;31.4;34.0;12
20434;0.2822;14.3;31.4;33.9;12
20435;0.2796;14.2;31.4;33.9;12
20436;0.2807;14.3;31.4;33.9;12
20437;0.2799;14.2;31.4;33.9;12
20438;0.2806;14.2;31.4;33.9;12
20439;0.2821;14.3;31.4;34.0;12
20440;0.3078;14.3;31.4;34.1;12
20441;0.3092;14.3;31.4;34.2;12
20442;0.3113;14.4;31.4;34.2;12
20443;0.3124;14.3;31.4;34.4;12
20444;0.3128;14.3;31.3;34.5;12
20445;0.3153;14.3;31.3;34.5;12
20446;0.314;14.3;31.3;34.6;12
20447;0.3128;14.3;31.2;34.6;12
20448;0.3104;14.3;31.2;34.7;12
20449;0.3084;14.4;31.2;34.7;12
20450;0.311;14.4;31.3;34.7;12
20451;0.3084;14.3;31.3;34.7;12
20452;0.307;14.3;31.3;34.8;12
20453;0.3057;14.3;31.4;34.8;12
20454;0.3071;14.3;31.3;34.8;12
20455;0.3061;14.3;31.3;34.8;12
20456;0.3056;14.3;31.3;34.8;12
20457;0.3066;14.3;31.4;34.8;12
20458;0.3074;14.3;31.3;34.9;12
20459;0.3063;14.3;31.3;34.9;12
20460;0.3075;14.3;31.3;34.9;12
20461;0.3082;14.3;31.3;34.9;12
20462;0.308;14.3;31.4;34.9;12
20463;0.3077;14.4;31.3;34.9;12
20464;0.3063;14.4;31.3;34.9;12
20465;0.3087;14.5;31.3;34.9;12
20466;0.3072;14.4;31.3;34.9;12
20467;0.3068;14.4;31.3;34.9;12
20468;0.3056;14.4;31.3;35.0;12
20469;0.3055;14.4;31.3;35.0;12
20470;0.3068;14.4;31.3;34.9;12
20471;0.3064;14.4;31.3;35.0;12
20472;0.3084;14.4;31.3;35.0;12
20473;0.3073;14.4;31.3;35.0;12
20474;0.3064;14.3;31.3;35.0;12
20475;0.3068;14.3;31.3;35.0;12
20476;0.3078;14.3;31.3;35.0;12
20477;0.3074;14.3;31.3;35.0;12
20478;0.3047;14.3;31.3;35.0;12
20479;0.3036;14.3;31.3;35.0;12
20480;0.3057;14.4;31.3;35.0;12
20481;0.3045;14.3;31.3;35.0;12
20482;0.3068;14.3;31.2;34.9;12
20483;0.3063;14.4;31.3;35.0;12
20484;0.3067;14.3;31.2;35.0;12
20485;0.3068;14.3;31.2;35.0;12
20486;0.3051;14.3;31.2;35.0;12
20487;0.3063;14.3;31.2;35.0;12
20488;0.3057;14.3;31.2;35.0;12
20489;0.3069;14.3;31.2;35.0;12
20490;0.3091;14.3;31.2;35.0;12
20491;0.3111;14.3;31.2;35.0;12
20492;0.3104;14.3;31.2;35.1;12
20493;0.3118;14.3;31.2;35.1;12
20494;0.3123;14.3;31.2;35.1;12
20495;0.3139;14.3;31.2;35.1;12
20496;0.3142;14.3;31.2;35.2;12
20497;0.3152;14.3;31.2;35.2;12
20498;0.3154;14.3;31.2;35.2;12
20499;0.3169;14.3;31.2;35.2;12
20500;0.3179;14.3;31.2;35.2;12
20501;0.3181;14.3;31.2;35.3;12
20502;0.3178;14.3;31.2;35.3;12
20503;0.3197;14.3;31.2;35.3;12
20504;0.3194;14.3;31.2;35.4;12
20505;0.3185;14.3;31.2;35.4;12
20506;0.318;14.3;31.3;35.4;12
20507;0.3196;14.2;31.3;35.4;12
20508;0.32;14.3;31.3;35.4;12
20509;0.3191;14.3;31.2;35.4;12
20510;0.3193;14.3;31.3;35.4;12
20511;0.3216;14.3;31.3;35.4;12
20512;0.3218;14.4;31.3;35.4;12
20513;0.3202;14.4;31.3;35.5;12
20514;0.3209;14.4;31.3;35.5;12
20515;0.3242;14.4;31.3;35.5;12
20516;0.323;14.4;31.3;35.5;12
20517;0.3254;14.4;31.3;35.5;12
20518;0.3275;14.4;31.2;35.6;12
20519;0.3263;14.4;31.3;35.6;12
20520;0.33;14.5;31.2;35.6;12
20521;0.329;14.5;31.2;35.7;12
20522;0.3303;14.5;31.3;35.7;12
20523;0.3321;14.5;31.3;35.7;12
20524;0.3308;14.5;31.3;35.7;12
20525;0.3299;14.6;31.3;35.8;12
20526;0.3326;14.6;31.2;35.8;12
20527;0.3325;14.6;31.3;35.8;12
20528;0.335;14.8;31.3;36.0;12
20529;0.3354;14.8;31.3;36.0;12
20530;0.3369;14.9;31.3;36.1;12
20531;0.3367;14.9;31.4;36.1;12
20532;0.3364;14.9;31.4;36.1;12
20533;0.3382;14.9;31.4;36.1;12
20534;0.3375;15.0;31.5;36.1;12
20535;0.3401;15.0;31.4;36.2;12
20536;0.3399;15.0;31.4;36.2;12
20537;0.3424;15.0;31.3;36.2;12
20538;0.3421;15.0;31.4;36.4;12
20539;0.3416;15.1;31.4;36.5;12
20540;0.343;15.1;31.5;36.3;12
20541;0.3409;15.1;31.4;36.5;12
20542;0.3389;15.1;31.5;36.6;12
20543;0.3374;15.1;31.5;36.6;12
20544;0.3373;15.2;31.5;36.6;12
20545;0.3402;15.2;31.5;36.6;12
20546;0.3415;15.2;31.5;36.6;12
20547;0.3427;15.2;31.5;36.6;12
20548;0.3443;15.3;31.5;36.6;12
20549;0.3455;15.3;31.6;36.7;12
20550;0.3508;15.3;31.6;36.7;12
20551;0.3487;15.3;31.6;36.7;12
20552;0.3516;15.3;31.6;36.8;12
20553;0.3531;15.4;31.7;36.9;12
20554;0.3529;15.5;31.7;36.9;12
20555;0.3553;15.5;31.7;36.9;12
20556;0.3548;15.5;31.7;37.0;12
20557;0.3557;15.4;31.7;37.1;12
20558;0.354;15.4;31.7;37.1;12
20559;0.356;15.5;31.8;37.1;12
20560;0.3591;15.6;31.8;37.2;12
20561;0.358;15.6;31.9;37.3;12
20562;0.3618;15.6;31.9;37.3;12
20563;0.3605;15.6;31.9;37.3;12
20564;0.3617;15.6;31.9;37.4;12
20565;0.3629;15.7;31.9;37.5;12
20566;0.3634;15.7;31.9;37.5;12
20567;0.3622;15.7;31.9;37.5;12
20568;0.3635;15.8;32.0;37.6;12
20569;0.3617;15.9;32.0;37.6;12
20570;0.3666;15.8;32.0;37.6;12
20571;0.3692;15.8;32.0;37.7;12
20572;0.3679;15.8;32.0;37.8;12
20573;0.3682;16.0;32.1;37.8;12
20574;0.3687;16.0;32.1;37.9;12
20575;0.3684;15.9;32.1;37.9;12
20576;0.368;15.9;32.1;37.9;12
20577;0.3677;16.0;32.1;38.0;12
20578;0.3697;16.0;32.1;38.0;12
20579;0.3722;16.1;32.1;38.1;12
20580;0.3735;16.1;32.2;38.1;12
20581;0.3711;16.1;32.2;38.2;12
20582;0.3733;16.1;32.3;38.2;12
20583;0.3738;16.1;32.3;38.3;12
20584;0.3737;16.1;32.2;38.3;12
20585;0.3759;16.1;32.3;38.3;12
20586;0.376;16.1;32.3;38.4;12
20587;0.3776;16.1;32.3;38.4;12
20588;0.3777;16.1;32.4;38.5;12
20589;0.3733;16.2;32.3;38.6;12
20590;0.3763;16.2;32.4;38.6;12
20591;0.379;16.2;32.3;38.7;12
20592;0.3792;16.1;32.4;38.7;12
20593;0.3792;16.3;32.4;38.8;12
20594;0.3783;16.4;32.5;38.8;12
20595;0.3796;16.3;32.5;38.8;12
20596;0.3785;16.3;32.4;38.8;12
20597;0.3815;16.4;32.4;38.9;12
20598;0.3875;16.9;32.8;39.2;12
20599;0.3883;16.9;32.8;39.3;12
20600;0.3876;17.0;32.9;39.3;12
20601;0.3875;17.0;33.0;39.4;12
20602;0.3882;17.0;32.9;39.4;12
20603;0.3886;17.1;33.0;39.4;12
20604;0.3892;17.1;33.1;39.5;12
20605;0.3884;17.1;33.1;39.6;12
20606;0.3882;17.2;33.1;39.6;12
20607;0.3878;17.3;33.1;39.6;12
20608;0.3888;17.3;33.2;39.7;12
20609;0.3876;17.3;33.2;39.7;12
20610;0.3881;17.3;33.2;39.7;12
20611;0.3871;17.3;33.3;40.0;12
20612;0.3881;17.4;33.3;39.8;12
20613;0.3894;17.4;33.3;39.8;12
20614;0.3895;17.4;33.4;40.1;12
20615;0.39;17.4;33.5;39.9;12
20616;0.3899;17.5;33.5;39.9;12
20617;0.3898;17.5;33.5;40.0;12
20618;0.3881;17.5;33.5;40.2;12
20619;0.3911;17.5;33.6;40.2;12
20620;0.3931;17.7;33.6;40.3;12
20621;0.3934;17.6;33.7;40.3;12
20622;0.3949;17.7;33.7;40.3;12
20623;0.3942;17.7;33.7;40.3;12
20624;0.3962;17.8;33.7;40.4;12
20625;0.3958;17.7;33.7;40.4;12
20626;0.3959;17.8;33.7;40.5;12
20627;0.3967;17.9;33.8;40.5;12
20628;0.3963;17.8;33.8;40.6;12
20629;0.3971;18.0;33.8;40.7;12
20630;0.3978;18.1;33.9;40.7;12
20631;0.3977;18.1;33.9;40.8;12
20632;0.3972;18.2;33.9;40.8;12
20633;0.3963;18.3;34.0;40.9;12
20634;0.3968;18.3;34.0;40.9;12
20635;0.3955;18.3;34.0;41.0;12
20636;0.395;18.5;34.0;41.0;12
20637;0.3946;18.5;34.1;41.0;12
20638;0.3932;18.5;34.2;41.1;12
20639;0.3934;18.6;34.2;41.1;12
20640;0.3918;18.7;34.1;41.1;12
20641;0.3909;18.7;34.2;41.1;12
20642;0.3923;18.8;34.3;41.2;12
20643;0.3943;18.9;34.3;41.2;12
20644;0.3944;19.0;34.3;41.2;12
20645;0.394;19.1;34.3;41.2;12
20646;0.3956;19.1;34.4;41.3;12
20647;0.3947;19.2;34.4;41.3;12
20648;0.3945;19.2;34.4;41.3;12
20649;0.3963;19.2;34.4;41.4;12
20650;0.3937;19.4;34.5;41.4;12
20651;0.3932;19.3;34.5;41.4;12
20652;0.3956;19.3;34.6;41.5;12
20653;0.3969;19.4;34.5;41.4;12
20654;0.3956;19.4;34.6;41.5;12
20655;0.3996;19.5;34.7;41.6;12
20656;0.3986;19.5;34.7;41.5;12
20657;0.3985;19.4;34.7;41.6;12
20658;0.3995;19.5;34.7;41.7;12
20659;0.4005;19.6;34.7;41.7;12
20660;0.3989;19.6;34.8;41.7;12
20661;0.4004;19.6;34.8;41.8;12
20662;0.3995;19.6;34.8;41.8;12
20663;0.4039;19.7;34.8;41.8;12
20664;0.4017;19.7;34.9;41.9;12
20665;0.4003;19.8;34.9;41.9;12
20666;0.3976;19.8;34.9;42.0;12
20667;0.4022;19.7;34.9;42.0;12
20668;0.4027;19.7;34.9;42.0;12
20669;0.4035;19.7;34.9;42.1;12
20670;0.4026;19.7;35.0;42.1;12
20671;0.4031;19.8;35.1;42.1;12
20672;0.4021;19.9;35.0;42.3;12
20673;0.4032;19.9;35.0;42.2;12
20674;0.4023;19.9;35.0;42.3;12
20675;0.4041;19.9;35.1;42.4;12
20676;0.4023;19.9;35.2;42.4;12
20677;0.4042;20.0;35.2;42.6;12
20678;0.4033;20.0;35.2;42.6;12
20679;0.4039;20.1;35.3;42.4;12
20680;0.402;20.1;35.3;42.7;12
20681;0.4034;20.2;35.3;42.8;12
20682;0.4043;20.3;35.3;42.8;12
20683;0.4013;20.2;35.4;42.8;12
20684;0.4022;20.2;35.4;42.9;12
20685;0.404;20.3;35.4;42.9;12
20686;0.4037;20.4;35.5;42.9;12
20687;0.4056;20.4;35.5;42.9;12
20688;0.4067;20.5;35.5;43.0;12
20689;0.4082;20.5;35.6;43.1;12
20690;0.4078;20.5;35.6;43.1;12
20691;0.4064;20.6;35.6;43.2;12
20692;0.4061;20.6;35.7;43.2;12
20693;0.4072;20.7;35.7;43.3;12
20694;0.4052;20.7;35.7;43.3;12
20695;0.4061;20.7;35.8;43.3;12
20696;0.4055;20.8;35.8;43.4;12
20697;0.4089;20.8;35.8;43.4;12
20698;0.4083;20.8;35.9;43.5;12
20699;0.4076;20.8;35.8;43.5;12
20700;0.4113;20.9;35.9;43.6;12
20701;0.4113;20.8;36.0;43.6;12
20702;0.4126;20.9;36.0;43.6;12
20703;0.4123;20.9;36.0;43.7;12
20704;0.4118;20.9;36.1;43.8;12
20705;0.4129;20.9;36.1;43.8;12
20706;0.4096;21.0;36.1;43.9;12
20707;0.415;21.0;36.2;43.9;12
20708;0.4139;21.0;36.3;44.0;12
20709;0.4115;21.0;36.3;44.0;12
20710;0.4132;21.1;36.2;44.0;12
20711;0.4124;21.1;36.2;44.0;12
20712;0.4148;21.2;36.3;44.1;12
20713;0.4134;21.2;36.4;44.2;12
20714;0.4139;21.3;36.4;44.2;12
20715;0.4129;21.3;36.4;44.2;12
20716;0.4115;21.2;36.4;44.2;12
20717;0.4103;21.3;36.5;44.2;12
20718;0.411;21.3;36.5;44.3;12
20719;0.4124;21.4;36.5;44.3;12
20720;0.4148;21.5;36.6;44.3;12
20721;0.4156;21.5;36.6;44.4;12
20722;0.4175;21.6;36.6;44.4;12
20723;0.4185;21.6;36.7;44.5;12
20724;0.4147;21.6;36.7;44.5;12
20725;0.4162;21.6;36.8;44.6;12
20726;0.4161;21.7;36.7;44.7;12
20727;0.4147;21.7;36.7;44.6;12
20728;0.4141;21.7;36.8;44.7;12
20729;0.4155;21.7;36.8;44.7;12
20730;0.4147;21.7;36.9;44.7;12
20731;0.4158;21.7;36.8;44.8;12
20732;0.4149;21.7;36.8;44.9;12
20733;0.4151;21.8;36.9;44.9;12
20734;0.4136;21.9;37.0;44.9;12
20735;0.4156;21.9;36.9;44.9;12
20736;0.4144;21.9;37.0;45.0;12
20737;0.4161;21.8;37.1;45.2;12
20738;0.4143;21.9;37.1;45.2;12
20739;0.4126;21.8;37.1;45.1;12
20740;0.4133;21.8;37.2;45.1;12
20741;0.4149;21.8;37.2;45.1;12
20742;0.4142;21.7;37.2;45.3;12
20743;0.415;21.8;37.2;45.3;12
20744;0.4161;21.8;37.3;45.4;12
20745;0.4165;21.9;37.3;45.4;12
20746;0.4172;21.9;37.3;45.4;12
20747;0.4172;21.9;37.3;45.5;12
20748;0.4154;21.9;37.4;45.5;12
20749;0.4149;21.9;37.4;45.5;12
20750;0.414;21.9;37.5;45.6;12
20751;0.4186;22.0;37.4;45.6;12
20752;0.4159;22.0;37.5;45.6;12
20753;0.4195;22.0;37.5;45.6;12
20754;0.4177;22.0;37.5;45.7;12
20755;0.4193;22.1;37.5;45.7;12
20756;0.4206;22.1;37.6;45.8;12
20757;0.4198;22.2;37.7;45.8;12
20758;0.4223;22.2;37.7;45.9;12
20759;0.4189;22.3;37.7;45.9;12
20760;0.4201;22.2;37.7;46.0;12
20761;0.4192;22.2;37.7;46.0;12
20762;0.4203;22.3;37.8;46.0;12
20763;0.4191;22.3;37.9;46.0;12
20764;0.4185;22.4;37.8;46.1;12
20765;0.419;22.4;37.8;46.1;12
20766;0.419;22.4;37.9;46.1;12
20767;0.4186;22.4;37.9;46.2;12
20768;0.4181;22.3;37.9;46.2;12
20769;0.418;22.4;37.9;46.2;12
20770;0.4174;22.3;37.9;46.3;12
20771;0.4187;22.4;38.0;46.3;12
20772;0.4186;22.5;38.1;46.3;12
20773;0.4186;22.5;38.0;46.3;12
20774;0.4153;22.5;38.0;46.4;12
20775;0.4203;22.6;38.2;46.4;12
20776;0.4194;22.6;38.2;46.4;12
20777;0.4211;22.7;38.2;46.4;12
20778;0.4187;22.7;38.2;46.5;12
20779;0.421;22.7;38.3;46.5;12
20780;0.4196;22.8;38.3;46.5;12
20781;0.4178;22.9;38.3;46.5;12
20782;0.4172;22.9;38.4;46.5;12
20783;0.4184;23.0;38.4;46.6;12
20784;0.4172;22.9;38.4;46.7;12
20785;0.4192;22.9;38.4;46.7;12
20786;0.4201;23.1;38.5;46.7;12
20787;0.4223;23.1;38.6;46.7;12
20788;0.4237;23.2;38.6;46.8;12
20789;0.4211;23.2;38.6;46.9;12
20790;0.4204;23.3;38.7;46.9;12
20791;0.4223;23.5;38.7;46.9;12
20792;0.4224;23.4;38.6;47.0;12
20793;0.4228;23.5;38.6;47.0;12
20794;0.4262;23.5;38.8;47.1;12
20795;0.4265;23.6;38.8;47.2;12
20796;0.4244;23.6;38.8;47.2;12
20797;0.4252;23.6;38.9;47.2;12
20798;0.4246;23.6;38.9;47.3;12
20799;0.4252;23.6;38.9;47.3;12
20800;0.4252;23.7;39.0;47.4;12
20801;0.4283;23.7;39.0;47.4;12
20802;0.4279;23.7;39.0;47.5;12
20803;0.4277;23.7;39.1;47.5;12
20804;0.428;23.8;39.2;47.5;12
20805;0.4293;23.8;39.2;47.6;12
20806;0.428;23.9;39.2;47.6;12
20807;0.4256;24.0;39.2;47.7;12
20808;0.4251;23.9;39.3;47.8;12
20809;0.4293;24.0;39.3;47.8;12
20810;0.4299;24.0;39.3;47.9;12
20811;0.4295;24.1;39.4;47.9;12
20812;0.4304;24.1;39.4;47.9;12
20813;0.4302;24.1;39.5;48.0;12
20814;0.432;24.2;39.5;48.1;12
20815;0.4333;24.2;39.5;48.1;12
20816;0.4318;24.2;39.5;48.1;12
20817;0.432;24.2;39.6;48.2;12
20818;0.4313;24.2;39.6;48.2;12
20819;0.4308;24.3;39.6;48.3;12
20820;0.4282;24.3;39.6;48.3;12
20821;0.4274;24.3;39.7;48.3;12
20822;0.4313;24.4;39.8;48.5;12
20823;0.4286;24.4;39.7;48.4;12
20824;0.4295;24.4;39.7;48.4;12
20825;0.4327;24.4;39.7;48.4;12
20826;0.4322;24.5;39.8;48.5;12
20827;0.4321;24.5;39.9;48.8;12
20828;0.4292;24.5;39.9;48.8;12
20829;0.4317;24.5;39.9;48.8;12
20830;0.4291;24.6;39.9;48.9;12
20831;0.428;24.6;40.0;48.9;12
20832;0.4295;24.7;40.0;48.9;12
20833;0.4285;24.6;40.0;49.0;12
20834;0.4327;24.6;40.0;49.0;12
20835;0.4304;24.6;40.0;49.0;12
20836;0.4309;24.6;40.0;49.0;12
20837;0.4296;24.7;40.2;49.1;12
20838;0.4309;24.7;40.2;49.1;12
20839;0.4331;24.8;40.1;49.2;12
20840;0.4345;24.7;40.2;49.2;12
20841;0.4352;24.7;40.2;49.2;12
20842;0.432;24.9;40.2;49.3;12
20843;0.4356;24.9;40.2;49.3;12
20844;0.4334;24.8;40.2;49.4;12
20845;0.4363;24.9;40.3;49.4;12
20846;0.4347;24.9;40.4;49.4;12
20847;0.4374;24.9;40.4;49.5;12
20848;0.4354;24.9;40.4;49.5;12
20849;0.4368;24.9;40.5;49.5;12
20850;0.4385;25.0;40.5;49.6;12
20851;0.4381;25.1;40.6;49.6;12
20852;0.44;25.1;40.6;49.7;12
20853;0.4393;25.2;40.6;49.7;12
20854;0.4384;25.3;40.7;49.7;12
20855;0.4372;25.4;40.8;49.8;12
20856;0.4371;25.4;40.8;49.8;12
20857;0.4359;25.4;40.9;49.9;12
20858;0.4359;25.4;40.9;49.9;12
20859;0.4354;25.5;40.9;49.9;12
20860;0.4379;25.5;40.9;49.9;12
20861;0.4355;25.5;41.0;50.0;12
20862;0.4342;25.5;41.0;49.9;12
20863;0.4315;25.5;41.0;49.9;12
20864;0.4301;25.6;41.1;49.9;12
20865;0.4339;25.7;41.1;50.0;12
20866;0.4328;25.7;41.2;49.9;12
20867;0.4312;25.8;41.2;49.9;12
20868;0.4326;25.9;41.2;50.0;12
20869;0.433;26.0;41.2;50.1;12
20870;0.433;26.1;41.3;50.1;12
20871;0.4317;26.1;41.3;50.1;12
20872;0.432;26.2;41.4;50.1;12
20873;0.4364;26.3;41.5;50.1;12
20874;0.4349;26.3;41.5;50.2;12
20875;0.4356;26.4;41.5;50.2;12
20876;0.4344;26.4;41.6;50.2;12
20877;0.435;26.4;41.6;50.3;12
20878;0.4352;26.5;41.6;50.2;12
20879;0.4352;26.6;41.7;50.3;12
20880;0.4349;26.5;41.7;50.3;12
20881;0.4348;26.6;41.9;50.3;12
20882;0.4359;26.7;41.8;50.3;12
20883;0.4339;26.7;41.9;50.3;12
20884;0.435;26.7;42.0;50.3;12
20885;0.4378;26.7;42.0;50.4;12
20886;0.4389;26.7;42.0;50.4;12
20887;0.4373;26.7;42.1;50.4;12
20888;0.4368;26.7;42.1;50.5;12
20889;0.4371;26.8;42.1;50.5;12
20890;0.4373;26.8;42.2;50.6;12
20891;0.4372;26.9;42.2;50.6;12
20892;0.4359;26.7;42.2;50.6;12
20893;0.4377;26.6;42.3;50.7;12
20894;0.4362;26.5;42.4;50.7;12
20895;0.436;26.5;42.3;50.7;12
20896;0.4384;26.6;42.5;50.8;12
20897;0.436;26.5;42.5;50.8;12
20898;0.4357;26.6;42.6;50.8;12
20899;0.4363;26.5;42.6;50.8;12
20900;0.4365;26.5;42.6;50.8;12
20901;0.437;26.6;42.6;50.9;12
20902;0.4374;26.6;42.7;50.8;12
20903;0.4388;26.6;42.7;50.9;12
20904;0.4378;26.5;42.7;51.0;12
20905;0.4371;26.5;42.7;51.0;12
20906;0.4389;26.6;42.8;51.1;12
20907;0.4379;26.6;42.8;51.1;12
20908;0.437;26.5;42.9;51.1;12
20909;0.4363;26.6;43.0;51.1;12
20910;0.4367;26.6;42.9;51.1;12
20911;0.4334;26.5;43.0;51.2;12
20912;0.435;26.5;43.1;51.1;12
20913;0.4335;26.7;43.1;51.2;12
20914;0.4329;26.7;43.1;51.1;12
20915;0.4343;26.7;43.2;51.1;12
20916;0.4331;26.8;43.2;51.1;12
20917;0.4327;26.8;43.2;51.2;12
20918;0.4343;26.7;43.3;51.2;12
20919;0.4335;26.8;43.3;51.2;12
20920;0.433;26.8;43.4;51.2;12
20921;0.4323;26.8;43.4;51.2;12
20922;0.4349;26.9;43.4;51.2;12
20923;0.4356;26.9;43.5;51.1;12
20924;0.4322;27.0;43.6;51.1;12
20925;0.4319;27.0;43.5;51.1;12
20926;0.4339;27.1;43.6;51.2;12
20927;0.4317;27.1;43.7;51.1;12
20928;0.4353;27.1;43.6;51.1;12
20929;0.4359;27.0;43.7;51.3;12
20930;0.4358;27.1;43.8;51.2;12
20931;0.4346;27.0;43.7;51.3;12
20932;0.4343;27.0;43.8;51.2;12
20933;0.4346;27.1;43.8;51.3;12
20934;0.4364;27.1;43.9;51.4;12
20935;0.4338;27.1;43.9;51.4;12
20936;0.4299;27.0;43.9;51.4;12
20937;0.4321;27.0;43.9;51.4;12
20938;0.4323;26.9;43.9;51.3;12
20939;0.4337;26.8;44.0;51.3;12
20940;0.4325;26.8;44.1;51.4;12
20941;0.4329;26.9;44.0;51.3;12
20942;0.4327;26.8;44.0;51.4;12
20943;0.4339;26.8;44.0;51.5;12
20944;0.432;26.8;44.2;51.4;12
20945;0.4325;26.7;44.2;51.4;12
20946;0.4357;26.8;44.2;51.5;12
20947;0.4341;26.8;44.3;51.5;12
20948;0.433;26.9;44.3;51.6;12
20949;0.4317;26.9;44.3;51.5;12
20950;0.4322;26.9;44.4;51.9;12
20951;0.4328;26.9;44.5;51.5;12
20952;0.4325;26.8;44.4;51.5;12
20953;0.431;26.9;44.5;51.6;12
20954;0.4352;26.9;44.5;51.6;12
20955;0.4347;27.0;44.5;51.8;12
20956;0.4341;26.9;44.6;51.6;12
20957;0.4371;26.9;44.7;51.9;12
20958;0.4356;27.0;44.6;51.9;12
20959;0.437;26.9;44.6;51.7;12
20960;0.4358;26.8;44.6;52.1;12
20961;0.4331;26.8;44.6;51.9;12
20962;0.4342;26.8;44.7;51.9;12
20963;0.4361;26.8;44.8;52.0;12
20964;0.4368;26.9;44.8;52.2;12
20965;0.4345;26.8;44.8;52.1;12
20966;0.4338;26.8;44.9;52.1;12
20967;0.4336;26.7;44.9;52.1;12
20968;0.4346;26.7;44.9;52.2;12
20969;0.4352;26.8;44.9;52.1;12
20970;0.4338;26.5;44.9;52.1;12
20971;0.4366;26.5;44.9;52.1;12
20972;0.4348;26.6;44.9;52.2;12
20973;0.4357;26.7;44.9;52.1;12
20974;0.4356;26.7;45.0;52.2;12
20975;0.4339;26.7;45.0;52.1;12
20976;0.4325;26.8;45.0;52.2;12
20977;0.4339;26.8;45.0;52.2;12
20978;0.434;26.9;45.0;52.1;12
20979;0.4332;26.9;45.0;52.2;12
20980;0.4352;26.8;45.0;52.3;12
20981;0.4349;26.8;45.0;52.3;12
20982;0.4366;26.9;45.0;52.2;12
20983;0.4344;26.9;45.0;52.3;12
20984;0.4368;26.8;45.0;52.3;12
20985;0.435;26.8;45.0;52.4;12
20986;0.4334;26.9;45.0;52.3;12
20987;0.4352;27.0;45.0;52.3;12
20988;0.4343;27.0;45.0;52.4;12
20989;0.4319;27.1;45.0;52.4;12
20990;0.4334;27.0;45.0;52.4;12
20991;0.4331;27.2;45.0;52.5;12
20992;0.4352;27.2;45.0;52.4;12
20993;0.4375;27.2;45.0;52.2;12
20994;0.4349;27.2;45.0;52.6;12
20995;0.4341;27.2;45.0;52.6;12
20996;0.437;27.2;44.9;52.6;12
20997;0.4341;27.2;44.9;52.5;12
20998;0.4336;27.2;44.9;52.5;12
20999;0.431;27.2;44.9;52.6;12
21000;0.4363;27.2;45.0;52.6;12
21001;0.4328;27.2;45.0;52.6;12
21002;0.4349;27.3;45.0;52.6;12
21003;0.4325;27.2;44.9;52.6;12
21004;0.4331;27.2;44.9;52.6;12
21005;0.4338;27.2;44.9;52.6;12
21006;0.4343;27.2;44.9;52.7;12
21007;0.4342;27.2;44.9;52.7;12
21008;0.4359;27.3;44.9;52.7;12
21009;0.4345;27.3;44.9;52.7;12
21010;0.4346;27.3;44.9;52.7;12
21011;0.4316;27.3;44.9;52.7;12
21012;0.4307;27.3;44.9;52.7;12
21013;0.4318;27.4;44.9;52.8;12
21014;0.4333;27.4;44.9;52.8;12
21015;0.4333;27.4;44.9;52.7;12
21016;0.4316;27.4;44.9;52.7;12
21017;0.4313;27.4;44.9;52.7;12
21018;0.4303;27.4;44.9;52.7;12
21019;0.4325;27.4;44.9;52.7;12
21020;0.4294;27.3;44.9;52.8;12
21021;0.4287;27.3;44.9;52.7;12
21022;0.4283;27.3;44.9;52.8;12
21023;0.4262;27.3;44.9;52.7;12
21024;0.4225;27.3;44.9;52.7;12
21025;0.4229;27.4;44.9;52.7;12
21026;0.4236;27.4;44.9;52.6;12
21027;0.4234;27.4;44.9;52.6;12
21028;0.4236;27.4;44.9;52.6;12
21029;0.4218;27.4;44.9;52.6;12
21030;0.4221;27.5;44.9;52.7;12
21031;0.4223;27.5;44.9;52.7;12
21032;0.4226;27.5;44.9;52.7;12
21033;0.421;27.6;44.9;52.7;12
21034;0.4219;27.5;44.9;52.7;12
21035;0.4231;27.5;44.9;52.7;12
21036;0.4234;27.5;44.9;52.6;12
21037;0.4247;27.5;44.9;52.7;12
21038;0.4218;27.5;44.9;52.7;12
21039;0.4246;27.5;45.0;52.7;12
21040;0.4246;27.5;44.9;52.8;12
21041;0.4233;27.5;44.9;52.7;12
21042;0.4237;27.5;44.9;52.8;12
21043;0.4222;27.5;44.9;52.8;12
21044;0.4237;27.5;45.0;52.7;12
21045;0.4223;27.5;44.9;52.7;12
21046;0.4222;27.5;44.9;52.7;12
21047;0.4218;27.4;44.9;52.8;12
21048;0.4218;27.3;44.9;52.8;12
21049;0.4215;27.3;44.9;52.7;12
21050;0.4214;27.3;44.9;52.8;12
21051;0.423;27.3;44.9;52.8;12
21052;0.4233;27.2;44.9;52.8;12
21053;0.4224;27.2;44.8;52.8;12
21054;0.4208;27.1;44.8;52.8;12
21055;0.4225;27.0;44.7;52.8;12
21056;0.4202;27.1;44.8;52.8;12
21057;0.4201;27.0;44.8;52.8;12
21058;0.4199;27.1;44.8;52.8;12
21059;0.4186;27.1;44.7;52.9;12
21060;0.4196;27.1;44.8;52.8;12
21061;0.4186;27.1;44.8;52.9;12
21062;0.4208;27.0;44.9;52.8;12
21063;0.4206;27.0;44.8;52.8;12
21064;0.421;27.1;44.8;52.9;12
21065;0.4207;27.2;44.8;52.8;12
21066;0.4217;27.2;44.8;52.9;12
21067;0.4217;27.2;44.9;53.0;12
21068;0.4207;27.3;44.9;52.8;12
21069;0.4208;27.3;44.9;53.0;12
21070;0.4218;27.3;44.9;53.0;12
21071;0.422;27.3;44.9;52.9;12
21072;0.4225;27.3;44.9;53.0;12
21073;0.4228;27.3;44.9;53.1;12
21074;0.4231;27.3;44.9;53.1;12
21075;0.421;27.3;44.9;53.0;12
21076;0.4203;27.3;44.9;53.1;12
21077;0.421;27.3;44.9;53.0;12
21078;0.4228;27.2;44.9;53.0;12
21079;0.4222;27.3;44.9;53.0;12
21080;0.4232;27.3;44.9;53.1;12
21081;0.4227;27.3;44.9;53.0;12
21082;0.4229;27.3;44.9;53.0;12
21083;0.4241;27.3;44.9;53.1;12
21084;0.4237;27.3;44.9;53.1;12
21085;0.4232;27.3;44.9;53.1;12
21086;0.4229;27.3;44.9;53.1;12
21087;0.4223;27.3;44.9;53.1;12
21088;0.4231;27.3;44.9;53.1;12
21089;0.4233;27.2;44.9;53.1;12
21090;0.4245;27.2;44.9;53.1;12
21091;0.4206;27.2;44.9;53.1;12
21092;0.4235;27.2;44.9;53.1;12
21093;0.4249;27.2;44.9;53.2;12
21094;0.4219;27.2;44.9;53.1;12
21095;0.4224;27.2;44.9;53.2;12
21096;0.4218;27.2;44.9;53.2;12
21097;0.4225;27.2;44.9;53.2;12
21098;0.4236;27.2;44.9;53.1;12
21099;0.4272;27.2;45.0;53.2;12
21100;0.4263;27.2;44.9;53.2;12
21101;0.4261;27.2;44.9;53.2;12
21102;0.4277;27.2;45.0;53.2;12
21103;0.4251;27.1;44.9;53.3;12
21104;0.4262;27.1;44.9;53.3;12
21105;0.423;27.0;45.0;53.3;12
21106;0.4249;27.0;45.0;53.3;12
21107;0.4227;27.0;45.0;53.4;12
21108;0.4225;27.0;45.0;53.3;12
21109;0.4234;26.8;45.0;53.3;12
21110;0.4232;26.8;45.0;53.4;12
21111;0.426;26.8;45.0;53.3;12
21112;0.4244;26.9;45.0;53.4;12
21113;0.4274;27.0;45.1;53.4;12
21114;0.427;27.0;45.1;53.5;12
21115;0.4262;26.9;45.1;53.5;12
21116;0.427;27.0;45.1;53.5;12
21117;0.4286;27.0;45.1;53.5;12
21118;0.4278;27.0;45.2;53.6;12
21119;0.4303;27.1;45.1;53.6;12
21120;0.4285;27.1;45.1;53.6;12
21121;0.4312;27.1;45.2;53.7;12
21122;0.4277;27.0;45.1;53.7;12
21123;0.4263;27.1;45.1;53.7;12
21124;0.4296;27.0;45.1;53.7;12
21125;0.4311;26.9;45.1;53.6;12
21126;0.4296;27.0;45.2;53.7;12
21127;0.4309;27.0;45.1;53.7;12
21128;0.4317;26.9;45.1;53.7;12
21129;0.4319;26.9;45.1;53.7;12
21130;0.4326;26.9;45.1;53.7;12
21131;0.4307;26.9;45.1;53.8;12
21132;0.4328;27.0;45.2;53.8;12
21133;0.4321;26.9;45.2;53.8;12
21134;0.4335;26.9;45.1;53.8;12
21135;0.4333;26.8;45.0;53.8;12
21136;0.4349;26.8;45.0;53.9;12
21137;0.4352;26.9;45.0;54.0;12
21138;0.4336;26.7;45.0;54.0;12
21139;0.4335;26.6;44.9;54.0;12
21140;0.4347;26.5;44.9;54.0;12
21141;0.4308;26.4;44.9;54.0;12
21142;0.4347;26.3;44.9;54.0;12
21143;0.4324;26.1;44.9;54.0;12
21144;0.4342;25.9;44.8;54.0;12
21145;0.436;25.8;44.8;54.0;12
21146;0.4368;25.6;44.8;54.0;12
21147;0.4346;25.5;44.8;54.0;12
21148;0.4377;25.5;44.8;54.0;12
21149;0.4368;25.4;44.8;54.0;12
21150;0.4358;25.3;44.7;54.0;12
21151;0.4369;25.2;44.7;54.2;12
21152;0.4366;25.2;44.7;54.2;12
21153;0.4346;25.0;44.7;54.0;12
21154;0.4378;24.9;44.6;54.0;12
21155;0.4359;24.8;44.5;54.1;12
21156;0.4377;24.7;44.5;54.2;12
21157;0.4352;24.5;44.6;54.2;12
21158;0.4369;24.4;44.4;54.1;12
21159;0.4371;24.3;44.4;54.1;12
21160;0.4366;24.2;44.4;54.1;12
21161;0.4367;24.1;44.4;54.2;12
21162;0.4377;24.0;44.4;54.1;12
21163;0.4408;24.0;44.4;54.2;12
21164;0.4402;24.0;44.4;54.1;12
21165;0.4423;24.0;44.4;54.3;12
21166;0.442;24.0;44.4;54.2;12
21167;0.4422;24.0;44.4;54.1;12
21168;0.4429;23.9;44.3;54.1;12
21169;0.4407;23.9;44.3;54.2;12
21170;0.4429;23.8;44.3;54.3;12
21171;0.4433;23.9;44.3;54.2;12
21172;0.4421;23.8;44.3;54.2;12
21173;0.442;23.8;44.2;54.2;12
21174;0.4427;23.8;44.2;54.2;12
21175;0.4434;23.8;44.2;54.3;12
21176;0.4427;23.7;44.2;54.3;12
21177;0.4413;23.7;44.2;54.3;12
21178;0.4429;23.7;44.2;54.1;12
21179;0.4436;23.6;44.2;54.1;12
21180;0.4423;23.6;44.2;54.1;12
21181;0.4436;23.5;44.1;54.1;12
21182;0.4421;23.5;44.0;54.1;12
21183;0.4416;23.4;44.0;54.2;12
21184;0.441;23.4;44.1;54.1;12
21185;0.4422;23.4;44.1;54.1;12
21186;0.4433;23.3;44.1;54.1;12
21187;0.4441;23.3;44.0;54.1;12
21188;0.4432;23.3;44.0;54.1;12
21189;0.4401;23.2;43.9;54.1;12
21190;0.442;23.2;44.0;54.3;12
21191;0.4426;23.2;43.9;54.0;12
21192;0.4417;23.1;43.9;54.1;12
21193;0.4431;23.0;43.9;54.0;12
21194;0.4411;23.0;43.8;53.9;12
21195;0.4408;23.1;43.8;53.9;12
21196;0.4417;22.9;43.8;53.9;12
21197;0.4377;22.9;43.8;53.9;12
21198;0.4362;22.8;43.8;53.8;12
21199;0.441;22.7;43.8;53.8;12
21200;0.4372;22.8;43.7;53.8;12
21201;0.4392;22.8;43.7;53.7;12
21202;0.4362;22.8;43.6;53.8;12
21203;0.4365;22.8;43.6;53.7;12
21204;0.4389;22.8;43.6;53.7;12
21205;0.4393;22.8;43.7;53.6;12
21206;0.4376;22.8;43.6;53.7;12
21207;0.4348;22.8;43.6;53.6;12
21208;0.4378;22.8;43.5;53.6;12
21209;0.4367;22.8;43.5;53.7;12
21210;0.4349;22.8;43.6;53.6;12
21211;0.432;22.7;43.6;53.6;12
21212;0.4323;22.7;43.6;53.5;12
21213;0.4329;22.7;43.5;53.5;12
21214;0.4342;22.7;43.4;53.5;12
21215;0.4346;22.6;43.4;53.5;12
21216;0.4375;22.5;43.4;53.4;12
21217;0.4356;22.5;43.4;53.5;12
21218;0.4341;22.5;43.4;53.5;12
21219;0.4359;22.5;43.4;53.5;12
21220;0.4357;22.5;43.4;53.4;12
21221;0.4362;22.5;43.3;53.4;12
21222;0.4339;22.5;43.3;53.4;12
21223;0.4342;22.5;43.3;53.4;12
21224;0.433;22.4;43.3;53.3;12
21225;0.4315;22.4;43.3;53.3;12
21226;0.4333;22.3;43.2;53.2;12
21227;0.434;22.2;43.2;53.2;12
21228;0.4332;22.2;43.2;53.2;12
21229;0.4339;22.0;43.1;53.2;12
21230;0.4332;22.1;43.1;53.2;12
21231;0.435;22.1;43.0;53.2;12
21232;0.4314;22.1;43.1;53.2;12
21233;0.4305;22.1;43.1;53.2;12
21234;0.4327;22.1;43.1;53.1;12
21235;0.43;22.0;43.1;53.2;12
21236;0.4304;21.9;43.0;53.1;12
21237;0.4312;21.9;43.0;53.0;12
21238;0.43;21.8;43.0;53.1;12
21239;0.4293;21.8;42.9;53.0;12
21240;0.4302;21.7;42.9;53.0;12
21241;0.4321;21.7;42.8;53.0;12
21242;0.4322;21.6;42.8;53.0;12
21243;0.4288;21.6;42.8;53.0;12
21244;0.4296;21.6;42.8;53.0;12
21245;0.4302;21.4;42.7;52.9;12
21246;0.4285;21.5;42.7;52.8;12
21247;0.4297;21.3;42.6;52.8;12
21248;0.4293;21.3;42.6;52.8;12
21249;0.4302;21.3;42.5;52.8;12
21250;0.4301;21.3;42.6;52.8;12
21251;0.4323;21.4;42.6;52.8;12
21252;0.4325;21.3;42.5;52.8;12
21253;0.4295;21.2;42.5;52.8;12
21254;0.4313;21.2;42.5;52.7;12
21255;0.4298;21.2;42.5;52.7;12
21256;0.4311;21.2;42.4;52.7;12
21257;0.4318;21.2;42.4;52.7;12
21258;0.4342;21.2;42.3;52.7;12
21259;0.4321;21.1;42.3;52.7;12
21260;0.4303;21.1;42.3;52.7;12
21261;0.4305;21.1;42.3;52.7;12
21262;0.4291;21.1;42.3;52.7;12
21263;0.4284;21.1;42.2;52.6;12
21264;0.4273;21.1;42.2;52.6;12
21265;0.4295;21.1;42.2;52.6;12
21266;0.4275;21.0;42.2;52.6;12
21267;0.4272;21.0;42.1;52.6;12
21268;0.4254;20.9;42.1;52.5;12
21269;0.4273;20.9;42.0;52.5;12
21270;0.426;20.9;42.0;52.4;12
21271;0.426;21.0;42.1;52.4;12
21272;0.4305;20.9;42.1;52.4;12
21273;0.4294;20.8;42.1;52.4;12
21274;0.4293;20.8;42.1;52.4;12
21275;0.4291;20.8;42.1;52.4;12
21276;0.4302;20.9;42.1;52.4;12
21277;0.429;20.9;42.0;52.4;12
21278;0.4268;20.7;42.0;52.3;12
21279;0.4243;20.7;42.0;52.3;12
21280;0.4247;20.7;41.9;52.3;12
21281;0.4234;20.7;41.8;52.2;12
21282;0.425;20.6;41.9;52.2;12
21283;0.4255;20.6;41.7;52.0;12
21284;0.4223;20.7;41.7;52.1;12
21285;0.4216;20.6;41.7;51.9;12
21286;0.4211;20.6;41.7;51.9;12
21287;0.4231;20.6;41.6;52.0;12
21288;0.4216;20.6;41.6;51.9;12
21289;0.421;20.6;41.4;51.7;12
21290;0.4198;20.6;41.5;51.6;12
21291;0.4222;20.6;41.3;51.6;12
21292;0.4184;20.6;41.3;51.5;12
21293;0.4194;20.7;41.2;51.5;12
21294;0.4157;20.5;41.1;51.4;12
21295;0.4151;20.5;41.1;51.3;12
21296;0.4147;20.5;41.0;51.2;12
21297;0.4159;20.4;40.9;51.2;12
21298;0.4136;20.3;40.7;51.1;12
21299;0.414;20.2;40.5;51.0;12
21300;0.4134;20.0;40.4;50.9;12
21301;0.4135;19.9;40.1;50.8;12
21302;0.4135;19.9;40.1;50.8;12
21303;0.4162;19.8;39.9;50.6;12
21304;0.4169;19.8;39.8;50.7;12
21305;0.4151;19.7;39.6;50.6;12
21306;0.4168;19.7;39.5;50.6;12
21307;0.4174;19.7;39.4;50.4;12
21308;0.4138;19.7;39.3;50.4;12
21309;0.4126;19.6;39.2;50.3;12
21310;0.4117;19.6;39.2;50.2;12
21311;0.4144;19.4;39.1;50.0;12
21312;0.4131;19.3;39.0;49.9;12
21313;0.4156;19.2;39.0;49.8;12
21314;0.4144;19.2;38.8;49.7;12
21315;0.4156;19.1;38.8;49.7;12
21316;0.4147;18.9;38.6;49.7;12
21317;0.4126;19.0;38.7;49.6;12
21318;0.4104;18.8;38.7;49.5;12
21319;0.4117;18.8;38.6;49.3;12
21320;0.4089;18.9;38.6;49.4;12
21321;0.4097;18.7;38.6;49.3;12
21322;0.41;18.7;38.5;49.2;12
21323;0.4102;18.7;38.4;49.2;12
21324;0.4107;18.6;38.5;49.2;12
21325;0.4075;18.6;38.5;49.1;12
21326;0.4086;18.6;38.5;49.1;12
21327;0.4095;18.6;38.4;49.1;12
21328;0.4056;18.5;38.4;49.1;12
21329;0.4079;18.5;38.3;49.0;12
21330;0.409;18.6;38.4;49.0;12
21331;0.4102;18.6;38.4;49.0;12
21332;0.407;18.7;38.3;49.0;12
21333;0.4066;18.7;38.3;49.0;12
21334;0.4061;18.7;38.3;49.0;12
21335;0.4083;18.6;38.2;48.9;12
21336;0.4063;18.6;38.2;48.7;12
21337;0.4066;18.6;38.2;48.8;12
21338;0.4044;18.6;38.2;48.8;12
21339;0.4049;18.6;38.2;48.7;12
21340;0.4056;18.6;38.1;48.6;12
21341;0.4041;18.6;38.1;48.6;12
21342;0.405;18.6;38.0;48.5;12
21343;0.4034;18.6;37.9;48.5;12
21344;0.4032;18.6;37.9;48.4;12
21345;0.4015;18.6;37.9;48.4;12
21346;0.401;18.6;37.9;48.1;12
21347;0.4;18.6;38.0;48.1;12
21348;0.4004;18.5;37.8;48.0;12
21349;0.4001;18.5;37.8;48.0;12
21350;0.3996;18.5;37.8;47.9;12
21351;0.3975;18.5;37.8;47.9;12
21352;0.3987;18.5;37.8;47.8;12
21353;0.3998;18.5;37.8;47.8;12
21354;0.3976;18.5;37.7;47.7;12
21355;0.3972;18.5;37.7;47.7;12
21356;0.3982;18.5;37.7;47.6;12
21357;0.3971;18.5;37.7;47.6;12
21358;0.3963;18.6;37.7;47.5;12
21359;0.397;18.6;37.6;47.6;12
21360;0.3955;18.6;37.6;47.4;12
21361;0.3972;18.5;37.6;47.4;12
21362;0.3986;18.5;37.6;47.5;12
21363;0.4001;18.5;37.5;47.4;12
21364;0.3985;18.5;37.4;47.4;12
21365;0.3989;18.5;37.4;47.3;12
21366;0.3992;18.5;37.5;47.3;12
21367;0.3992;18.6;37.4;47.3;12
21368;0.3986;18.6;37.4;47.3;12
21369;0.3976;18.6;37.4;47.2;12
21370;0.397;18.6;37.3;47.2;12
21371;0.394;18.6;37.3;47.2;12
21372;0.3944;18.6;37.3;47.1;12
21373;0.3937;18.5;37.4;47.0;12
21374;0.3953;18.5;37.3;46.9;12
21375;0.3937;18.5;37.3;46.9;12
21376;0.3931;18.5;37.4;46.9;12
21377;0.3912;18.5;37.3;46.9;12
21378;0.3922;18.4;37.3;46.8;12
21379;0.3881;18.4;37.2;46.7;12
21380;0.3864;18.3;37.2;46.7;12
21381;0.3863;18.3;37.2;46.7;12
21382;0.385;18.4;37.2;46.6;12
21383;0.3841;18.3;37.2;46.5;12
21384;0.3827;18.4;37.2;46.5;12
21385;0.3814;18.3;37.2;46.4;12
21386;0.3803;18.3;37.2;46.3;12
21387;0.3803;18.3;37.2;46.3;12
21388;0.3801;18.3;37.2;46.2;12
21389;0.3796;18.3;37.2;46.1;12
21390;0.3772;18.3;37.2;46.1;12
21391;0.3759;18.4;37.2;46.0;12
21392;0.3744;18.3;37.2;45.9;12
21393;0.3752;18.3;37.3;45.8;12
21394;0.3737;18.3;37.2;45.8;12
21395;0.378;18.2;37.2;45.7;12
21396;0.374;18.2;37.2;45.8;12
21397;0.3769;18.2;37.2;45.6;12
21398;0.3788;18.3;37.2;45.6;12
21399;0.3762;18.2;37.2;45.7;12
21400;0.3775;18.2;37.2;45.7;12
21401;0.3768;18.2;37.2;45.6;12
21402;0.3799;18.2;37.2;45.7;12
21403;0.3771;18.2;37.2;45.5;12
21404;0.3755;18.2;37.2;45.5;12
21405;0.374;18.2;37.2;45.4;12
21406;0.3738;18.2;37.2;45.4;12
21407;0.3747;18.2;37.2;45.3;12
21408;0.3703;18.2;37.1;45.2;12
21409;0.3716;18.2;37.2;45.2;12
21410;0.3663;18.2;37.2;45.2;12
21411;0.3666;18.2;37.1;45.1;12
21412;0.3655;18.2;37.2;45.0;12
21413;0.3633;18.2;37.1;44.8;12
21414;0.3627;18.2;37.2;44.8;12
21415;0.3635;18.2;37.2;44.8;12
21416;0.363;18.2;37.2;44.7;12
21417;0.3631;18.2;37.2;44.7;12
21418;0.3631;18.2;37.2;44.7;12
21419;0.3619;18.2;37.2;44.7;12
21420;0.3624;18.2;37.2;44.7;12
21421;0.3634;18.2;37.2;44.6;12
21422;0.362;18.2;37.1;44.6;12
21423;0.3613;18.2;37.2;44.5;12
21424;0.3612;18.2;37.2;44.5;12
21425;0.3602;18.2;37.2;44.4;12
21426;0.3587;18.2;37.2;44.5;12
21427;0.3601;18.2;37.2;44.4;12
21428;0.3613;18.2;37.2;44.4;12
21429;0.3606;18.2;37.2;44.3;12
21430;0.3608;18.2;37.3;44.3;12
21431;0.3594;18.3;37.2;44.3;12
21432;0.3591;18.3;37.2;44.2;12
21433;0.358;18.2;37.2;44.2;12
21434;0.3589;18.2;37.2;44.1;12
21435;0.3558;18.2;37.2;44.1;12
21436;0.3583;18.2;37.2;44.0;12
21437;0.3571;18.2;37.2;44.0;12
21438;0.3564;18.2;37.2;44.0;12
21439;0.3558;18.2;37.2;43.9;12
21440;0.3562;18.2;37.1;43.9;12
21441;0.3563;18.2;37.1;43.9;12
21442;0.3544;18.2;37.1;43.8;12
21443;0.3546;18.2;37.1;43.8;12
21444;0.3527;18.2;37.1;43.7;12
21445;0.3543;18.2;37.1;43.7;12
21446;0.3544;18.3;37.1;43.7;12
21447;0.3572;18.2;37.1;43.6;12
21448;0.3574;18.2;37.1;43.6;12
21449;0.3552;18.1;37.1;43.6;12
21450;0.3548;18.1;36.9;43.5;12
21451;0.3544;18.1;37.0;43.5;12
21452;0.3566;18.0;37.0;43.5;12
21453;0.3542;17.9;36.8;43.4;12
21454;0.3557;18.0;36.8;43.4;12
21455;0.3535;18.0;36.9;43.4;12
21456;0.3541;18.0;36.9;43.4;12
21457;0.3518;17.9;36.8;43.3;12
21458;0.3535;17.9;36.7;43.3;12
21459;0.3529;17.8;36.7;43.3;12
21460;0.3529;17.8;36.7;43.2;12
21461;0.3489;17.8;36.7;43.2;12
21462;0.3491;17.8;36.6;43.2;12
21463;0.3477;17.7;36.5;43.2;12
21464;0.3513;17.7;36.6;43.1;12
21465;0.3494;17.7;36.6;43.1;12
21466;0.3475;17.7;36.4;43.1;12
21467;0.3479;17.7;36.5;43.0;12
21468;0.3466;17.6;36.5;43.0;12
21469;0.3466;17.6;36.3;42.9;12
21470;0.3476;17.6;36.4;42.9;12
21471;0.3443;17.5;36.3;42.8;12
21472;0.3444;17.5;36.2;42.5;12
21473;0.3425;17.5;36.2;42.5;12
21474;0.3414;17.5;36.2;42.4;12
21475;0.3419;17.5;36.1;42.4;12
21476;0.3424;17.5;36.1;42.3;12
21477;0.3405;17.5;36.0;42.3;12
21478;0.341;17.5;36.0;42.2;12
21479;0.3386;17.5;36.1;42.2;12
21480;0.3396;17.4;35.9;42.2;12
21481;0.3408;17.4;35.9;42.1;12
21482;0.3392;17.3;35.9;42.1;12
21483;0.3391;17.4;35.8;42.1;12
21484;0.3374;17.3;35.7;42.0;12
21485;0.3378;17.3;35.8;42.0;12
21486;0.3371;17.3;35.7;42.0;12
21487;0.3361;17.3;35.6;41.9;12
21488;0.3346;17.3;35.6;41.8;12
21489;0.3338;17.3;35.6;41.8;12
21490;0.3342;17.3;35.5;41.8;12
21491;0.335;17.3;35.5;41.8;12
21492;0.3341;17.3;35.5;41.7;12
21493;0.3332;17.3;35.5;41.6;12
21494;0.3333;17.2;35.4;41.7;12
21495;0.3331;17.2;35.4;41.6;12
21496;0.331;17.2;35.4;41.6;12
21497;0.3325;17.2;35.3;41.5;12
21498;0.3294;17.2;35.3;41.5;12
21499;0.3292;17.2;35.3;41.5;12
21500;0.3302;17.2;35.3;41.4;12
21501;0.3286;17.2;35.1;41.4;12
21502;0.3269;17.1;34.9;41.2;12
21503;0.3266;17.1;34.9;41.1;12
21504;0.3264;17.1;34.9;41.1;12
21505;0.3262;17.1;34.8;41.0;12
21506;0.3239;17.1;34.7;41.0;12
21507;0.324;17.1;34.8;40.9;12
21508;0.3234;17.1;34.8;40.9;12
21509;0.325;17.1;34.6;40.8;12
21510;0.3241;17.1;34.7;40.8;12
21511;0.3232;17.0;34.7;40.7;12
21512;0.3223;17.1;34.6;40.7;12
21513;0.3228;17.1;34.5;40.7;12
21514;0.3178;17.0;34.4;40.4;12
21515;0.3183;17.1;34.4;40.4;12
21516;0.3177;17.1;34.3;40.3;12
21517;0.3177;17.0;34.3;40.3;12
21518;0.3163;17.1;34.3;40.0;12
21519;0.3168;17.1;34.4;40.2;12
21520;0.317;17.1;34.3;40.2;12
21521;0.3163;17.0;34.2;39.9;12
21522;0.3156;17.0;34.2;39.9;12
21523;0.3146;17.0;34.2;40.0;12
21524;0.3152;16.9;34.1;39.8;12
21525;0.3157;16.9;34.0;39.8;12
21526;0.3177;16.9;34.1;39.7;12
21527;0.3159;16.9;34.1;39.7;12
21528;0.3163;16.9;34.0;39.7;12
21529;0.3165;16.9;33.9;39.7;12
21530;0.3172;16.9;33.9;39.6;12
21531;0.3152;16.9;33.9;39.7;12
21532;0.3148;16.8;33.8;39.5;12
21533;0.3138;16.8;33.7;39.5;12
21534;0.314;16.8;33.7;39.4;12
21535;0.3149;16.8;33.7;39.4;12
21536;0.3135;16.8;33.7;39.4;12
21537;0.3144;16.8;33.7;39.4;12
21538;0.3135;16.8;33.7;39.4;12
21539;0.3146;16.8;33.6;39.3;12
21540;0.3124;16.8;33.7;39.3;12
21541;0.3125;16.8;33.6;39.3;12
21542;0.3122;16.8;33.6;39.3;12
21543;0.3109;16.8;33.6;39.2;12
21544;0.3113;16.7;33.5;39.2;12
21545;0.3115;16.8;33.5;39.2;12
21546;0.3118;16.8;33.5;39.1;12
21547;0.3117;16.8;33.4;39.1;12
21548;0.3112;16.8;33.5;39.1;12
21549;0.3122;16.8;33.4;39.1;12
21550;0.3133;16.8;33.4;39.0;12
21551;0.3106;16.8;33.5;39.0;12
21552;0.3108;16.8;33.5;39.0;12
21553;0.3096;16.8;33.3;38.9;12
21554;0.3105;16.8;33.4;39.0;12
21555;0.3093;16.8;33.3;38.9;12
21556;0.3088;16.8;33.3;38.9;12
21557;0.3094;16.8;33.3;38.9;12
21558;0.3082;16.8;33.3;38.9;12
21559;0.309;16.8;33.3;38.8;12
21560;0.3093;16.8;33.3;38.8;12
21561;0.3074;16.7;33.3;38.8;12
21562;0.3097;16.8;33.3;38.8;12
21563;0.3065;16.8;33.3;38.7;12
21564;0.3095;16.7;33.4;38.7;12
21565;0.3089;16.8;33.3;38.7;12
21566;0.3085;16.8;33.3;38.7;12
21567;0.3084;16.8;33.4;38.7;12
21568;0.309;16.8;33.3;38.7;12
21569;0.3078;16.8;33.4;38.7;12
21570;0.3073;16.8;33.3;38.6;12
21571;0.3051;16.8;33.3;38.6;12
21572;0.3041;16.9;33.3;38.6;12
21573;0.305;16.9;33.2;38.6;12
21574;0.3066;16.9;33.2;38.6;12
21575;0.3043;16.8;33.2;38.5;12
21576;0.3028;16.8;33.2;38.5;12
21577;0.3041;16.8;33.2;38.5;12
21578;0.3044;16.8;33.3;38.5;12
21579;0.303;16.8;33.3;38.4;12
21580;0.304;16.7;33.3;38.4;12
21581;0.3031;16.7;33.2;38.4;12
21582;0.3049;16.8;33.3;38.4;12
21583;0.3044;16.8;33.2;38.4;12
21584;0.303;16.8;33.3;38.4;12
21585;0.3053;16.8;33.3;38.3;12
21586;0.3042;16.8;33.3;38.4;12
21587;0.3033;16.8;33.3;38.3;12
21588;0.3021;16.8;33.4;38.3;12
21589;0.3007;16.8;33.3;38.3;12
21590;0.3025;16.7;33.3;38.2;12
21591;0.3021;16.8;33.3;38.2;12
21592;0.3018;16.8;33.2;38.2;12
21593;0.3025;16.8;33.3;38.2;12
21594;0.3015;16.8;33.3;38.2;12
21595;0.3002;16.8;33.3;38.1;12
21596;0.3021;16.8;33.3;38.1;12
21597;0.2998;16.7;33.3;38.1;12
21598;0.3007;16.8;33.3;38.1;12
21599;0.3003;16.8;33.3;38.1;12
21600;0.3005;16.8;33.3;38.1;12
21601;0.3012;16.8;33.3;38.1;12
21602;0.3009;16.8;33.3;38.1;12
21603;0.3017;16.8;33.3;38.1;12
21604;0.3019;16.9;33.3;38.0;12
21605;0.3011;16.8;33.4;38.1;12
21606;0.3025;16.8;33.3;38.0;12
21607;0.3001;16.8;33.3;38.1;12
21608;0.3007;16.8;33.3;38.0;12
21609;0.301;16.8;33.3;38.0;12
21610;0.3014;16.8;33.3;38.0;12
21611;0.3019;16.7;33.3;38.0;12
21612;0.3022;16.7;33.3;38.0;12
21613;0.3016;16.7;33.3;38.0;12
21614;0.302;16.7;33.3;38.0;12
21615;0.3009;16.7;33.3;38.0;12
21616;0.3013;16.7;33.3;37.9;12
21617;0.3001;16.7;33.3;37.9;12
21618;0.2994;16.7;33.3;37.9;12
21619;0.2971;16.7;33.3;37.9;12
21620;0.2967;16.7;33.3;37.9;12
21621;0.2961;16.7;33.4;37.8;12
21622;0.297;16.7;33.4;37.8;12
21623;0.2969;16.7;33.3;37.8;12
21624;0.2991;16.7;33.2;37.8;12
21625;0.2993;16.7;33.2;37.7;12
21626;0.298;16.7;33.2;37.7;12
21627;0.2983;16.7;33.1;37.7;12
21628;0.299;16.7;33.2;37.7;12
21629;0.299;16.7;33.2;37.7;12
21630;0.2994;16.7;33.2;37.7;12
21631;0.2983;16.7;33.2;37.7;12
21632;0.2978;16.7;33.2;37.7;12
21633;0.2987;16.7;33.2;37.7;12
21634;0.2971;16.7;33.2;37.7;12
21635;0.2963;16.7;33.2;37.6;12
21636;0.2955;16.7;33.2;37.6;12
21637;0.2939;16.8;33.3;37.6;12
21638;0.296;16.8;33.2;37.6;12
21639;0.2934;16.8;33.2;37.6;12
21640;0.2937;16.7;33.2;37.6;12
21641;0.2945;16.8;33.2;37.5;12
21642;0.2948;16.8;33.2;37.5;12
21643;0.297;16.7;33.2;37.5;12
21644;0.2948;16.7;33.2;37.5;12
21645;0.296;16.7;33.2;37.5;12
21646;0.2949;16.7;33.2;37.5;12
21647;0.2969;16.6;33.2;37.5;12
21648;0.2938;16.6;33.2;37.5;12
21649;0.2945;16.6;33.2;37.5;12
21650;0.2943;16.6;33.2;37.5;12
21651;0.2947;16.6;33.2;37.5;12
21652;0.2954;16.6;33.2;37.5;12
21653;0.294;16.6;33.2;37.5;12
21654;0.294;16.5;33.2;37.5;12
21655;0.2945;16.6;33.2;37.5;12
21656;0.2951;16.6;33.1;37.4;12
21657;0.2942;16.6;33.1;37.4;12
21658;0.2937;16.6;33.1;37.4;12
21659;0.2943;16.6;33.1;37.4;12
21660;0.2936;16.7;33.1;37.4;12
21661;0.2939;16.7;33.1;37.4;12
21662;0.2928;16.7;33.1;37.4;12
21663;0.2923;16.7;33.1;37.3;12
21664;0.2928;16.6;33.0;37.4;12
21665;0.2929;16.6;33.1;37.4;12
21666;0.2925;16.6;33.1;37.3;12
21667;0.2909;16.6;33.1;37.3;12
21668;0.2911;16.6;33.1;37.3;12
21669;0.2899;16.5;33.1;37.3;12
21670;0.2931;16.6;33.1;37.3;12
21671;0.292;16.6;33.1;37.2;12
21672;0.2937;16.6;33.1;37.3;12
21673;0.2931;16.6;33.1;37.3;12
21674;0.2926;16.6;33.1;37.2;12
21675;0.2923;16.5;33.1;37.3;12
21676;0.2919;16.6;33.1;37.2;12
21677;0.2885;16.6;33.1;37.2;12
21678;0.2901;16.6;33.1;37.2;12
21679;0.2876;16.5;33.1;37.1;12
21680;0.2911;16.5;33.1;37.2;12
21681;0.2886;16.6;33.1;37.2;12
21682;0.2894;16.6;33.1;37.1;12
21683;0.2884;16.6;33.1;37.1;12
21684;0.2891;16.6;33.1;37.1;12
21685;0.2889;16.6;33.1;37.1;12
21686;0.2898;16.6;33.1;37.1;12
21687;0.2894;16.6;33.1;37.1;12
21688;0.2884;16.5;33.1;37.1;12
21689;0.2911;16.5;33.1;37.0;12
21690;0.289;16.5;33.1;37.1;12
21691;0.2896;16.5;33.1;37.0;12
21692;0.29;16.5;33.1;37.1;12
21693;0.2909;16.5;33.1;37.0;12
21694;0.2903;16.5;33.1;37.0;12
21695;0.2895;16.5;33.1;37.0;12
21696;0.2905;16.5;33.1;37.0;12
21697;0.2934;16.4;33.1;37.0;12
21698;0.2908;16.4;33.1;37.0;12
21699;0.2919;16.4;33.1;37.0;12
21700;0.2909;16.5;33.1;37.0;12
21701;0.2905;16.5;33.1;37.1;12
21702;0.2896;16.5;33.1;37.0;12
21703;0.2883;16.4;33.1;37.0;12
21704;0.2877;16.4;33.1;37.0;12
21705;0.2876;16.4;33.1;36.9;12
21706;0.2877;16.4;33.1;37.0;12
21707;0.2872;16.5;33.1;36.9;12
21708;0.286;16.5;33.0;36.9;12
21709;0.2845;16.4;32.9;36.9;12
21710;0.2857;16.5;32.9;36.9;12
21711;0.2849;16.5;32.9;36.9;12
21712;0.2844;16.5;32.9;36.8;12
21713;0.2848;16.5;32.9;36.8;12
21714;0.2851;16.5;32.9;36.8;12
21715;0.2844;16.5;32.9;36.8;12
21716;0.2859;16.4;32.9;36.8;12
21717;0.2879;16.5;33.0;36.7;12
21718;0.2882;16.4;32.9;36.7;12
21719;0.288;16.5;33.0;36.7;12
21720;0.287;16.5;33.0;36.7;12
21721;0.2865;16.5;33.0;36.7;12
21722;0.2871;16.6;33.0;36.7;12
21723;0.2859;16.6;33.0;36.6;12
21724;0.286;16.6;32.9;36.6;12
21725;0.2871;16.6;33.0;36.7;12
21726;0.2869;16.6;32.9;36.5;12
21727;0.2857;16.6;33.0;36.7;12
21728;0.2842;16.5;32.8;36.6;12
21729;0.285;16.5;32.8;36.6;12
21730;0.2853;16.5;32.8;36.6;12
21731;0.2834;16.6;32.7;36.5;12
21732;0.2858;16.7;32.6;36.6;12
21733;0.2846;16.7;32.5;36.5;12
21734;0.2856;16.7;32.6;36.5;12
21735;0.285;16.7;32.5;36.6;12
21736;0.2856;16.6;32.5;36.6;12
21737;0.2857;16.5;32.5;36.4;12
21738;0.2882;16.6;32.5;36.5;12
21739;0.2887;16.5;32.4;36.4;12
21740;0.2897;16.4;32.4;36.5;12
21741;0.2893;16.4;32.3;36.4;12
21742;0.2892;16.4;32.4;36.5;12
21743;0.2872;16.5;32.3;36.3;12
21744;0.2868;16.4;32.2;36.4;12
21745;0.2876;16.5;32.2;36.3;12
21746;0.2874;16.5;32.1;36.3;12
21747;0.2884;16.5;32.1;36.3;12
21748;0.2877;16.5;32.1;36.3;12
21749;0.2877;16.5;32.1;36.2;12
21750;0.2864;16.5;32.1;36.2;12
21751;0.2854;16.5;32.0;36.2;12
21752;0.2862;16.5;32.0;36.2;12
21753;0.2856;16.5;32.0;36.1;12
21754;0.2862;16.5;32.0;36.1;12
21755;0.2863;16.5;32.0;36.2;12
21756;0.2871;16.5;32.0;36.1;12
21757;0.286;16.4;32.0;36.1;12
21758;0.2861;16.3;31.9;36.1;12
21759;0.2854;16.3;31.9;36.1;12
21760;0.2859;16.3;31.9;36.1;12
21761;0.2861;16.4;31.9;36.1;12
21762;0.2873;16.3;31.9;36.1;12
21763;0.2861;16.4;31.9;36.0;12
21764;0.2872;16.4;31.9;36.0;12
21765;0.2862;16.4;31.9;36.0;12
21766;0.2855;16.3;31.9;36.0;12
21767;0.2864;16.3;31.9;36.0;12
21768;0.2863;16.3;31.9;36.0;12
21769;0.2881;16.3;31.9;36.0;12
21770;0.2874;16.2;31.9;36.0;12
21771;0.2885;16.2;31.9;36.0;12
21772;0.2873;16.1;31.8;36.0;12
21773;0.2875;16.2;31.8;36.0;12
21774;0.2871;16.1;31.8;36.0;12
21775;0.2877;16.1;31.8;36.0;12
21776;0.2876;16.0;31.7;36.0;12
21777;0.2873;16.0;31.7;36.0;12
21778;0.2864;16.0;31.7;36.0;12
21779;0.2872;16.0;31.7;36.0;12
21780;0.2868;16.0;31.8;35.9;12
21781;0.2864;16.0;31.8;36.0;12
21782;0.2863;16.0;31.7;35.9;12
21783;0.2863;16.0;31.7;35.9;12
21784;0.2871;15.9;31.7;35.9;12
21785;0.2855;15.9;31.7;35.9;12
21786;0.2877;15.9;31.6;35.9;12
21787;0.288;15.8;31.6;35.9;12
21788;0.2881;15.9;31.6;35.9;12
21789;0.2855;15.8;31.6;35.8;12
21790;0.286;15.9;31.6;35.9;12
21791;0.2923;16.0;31.7;35.8;12
21792;0.2924;16.0;31.6;35.8;12
21793;0.289;16.0;31.6;35.9;12
21794;0.2884;16.0;31.7;35.9;12
21795;0.2895;16.0;31.6;35.8;12
21796;0.2891;16.0;31.6;35.9;12
21797;0.2907;16.0;31.6;35.9;12
21798;0.2887;16.0;31.7;35.8;12
21799;0.2893;16.0;31.6;35.8;12
21800;0.2881;16.0;31.6;35.9;12
21801;0.2892;16.0;31.6;35.8;12
21802;0.2899;16.1;31.6;35.9;12
21803;0.2899;16.1;31.6;35.8;12
21804;0.2885;16.1;31.6;35.9;12
21805;0.2876;16.1;31.6;35.9;12
21806;0.2851;16.1;31.6;35.8;12
21807;0.2858;16.1;31.6;35.8;12
21808;0.2865;16.1;31.6;35.8;12
21809;0.2856;16.1;31.5;35.8;12
21810;0.2843;16.1;31.6;35.8;12
21811;0.2873;16.1;31.6;35.8;12
21812;0.2856;16.1;31.5;35.8;12
21813;0.2866;16.1;31.5;35.7;12
21814;0.2859;16.1;31.5;35.7;12
21815;0.2841;16.1;31.5;35.7;12
21816;0.2854;16.1;31.5;35.7;12
21817;0.2833;16.1;31.5;35.6;12
21818;0.2851;16.1;31.6;35.6;12
21819;0.2841;16.1;31.5;35.6;12
21820;0.2862;16.1;31.5;35.6;12
21821;0.2874;16.1;31.5;35.6;12
21822;0.2878;16.1;31.5;35.6;12
21823;0.288;16.1;31.5;35.6;12
21824;0.2874;16.1;31.5;35.6;12
21825;0.2855;16.1;31.5;35.6;12
21826;0.2847;16.1;31.5;35.6;12
21827;0.2827;16.0;31.5;35.6;12
21828;0.2843;16.1;31.5;35.6;12
21829;0.2848;16.0;31.5;35.5;12
21830;0.2848;16.1;31.5;35.5;12
21831;0.2836;16.1;31.5;35.5;12
21832;0.2837;16.0;31.5;35.5;12
21833;0.2822;16.1;31.5;35.5;12
21834;0.2815;16.1;31.5;35.4;12
21835;0.2816;16.1;31.5;35.5;12
21836;0.2815;16.1;31.5;35.4;12
21837;0.2825;16.0;31.5;35.4;12
21838;0.2831;16.0;31.5;35.4;12
21839;0.2819;16.1;31.5;35.4;12
21840;0.283;16.1;31.5;35.4;12
21841;0.2835;16.1;31.5;35.4;12
21842;0.2844;16.1;31.5;35.3;12
21843;0.2821;16.1;31.5;35.4;12
21844;0.2831;16.1;31.5;35.4;12
21845;0.286;16.1;31.5;35.4;12
21846;0.2847;16.1;31.5;35.4;12
21847;0.2862;16.1;31.5;35.4;12
21848;0.2846;16.0;31.5;35.4;12
21849;0.2851;16.0;31.6;35.4;12
21850;0.2843;16.0;31.6;35.4;12
21851;0.2869;16.0;31.6;35.4;12
21852;0.288;16.0;31.6;35.4;12
21853;0.289;16.0;31.6;35.4;12
21854;0.288;16.1;31.6;35.4;12
21855;0.29;16.0;31.7;35.4;12
21856;0.2894;16.1;31.6;35.4;12
21857;0.2907;16.0;31.7;35.4;12
21858;0.2883;16.0;31.7;35.4;12
21859;0.2895;16.0;31.7;35.4;12
21860;0.2891;16.0;31.7;35.4;12
21861;0.2918;16.0;31.8;35.4;12
21862;0.291;16.0;31.7;35.5;12
21863;0.2939;16.0;31.8;35.5;12
21864;0.2933;16.0;31.7;35.6;12
21865;0.2928;16.0;31.7;35.5;12
21866;0.2915;16.0;31.8;35.6;12
21867;0.2919;16.0;31.7;35.6;12
21868;0.2908;16.0;31.7;35.6;12
21869;0.2896;16.0;31.7;35.5;12
21870;0.2896;16.0;31.7;35.6;12
21871;0.2881;16.0;31.7;35.5;12
21872;0.2911;16.0;31.7;35.6;12
21873;0.2894;16.0;31.7;35.5;12
21874;0.2914;16.0;31.7;35.5;12
21875;0.2923;16.0;31.7;35.6;12
21876;0.2927;16.0;31.7;35.6;12
21877;0.2932;16.0;31.7;35.6;12
21878;0.2939;16.0;31.7;35.6;12
21879;0.2934;16.0;31.7;35.6;12
21880;0.2949;16.0;31.7;35.6;12
21881;0.2959;16.0;31.7;35.6;12
21882;0.2965;16.0;31.7;35.6;12
21883;0.2953;16.0;31.7;35.6;12
21884;0.296;16.0;31.7;35.6;12
21885;0.2952;16.0;31.7;35.6;12
21886;0.2944;16.0;31.7;35.6;12
21887;0.2958;16.0;31.8;35.6;12
21888;0.2949;16.0;31.8;35.6;12
21889;0.2951;16.0;31.7;35.6;12
21890;0.2929;16.0;31.7;35.6;12
21891;0.2935;16.0;31.7;35.6;12
21892;0.293;16.0;31.7;35.5;12
21893;0.2943;16.0;31.8;35.6;12
21894;0.2934;16.0;31.7;35.6;12
21895;0.2946;16.0;31.7;35.6;12
21896;0.292;15.9;31.7;35.6;12
21897;0.2936;16.0;31.7;35.6;12
21898;0.2948;15.9;31.7;35.6;12
21899;0.295;16.0;31.7;35.6;12
21900;0.296;16.1;31.8;35.6;12
21901;0.298;16.1;31.7;35.6;12
21902;0.2966;16.1;31.8;35.6;12
21903;0.2977;16.1;31.8;35.6;12
21904;0.2991;16.1;31.8;35.7;12
21905;0.2983;16.1;31.8;35.7;12
21906;0.2991;16.1;31.8;35.7;12
21907;0.2985;16.1;31.9;35.6;12
21908;0.3001;16.1;31.9;35.7;12
21909;0.2996;16.1;31.9;35.7;12
21910;0.3012;16.1;31.9;35.7;12
21911;0.3047;16.1;31.9;35.7;12
21912;0.3046;16.1;31.9;35.8;12
21913;0.3054;16.2;31.9;35.8;12
21914;0.3045;16.2;31.9;35.8;12
21915;0.3066;16.3;31.9;35.9;12
21916;0.3108;16.2;31.9;35.8;12
21917;0.3109;16.2;31.9;35.9;12
21918;0.3133;16.2;31.9;36.0;12
21919;0.3119;16.2;31.9;36.0;12
21920;0.3149;16.2;31.9;36.0;12
21921;0.3137;16.3;31.9;36.1;12
21922;0.3128;16.3;32.0;36.1;12
21923;0.314;16.3;32.0;36.1;12
21924;0.3163;16.3;32.0;36.2;12
21925;0.3148;16.4;32.0;36.2;12
21926;0.3156;16.3;32.0;36.3;12
21927;0.3166;16.3;32.0;36.3;12
21928;0.3183;16.3;32.0;36.3;12
21929;0.3155;16.3;32.0;36.3;12
21930;0.3167;16.4;32.0;36.4;12
21931;0.3184;16.4;32.1;36.5;12
21932;0.3185;16.5;32.1;36.4;12
21933;0.3213;16.5;32.1;36.5;12
21934;0.3206;16.5;32.1;36.6;12
21935;0.3236;16.5;32.1;36.6;12
21936;0.3232;16.5;32.1;36.6;12
21937;0.3228;16.5;32.1;36.7;12
21938;0.3243;16.5;32.1;36.7;12
21939;0.3247;16.4;32.2;36.7;12
21940;0.3263;16.4;32.2;36.8;12
21941;0.3271;16.4;32.2;36.8;12
21942;0.326;16.5;32.2;36.8;12
21943;0.3279;16.5;32.2;36.9;12
21944;0.3304;16.6;32.2;36.9;12
21945;0.3285;16.6;32.3;36.9;12
21946;0.3305;16.5;32.4;37.0;12
21947;0.3293;16.5;32.4;37.0;12
21948;0.3318;16.5;32.4;37.1;12
21949;0.3309;16.6;32.3;37.1;12
21950;0.33;16.6;32.3;37.1;12
21951;0.3326;16.7;32.4;37.2;12
21952;0.332;16.7;32.4;37.2;12
21953;0.3339;16.7;32.5;37.2;12
21954;0.3335;16.7;32.5;37.2;12
21955;0.3354;16.8;32.5;37.3;12
21956;0.3353;16.8;32.5;37.3;12
21957;0.3373;16.9;32.5;37.4;12
21958;0.3384;16.9;32.5;37.4;12
21959;0.3371;17.0;32.6;37.4;12
21960;0.3386;17.0;32.5;37.5;12
21961;0.3359;16.9;32.6;37.5;12
21962;0.3386;16.9;32.6;37.5;12
21963;0.3402;17.0;32.6;37.6;12
21964;0.3374;17.0;32.6;37.6;12
21965;0.338;17.0;32.6;37.7;12
21966;0.3408;17.0;32.6;37.8;12
21967;0.3423;17.0;32.6;37.8;12
21968;0.3415;17.0;32.7;37.8;12
21969;0.3425;17.0;32.7;37.8;12
21970;0.3436;17.0;32.7;37.9;12
21971;0.3459;17.0;32.7;37.9;12
21972;0.3471;17.0;32.7;38.0;12
21973;0.3514;17.0;32.7;38.0;12
21974;0.3497;17.0;32.8;38.1;12
21975;0.3497;17.0;32.7;38.1;12
21976;0.3491;17.0;32.7;38.2;12
21977;0.3512;17.1;32.7;38.2;12
21978;0.3513;17.0;32.8;38.2;12
21979;0.3497;17.1;32.7;38.2;12
21980;0.354;17.1;32.7;38.3;12
21981;0.3521;17.0;32.7;38.3;12
21982;0.3522;17.1;32.7;38.3;12
21983;0.3526;17.0;32.7;38.3;12
21984;0.353;17.0;32.8;38.4;12
21985;0.3562;17.1;32.9;38.4;12
21986;0.3555;17.0;32.9;38.5;12
21987;0.3591;17.0;32.9;38.5;12
21988;0.3604;17.0;32.8;38.6;12
21989;0.3593;17.0;32.8;38.6;12
21990;0.3601;17.0;32.9;38.6;12
21991;0.3595;17.1;33.0;38.7;12
21992;0.3584;17.1;33.0;38.8;12
21993;0.359;17.1;32.9;38.8;12
21994;0.3603;17.1;33.0;38.8;12
21995;0.3609;17.1;33.0;38.9;12
21996;0.3602;17.2;33.0;38.9;12
21997;0.3631;17.2;33.1;39.0;12
21998;0.363;17.2;33.1;39.0;12
21999;0.3594;17.3;33.1;39.0;12
22000;0.3638;17.4;33.1;39.1;12
22001;0.3658;17.3;33.1;39.1;12
22002;0.3627;17.3;33.1;39.1;12
22003;0.3647;17.3;33.2;39.1;12
22004;0.365;17.3;33.2;39.2;12
22005;0.3647;17.4;33.2;39.3;12
22006;0.3672;17.4;33.3;39.3;12
22007;0.3675;17.4;33.2;39.4;12
22008;0.3681;17.4;33.2;39.4;12
22009;0.3678;17.4;33.3;39.4;12
22010;0.369;17.5;33.3;39.4;12
22011;0.3688;17.5;33.3;39.5;12
22012;0.3697;17.5;33.3;39.6;12
22013;0.3685;17.5;33.3;39.6;12
22014;0.3713;17.5;33.4;39.6;12
22015;0.3728;17.6;33.4;39.7;12
22016;0.372;17.7;33.4;39.7;12
22017;0.3711;17.7;33.4;39.7;12
22018;0.3701;17.7;33.5;39.8;12
22019;0.3713;17.7;33.5;39.8;12
22020;0.3702;17.6;33.5;39.8;12
22021;0.3706;17.6;33.6;39.8;12
22022;0.3715;17.6;33.6;39.8;12
22023;0.3748;17.7;33.6;39.8;12
22024;0.3738;17.7;33.6;39.9;12
22025;0.3745;17.8;33.6;40.1;12
22026;0.3744;17.8;33.7;40.2;12
22027;0.376;17.8;33.7;40.1;12
22028;0.3749;17.9;33.7;40.2;12
22029;0.3763;17.9;33.7;40.3;12
22030;0.3803;17.9;33.7;40.3;12
22031;0.3783;17.9;33.7;40.3;12
22032;0.3779;17.9;33.8;40.3;12
22033;0.382;17.9;33.8;40.4;12
22034;0.3823;17.9;33.8;40.5;12
22035;0.3812;17.9;33.8;40.5;12
22036;0.3827;17.9;33.8;40.5;12
22037;0.381;17.9;33.8;40.6;12
22038;0.3823;17.9;33.8;40.7;12
22039;0.3817;17.9;33.8;40.7;12
22040;0.3834;17.9;33.8;40.7;12
22041;0.3837;17.9;33.9;40.8;12
22042;0.3834;17.9;33.9;40.7;12
22043;0.3823;17.9;33.9;40.8;12
22044;0.3849;17.9;33.9;40.8;12
22045;0.3814;18.0;33.9;40.9;12
22046;0.3823;17.9;33.9;40.9;12
22047;0.3834;17.9;34.0;40.9;12
22048;0.3859;17.9;34.0;41.0;12
22049;0.3852;18.0;34.0;41.0;12
22050;0.3868;17.9;34.1;41.1;12
22051;0.3858;17.9;34.1;41.0;12
22052;0.3891;17.9;34.1;41.2;12
22053;0.388;18.0;34.1;41.2;12
22054;0.3905;17.9;34.0;41.3;12
22055;0.3934;17.8;34.1;41.3;12
22056;0.3905;17.8;34.1;41.4;12
22057;0.3892;17.8;34.0;41.4;12
22058;0.3914;17.8;34.1;41.5;12
22059;0.3908;17.9;34.2;41.5;12
22060;0.3921;17.9;34.2;41.5;12
22061;0.3915;17.9;34.2;41.6;12
22062;0.3911;18.0;34.2;41.6;12
22063;0.391;18.1;34.2;41.6;12
22064;0.3921;18.1;34.3;41.6;12
22065;0.3914;18.1;34.3;41.7;12
22066;0.39;18.0;34.3;41.7;12
22067;0.3922;18.1;34.3;41.7;12
22068;0.3935;18.1;34.3;41.7;12
22069;0.3942;18.2;34.3;41.7;12
22070;0.3935;18.2;34.3;41.7;12
22071;0.3947;18.2;34.3;41.8;12
22072;0.391;18.2;34.3;41.8;12
22073;0.3909;18.2;34.4;41.8;12
22074;0.3918;18.3;34.4;41.8;12
22075;0.3912;18.4;34.4;41.8;12
22076;0.3931;18.4;34.4;41.8;12
22077;0.3919;18.4;34.4;41.8;12
22078;0.3958;18.5;34.5;41.9;12
22079;0.3966;18.5;34.5;41.9;12
22080;0.395;18.6;34.5;41.9;12
22081;0.3949;18.6;34.5;41.9;12
22082;0.3944;18.7;34.5;41.8;12
22083;0.3936;18.8;34.7;41.9;12
22084;0.3943;18.8;34.7;41.9;12
22085;0.3944;18.8;34.6;42.0;12
22086;0.3954;18.9;34.8;41.9;12
22087;0.3948;18.9;34.8;42.1;12
22088;0.3959;19.0;34.8;42.0;12
22089;0.3928;19.0;34.7;42.1;12
22090;0.3942;19.0;34.8;42.1;12
22091;0.3956;19.0;34.9;42.1;12
22092;0.3955;19.1;34.9;42.1;12
22093;0.3958;19.2;35.0;42.3;12
22094;0.398;19.2;35.0;42.3;12
22095;0.3988;19.1;35.1;42.4;12
22096;0.3989;19.2;35.1;42.4;12
22097;0.4004;19.3;35.1;42.4;12
22098;0.403;19.3;35.1;42.5;12
22099;0.4053;19.3;35.2;42.7;12
22100;0.4035;19.3;35.2;42.7;12
22101;0.4023;19.3;35.2;42.6;12
22102;0.4003;19.3;35.1;42.8;12
22103;0.4;19.4;35.2;42.9;12
22104;0.3987;19.4;35.2;42.9;12
22105;0.4002;19.5;35.2;42.9;12
22106;0.3986;19.4;35.3;42.9;12
22107;0.399;19.5;35.3;42.9;12
22108;0.4006;19.5;35.2;43.0;12
22109;0.4019;19.5;35.3;43.0;12
22110;0.4005;19.5;35.4;43.1;12
22111;0.4015;19.6;35.4;43.1;12
22112;0.4018;19.6;35.4;43.1;12
22113;0.399;19.7;35.4;43.2;12
22114;0.4014;19.7;35.4;43.2;12
22115;0.403;19.6;35.5;43.2;12
22116;0.4029;19.6;35.5;43.2;12
22117;0.4035;19.7;35.5;43.3;12
22118;0.401;19.7;35.5;43.3;12
22119;0.401;19.7;35.5;43.3;12
22120;0.4032;19.6;35.6;43.4;12
22121;0.4038;19.7;35.6;43.4;12
22122;0.403;19.7;35.6;43.4;12
22123;0.4038;19.7;35.6;43.4;12
22124;0.4032;19.7;35.6;43.5;12
22125;0.4037;19.7;35.6;43.5;12
22126;0.4024;19.6;35.6;43.6;12
22127;0.4048;19.7;35.6;43.6;12
22128;0.405;19.7;35.7;43.6;12
22129;0.4039;19.7;35.7;43.6;12
22130;0.4047;19.7;35.7;43.7;12
22131;0.4036;19.7;35.7;43.7;12
22132;0.4044;19.7;35.8;43.7;12
22133;0.403;19.7;35.9;43.7;12
22134;0.4031;19.8;35.9;43.7;12
22135;0.4047;19.8;35.9;43.7;12
22136;0.4034;19.8;35.8;43.7;12
22137;0.4038;19.8;35.8;43.7;12
22138;0.406;19.8;35.9;43.8;12
22139;0.4042;19.8;35.9;43.8;12
22140;0.4052;19.8;36.0;43.8;12
22141;0.4074;19.9;36.0;43.8;12
22142;0.4058;19.9;36.0;43.8;12
22143;0.406;20.0;36.0;43.8;12
22144;0.4043;20.0;36.0;43.8;12
22145;0.4036;20.0;36.1;43.8;12
22146;0.4053;20.1;36.1;43.8;12
22147;0.4047;20.1;36.1;43.8;12
22148;0.4032;20.1;36.1;43.9;12
22149;0.4032;20.1;36.2;43.9;12
22150;0.4035;20.1;36.1;43.9;12
22151;0.4025;20.0;36.1;43.9;12
22152;0.4008;20.1;36.2;43.9;12
22153;0.4017;20.0;36.2;43.9;12
22154;0.4023;20.0;36.3;43.9;12
22155;0.4039;20.1;36.2;44.0;12
22156;0.4053;20.1;36.2;44.0;12
22157;0.4044;20.1;36.3;44.0;12
22158;0.4052;20.1;36.4;44.0;12
22159;0.4061;20.2;36.4;44.1;12
22160;0.4061;20.2;36.3;44.1;12
22161;0.403;20.2;36.3;44.1;12
22162;0.405;20.2;36.4;44.1;12
22163;0.4038;20.2;36.5;44.1;12
22164;0.4072;20.2;36.5;44.2;12
22165;0.4072;20.2;36.5;44.2;12
22166;0.4081;20.2;36.5;44.2;12
22167;0.4086;20.2;36.5;44.2;12
22168;0.4087;20.2;36.5;44.2;12
22169;0.406;20.3;36.4;44.3;12
22170;0.4046;20.3;36.5;44.3;12
22171;0.4061;20.3;36.5;44.4;12
22172;0.4074;20.3;36.6;44.4;12
22173;0.4039;20.3;36.6;44.4;12
22174;0.403;20.3;36.6;44.4;12
22175;0.4039;20.4;36.6;44.4;12
22176;0.4029;20.4;36.6;44.4;12
22177;0.4014;20.5;36.6;44.5;12
22178;0.4065;20.5;36.7;44.5;12
22179;0.4072;20.5;36.7;44.5;12
22180;0.4104;20.6;36.7;44.5;12
22181;0.4087;20.6;36.7;44.5;12
22182;0.4092;20.6;36.8;44.5;12
22183;0.409;20.7;36.8;44.6;12
22184;0.407;20.7;36.9;44.6;12
22185;0.4082;20.7;36.9;44.6;12
22186;0.4095;20.7;36.8;44.7;12
22187;0.4113;20.8;36.9;44.7;12
22188;0.4118;20.8;36.9;44.7;12
22189;0.4114;20.8;37.0;44.7;12
22190;0.4124;20.9;37.0;44.8;12
22191;0.4133;20.9;37.0;44.8;12
22192;0.4131;21.0;37.0;44.8;12
22193;0.4114;21.1;37.0;44.9;12
22194;0.4125;21.0;37.1;44.9;12
22195;0.4143;21.2;37.1;44.9;12
22196;0.4129;21.2;37.1;44.9;12
22197;0.4113;21.2;37.2;45.2;12
22198;0.4115;21.3;37.2;44.9;12
22199;0.4078;21.3;37.2;45.2;12
22200;0.4102;21.4;37.2;45.3;12
22201;0.4088;21.4;37.2;45.2;12
22202;0.4105;21.4;37.3;45.3;12
22203;0.408;21.4;37.3;45.3;12
22204;0.4078;21.4;37.4;45.4;12
22205;0.409;21.5;37.4;45.3;12
22206;0.4084;21.5;37.5;45.3;12
22207;0.4104;21.5;37.4;45.4;12
22208;0.4119;21.5;37.4;45.4;12
22209;0.4127;21.6;37.6;45.4;12
22210;0.4129;21.7;37.5;45.4;12
22211;0.4144;21.6;37.6;45.5;12
22212;0.4126;21.7;37.6;45.5;12
22213;0.4118;21.8;37.6;45.5;12
22214;0.4121;21.8;37.7;45.6;12
22215;0.414;21.8;37.7;45.6;12
22216;0.4119;21.8;37.7;45.6;12
22217;0.4098;21.8;37.7;45.6;12
22218;0.4083;21.8;37.7;45.7;12
22219;0.4106;21.8;37.8;45.6;12
22220;0.4103;21.8;37.8;45.7;12
22221;0.4111;21.7;37.8;45.7;12
22222;0.4123;21.8;37.8;45.7;12
22223;0.4133;21.8;37.9;45.7;12
22224;0.4115;21.9;38.0;45.7;12
22225;0.4104;21.9;37.9;45.6;12
22226;0.4123;22.0;38.1;45.7;12
22227;0.4125;22.0;38.0;45.8;12
22228;0.412;22.0;38.0;45.8;12
22229;0.4133;22.1;38.0;45.8;12
22230;0.4128;22.1;38.2;45.8;12
22231;0.4132;22.2;38.2;45.8;12
22232;0.4124;22.2;38.1;45.8;12
22233;0.4162;22.3;38.2;45.9;12
22234;0.4186;22.3;38.2;45.9;12
22235;0.4182;22.2;38.3;46.0;12
22236;0.42;22.3;38.3;46.0;12
22237;0.4177;22.4;38.4;46.1;12
22238;0.4173;22.4;38.4;46.2;12
22239;0.4161;22.5;38.4;46.2;12
22240;0.4157;22.5;38.4;46.2;12
22241;0.4174;22.5;38.5;46.3;12
22242;0.415;22.4;38.5;46.3;12
22243;0.4158;22.5;38.6;46.3;12
22244;0.4168;22.5;38.6;46.3;12
22245;0.4198;22.5;38.6;46.4;12
22246;0.4204;22.5;38.7;46.5;12
22247;0.4201;22.5;38.7;46.5;12
22248;0.4187;22.5;38.6;46.5;12
22249;0.4158;22.5;38.7;46.6;12
22250;0.4205;22.5;38.8;46.6;12
22251;0.4194;22.5;38.8;46.6;12
22252;0.4191;22.5;38.8;46.6;12
22253;0.4191;22.5;38.8;46.6;12
22254;0.4219;22.5;38.8;46.7;12
22255;0.4236;22.3;38.8;46.7;12
22256;0.4214;22.4;38.8;46.7;12
22257;0.4227;22.3;38.8;46.8;12
22258;0.4234;22.3;38.8;46.8;12
22259;0.4213;22.3;38.8;46.8;12
22260;0.4244;22.2;38.8;46.9;12
22261;0.4229;22.2;38.8;46.9;12
22262;0.4218;22.0;38.8;46.9;12
22263;0.4247;22.0;38.8;47.0;12
22264;0.4252;21.9;38.8;47.1;12
22265;0.4257;21.9;38.8;47.1;12
22266;0.4272;21.8;38.8;47.2;12
22267;0.4214;21.7;38.7;47.2;12
22268;0.424;21.7;38.7;47.2;12
22269;0.4264;21.6;38.7;47.3;12
22270;0.426;21.6;38.7;47.3;12
22271;0.4229;21.4;38.7;47.3;12
22272;0.4255;21.3;38.7;47.4;12
22273;0.4261;21.3;38.7;47.4;12
22274;0.4274;21.2;38.7;47.4;12
22275;0.4249;21.1;38.7;47.4;12
22276;0.4244;21.1;38.7;47.4;12
22277;0.4246;21.1;38.7;47.4;12
22278;0.4209;20.9;38.7;47.4;12
22279;0.4192;21.0;38.7;47.4;12
22280;0.4192;20.9;38.7;47.3;12
22281;0.4204;20.8;38.6;47.3;12
22282;0.4202;20.8;38.5;47.3;12
22283;0.4198;20.7;38.6;47.3;12
22284;0.4216;20.7;38.6;47.3;12
22285;0.4201;20.6;38.6;47.3;12
22286;0.421;20.6;38.6;47.3;12
22287;0.4217;20.5;38.5;47.4;12
22288;0.4236;20.4;38.5;47.4;12
22289;0.4216;20.4;38.4;47.4;12
22290;0.4228;20.3;38.5;47.4;12
22291;0.4212;20.3;38.5;47.4;12
22292;0.4214;20.2;38.5;47.4;12
22293;0.4214;20.2;38.4;47.4;12
22294;0.419;20.2;38.3;47.4;12
22295;0.4185;20.1;38.3;47.4;12
22296;0.4205;20.1;38.3;47.4;12
22297;0.4194;19.9;38.3;47.4;12
22298;0.4193;19.9;38.3;47.3;12
22299;0.4195;19.8;38.3;47.4;12
22300;0.4203;19.8;38.2;47.4;12
22301;0.417;19.7;38.2;47.3;12
22302;0.4182;19.7;38.2;47.4;12
22303;0.4182;19.7;38.2;47.3;12
22304;0.4163;19.7;38.2;47.3;12
22305;0.4176;19.5;38.2;47.3;12
22306;0.417;19.6;38.2;47.3;12
22307;0.4203;19.5;38.1;47.3;12
22308;0.4181;19.4;38.1;47.3;12
22309;0.4166;19.4;38.1;47.2;12
22310;0.4174;19.4;37.9;47.2;12
22311;0.4168;19.3;37.9;47.2;12
22312;0.4189;19.3;37.9;47.2;12
22313;0.4182;19.3;37.9;47.2;12
22314;0.4177;19.2;37.8;47.2;12
22315;0.4168;19.2;37.8;47.1;12
22316;0.4203;19.2;37.9;47.0;12
22317;0.418;19.2;37.8;47.0;12
22318;0.4184;19.2;37.7;46.9;12
22319;0.4166;19.2;37.7;46.9;12
22320;0.4153;19.0;37.7;46.9;12
22321;0.416;19.1;37.6;46.9;12
22322;0.4173;19.0;37.6;46.8;12
22323;0.4179;18.9;37.6;46.8;12
22324;0.4145;18.9;37.5;46.8;12
22325;0.4163;19.0;37.4;46.7;12
22326;0.4142;18.9;37.5;46.7;12
22327;0.4126;19.0;37.5;46.6;12
22328;0.4124;19.0;37.5;46.6;12
22329;0.4124;19.0;37.5;46.6;12
22330;0.414;19.0;37.4;46.5;12
22331;0.414;18.9;37.3;46.6;12
22332;0.4131;19.0;37.4;46.6;12
22333;0.4131;18.9;37.3;46.6;12
22334;0.4119;19.0;37.3;46.5;12
22335;0.4164;18.9;37.3;46.5;12
22336;0.412;19.0;37.3;46.5;12
22337;0.4143;19.0;37.2;46.5;12
22338;0.4126;18.9;37.2;46.5;12
22339;0.4125;18.9;37.2;46.4;12
22340;0.4119;18.9;37.2;46.4;12
22341;0.4123;19.0;37.3;46.4;12
22342;0.4115;19.0;37.2;46.5;12
22343;0.4121;19.0;37.3;46.4;12
22344;0.4129;19.0;37.2;46.3;12
22345;0.4108;19.0;37.1;46.3;12
22346;0.4114;19.0;37.1;46.3;12
22347;0.4083;18.9;37.1;46.3;12
22348;0.4119;18.9;37.1;46.2;12
22349;0.4109;18.9;37.0;46.2;12
22350;0.4093;18.9;37.0;46.2;12
22351;0.4083;18.9;37.0;46.2;12
22352;0.4102;19.0;36.9;46.1;12
22353;0.4107;19.0;36.9;46.1;12
22354;0.4096;18.9;36.9;46.1;12
22355;0.4109;18.8;36.9;46.1;12
22356;0.4112;18.8;36.9;46.1;12
22357;0.4114;18.7;36.8;46.1;12
22358;0.4117;18.7;36.7;46.1;12
22359;0.4116;18.6;36.7;46.2;12
22360;0.4114;18.6;36.8;46.2;12
22361;0.41;18.6;36.8;46.2;12
22362;0.4106;18.6;36.7;46.1;12
22363;0.4102;18.6;36.7;46.1;12
22364;0.4069;18.5;36.8;46.1;12
22365;0.4104;18.6;36.8;46.0;12
22366;0.4082;18.6;36.7;46.0;12
22367;0.409;18.6;36.8;46.0;12
22368;0.4096;18.6;36.8;46.0;12
22369;0.4082;18.6;36.8;46.0;12
22370;0.405;18.6;36.7;45.9;12
22371;0.407;18.6;36.7;45.9;12
22372;0.4087;18.7;36.7;45.9;12
22373;0.4059;18.7;36.8;45.9;12
22374;0.4064;18.8;36.9;45.8;12
22375;0.4073;18.8;36.9;45.8;12
22376;0.408;18.8;36.8;45.9;12
22377;0.4063;18.9;36.9;45.8;12
22378;0.4072;18.9;36.9;45.9;12
22379;0.4062;18.9;37.0;45.8;12
22380;0.4054;19.0;36.9;45.8;12
22381;0.4035;19.1;37.0;45.8;12
22382;0.4032;19.0;37.0;45.8;12
22383;0.403;19.1;37.1;45.8;12
22384;0.4027;19.1;37.1;45.8;12
22385;0.4034;19.2;37.1;45.7;12
22386;0.3999;19.3;37.1;45.7;12
22387;0.4026;19.4;37.1;45.7;12
22388;0.4045;19.4;37.1;45.7;12
22389;0.4036;19.5;37.3;45.6;12
22390;0.4057;19.5;37.2;45.6;12
22391;0.4044;19.7;37.3;45.6;12
22392;0.4041;19.7;37.4;45.7;12
22393;0.4034;19.6;37.4;45.6;12
22394;0.4034;19.8;37.3;45.6;12
22395;0.4048;19.8;37.3;45.5;12
22396;0.4034;19.8;37.3;45.5;12
22397;0.4045;19.9;37.4;45.6;12
22398;0.4043;19.9;37.4;45.6;12
22399;0.4035;19.9;37.4;45.5;12
22400;0.4024;19.9;37.4;45.5;12
22401;0.4036;20.0;37.4;45.5;12
22402;0.4029;20.0;37.5;45.5;12
22403;0.4014;20.1;37.5;45.5;12
22404;0.4009;20.1;37.5;45.5;12
22405;0.4004;20.1;37.6;45.5;12
22406;0.4003;20.1;37.6;45.5;12
22407;0.4022;20.1;37.6;45.5;12
22408;0.3994;20.2;37.6;45.5;12
22409;0.4002;20.1;37.6;45.5;12
22410;0.4033;20.1;37.5;45.5;12
22411;0.4036;20.2;37.6;45.5;12
22412;0.4006;20.1;37.5;45.5;12
22413;0.4016;20.1;37.5;45.5;12
22414;0.3989;20.1;37.4;45.5;12
22415;0.4008;20.0;37.4;45.4;12
22416;0.3997;19.9;37.4;45.4;12
22417;0.4002;19.9;37.4;45.4;12
22418;0.4013;19.9;37.4;45.4;12
22419;0.4028;19.8;37.3;45.4;12
22420;0.4025;19.7;37.3;45.5;12
22421;0.4019;19.7;37.2;45.4;12
22422;0.4014;19.6;37.2;45.4;12
22423;0.4059;19.4;37.2;45.5;12
22424;0.4043;19.4;37.1;45.5;12
22425;0.405;19.3;37.1;45.5;12
22426;0.4049;19.3;37.1;45.5;12
22427;0.4054;19.1;37.0;45.6;12
22428;0.4039;19.1;37.0;45.6;12
22429;0.4042;19.2;36.9;45.5;12
22430;0.4044;19.2;37.0;45.5;13
22431;0.404;19.2;37.0;45.6;13
22432;0.4063;19.1;37.0;45.6;13
22433;0.4007;19.1;37.0;45.6;13
22434;0.403;19.2;37.0;45.6;13
22435;0.4048;19.0;37.0;45.6;13
22436;0.3999;19.1;37.0;45.6;13
22437;0.4003;19.2;36.9;45.6;13
22438;0.402;19.1;36.8;45.6;13
22439;0.4;19.2;36.9;45.6;13
22440;0.4042;19.2;36.9;45.6;13
22441;0.4017;19.2;37.0;45.6;13
22442;0.4034;19.3;37.0;45.6;13
22443;0.403;19.3;37.1;45.6;13
22444;0.3999;19.3;37.1;45.6;13
22445;0.4012;19.3;37.2;45.6;13
22446;0.4008;19.4;37.2;45.6;13
22447;0.4021;19.4;37.3;45.6;13
22448;0.4027;19.4;37.4;45.5;13
22449;0.4009;19.4;37.4;45.5;13
22450;0.4042;19.4;37.4;45.5;13
22451;0.4047;19.4;37.3;45.6;13
22452;0.4039;19.4;37.3;45.6;13
22453;0.4046;19.4;37.3;45.6;13
22454;0.4021;19.4;37.2;45.6;13
22455;0.4038;19.5;37.2;45.5;13
22456;0.4028;19.4;37.2;45.5;13
22457;0.4011;19.5;37.2;45.6;13
22458;0.4017;19.4;37.2;45.6;13
22459;0.4;19.4;37.2;45.6;13
22460;0.4027;19.4;37.2;45.5;13
22461;0.4012;19.4;37.2;45.6;13
22462;0.4028;19.4;37.2;45.6;13
22463;0.4;19.4;37.2;45.6;13
22464;0.3972;19.4;37.2;45.5;13
22465;0.3975;19.3;37.2;45.5;13
22466;0.3967;19.4;37.2;45.5;13
22467;0.4004;19.4;37.2;45.5;13
22468;0.4011;19.4;37.2;45.5;13
22469;0.399;19.4;37.2;45.5;13
22470;0.3996;19.4;37.2;45.5;13
22471;0.4016;19.4;37.3;45.5;13
22472;0.4022;19.4;37.3;45.5;13
22473;0.398;19.4;37.3;45.5;13
22474;0.3984;19.3;37.3;45.5;13
22475;0.3972;19.2;37.3;45.5;13
22476;0.399;19.3;37.3;45.4;13
22477;0.4002;19.3;37.3;45.4;13
22478;0.3991;19.3;37.3;45.4;13
22479;0.4;19.3;37.3;45.4;13
22480;0.4013;19.3;37.3;45.4;13
22481;0.4006;19.3;37.3;45.4;13
22482;0.4011;19.3;37.3;45.4;13
22483;0.3985;19.3;37.3;45.4;13
22484;0.399;19.2;37.3;45.4;13
22485;0.399;19.2;37.4;45.4;13
22486;0.3999;19.3;37.4;45.4;13
22487;0.3995;19.2;37.4;45.4;13
22488;0.3999;19.3;37.5;45.4;13
22489;0.4004;19.3;37.5;45.4;13
22490;0.4013;19.3;37.5;45.4;13
22491;0.3988;19.3;37.5;45.3;13
22492;0.4002;19.2;37.4;45.4;13
22493;0.3983;19.2;37.4;45.4;13
22494;0.3982;19.3;37.5;45.4;13
22495;0.4013;19.4;37.5;45.3;13
22496;0.4028;19.4;37.7;45.4;13
22497;0.4039;19.4;37.8;45.4;13
22498;0.4017;19.4;37.9;45.4;13
22499;0.4026;19.4;37.9;45.4;13
22500;0.4035;19.5;38.1;45.5;13
22501;0.4055;19.6;38.1;45.5;13
22502;0.4046;19.6;38.0;45.6;13
22503;0.4058;19.6;38.1;45.6;13
22504;0.4029;19.7;38.2;45.6;13
22505;0.4056;19.7;38.2;45.6;13
22506;0.4039;19.8;38.3;45.6;13
22507;0.4049;19.9;38.3;45.6;13
22508;0.406;19.8;38.3;45.6;13
22509;0.4037;20.0;38.3;45.7;13
22510;0.4022;20.0;38.3;45.7;13
22511;0.4017;20.1;38.3;45.7;13
22512;0.4009;20.1;38.3;45.7;13
22513;0.4003;20.1;38.2;45.6;13
22514;0.3978;20.1;38.1;45.7;13
22515;0.4015;20.2;38.2;45.7;13
22516;0.4048;20.2;38.2;45.6;13
22517;0.402;20.3;38.2;45.7;13
22518;0.402;20.4;38.2;45.7;13
22519;0.402;20.3;38.2;45.7;13
22520;0.4007;20.4;38.2;45.7;13
22521;0.4037;20.3;38.2;45.7;13
22522;0.404;20.3;38.3;45.7;13
22523;0.4036;20.3;38.4;45.7;13
22524;0.4016;20.4;38.3;45.8;13
22525;0.4022;20.3;38.3;45.8;13
22526;0.4029;20.3;38.3;45.8;13
22527;0.4033;20.4;38.2;45.8;13
22528;0.4024;20.3;38.2;45.8;13
22529;0.401;20.4;38.2;45.8;13
22530;0.4013;20.4;38.2;45.8;13
22531;0.4006;20.3;38.2;45.8;13
22532;0.4009;20.3;38.4;45.8;13
22533;0.4021;20.3;38.3;45.8;13
22534;0.4023;20.4;38.3;45.8;13
22535;0.4003;20.4;38.3;45.9;13
22536;0.4015;20.3;38.4;45.9;13
22537;0.4013;20.4;38.4;45.9;13
22538;0.4034;20.4;38.3;45.9;13
22539;0.4042;20.5;38.4;45.9;13
22540;0.4045;20.5;38.4;46.0;13
22541;0.4018;20.5;38.4;46.0;13
22542;0.404;20.6;38.4;46.0;13
22543;0.4055;20.6;38.4;46.0;13
22544;0.402;20.6;38.4;46.0;13
22545;0.4052;20.6;38.3;46.0;13
22546;0.4048;20.5;38.3;46.0;13
22547;0.4048;20.5;38.3;46.0;13
22548;0.4083;20.7;38.2;46.0;13
22549;0.4049;20.6;38.2;46.0;13
22550;0.4013;20.6;38.2;46.0;13
22551;0.403;20.6;38.2;46.0;13
22552;0.4045;20.7;38.2;46.0;13
22553;0.4047;20.6;38.1;46.0;13
22554;0.4035;20.6;38.2;46.0;13
22555;0.4071;20.6;38.2;46.0;13
22556;0.4055;20.6;38.3;46.0;13
22557;0.4067;20.7;38.3;46.0;13
22558;0.4096;20.7;38.3;46.0;13
22559;0.4097;20.7;38.3;46.1;13
22560;0.4111;20.7;38.3;46.1;13
22561;0.4101;20.7;38.3;46.1;13
22562;0.4116;20.8;38.3;46.1;13
22563;0.4113;20.8;38.4;46.2;13
22564;0.4111;20.8;38.4;46.2;13
22565;0.4139;20.9;38.4;46.2;13
22566;0.4148;20.9;38.4;46.3;13
22567;0.4133;20.9;38.4;46.3;13
22568;0.4134;20.9;38.4;46.4;13
22569;0.413;20.9;38.4;46.4;13
22570;0.4149;20.9;38.4;46.4;13
22571;0.4146;21.0;38.4;46.4;13
22572;0.4137;21.0;38.4;46.5;13
22573;0.411;21.0;38.4;46.5;13
22574;0.4128;21.1;38.5;46.5;13
22575;0.4149;21.0;38.4;46.5;13
22576;0.4176;21.1;38.4;46.6;13
22577;0.4169;20.9;38.5;46.6;13
22578;0.4199;20.9;38.5;46.6;13
22579;0.418;20.9;38.5;46.7;13
22580;0.42;21.0;38.5;46.7;13
22581;0.4208;21.0;38.5;46.7;13
22582;0.4227;20.9;38.5;46.8;13
22583;0.423;20.9;38.5;46.8;13
22584;0.4234;20.8;38.4;46.9;13
22585;0.4215;20.8;38.4;46.9;13
22586;0.4218;20.8;38.4;47.0;13
22587;0.4198;20.8;38.4;47.0;13
22588;0.4209;20.8;38.4;47.0;13
22589;0.4226;20.8;38.4;47.0;13
22590;0.4241;20.8;38.4;47.0;13
22591;0.4252;20.7;38.4;47.1;13
22592;0.4257;20.7;38.4;47.2;13
22593;0.4249;20.7;38.4;47.2;13
22594;0.4239;20.7;38.4;47.2;13
22595;0.4253;20.6;38.4;47.2;13
22596;0.4265;20.6;38.4;47.2;13
22597;0.4259;20.6;38.4;47.2;13
22598;0.4271;20.6;38.4;47.2;13
22599;0.4273;20.6;38.4;47.3;13
22600;0.4274;20.6;38.4;47.3;13
22601;0.426;20.6;38.4;47.4;13
22602;0.426;20.5;38.4;47.3;13
22603;0.4292;20.5;38.4;47.4;13
22604;0.4291;20.5;38.4;47.4;13
22605;0.4273;20.5;38.4;47.4;13
22606;0.4282;20.4;38.4;47.4;13
22607;0.4284;20.3;38.4;47.5;13
22608;0.4277;20.3;38.4;47.4;13
22609;0.4265;20.4;38.5;47.5;13
22610;0.4284;20.4;38.4;47.5;13
22611;0.43;20.4;38.4;47.5;13
22612;0.4299;20.3;38.4;47.6;13
22613;0.4272;20.4;38.4;47.5;13
22614;0.427;20.4;38.4;47.5;13
22615;0.4292;20.4;38.4;47.5;13
22616;0.4285;20.4;38.4;47.5;13
22617;0.4281;20.4;38.5;47.6;13
22618;0.4292;20.4;38.4;47.6;13
22619;0.4282;20.4;38.5;47.6;13
22620;0.4257;20.4;38.4;47.6;13
22621;0.4287;20.4;38.5;47.6;13
22622;0.4289;20.4;38.4;47.6;13
22623;0.4299;20.4;38.4;47.6;13
22624;0.4294;20.4;38.4;47.6;13
22625;0.4259;20.4;38.4;47.6;13
22626;0.4255;20.4;38.4;47.6;13
22627;0.426;20.4;38.4;47.7;13
22628;0.4276;20.3;38.4;47.6;13
22629;0.4238;20.4;38.4;47.6;13
22630;0.4255;20.5;38.4;47.6;13
22631;0.4255;20.5;38.4;47.6;13
22632;0.4245;20.5;38.5;47.6;13
22633;0.4244;20.4;38.5;47.6;13
22634;0.4217;20.5;38.5;47.6;13
22635;0.4252;20.5;38.5;47.6;13
22636;0.426;20.4;38.5;47.6;13
22637;0.426;20.6;38.5;47.6;13
22638;0.4234;20.5;38.6;47.7;13
22639;0.4255;20.6;38.5;47.6;13
22640;0.4263;20.5;38.6;47.6;13
22641;0.4218;20.6;38.5;47.7;13
22642;0.4254;20.5;38.5;47.6;13
22643;0.4215;20.6;38.5;47.7;13
22644;0.4242;20.6;38.5;47.7;13
22645;0.4253;20.5;38.5;47.7;13
22646;0.4243;20.6;38.5;47.7;13
22647;0.4236;20.6;38.5;47.6;13
22648;0.4248;20.6;38.5;47.6;13
22649;0.4245;20.6;38.5;47.6;13
22650;0.425;20.6;38.5;47.6;13
22651;0.4249;20.6;38.6;47.6;13
22652;0.4226;20.6;38.5;47.6;13
22653;0.4231;20.6;38.5;47.6;13
22654;0.4224;20.5;38.5;47.6;13
22655;0.4208;20.6;38.5;47.6;13
22656;0.4175;20.6;38.6;47.6;13
22657;0.4166;20.6;38.5;47.5;13
22658;0.4187;20.6;38.6;47.5;13
22659;0.4172;20.7;38.6;47.4;13
22660;0.4172;20.7;38.6;47.4;13
22661;0.4139;20.7;38.6;47.4;13
22662;0.4133;20.7;38.6;47.4;13
22663;0.4126;20.7;38.6;47.4;13
22664;0.4123;20.7;38.6;47.3;13
22665;0.413;20.7;38.6;47.3;13
22666;0.4143;20.7;38.7;47.2;13
22667;0.416;20.8;38.7;47.2;13
22668;0.4156;20.8;38.6;47.2;13
22669;0.4143;20.7;38.5;47.2;13
22670;0.416;20.8;38.6;47.2;13
22671;0.4159;20.8;38.6;47.2;13
22672;0.4157;20.7;38.6;47.2;13
22673;0.4152;20.7;38.6;47.2;13
22674;0.4166;20.8;38.6;47.2;13
22675;0.4162;20.7;38.6;47.2;13
22676;0.4162;20.7;38.6;47.2;13
22677;0.415;20.7;38.6;47.2;13
22678;0.4143;20.7;38.6;47.2;13
22679;0.4152;20.7;38.6;47.2;13
22680;0.4147;20.7;38.6;47.2;13
22681;0.4131;20.7;38.5;47.2;13
22682;0.41;20.7;38.6;47.2;13
22683;0.4132;20.7;38.6;47.1;13
22684;0.4138;20.7;38.6;47.1;13
22685;0.4139;20.6;38.6;47.1;13
22686;0.4134;20.6;38.5;47.0;13
22687;0.4138;20.6;38.4;47.0;13
22688;0.4151;20.6;38.4;47.0;13
22689;0.4146;20.5;38.4;47.0;13
22690;0.4156;20.5;38.5;47.0;13
22691;0.4147;20.5;38.3;47.0;13
22692;0.4135;20.3;38.3;47.0;13
22693;0.4122;20.4;38.3;47.0;13
22694;0.408;20.3;38.2;46.9;13
22695;0.4093;20.2;38.2;46.9;13
22696;0.4099;20.2;38.2;46.9;13
22697;0.4118;20.2;38.2;46.8;13
22698;0.4134;20.1;38.2;46.8;13
22699;0.4132;20.1;38.2;46.9;13
22700;0.4103;20.1;38.3;46.9;13
22701;0.4114;20.1;38.2;46.9;13
22702;0.4134;20.1;38.2;46.9;13
22703;0.4138;20.0;38.1;46.9;13
22704;0.4126;20.0;38.1;46.9;13
22705;0.4123;20.0;38.1;46.8;13
22706;0.4101;20.0;38.2;46.8;13
22707;0.4128;19.9;38.2;46.8;13
22708;0.4116;19.9;38.2;46.8;13
22709;0.4121;19.9;38.2;46.8;13
22710;0.4113;19.9;38.1;46.8;13
22711;0.4123;19.9;38.0;46.8;13
22712;0.4122;19.9;38.1;46.8;13
22713;0.4116;19.8;38.0;46.8;13
22714;0.4125;19.8;38.1;46.7;13
22715;0.4124;19.8;38.0;46.7;13
22716;0.414;19.8;38.0;46.7;13
22717;0.4147;19.8;38.0;46.8;13
22718;0.4141;19.8;37.9;46.8;13
22719;0.4148;19.8;37.9;46.8;13
22720;0.4131;19.8;37.9;46.8;13
22721;0.4121;19.7;37.9;46.8;13
22722;0.4115;19.8;38.0;46.7;13
22723;0.4134;19.8;38.0;46.8;13
22724;0.4139;19.8;38.0;46.8;13
22725;0.4141;19.8;38.0;46.7;13
22726;0.4143;19.8;38.0;46.7;13
22727;0.4129;19.8;38.1;46.7;13
22728;0.4126;19.8;38.1;46.7;13
22729;0.4126;19.8;38.1;46.6;13
22730;0.4122;19.8;38.0;46.6;13
22731;0.4095;19.8;38.0;46.6;13
22732;0.4092;19.8;38.0;46.6;13
22733;0.4083;19.8;38.0;46.5;13
22734;0.4085;19.8;38.1;46.5;13
22735;0.4094;19.9;38.1;46.5;13
22736;0.4067;19.9;38.1;46.4;13
22737;0.4081;19.9;38.0;46.4;13
22738;0.4076;19.9;38.0;46.4;13
22739;0.4075;19.9;38.1;46.4;13
22740;0.4085;19.9;38.1;46.4;13
22741;0.4071;19.9;38.0;46.4;13
22742;0.4057;19.9;38.0;46.4;13
22743;0.4057;19.9;38.1;46.4;13
22744;0.4053;19.8;38.1;46.3;13
22745;0.406;19.9;38.1;46.3;13
22746;0.4061;19.9;38.1;46.3;13
22747;0.4029;19.9;38.1;46.3;13
22748;0.4042;19.9;38.1;46.3;13
22749;0.4053;19.9;38.2;46.3;13
22750;0.4069;19.9;38.1;46.2;13
22751;0.4033;19.9;38.1;46.2;13
22752;0.4042;19.9;38.1;46.2;13
22753;0.4061;19.8;38.1;46.2;13
22754;0.4082;19.7;38.1;46.3;13
22755;0.4057;19.7;38.0;46.2;13
22756;0.4047;19.7;38.0;46.2;13
22757;0.4044;19.8;38.0;46.2;13
22758;0.4051;19.8;38.1;46.2;13
22759;0.4036;19.8;38.1;46.2;13
22760;0.4047;19.8;38.1;46.2;13
22761;0.4072;19.8;38.0;46.2;13
22762;0.4064;19.8;38.0;46.2;13
22763;0.4071;19.7;38.0;46.2;13
22764;0.406;19.8;38.0;46.2;13
22765;0.4065;19.8;38.0;46.2;13
22766;0.4072;19.8;38.0;46.1;13
22767;0.4071;19.7;38.0;46.1;13
22768;0.4061;19.7;38.1;46.1;13
22769;0.4065;19.7;38.1;46.2;13
22770;0.4106;19.8;38.0;46.2;13
22771;0.4077;19.7;38.1;46.1;13
22772;0.4057;19.7;38.1;46.2;13
22773;0.4068;19.7;38.0;46.1;13
22774;0.4042;19.8;38.0;46.2;13
22775;0.4052;19.8;38.1;46.2;13
22776;0.4034;19.8;38.0;46.2;13
22777;0.4058;19.8;38.1;46.2;13
22778;0.4057;19.8;38.1;46.2;13
22779;0.4044;19.8;38.1;46.1;13
22780;0.4032;19.8;38.1;46.1;13
22781;0.403;19.8;38.1;46.1;13
22782;0.4019;19.8;38.0;46.1;13
22783;0.4024;19.8;38.0;46.1;13
22784;0.4015;19.7;38.0;46.1;13
22785;0.4006;19.7;38.1;46.1;13
22786;0.4009;19.7;38.1;46.1;13
22787;0.4;19.6;38.1;46.0;13
22788;0.4001;19.6;38.1;46.0;13
22789;0.402;19.6;38.1;46.0;13
22790;0.3995;19.6;38.1;46.0;13
22791;0.4014;19.6;38.1;46.0;13
22792;0.4003;19.6;38.1;46.0;13
22793;0.4018;19.6;38.0;46.0;13
22794;0.4033;19.5;38.0;46.0;13
22795;0.4043;19.5;37.9;46.1;13
22796;0.4009;19.6;37.9;46.1;13
22797;0.4004;19.5;37.9;46.1;13
22798;0.4001;19.4;37.9;46.1;13
22799;0.3985;19.3;37.9;46.1;13
22800;0.3991;19.4;37.9;46.1;13
22801;0.3992;19.4;37.9;46.0;13
22802;0.3973;19.4;37.9;46.0;13
22803;0.3957;19.4;37.9;46.0;13
22804;0.3993;19.4;37.9;46.0;13
22805;0.3992;19.4;37.9;46.0;13
22806;0.4004;19.4;37.9;46.0;13
22807;0.3998;19.4;37.9;46.0;13
22808;0.3989;19.4;37.9;46.0;13
22809;0.4005;19.4;38.0;46.0;13
22810;0.3999;19.4;37.9;45.9;13
22811;0.3977;19.4;37.9;45.9;13
22812;0.3952;19.4;37.8;45.9;13
22813;0.393;19.4;37.8;45.8;13
22814;0.395;19.4;37.8;45.8;13
22815;0.3951;19.4;37.8;45.8;13
22816;0.3928;19.4;37.8;45.8;13
22817;0.3938;19.4;37.8;45.8;13
22818;0.3912;19.4;37.8;45.8;13
22819;0.3923;19.4;37.8;45.7;13
22820;0.3908;19.4;37.8;45.7;13
22821;0.3906;19.4;37.8;45.7;13
22822;0.3887;19.3;37.8;45.7;13
22823;0.3878;19.3;37.8;45.6;13
22824;0.3872;19.2;37.8;45.6;13
22825;0.3878;19.3;37.8;45.5;13
22826;0.3866;19.3;37.8;45.5;13
22827;0.3867;19.3;37.8;45.4;13
22828;0.3841;19.3;37.8;45.4;13
22829;0.3848;19.3;37.8;45.4;13
22830;0.3849;19.3;37.9;45.2;13
22831;0.386;19.3;37.8;45.3;13
22832;0.3839;19.3;37.8;45.2;13
22833;0.3835;19.3;37.8;45.0;13
22834;0.3836;19.3;37.8;44.9;13
22835;0.3839;19.3;37.8;44.9;13
22836;0.3827;19.4;37.7;45.1;13
22837;0.3783;19.4;37.7;44.9;13
22838;0.3795;19.4;37.7;44.9;13
22839;0.3769;19.4;37.7;44.8;13
22840;0.374;19.4;37.7;44.8;13
22841;0.3735;19.3;37.7;44.7;13
22842;0.3714;19.4;37.7;44.7;13
22843;0.3729;19.4;37.7;44.6;13
22844;0.3712;19.4;37.7;44.6;13
22845;0.372;19.4;37.7;44.5;13
22846;0.369;19.4;37.7;44.5;13
22847;0.3693;19.4;37.7;44.5;13
22848;0.369;19.4;37.7;44.4;13
22849;0.3681;19.4;37.7;44.4;13
22850;0.3672;19.4;37.7;44.3;13
22851;0.3668;19.4;37.7;44.3;13
22852;0.3694;19.4;37.6;44.3;13
22853;0.3683;19.4;37.6;44.2;13
22854;0.3668;19.3;37.6;44.2;13
22855;0.3676;19.4;37.6;44.2;13
22856;0.3678;19.4;37.5;44.1;13
22857;0.3683;19.4;37.5;44.1;13
22858;0.367;19.3;37.6;44.1;13
22859;0.3656;19.3;37.6;44.1;13
22860;0.3658;19.2;37.6;44.0;13
22861;0.3663;19.3;37.5;44.0;13
22862;0.3668;19.3;37.5;44.0;13
22863;0.3647;19.2;37.4;44.0;13
22864;0.3636;19.1;37.5;44.0;13
22865;0.3653;19.1;37.4;44.0;13
22866;0.3653;19.1;37.4;43.9;13
22867;0.3666;19.1;37.4;43.9;13
22868;0.3658;19.2;37.4;43.9;13
22869;0.3649;19.1;37.4;43.9;13
22870;0.3656;19.1;37.4;43.9;13
22871;0.3665;19.1;37.4;43.9;13
22872;0.3634;19.0;37.4;43.9;13
22873;0.3627;19.0;37.4;43.9;13
22874;0.363;19.0;37.3;43.7;13
22875;0.3608;19.1;37.4;43.7;13
22876;0.3608;19.1;37.4;43.8;13
22877;0.3629;19.1;37.4;43.7;13
22878;0.3632;19.1;37.4;43.7;13
22879;0.3629;19.0;37.3;43.7;13
22880;0.3616;19.0;37.3;43.7;13
22881;0.3598;19.0;37.3;43.7;13
22882;0.3551;19.1;37.3;43.6;13
22883;0.3558;19.0;37.2;43.6;13
22884;0.3554;19.0;37.2;43.6;13
22885;0.354;19.1;37.2;43.5;13
22886;0.3553;19.1;37.2;43.5;13
22887;0.3541;19.1;37.2;43.4;13
22888;0.3541;19.1;37.2;43.4;13
22889;0.3561;19.2;37.2;43.4;13
22890;0.3554;19.2;37.1;43.4;13
22891;0.3544;19.2;37.1;43.4;13
22892;0.353;19.1;37.1;43.3;13
22893;0.352;19.1;37.1;43.3;13
22894;0.3528;19.1;37.1;43.3;13
22895;0.3533;19.1;37.1;43.3;13
22896;0.3521;19.1;37.1;43.3;13
22897;0.3528;19.1;37.1;43.3;13
22898;0.3489;19.1;37.0;43.2;13
22899;0.3511;19.1;37.0;43.2;13
22900;0.3502;19.1;37.0;43.1;13
22901;0.3487;19.1;37.0;43.1;13
22902;0.3455;19.1;37.0;43.0;13
22903;0.3471;19.2;37.0;43.0;13
22904;0.3446;19.2;37.0;42.9;13
22905;0.3449;19.2;37.0;42.9;13
22906;0.3433;19.2;37.0;42.9;13
22907;0.3426;19.1;36.9;42.8;13
22908;0.3406;19.1;37.0;42.8;13
22909;0.342;19.1;36.9;42.5;13
22910;0.3398;19.1;36.9;42.7;13
22911;0.3406;19.0;36.8;42.5;13
22912;0.3408;19.1;36.9;42.5;13
22913;0.3421;19.1;36.9;42.5;13
22914;0.3407;19.0;36.9;42.4;13
22915;0.3412;18.9;36.9;42.3;13
22916;0.3394;18.9;36.8;42.3;13
22917;0.3397;18.9;36.7;42.3;13
22918;0.3395;18.9;36.7;42.3;13
22919;0.3376;18.9;36.7;42.3;13
22920;0.337;18.9;36.7;42.2;13
22921;0.3371;18.9;36.8;42.2;13
22922;0.3368;18.9;36.8;42.1;13
22923;0.3371;18.9;36.8;42.1;13
22924;0.3361;18.9;36.8;42.1;13
22925;0.3347;18.9;36.7;42.1;13
22926;0.3334;18.9;36.6;42.0;13
22927;0.3327;18.9;36.6;42.0;13
22928;0.3328;18.9;36.5;42.0;13
22929;0.3327;18.9;36.6;41.9;13
22930;0.3312;18.9;36.6;41.9;13
22931;0.3287;18.9;36.6;41.8;13
22932;0.329;18.9;36.6;41.8;13
22933;0.3272;18.9;36.6;41.8;13
22934;0.3283;18.8;36.5;41.7;13
22935;0.3276;18.8;36.5;41.8;13
22936;0.3278;18.8;36.5;41.7;13
22937;0.3276;18.8;36.5;41.7;13
22938;0.3273;18.8;36.5;41.6;13
22939;0.3288;18.8;36.6;41.6;13
22940;0.3304;18.8;36.3;41.5;13
22941;0.3286;18.8;36.4;41.5;13
22942;0.33;18.7;36.4;41.5;13
22943;0.3276;18.7;36.4;41.4;13
22944;0.3278;18.7;36.3;41.4;13
22945;0.3287;18.7;36.3;41.4;13
22946;0.3261;18.7;36.2;41.4;13
22947;0.3244;18.6;36.2;41.3;13
22948;0.3245;18.6;36.2;41.3;13
22949;0.3259;18.6;36.2;41.3;13
22950;0.3248;18.6;36.2;41.3;13
22951;0.3247;18.6;36.2;41.3;13
22952;0.3256;18.6;36.2;41.3;13
22953;0.3245;18.5;36.3;41.3;13
22954;0.3248;18.4;36.2;41.2;13
22955;0.3254;18.4;36.2;41.3;13
22956;0.3243;18.4;36.2;41.2;13
22957;0.3259;18.5;36.1;41.1;13
22958;0.3258;18.4;36.1;41.2;13
22959;0.3245;18.4;36.1;41.1;13
22960;0.3234;18.4;36.1;41.1;13
22961;0.3235;18.3;36.1;41.1;13
22962;0.3233;18.3;36.1;41.0;13
22963;0.3242;18.3;36.0;41.0;13
22964;0.3229;18.3;36.0;40.9;13
22965;0.3234;18.3;36.0;41.0;13
22966;0.324;18.1;36.0;40.9;13
22967;0.3221;18.1;36.0;40.9;13
22968;0.3222;18.2;36.0;40.9;13
22969;0.3206;18.2;36.0;40.9;13
22970;0.3204;18.2;36.0;40.8;13
22971;0.3202;18.2;35.9;40.9;13
22972;0.3196;18.2;35.9;40.8;13
22973;0.3168;18.2;35.9;40.8;13
22974;0.3152;18.1;35.9;40.7;13
22975;0.3163;18.0;35.9;40.7;13
22976;0.3155;18.1;35.9;40.7;13
22977;0.3138;18.1;35.9;40.7;13
22978;0.3141;18.0;35.9;40.7;13
22979;0.3138;18.0;35.8;40.6;13
22980;0.3126;18.0;35.9;40.5;13
22981;0.3155;18.0;35.8;40.5;13
22982;0.3135;18.0;35.7;40.5;13
22983;0.3132;18.1;35.8;40.5;13
22984;0.3111;18.2;35.8;40.4;13
22985;0.3111;18.2;35.7;40.4;13
22986;0.3106;18.2;35.6;40.4;13
22987;0.311;18.2;35.7;40.3;13
22988;0.311;18.1;35.6;40.1;13
22989;0.3098;18.2;35.6;40.3;13
22990;0.3117;18.2;35.6;40.3;13
22991;0.3115;18.1;35.6;40.3;13
22992;0.3125;18.2;35.6;40.0;13
22993;0.311;18.2;35.6;40.2;13
22994;0.3122;18.2;35.6;39.9;13
22995;0.3121;18.3;35.5;40.1;13
22996;0.3115;18.3;35.5;39.9;13
22997;0.3104;18.2;35.5;39.9;13
22998;0.3114;18.2;35.5;40.1;13
22999;0.3107;18.3;35.5;39.8;13
23000;0.3096;18.2;35.5;40.0;13
23001;0.3085;18.3;35.5;40.0;13
23002;0.3094;18.3;35.5;39.8;13
23003;0.3093;18.3;35.5;39.8;13
23004;0.3079;18.4;35.4;39.8;13
23005;0.3078;18.4;35.4;39.8;13
23006;0.3066;18.4;35.4;39.8;13
23007;0.308;18.4;35.4;39.7;13
23008;0.309;18.4;35.4;39.7;13
23009;0.3072;18.3;35.4;39.7;13
23010;0.3063;18.3;35.4;39.7;13
23011;0.3059;18.3;35.4;39.6;13
23012;0.3054;18.3;35.4;39.6;13
23013;0.3059;18.3;35.4;39.6;13
23014;0.3049;18.3;35.4;39.6;13
23015;0.3052;18.3;35.3;39.6;13
23016;0.3068;18.2;35.3;39.6;13
23017;0.3052;18.1;35.3;39.5;13
23018;0.3068;18.1;35.3;39.5;13
23019;0.3082;18.1;35.3;39.5;13
23020;0.3093;18.2;35.3;39.4;13
23021;0.3084;18.1;35.3;39.4;13
23022;0.3076;18.1;35.2;39.4;13
23023;0.3066;18.1;35.2;39.4;13
23024;0.3062;18.0;35.2;39.4;13
23025;0.3064;18.0;35.2;39.4;13
23026;0.3051;18.0;35.1;39.3;13
23027;0.3036;18.0;35.1;39.4;13
23028;0.306;18.0;35.1;39.3;13
23029;0.306;17.9;35.0;39.3;13
23030;0.3064;17.9;35.0;39.2;13
23031;0.3059;17.9;35.0;39.3;13
23032;0.3066;17.9;35.1;39.3;13
23033;0.3059;17.9;35.0;39.2;13
23034;0.3063;17.9;35.1;39.2;13
23035;0.3046;17.9;35.0;39.2;13
23036;0.3047;17.9;35.0;39.1;13
23037;0.3047;17.9;34.9;39.1;13
23038;0.3033;18.0;34.9;39.1;13
23039;0.3027;17.9;34.9;39.1;13
23040;0.302;17.9;34.9;39.1;13
23041;0.3008;17.8;34.9;39.1;13
23042;0.3027;17.7;34.9;39.0;13
23043;0.3012;17.8;34.9;39.0;13
23044;0.3016;17.8;34.9;39.0;13
23045;0.302;17.8;34.8;38.9;13
23046;0.3024;17.7;34.8;38.9;13
23047;0.3006;17.8;34.8;38.9;13
23048;0.2997;17.8;34.8;38.9;13
23049;0.3004;17.8;34.8;38.9;13
23050;0.3013;17.8;34.8;38.8;13
23051;0.3007;17.8;34.8;38.8;13
23052;0.2981;17.8;34.8;38.8;13
23053;0.2993;17.9;34.8;38.7;13
23054;0.2989;18.0;34.8;38.7;13
23055;0.3004;18.0;34.8;38.7;13
23056;0.3003;18.0;34.8;38.7;13
23057;0.3002;18.0;34.8;38.7;13
23058;0.299;18.0;34.7;38.7;13
23059;0.2999;18.0;34.7;38.6;13
23060;0.2991;18.0;34.7;38.6;13
23061;0.2985;17.9;34.7;38.6;13
23062;0.2987;17.9;34.7;38.6;13
23063;0.2992;17.9;34.7;38.6;13
23064;0.2971;17.9;34.7;38.5;13
23065;0.2975;17.9;34.7;38.5;13
23066;0.2969;17.9;34.7;38.5;13
23067;0.2993;18.0;34.7;38.5;13
23068;0.2977;17.9;34.7;38.5;13
23069;0.2972;17.9;34.7;38.5;13
23070;0.2953;17.8;34.6;38.5;13
23071;0.2955;17.7;34.5;38.5;13
23072;0.2946;17.8;34.5;38.5;13
23073;0.2942;17.8;34.5;38.4;13
23074;0.2945;17.8;34.6;38.4;13
23075;0.2956;17.8;34.6;38.4;13
23076;0.2953;17.8;34.6;38.4;13
23077;0.295;17.6;34.5;38.3;13
23078;0.2935;17.7;34.5;38.3;13
23079;0.2932;17.6;34.4;38.3;13
23080;0.2943;17.6;34.5;38.2;13
23081;0.2931;17.6;34.4;38.2;13
23082;0.292;17.5;34.4;38.1;13
23083;0.2931;17.5;34.3;38.1;13
23084;0.2935;17.5;34.4;38.2;13
23085;0.2946;17.5;34.3;38.1;13
23086;0.2929;17.5;34.3;38.1;13
23087;0.2936;17.5;34.3;38.1;13
23088;0.2956;17.5;34.3;38.1;13
23089;0.2948;17.6;34.3;38.1;13
23090;0.2946;17.5;34.3;38.1;13
23091;0.2956;17.6;34.3;38.1;13
23092;0.296;17.4;34.3;38.1;13
23093;0.2967;17.4;34.3;38.0;13
23094;0.2956;17.4;34.3;38.0;13
23095;0.2959;17.4;34.2;38.0;13
23096;0.2953;17.4;34.2;38.0;13
23097;0.2954;17.5;34.2;37.9;13
23098;0.2944;17.4;34.2;38.0;13
23099;0.2964;17.3;34.2;37.9;13
23100;0.2968;17.3;34.2;37.9;13
23101;0.297;17.3;34.2;37.9;13
23102;0.2959;17.3;34.2;37.9;13
23103;0.2958;17.3;34.2;37.9;13
23104;0.2964;17.4;34.2;37.9;13
23105;0.2956;17.3;34.2;37.9;13
23106;0.2959;17.3;34.1;37.9;13
23107;0.2948;17.3;34.1;37.9;13
23108;0.2951;17.3;34.1;37.9;13
23109;0.2947;17.3;34.1;37.9;13
23110;0.2954;17.2;34.1;37.8;13
23111;0.2961;17.2;34.1;37.8;13
23112;0.2942;17.2;34.1;37.9;13
23113;0.2962;17.2;34.1;37.8;13
23114;0.2962;17.2;34.1;37.8;13
23115;0.2958;17.2;34.1;37.8;13
23116;0.2956;17.2;34.1;37.7;13
23117;0.2933;17.1;34.1;37.8;13
23118;0.2933;17.2;34.1;37.7;13
23119;0.2923;17.1;34.1;37.7;13
23120;0.2939;17.2;34.0;37.7;13
23121;0.2929;17.2;34.0;37.7;13
23122;0.2902;17.2;34.0;37.7;13
23123;0.2913;17.2;33.9;37.6;13
23124;0.2905;17.1;33.9;37.7;13
23125;0.2911;17.2;33.9;37.6;13
23126;0.2909;17.2;33.9;37.6;13
23127;0.2904;17.2;33.9;37.6;13
23128;0.2894;17.2;33.9;37.6;13
23129;0.2893;17.2;33.9;37.5;13
23130;0.2887;17.2;33.9;37.5;13
23131;0.2919;17.2;34.0;37.5;13
23132;0.2923;17.1;33.9;37.5;13
23133;0.2929;17.2;33.9;37.5;13
23134;0.2907;17.1;33.9;37.5;13
23135;0.29;17.2;33.9;37.4;13
23136;0.2891;17.2;33.9;37.4;13
23137;0.2914;17.2;33.9;37.4;13
23138;0.2899;17.2;33.9;37.4;13
23139;0.291;17.2;33.8;37.4;13
23140;0.2918;17.2;33.8;37.4;13
23141;0.2896;17.2;33.8;37.4;13
23142;0.288;17.1;33.8;37.4;13
23143;0.2899;17.1;33.8;37.4;13
23144;0.2883;17.1;33.8;37.4;13
23145;0.2885;17.1;33.8;37.4;13
23146;0.2906;17.1;33.8;37.3;13
23147;0.2896;17.0;33.8;37.3;13
23148;0.2896;17.1;33.8;37.3;13
23149;0.2883;17.0;33.8;37.3;13
23150;0.2889;17.0;33.7;37.3;13
23151;0.2891;17.0;33.7;37.3;13
23152;0.2896;17.1;33.7;37.2;13
23153;0.2881;17.1;33.7;37.2;13
23154;0.2904;17.1;33.7;37.2;13
23155;0.2883;17.0;33.8;37.2;13
23156;0.289;17.0;33.7;37.2;13
23157;0.2882;17.0;33.7;37.2;13
23158;0.2912;17.0;33.7;37.1;13
23159;0.2904;16.9;33.7;37.1;13
23160;0.2917;16.9;33.7;37.2;13
23161;0.2907;16.9;33.7;37.1;13
23162;0.2907;16.9;33.7;37.1;13
23163;0.2889;16.9;33.7;37.1;13
23164;0.2912;16.8;33.6;37.1;13
23165;0.2918;16.8;33.6;37.1;13
23166;0.2902;16.8;33.6;37.0;13
23167;0.2891;16.7;33.6;37.1;13
23168;0.2892;16.6;33.6;37.0;13
23169;0.2876;16.7;33.6;37.0;13
23170;0.2892;16.7;33.5;37.0;13
23171;0.2907;16.7;33.5;37.0;13
23172;0.2903;16.7;33.4;37.0;13
23173;0.291;16.7;33.4;37.0;13
23174;0.2896;16.7;33.4;37.0;13
23175;0.2891;16.7;33.4;36.9;13
23176;0.2881;16.7;33.4;36.9;13
23177;0.2882;16.6;33.4;36.9;13
23178;0.2895;16.7;33.4;36.9;13
23179;0.2922;16.7;33.4;36.9;13
23180;0.2912;16.7;33.3;36.9;13
23181;0.291;16.7;33.3;36.9;13
23182;0.2902;16.7;33.3;36.9;13
23183;0.2903;16.7;33.3;36.9;13
23184;0.2898;16.7;33.3;36.9;13
23185;0.2912;16.6;33.3;36.8;13
23186;0.2914;16.6;33.3;36.8;13
23187;0.2927;16.6;33.3;36.9;13
23188;0.2904;16.6;33.3;36.9;13
23189;0.2903;16.5;33.3;36.9;13
23190;0.2905;16.6;33.3;36.9;13
23191;0.2913;16.5;33.3;36.9;13
23192;0.2895;16.4;33.3;36.9;13
23193;0.2893;16.5;33.2;36.9;13
23194;0.29;16.4;33.2;36.8;13
23195;0.2897;16.5;33.2;36.8;13
23196;0.2904;16.5;33.2;36.8;13
23197;0.2891;16.4;33.2;36.8;13
23198;0.2877;16.5;33.2;36.7;13
23199;0.2874;16.4;33.1;36.7;13
23200;0.2891;16.3;33.1;36.7;13
23201;0.2865;16.4;33.1;36.7;13
23202;0.2857;16.3;33.1;36.7;13
23203;0.2856;16.3;33.1;36.7;13
23204;0.2873;16.3;33.1;36.7;13
23205;0.2871;16.4;33.1;36.6;13
23206;0.2875;16.4;33.1;36.6;13
23207;0.289;16.4;33.1;36.6;13
23208;0.2877;16.4;33.1;36.5;13
23209;0.2884;16.3;33.1;36.6;13
23210;0.2876;16.3;33.1;36.6;13
23211;0.2883;16.3;33.1;36.5;13
23212;0.2862;16.3;33.0;36.6;13
23213;0.287;16.3;32.9;36.4;13
23214;0.2852;16.3;33.0;36.4;13
23215;0.2852;16.3;33.0;36.4;13
23216;0.2857;16.3;32.9;36.4;13
23217;0.2861;16.3;33.0;36.3;13
23218;0.2845;16.3;33.0;36.4;13
23219;0.2842;16.4;33.0;36.4;13
23220;0.2844;16.4;33.0;36.3;13
23221;0.2859;16.4;32.9;36.3;13
23222;0.2848;16.5;33.0;36.3;13
23223;0.2875;16.4;33.0;36.2;13
23224;0.291;16.4;32.9;36.3;13
23225;0.2908;16.4;32.9;36.3;13
23226;0.2905;16.4;33.0;36.3;13
23227;0.2913;16.5;33.0;36.3;13
23228;0.293;16.4;32.9;36.3;13
23229;0.292;16.4;32.9;36.3;13
23230;0.2921;16.4;32.8;36.3;13
23231;0.2903;16.4;32.9;36.3;13
23232;0.2916;16.4;32.8;36.3;13
23233;0.2914;16.3;32.9;36.3;13
23234;0.2908;16.3;32.8;36.3;13
23235;0.2907;16.3;32.9;36.3;13
23236;0.2927;16.3;32.8;36.3;13
23237;0.2908;16.3;32.8;36.3;13
23238;0.2916;16.3;32.9;36.3;13
23239;0.2893;16.3;32.9;36.3;13
23240;0.29;16.3;32.9;36.3;13
23241;0.2888;16.2;32.9;36.3;13
23242;0.2872;16.1;32.8;36.2;13
23243;0.2866;16.1;32.8;36.2;13
23244;0.2877;16.2;32.7;36.2;13
23245;0.2891;16.2;32.7;36.2;13
23246;0.2876;16.2;32.7;36.3;13
23247;0.2867;16.1;32.8;36.2;13
23248;0.2872;16.1;32.8;36.1;13
23249;0.2859;16.1;32.8;36.1;13
23250;0.2863;16.1;32.7;36.1;13
23251;0.2858;16.0;32.7;36.1;13
23252;0.2866;15.9;32.7;36.0;13
23253;0.2906;16.0;32.7;36.0;13
23254;0.2885;16.0;32.6;36.1;13
23255;0.2893;16.0;32.6;36.0;13
23256;0.2867;16.0;32.6;36.0;13
23257;0.288;15.9;32.6;36.0;13
23258;0.2876;15.9;32.6;36.0;13
23259;0.2874;15.8;32.6;36.0;13
23260;0.287;15.8;32.6;36.0;13
23261;0.2876;15.8;32.5;36.0;13
23262;0.286;15.8;32.5;36.0;13
23263;0.2862;15.8;32.5;36.0;13
23264;0.2868;15.9;32.5;36.0;13
23265;0.2881;15.8;32.5;36.0;13
23266;0.2873;15.8;32.5;36.0;13
23267;0.2873;15.8;32.5;36.0;13
23268;0.2883;15.8;32.5;35.9;13
23269;0.2876;15.7;32.5;35.9;13
23270;0.2912;15.7;32.4;35.9;13
23271;0.2907;15.6;32.4;35.9;13
23272;0.2898;15.6;32.4;35.9;13
23273;0.2895;15.7;32.3;35.9;13
23274;0.2897;15.7;32.3;35.9;13
23275;0.2892;15.7;32.4;35.9;13
23276;0.2903;15.7;32.3;35.8;13
23277;0.2882;15.7;32.3;35.9;13
23278;0.2883;15.7;32.4;35.8;13
23279;0.2884;15.6;32.4;35.9;13
23280;0.2899;15.6;32.4;35.8;13
23281;0.2899;15.6;32.4;35.8;13
23282;0.2914;15.6;32.4;35.8;13
23283;0.2911;15.6;32.4;35.8;13
23284;0.2917;15.6;32.4;35.8;13
23285;0.2925;15.6;32.3;35.8;13
23286;0.2921;15.5;32.4;35.8;13
23287;0.2928;15.6;32.4;35.8;13
23288;0.2918;15.6;32.4;35.9;13
23289;0.2922;15.5;32.4;35.9;13
23290;0.2918;15.5;32.4;35.9;13
23291;0.2919;15.4;32.4;35.8;13
23292;0.2916;15.4;32.4;35.8;13
23293;0.2929;15.4;32.4;35.8;13
23294;0.2894;15.4;32.3;35.9;13
23295;0.2891;15.4;32.3;35.9;13
23296;0.2885;15.3;32.3;35.8;13
23297;0.2915;15.3;32.3;35.8;13
23298;0.2907;15.2;32.3;35.8;13
23299;0.2908;15.2;32.3;35.8;13
23300;0.2917;15.2;32.3;35.8;13
23301;0.2899;15.2;32.3;35.8;13
23302;0.2911;15.2;32.3;35.8;13
23303;0.2911;15.3;32.3;35.8;13
23304;0.2912;15.2;32.3;35.7;13
23305;0.2906;15.1;32.3;35.7;13
23306;0.2919;15.1;32.2;35.7;13
23307;0.2929;15.1;32.1;35.7;13
23308;0.2903;15.1;32.1;35.8;13
23309;0.291;15.1;32.1;35.7;13
23310;0.291;15.1;32.1;35.7;13
23311;0.2892;15.1;32.1;35.7;13
23312;0.2911;15.1;32.1;35.7;13
23313;0.2883;15.1;32.1;35.7;13
23314;0.2883;15.1;32.1;35.7;13
23315;0.2889;15.0;32.1;35.7;13
23316;0.2909;14.9;32.1;35.7;13
23317;0.2921;14.9;32.0;35.6;13
23318;0.2915;14.9;32.0;35.7;13
23319;0.2918;14.9;32.0;35.6;13
23320;0.2911;14.9;32.0;35.6;13
23321;0.2921;14.9;32.0;35.6;13
23322;0.2893;14.9;32.0;35.6;13
23323;0.2896;15.0;32.0;35.6;13
23324;0.2896;15.0;32.0;35.6;13
23325;0.2894;15.0;32.0;35.6;13
23326;0.2906;14.9;32.0;35.6;13
23327;0.2912;14.9;32.0;35.6;13
23328;0.2924;14.9;32.0;35.6;13
23329;0.2931;15.0;32.0;35.6;13
23330;0.2915;14.9;32.0;35.6;13
23331;0.2901;14.9;32.0;35.6;13
23332;0.2911;14.9;32.0;35.6;13
23333;0.2913;14.9;32.0;35.6;13
23334;0.2916;14.9;32.0;35.6;13
23335;0.2899;15.0;32.0;35.6;13
23336;0.2883;14.9;32.0;35.5;13
23337;0.2894;14.9;32.0;35.5;13
23338;0.2894;14.9;32.0;35.5;13
23339;0.2885;14.9;32.0;35.5;13
23340;0.2899;14.9;32.0;35.5;13
23341;0.2899;15.0;32.0;35.5;13
23342;0.2914;15.0;32.0;35.5;13
23343;0.2906;15.1;31.9;35.5;13
23344;0.2933;15.0;31.9;35.5;13
23345;0.2948;15.1;31.9;35.5;13
23346;0.2951;15.1;31.9;35.5;13
23347;0.2963;15.0;31.9;35.5;13
23348;0.2969;15.1;31.9;35.5;13
23349;0.2983;15.1;31.9;35.5;13
23350;0.2988;15.1;31.9;35.6;13
23351;0.3006;15.0;31.9;35.6;13
23352;0.3044;15.1;31.9;35.6;13
23353;0.3028;15.0;31.9;35.6;13
23354;0.3068;15.0;31.9;35.7;13
23355;0.3041;15.0;31.9;35.7;13
23356;0.3028;15.1;31.9;35.7;13
23357;0.3016;15.0;31.9;35.7;13
23358;0.301;15.1;31.9;35.7;13
23359;0.3014;15.0;31.9;35.7;13
23360;0.3017;15.1;31.9;35.7;13
23361;0.3006;15.1;31.9;35.8;13
23362;0.2993;15.1;31.9;35.8;13
23363;0.2989;15.2;31.9;35.7;13
23364;0.2981;15.2;31.9;35.8;13
23365;0.2999;15.1;31.9;35.7;13
23366;0.2985;15.2;31.9;35.7;13
23367;0.2979;15.2;31.9;35.7;13
23368;0.2992;15.3;31.9;35.7;13
23369;0.2989;15.3;31.9;35.7;13
23370;0.3012;15.3;31.9;35.7;13
23371;0.3022;15.3;31.9;35.7;13
23372;0.3027;15.3;31.9;35.7;13
23373;0.3019;15.3;31.9;35.8;13
23374;0.3019;15.3;31.9;35.7;13
23375;0.302;15.4;31.9;35.7;13
23376;0.303;15.3;31.9;35.8;13
23377;0.3029;15.4;31.9;35.8;13
23378;0.3035;15.4;31.9;35.8;13
23379;0.3029;15.3;31.9;35.8;13
23380;0.3022;15.4;31.9;35.8;13
23381;0.302;15.4;31.9;35.7;13
23382;0.3031;15.5;31.9;35.7;13
23383;0.3003;15.5;31.9;35.8;13
23384;0.302;15.5;31.9;35.8;13
23385;0.3002;15.5;32.0;35.7;13
23386;0.3025;15.6;32.0;35.8;13
23387;0.3026;15.6;32.0;35.8;13
23388;0.304;15.6;32.0;35.8;13
23389;0.3035;15.6;32.0;35.8;13
23390;0.3047;15.7;32.0;35.8;13
23391;0.3063;15.8;32.0;35.8;13
23392;0.308;15.8;32.0;35.8;13
23393;0.3087;15.8;32.0;35.8;13
23394;0.3083;15.9;32.0;35.8;13
23395;0.3095;15.9;32.0;35.8;13
23396;0.3082;15.8;32.0;35.8;13
23397;0.3079;15.9;32.0;35.8;13
23398;0.3101;16.0;32.0;35.8;13
23399;0.3088;16.0;32.1;35.9;13
23400;0.3081;16.0;32.1;35.9;13
23401;0.3085;16.0;32.1;35.9;13
23402;0.3098;16.1;32.2;35.9;13
23403;0.3103;16.1;32.1;35.9;13
23404;0.3132;16.1;32.1;35.9;13
23405;0.3172;16.1;32.1;36.0;13
23406;0.3163;16.1;32.1;36.0;13
23407;0.3174;16.1;32.1;36.0;13
23408;0.3174;16.1;32.2;36.1;13
23409;0.3175;16.1;32.2;36.0;13
23410;0.3171;16.1;32.2;36.1;13
23411;0.3185;16.1;32.2;36.1;13
23412;0.3196;16.1;32.2;36.1;13
23413;0.3207;16.2;32.2;36.2;13
23414;0.3215;16.2;32.2;36.2;13
23415;0.3209;16.2;32.3;36.2;13
23416;0.321;16.2;32.2;36.3;13
23417;0.3219;16.2;32.2;36.3;13
23418;0.3236;16.2;32.2;36.4;13
23419;0.3241;16.3;32.2;36.3;13
23420;0.3236;16.4;32.2;36.3;13
23421;0.3232;16.3;32.2;36.4;13
23422;0.3274;16.3;32.4;36.5;13
23423;0.3245;16.3;32.4;36.5;13
23424;0.3256;16.3;32.3;36.6;13
23425;0.3267;16.3;32.4;36.4;13
23426;0.3269;16.3;32.4;36.5;13
23427;0.3251;16.3;32.4;36.6;13
23428;0.3257;16.3;32.4;36.6;13
23429;0.329;16.3;32.4;36.7;13
23430;0.3296;16.3;32.3;36.7;13
23431;0.3271;16.3;32.3;36.7;13
23432;0.3273;16.3;32.3;36.8;13
23433;0.3316;16.3;32.3;36.8;13
23434;0.3328;16.4;32.3;36.8;13
23435;0.3333;16.4;32.4;36.8;13
23436;0.332;16.5;32.4;36.9;13
23437;0.3341;16.5;32.5;36.9;13
23438;0.3342;16.5;32.5;37.0;13
23439;0.3367;16.5;32.5;37.0;13
23440;0.3364;16.6;32.4;37.1;13
23441;0.3358;16.6;32.5;37.1;13
23442;0.338;16.6;32.5;37.1;13
23443;0.3374;16.6;32.5;37.2;13
23444;0.3372;16.6;32.5;37.2;13
23445;0.3354;16.6;32.6;37.2;13
23446;0.3384;16.7;32.6;37.2;13
23447;0.3367;16.7;32.6;37.3;13
23448;0.3367;16.7;32.6;37.3;13
23449;0.3377;16.7;32.6;37.3;13
23450;0.3369;16.8;32.7;37.3;13
23451;0.3381;16.8;32.8;37.4;13
23452;0.3383;16.8;32.8;37.4;13
23453;0.3385;16.9;32.7;37.4;13
23454;0.3383;16.9;32.7;37.5;13
23455;0.3388;16.9;32.7;37.5;13
23456;0.3412;16.9;32.7;37.5;13
23457;0.3398;17.1;32.7;37.6;13
23458;0.3398;17.1;32.7;37.6;13
23459;0.3428;17.0;32.8;37.6;13
23460;0.3406;17.0;32.9;37.7;13
23461;0.3408;17.1;32.9;37.7;13
23462;0.3417;17.1;32.9;37.7;13
23463;0.3402;17.2;32.8;37.7;13
23464;0.3419;17.3;32.8;37.8;13
23465;0.3413;17.3;32.9;37.8;13
23466;0.342;17.3;33.0;37.8;13
23467;0.3434;17.3;33.0;37.8;13
23468;0.3437;17.4;32.9;37.9;13
23469;0.3445;17.4;32.9;38.0;13
23470;0.3466;17.4;33.0;38.0;13
23471;0.3462;17.4;33.1;38.0;13
23472;0.3468;17.6;33.1;38.0;13
23473;0.3474;17.6;33.1;38.1;13
23474;0.3489;17.5;33.1;38.1;13
23475;0.3498;17.5;33.1;38.1;13
23476;0.3507;17.5;33.1;38.2;13
23477;0.3529;17.7;33.1;38.3;13
23478;0.352;17.7;33.3;38.4;13
23479;0.3515;17.6;33.2;38.2;13
23480;0.3532;17.8;33.3;38.4;13
23481;0.3515;17.6;33.2;38.3;13
23482;0.3509;17.8;33.3;38.4;13
23483;0.3518;17.6;33.2;38.3;13
23484;0.3517;17.8;33.3;38.4;13
23485;0.3519;17.7;33.3;38.4;13
23486;0.352;17.8;33.3;38.5;13
23487;0.3516;17.9;33.4;38.5;13
23488;0.354;17.9;33.4;38.5;13
23489;0.3538;17.9;33.4;38.6;13
23490;0.354;17.9;33.4;38.6;13
23491;0.3521;18.1;33.4;38.7;13
23492;0.3555;18.1;33.5;38.7;13
23493;0.356;18.0;33.6;38.7;13
23494;0.3564;18.0;33.6;38.8;13
23495;0.357;18.0;33.6;38.8;13
23496;0.3551;18.1;33.6;38.8;13
23497;0.3592;18.1;33.6;38.9;13
23498;0.3602;18.2;33.7;38.9;13
23499;0.3583;18.2;33.7;39.0;13
23500;0.3587;18.2;33.7;39.0;13
23501;0.3584;18.1;33.7;39.1;13
23502;0.3609;18.2;33.8;39.1;13
23503;0.3615;18.3;33.8;39.1;13
23504;0.3631;18.3;33.8;39.2;13
23505;0.3647;18.3;33.8;39.2;13
23506;0.3622;18.3;33.8;39.3;13
23507;0.3661;18.3;33.8;39.3;13
23508;0.3669;18.4;33.8;39.4;13
23509;0.3657;18.4;33.8;39.4;13
23510;0.3651;18.4;33.9;39.4;13
23511;0.3655;18.4;33.9;39.5;13
23512;0.3673;18.5;33.9;39.5;13
23513;0.3682;18.5;33.9;39.6;13
23514;0.3684;18.5;34.0;39.6;13
23515;0.3667;18.6;34.0;39.6;13
23516;0.3673;18.6;34.1;39.7;13
23517;0.3695;18.7;34.1;39.8;13
23518;0.3675;18.6;34.0;39.8;13
23519;0.3693;18.7;34.1;40.0;13
23520;0.3668;18.8;34.2;39.9;13
23521;0.3657;18.8;34.2;39.9;13
23522;0.3669;18.8;34.2;39.8;13
23523;0.3657;18.8;34.2;39.8;13
23524;0.367;18.9;34.2;39.8;13
23525;0.367;18.9;34.3;39.8;13
23526;0.3699;18.9;34.3;39.9;13
23527;0.3712;19.0;34.3;39.8;13
23528;0.3719;19.0;34.3;39.9;13
23529;0.3722;19.0;34.3;40.1;13
23530;0.3731;19.1;34.4;40.2;13
23531;0.3733;19.2;34.4;40.3;13
23532;0.3733;19.2;34.4;40.3;13
23533;0.3742;19.1;34.4;40.3;13
23534;0.3732;19.2;34.4;40.3;13
23535;0.3724;19.3;34.4;40.4;13
23536;0.3745;19.3;34.4;40.4;13
23537;0.374;19.2;34.5;40.5;13
23538;0.376;19.3;34.5;40.5;13
23539;0.3785;19.4;34.5;40.6;13
23540;0.3793;19.4;34.5;40.6;13
23541;0.3763;19.4;34.5;40.6;13
23542;0.3782;19.5;34.7;40.7;13
23543;0.3775;19.5;34.7;40.7;13
23544;0.3774;19.5;34.7;40.7;13
23545;0.3801;19.5;34.7;40.7;13
23546;0.3802;19.5;34.7;40.8;13
23547;0.3781;19.5;34.7;40.8;13
23548;0.3793;19.5;34.8;40.9;13
23549;0.3811;19.7;34.8;40.9;13
23550;0.3826;19.7;34.8;40.9;13
23551;0.3816;19.7;34.8;41.0;13
23552;0.3818;19.8;34.8;41.0;13
23553;0.3811;19.8;34.9;41.1;13
23554;0.3828;19.8;34.9;41.2;13
23555;0.3831;19.8;34.9;41.2;13
23556;0.3864;19.7;34.9;41.2;13
23557;0.3845;19.8;34.9;41.3;13
23558;0.384;19.7;35.0;41.4;13
23559;0.3819;19.8;35.1;41.4;13
23560;0.3816;19.9;35.1;41.4;13
23561;0.3827;19.9;35.0;41.4;13
23562;0.3827;19.9;35.0;41.4;13
23563;0.3859;19.8;35.0;41.5;13
23564;0.3834;19.9;35.0;41.5;13
23565;0.3833;19.9;35.1;41.5;13
23566;0.3846;19.9;35.2;41.6;13
23567;0.3846;19.9;35.2;41.6;13
23568;0.3844;20.0;35.2;41.6;13
23569;0.3832;19.9;35.2;41.6;13
23570;0.3853;19.9;35.2;41.6;13
23571;0.383;19.9;35.3;41.6;13
23572;0.3873;20.0;35.3;41.7;13
23573;0.3866;20.0;35.3;41.8;13
23574;0.3862;20.0;35.2;41.8;13
23575;0.3876;20.1;35.3;41.8;13
23576;0.3852;20.0;35.5;42.0;13
23577;0.3844;20.0;35.5;42.0;13
23578;0.3857;20.0;35.5;42.0;13
23579;0.3846;20.0;35.5;42.1;13
23580;0.3865;20.0;35.5;42.1;13
23581;0.3851;20.0;35.5;42.1;13
23582;0.3858;20.0;35.6;42.1;13
23583;0.3888;20.0;35.6;42.1;13
23584;0.3873;20.0;35.6;42.1;13
23585;0.3893;20.0;35.6;42.2;13
23586;0.3896;20.0;35.6;42.2;13
23587;0.3884;20.0;35.6;42.2;13
23588;0.3904;20.1;35.7;42.3;13
23589;0.39;20.2;35.7;42.3;13
23590;0.3898;20.2;35.7;42.3;13
23591;0.3927;20.2;35.8;42.3;13
23592;0.3924;20.2;35.8;42.4;13
23593;0.3915;20.2;35.8;42.5;13
23594;0.3909;20.2;35.8;42.8;13
23595;0.3916;20.2;35.7;42.7;13
23596;0.3929;20.2;35.7;42.8;13
23597;0.3911;20.2;35.8;42.8;13
23598;0.3893;20.2;35.8;42.8;13
23599;0.389;20.2;35.9;42.6;13
23600;0.3927;20.3;35.9;42.9;13
23601;0.392;20.3;35.8;43.0;13
23602;0.3936;20.3;35.9;43.0;13
23603;0.3932;20.3;36.0;43.0;13
23604;0.393;20.4;36.0;43.0;13
23605;0.393;20.4;36.0;43.0;13
23606;0.394;20.5;36.0;43.0;13
23607;0.3903;20.8;36.1;43.2;13
23608;0.3891;20.8;36.2;43.2;13
23609;0.3909;20.8;36.3;43.2;13
23610;0.3925;20.8;36.3;43.2;13
23611;0.3939;20.8;36.2;43.1;13
23612;0.3919;20.8;36.3;43.2;13
23613;0.3931;20.8;36.3;43.2;13
23614;0.3911;20.8;36.3;43.2;13
23615;0.392;20.8;36.4;43.3;13
23616;0.3926;20.9;36.3;43.3;13
23617;0.3924;20.9;36.3;43.3;13
23618;0.3941;20.8;36.4;43.3;13
23619;0.3932;20.8;36.4;43.3;13
23620;0.3934;20.8;36.5;43.3;13
23621;0.3922;20.8;36.5;43.3;13
23622;0.3932;20.8;36.5;43.5;13
23623;0.3922;20.8;36.5;43.4;13
23624;0.3915;20.8;36.5;43.5;13
23625;0.3891;20.9;36.5;43.5;13
23626;0.3884;20.9;36.6;43.5;13
23627;0.3879;20.9;36.6;43.4;13
23628;0.3885;20.9;36.6;43.5;13
23629;0.3893;21.1;36.6;43.5;13
23630;0.3885;21.1;36.6;43.6;13
23631;0.3889;21.0;36.6;43.6;13
23632;0.3911;21.0;36.7;43.6;13
23633;0.392;21.0;36.8;43.6;13
23634;0.3905;21.2;36.8;43.7;13
23635;0.3942;21.1;36.7;43.7;13
23636;0.3949;21.1;36.7;43.6;13
23637;0.3937;21.3;36.9;43.6;13
23638;0.393;21.3;36.9;43.8;13
23639;0.393;21.4;36.9;43.7;13
23640;0.3942;21.4;36.9;43.8;13
23641;0.3962;21.5;37.0;43.9;13
23642;0.3932;21.5;37.0;43.9;13
23643;0.3918;21.6;37.0;43.8;13
23644;0.3934;21.6;37.0;44.0;13
23645;0.3934;21.6;37.0;43.9;13
23646;0.3952;21.6;37.0;43.9;13
23647;0.3938;21.8;37.0;44.0;13
23648;0.3942;21.8;37.1;44.0;13
23649;0.3948;21.8;37.1;44.0;13
23650;0.3968;21.8;37.1;44.0;13
23651;0.3961;21.8;37.1;44.0;13
23652;0.3942;21.7;37.1;44.1;13
23653;0.3966;21.9;37.2;44.1;13
23654;0.3953;21.9;37.2;44.1;13
23655;0.398;21.9;37.2;44.1;13
23656;0.396;21.9;37.2;44.2;13
23657;0.3976;21.9;37.3;44.2;13
23658;0.3985;21.9;37.3;44.2;13
23659;0.3997;22.0;37.4;44.2;13
23660;0.3986;22.0;37.4;44.2;13
23661;0.4;22.0;37.4;44.3;13
23662;0.3973;22.1;37.5;44.3;13
23663;0.3995;22.1;37.6;44.3;13
23664;0.3973;22.1;37.6;44.3;13
23665;0.3993;22.2;37.6;44.4;13
23666;0.3976;22.2;37.6;44.4;13
23667;0.3999;22.2;37.6;44.4;13
23668;0.3981;22.2;37.6;44.4;13
23669;0.3971;22.3;37.7;44.5;13
23670;0.3947;22.2;37.7;44.5;13
23671;0.3951;22.3;37.7;44.5;13
23672;0.3996;22.3;37.7;44.5;13
23673;0.4001;22.2;37.7;44.5;13
23674;0.3986;22.3;37.8;44.6;13
23675;0.3988;22.3;37.8;44.7;13
23676;0.4014;22.4;37.8;44.7;13
23677;0.4004;22.4;37.9;44.7;13
23678;0.3998;22.4;38.0;44.7;13
23679;0.4028;22.4;37.9;44.8;13
23680;0.4023;22.5;37.9;44.8;13
23681;0.4012;22.5;37.9;44.9;13
23682;0.4001;22.5;38.0;45.0;13
23683;0.4022;22.5;38.1;44.9;13
23684;0.4001;22.5;38.1;45.1;13
23685;0.3977;22.5;38.1;45.0;13
23686;0.4008;22.5;38.1;45.0;13
23687;0.4022;22.5;38.2;45.1;13
23688;0.4029;22.5;38.2;45.1;13
23689;0.4025;22.5;38.2;45.1;13
23690;0.4029;22.4;38.2;45.1;13
23691;0.4059;22.4;38.2;45.2;13
23692;0.4054;22.4;38.2;45.2;13
23693;0.4065;22.6;38.3;45.3;13
23694;0.4064;22.5;38.4;45.5;13
23695;0.4061;22.5;38.3;45.5;13
23696;0.404;22.5;38.3;45.5;13
23697;0.4045;22.6;38.3;45.5;13
23698;0.4019;22.6;38.3;45.6;13
23699;0.403;22.7;38.4;45.6;13
23700;0.4024;22.6;38.5;45.6;13
23701;0.4017;22.7;38.4;45.6;13
23702;0.4015;22.7;38.4;45.6;13
23703;0.4039;22.9;38.5;45.7;13
23704;0.4031;22.8;38.6;45.7;13
23705;0.4032;23.0;38.6;45.7;13
23706;0.4018;22.9;38.6;45.7;13
23707;0.4023;23.0;38.6;45.8;13
23708;0.4031;23.0;38.6;45.8;13
23709;0.4034;23.0;38.7;45.8;13
23710;0.4024;23.0;38.7;45.8;13
23711;0.404;23.0;38.7;45.8;13
23712;0.4038;23.0;38.7;45.9;13
23713;0.4047;23.1;38.7;45.9;13
23714;0.4055;23.1;38.7;45.9;13
23715;0.4038;23.1;38.8;45.9;13
23716;0.4018;23.2;38.8;45.9;13
23717;0.4011;23.2;38.8;46.0;13
23718;0.4046;23.3;38.9;46.0;13
23719;0.4023;23.3;38.9;46.0;13
23720;0.4032;23.5;38.9;46.0;13
23721;0.405;23.6;39.1;46.1;13
23722;0.4033;23.6;39.0;46.1;13
23723;0.4046;23.7;39.1;46.1;13
23724;0.4046;23.7;39.1;46.1;13
23725;0.4056;23.8;39.2;46.2;13
23726;0.4051;23.8;39.2;46.2;13
23727;0.4039;24.0;39.2;46.2;13
23728;0.4028;24.0;39.2;46.3;13
23729;0.4029;24.0;39.3;46.3;13
23730;0.4038;24.1;39.3;46.3;13
23731;0.4043;24.1;39.3;46.3;13
23732;0.4055;24.1;39.3;46.3;13
23733;0.4059;24.2;39.3;46.3;13
23734;0.4058;24.2;39.4;46.4;13
23735;0.4063;24.2;39.4;46.4;13
23736;0.4031;24.2;39.4;46.4;13
23737;0.4033;24.3;39.5;46.5;13
23738;0.4055;24.5;39.5;46.5;13
23739;0.4035;24.4;39.5;46.6;13
23740;0.4018;24.5;39.7;46.5;13
23741;0.4035;24.6;39.6;46.5;13
23742;0.4009;24.5;39.7;46.6;13
23743;0.4017;24.6;39.7;46.6;13
23744;0.4026;24.6;39.7;46.6;13
23745;0.4032;24.7;39.8;46.6;13
23746;0.4023;24.7;39.8;46.6;13
23747;0.4014;24.7;39.7;46.6;13
23748;0.4023;24.6;39.9;46.6;13
23749;0.4029;24.6;39.9;46.6;13
23750;0.4022;24.7;39.9;46.6;13
23751;0.4;24.8;40.0;46.7;13
23752;0.4026;24.9;40.0;46.6;13
23753;0.4016;24.9;40.0;46.7;13
23754;0.4018;24.9;40.1;46.8;13
23755;0.4015;24.9;40.1;46.7;13
23756;0.3995;25.0;40.1;46.8;13
23757;0.4022;25.0;40.1;46.8;13
23758;0.4032;24.9;40.2;46.8;13
23759;0.4032;24.9;40.3;46.8;13
23760;0.4045;25.0;40.3;46.8;13
23761;0.4018;25.0;40.4;46.9;13
23762;0.4023;25.1;40.4;46.8;13
23763;0.4041;25.2;40.4;46.9;13
23764;0.4055;25.1;40.5;46.9;13
23765;0.4047;25.1;40.5;46.9;13
23766;0.4043;25.2;40.6;47.0;13
23767;0.4035;25.2;40.6;47.0;13
23768;0.4056;25.2;40.6;47.0;13
23769;0.4034;25.2;40.6;47.1;13
23770;0.4027;25.1;40.6;47.1;13
23771;0.4037;25.1;40.8;47.1;13
23772;0.4045;25.1;40.7;47.1;13
23773;0.4032;25.1;40.8;47.1;13
23774;0.4026;25.1;40.9;47.2;13
23775;0.4019;25.1;40.9;47.1;13
23776;0.4024;25.1;40.9;47.1;13
23777;0.4;25.1;41.0;47.1;13
23778;0.4019;25.1;41.0;47.2;13
23779;0.4025;25.1;41.1;47.2;13
23780;0.4004;25.1;41.1;47.2;13
23781;0.3986;25.0;41.1;47.2;13
23782;0.3988;25.0;41.2;47.2;13
23783;0.3996;24.9;41.2;47.2;13
23784;0.4009;24.9;41.2;47.2;13
23785;0.3992;24.9;41.2;47.2;13
23786;0.3987;24.8;41.2;47.2;13
23787;0.4001;24.8;41.2;47.2;13
23788;0.3983;24.8;41.3;47.2;13
23789;0.3977;24.7;41.2;47.2;13
23790;0.3993;24.7;41.2;47.2;13
23791;0.3981;24.7;41.3;47.3;13
23792;0.3995;24.7;41.3;47.3;13
23793;0.4007;24.7;41.3;47.3;13
23794;0.3999;24.7;41.3;47.3;13
23795;0.3991;24.7;41.3;47.3;13
23796;0.3976;24.7;41.3;47.3;13
23797;0.3962;24.7;41.4;47.3;13
23798;0.3938;24.7;41.4;47.3;13
23799;0.397;24.6;41.3;47.3;13
23800;0.3953;24.6;41.2;47.4;13
23801;0.3968;24.5;41.2;47.3;13
23802;0.3937;24.6;41.2;47.4;13
23803;0.3941;24.6;41.2;47.4;13
23804;0.394;24.5;41.2;47.4;13
23805;0.393;24.5;41.2;47.4;13
23806;0.3931;24.5;41.2;47.4;13
23807;0.3929;24.6;41.3;47.4;13
23808;0.393;24.5;41.3;47.3;13
23809;0.3918;24.6;41.3;47.3;13
23810;0.3915;24.5;41.3;47.3;13
23811;0.3918;24.6;41.3;47.3;13
23812;0.3916;24.5;41.2;47.3;13
23813;0.3898;24.5;41.2;47.3;13
23814;0.3912;24.5;41.2;47.3;13
23815;0.3881;24.6;41.2;47.2;13
23816;0.3887;24.5;41.2;47.2;13
23817;0.3898;24.4;41.2;47.2;13
23818;0.387;24.4;41.3;47.2;13
23819;0.3881;24.5;41.2;47.1;13
23820;0.3871;24.4;41.2;47.2;13
23821;0.3883;24.4;41.2;47.1;13
23822;0.3861;24.3;41.2;47.1;13
23823;0.386;24.3;41.2;47.1;13
23824;0.3876;24.3;41.2;47.1;13
23825;0.3858;24.3;41.2;47.2;13
23826;0.3864;24.3;41.2;47.2;13
23827;0.3892;24.3;41.2;47.2;13
23828;0.389;24.3;41.2;47.2;13
23829;0.3857;24.2;41.3;47.2;13
23830;0.3849;24.2;41.2;47.2;13
23831;0.3863;24.2;41.2;47.3;13
23832;0.3886;24.2;41.2;47.2;13
23833;0.3885;24.2;41.2;47.2;13
23834;0.3889;24.2;41.3;47.2;13
23835;0.3884;24.2;41.2;47.3;13
23836;0.391;24.1;41.2;47.3;13
23837;0.3865;24.1;41.3;47.3;13
23838;0.3871;24.1;41.2;47.3;13
23839;0.3871;24.1;41.3;47.3;13
23840;0.3867;24.2;41.3;47.2;13
23841;0.3837;24.2;41.2;47.3;13
23842;0.3849;24.2;41.3;47.2;13
23843;0.3844;24.3;41.3;47.2;13
23844;0.3854;24.2;41.2;47.2;13
23845;0.3859;24.2;41.2;47.1;13
23846;0.3851;24.2;41.2;47.2;13
23847;0.3844;24.2;41.3;47.2;13
23848;0.3853;24.2;41.4;47.1;13
23849;0.3817;24.2;41.3;47.2;13
23850;0.3824;24.2;41.4;47.2;13
23851;0.3824;24.2;41.5;47.2;13
23852;0.3829;24.2;41.5;47.2;13
23853;0.3827;24.2;41.5;47.2;13
23854;0.3835;24.2;41.6;47.3;13
23855;0.3878;24.2;41.6;47.2;13
23856;0.3853;24.2;41.7;47.3;13
23857;0.3834;24.2;41.7;47.3;13
23858;0.3843;24.2;41.8;47.3;13
23859;0.3838;24.2;41.8;47.3;13
23860;0.3831;24.3;41.9;47.3;13
23861;0.3848;24.3;41.8;47.3;13
23862;0.3851;24.3;41.8;47.3;13
23863;0.3855;24.3;41.9;47.3;13
23864;0.3852;24.3;42.0;47.3;13
23865;0.3846;24.3;42.0;47.3;13
23866;0.3886;24.3;42.0;47.4;13
23867;0.3866;24.3;42.0;47.5;13
23868;0.3906;24.3;42.1;47.5;13
23869;0.3868;24.4;42.1;47.5;13
23870;0.3872;24.4;42.1;47.5;13
23871;0.3833;24.5;42.1;47.4;13
23872;0.3836;24.4;42.1;47.5;13
23873;0.3826;24.5;42.1;47.5;13
23874;0.3833;24.4;41.9;47.5;13
23875;0.3843;24.3;42.0;47.5;13
23876;0.3843;24.3;41.8;47.6;13
23877;0.3835;24.3;41.8;47.5;13
23878;0.384;24.3;41.8;47.5;13
23879;0.3821;24.3;41.8;47.5;13
23880;0.3843;24.3;41.7;47.5;13
23881;0.3847;24.3;41.7;47.5;13
23882;0.3837;24.2;41.6;47.5;13
23883;0.383;24.2;41.6;47.5;13
23884;0.381;24.2;41.6;47.5;13
23885;0.3829;24.2;41.6;47.5;13
23886;0.3821;24.2;41.6;47.5;13
23887;0.3815;24.2;41.5;47.5;13
23888;0.3784;24.2;41.5;47.4;13
23889;0.3774;24.2;41.5;47.5;13
23890;0.3782;24.2;41.5;47.4;13
23891;0.3805;24.2;41.5;47.4;13
23892;0.3826;24.2;41.6;47.5;13
23893;0.3791;24.1;41.6;47.4;13
23894;0.3807;24.2;41.5;47.4;13
23895;0.38;24.2;41.6;47.5;13
23896;0.3824;24.2;41.5;47.5;13
23897;0.3809;24.2;41.7;47.4;13
23898;0.3799;24.2;41.6;47.5;13
23899;0.3798;24.2;41.6;47.5;13
23900;0.3788;24.2;41.6;47.5;13
23901;0.3791;24.2;41.6;47.5;13
23902;0.3786;24.2;41.6;47.5;13
23903;0.3795;24.3;41.6;47.5;13
23904;0.3791;24.3;41.6;47.5;13
23905;0.3804;24.3;41.6;47.5;13
23906;0.3833;24.3;41.6;47.5;13
23907;0.3794;24.3;41.6;47.5;13
23908;0.381;24.4;41.6;47.6;13
23909;0.3808;24.4;41.6;47.6;13
23910;0.3814;24.4;41.6;47.6;13
23911;0.3797;24.4;41.6;47.6;13
23912;0.3802;24.4;41.6;47.7;13
23913;0.3842;24.4;41.6;47.6;13
23914;0.3789;24.4;41.6;47.6;13
23915;0.3814;24.4;41.6;47.6;13
23916;0.3789;24.4;41.6;47.7;13
23917;0.3793;24.5;41.6;47.6;13
23918;0.3796;24.5;41.5;47.6;13
23919;0.3786;24.4;41.5;47.7;13
23920;0.3795;24.4;41.5;47.6;13
23921;0.3782;24.4;41.5;47.6;13
23922;0.378;24.3;41.5;47.6;13
23923;0.3782;24.4;41.4;47.6;13
23924;0.378;24.4;41.5;47.6;13
23925;0.3768;24.3;41.4;47.6;13
23926;0.377;24.3;41.4;47.6;13
23927;0.3785;24.3;41.4;47.6;13
23928;0.3775;24.3;41.4;47.6;13
23929;0.3748;24.3;41.4;47.6;13
23930;0.377;24.3;41.4;47.6;13
23931;0.378;24.3;41.4;47.6;13
23932;0.3779;24.4;41.4;47.6;13
23933;0.3769;24.4;41.4;47.6;13
23934;0.3754;24.4;41.4;47.6;13
23935;0.3746;24.4;41.4;47.6;13
23936;0.3758;24.4;41.4;47.6;13
23937;0.3753;24.4;41.4;47.6;13
23938;0.3778;24.4;41.5;47.5;13
23939;0.3765;24.4;41.5;47.5;13
23940;0.3769;24.5;41.4;47.6;13
23941;0.3782;24.3;41.5;47.6;13
23942;0.3769;24.3;41.5;47.6;13
23943;0.3771;24.3;41.5;47.6;13
23944;0.3784;24.2;41.5;47.6;13
23945;0.3774;24.2;41.4;47.5;13
23946;0.3782;24.2;41.5;47.6;13
23947;0.3773;24.2;41.5;47.7;13
23948;0.3788;24.2;41.5;47.7;13
23949;0.379;24.2;41.5;47.6;13
23950;0.3789;24.2;41.5;47.7;13
23951;0.3792;24.2;41.5;47.7;13
23952;0.3803;24.2;41.5;47.7;13
23953;0.3796;24.2;41.5;47.7;13
23954;0.3825;24.2;41.4;47.7;13
23955;0.3825;24.2;41.5;47.7;13
23956;0.381;24.2;41.5;47.7;13
23957;0.3813;24.2;41.5;47.7;13
23958;0.3809;24.2;41.6;47.7;13
23959;0.3807;24.3;41.5;47.7;13
23960;0.3806;24.3;41.5;47.7;13
23961;0.3807;24.3;41.6;47.8;13
23962;0.378;24.3;41.6;47.7;13
23963;0.3798;24.3;41.6;47.7;13
23964;0.3794;24.4;41.6;47.8;13
23965;0.3783;24.4;41.6;47.7;13
23966;0.3768;24.4;41.7;47.8;13
23967;0.3762;24.4;41.6;47.7;13
23968;0.3793;24.4;41.6;47.7;13
23969;0.3796;24.4;41.6;47.8;13
23970;0.3799;24.4;41.6;47.8;13
23971;0.3797;24.4;41.7;47.8;13
23972;0.3781;24.6;41.7;47.8;13
23973;0.3795;24.5;41.7;47.8;13
23974;0.38;24.5;41.7;47.8;13
23975;0.378;24.5;41.7;47.8;13
23976;0.3789;24.6;41.7;47.7;13
23977;0.38;24.7;41.7;47.7;13
23978;0.3791;24.7;41.7;47.8;13
23979;0.3777;24.6;41.7;47.8;13
23980;0.3808;24.6;41.7;47.8;13
23981;0.3766;24.6;41.8;47.8;13
23982;0.3771;24.6;41.9;47.8;13
23983;0.3779;24.6;41.9;47.8;13
23984;0.378;24.7;41.9;47.8;13
23985;0.3801;24.7;41.9;47.8;13
23986;0.3805;24.7;41.8;47.8;13
23987;0.3792;24.7;41.9;47.8;13
23988;0.3799;24.7;41.9;47.9;13
23989;0.3805;24.7;41.9;48.0;13
23990;0.3819;24.7;41.8;48.0;13
23991;0.3817;24.6;41.8;48.0;13
23992;0.3832;24.7;41.8;48.0;13
23993;0.3839;24.6;41.9;48.0;13
23994;0.3843;24.6;41.8;48.0;13
23995;0.3826;24.6;41.8;48.0;13
23996;0.3819;24.7;41.8;48.0;13
23997;0.3854;24.6;41.8;48.0;13
23998;0.3854;24.7;41.8;48.0;13
23999;0.3862;24.7;41.8;48.0;13
24000;0.3818;24.6;41.8;48.1;13
24001;0.3834;24.6;41.8;48.1;13
24002;0.3822;24.6;41.8;48.1;13
24003;0.3828;24.6;41.8;48.1;13
24004;0.3832;24.6;41.7;48.1;13
24005;0.3816;24.5;41.7;48.1;13
24006;0.3818;24.5;41.7;48.1;13
24007;0.3812;24.5;41.7;48.1;13
24008;0.3802;24.5;41.7;48.1;13
24009;0.3785;24.5;41.7;48.1;13
24010;0.3769;24.5;41.7;48.1;13
24011;0.3781;24.5;41.7;48.1;13
24012;0.3771;24.5;41.7;48.0;13
24013;0.3748;24.5;41.7;48.0;13
24014;0.3737;24.6;41.7;48.0;13
24015;0.3752;24.7;41.7;48.0;13
24016;0.3764;24.7;41.7;48.0;13
24017;0.3747;24.6;41.7;48.0;13
24018;0.3778;24.7;41.7;48.0;13
24019;0.3778;24.7;41.7;47.9;13
24020;0.3783;24.8;41.7;48.0;13
24021;0.3784;24.8;41.8;48.0;13
24022;0.3775;24.7;41.8;47.9;13
24023;0.3764;24.8;41.8;47.9;13
24024;0.3769;24.7;41.8;47.9;13
24025;0.3766;24.8;41.8;47.9;13
24026;0.3743;24.7;41.8;47.9;13
24027;0.3746;24.7;41.8;47.9;13
24028;0.3765;24.7;41.8;47.9;13
24029;0.3786;24.8;41.9;48.0;13
24030;0.379;24.8;41.8;48.0;13
24031;0.3811;24.8;41.8;48.0;13
24032;0.3805;24.9;41.8;48.0;13
24033;0.3793;24.9;41.9;48.0;13
24034;0.3775;24.9;41.8;48.0;13
24035;0.3783;24.9;41.8;48.0;13
24036;0.3764;24.9;41.9;48.0;13
24037;0.3777;24.9;41.9;48.0;13
24038;0.3758;24.9;41.9;48.0;13
24039;0.3778;24.9;41.8;48.0;13
24040;0.378;25.0;41.9;48.0;13
24041;0.3777;25.0;41.8;48.0;13
24042;0.3775;24.9;41.8;48.0;13
24043;0.3772;24.9;41.8;48.0;13
24044;0.3764;24.9;41.8;48.0;13
24045;0.3771;24.9;41.8;47.9;13
24046;0.3764;24.9;41.8;47.9;13
24047;0.3773;24.9;41.8;47.9;13
24048;0.3766;24.9;41.9;47.9;13
24049;0.3764;24.9;41.8;47.9;13
24050;0.3763;24.9;41.8;47.9;13
24051;0.3754;24.9;41.8;47.9;13
24052;0.3778;24.9;41.8;47.9;13
24053;0.3762;24.9;41.8;47.9;13
24054;0.3736;24.9;41.8;47.9;13
24055;0.3744;24.8;41.8;47.9;13
24056;0.3737;24.9;41.8;47.9;13
24057;0.3763;24.7;41.8;47.9;13
24058;0.3778;24.8;41.8;47.9;13
24059;0.3767;24.7;41.8;47.8;13
24060;0.3781;24.7;41.8;47.9;13
24061;0.3775;24.6;41.8;47.9;13
24062;0.375;24.7;41.9;47.8;13
24063;0.3776;24.6;41.8;47.8;13
24064;0.3776;24.6;41.7;47.8;13
24065;0.3767;24.7;41.7;47.8;13
24066;0.3769;24.8;41.7;47.8;13
24067;0.3733;24.8;41.8;47.8;13
24068;0.3728;24.8;41.8;47.8;13
24069;0.374;24.8;41.8;47.8;13
24070;0.3759;24.8;41.9;47.7;13
24071;0.3729;24.7;41.9;47.8;13
24072;0.3747;24.7;41.9;47.8;13
24073;0.3749;24.7;41.8;47.9;13
24074;0.3758;24.7;41.9;47.9;13
24075;0.3764;24.8;41.8;47.8;13
24076;0.3741;24.8;41.8;47.9;13
24077;0.3736;24.8;41.8;47.8;13
24078;0.3725;24.8;41.8;47.8;13
24079;0.3703;24.8;41.8;47.8;13
24080;0.3722;24.7;41.8;47.8;13
24081;0.3717;24.8;41.8;47.8;13
24082;0.3719;24.8;41.8;47.8;13
24083;0.3713;24.8;41.9;47.8;13
24084;0.3726;24.8;41.8;47.8;13
24085;0.3737;24.8;41.7;47.8;13
24086;0.3732;24.8;41.7;47.8;13
24087;0.3726;24.7;41.7;47.8;13
24088;0.3701;24.7;41.7;47.8;13
24089;0.3663;24.7;41.7;47.7;13
24090;0.3698;24.8;41.7;47.7;13
24091;0.3701;24.8;41.7;47.7;13
24092;0.3723;24.8;41.7;47.7;13
24093;0.3721;24.8;41.7;47.7;13
24094;0.3747;24.8;41.7;47.7;13
24095;0.3741;24.8;41.6;47.7;13
24096;0.3741;24.7;41.6;47.7;13
24097;0.375;24.7;41.6;47.7;13
24098;0.3732;24.7;41.6;47.6;13
24099;0.3724;24.6;41.6;47.7;13
24100;0.373;24.6;41.6;47.7;13
24101;0.3729;24.6;41.7;47.7;13
24102;0.3721;24.7;41.6;47.7;13
24103;0.371;24.7;41.6;47.6;13
24104;0.3707;24.7;41.5;47.6;13
24105;0.3744;24.7;41.5;47.6;13
24106;0.3716;24.6;41.5;47.6;13
24107;0.3714;24.5;41.5;47.6;13
24108;0.3714;24.5;41.5;47.6;13
24109;0.3723;24.4;41.5;47.6;13
24110;0.3701;24.5;41.4;47.6;13
24111;0.3734;24.3;41.4;47.6;13
24112;0.3728;24.3;41.4;47.6;13
24113;0.3711;24.3;41.4;47.5;13
24114;0.3725;24.3;41.4;47.5;13
24115;0.3734;24.2;41.3;47.5;13
24116;0.3728;24.2;41.3;47.5;13
24117;0.373;24.2;41.4;47.5;13
24118;0.3708;24.2;41.3;47.5;13
24119;0.369;24.2;41.3;47.5;13
24120;0.3726;24.2;41.3;47.5;13
24121;0.3716;24.0;41.3;47.5;13
24122;0.3731;24.1;41.3;47.5;13
24123;0.3705;24.1;41.3;47.6;13
24124;0.3671;24.0;41.3;47.5;13
24125;0.3661;24.0;41.3;47.4;13
24126;0.3643;24.0;41.3;47.4;13
24127;0.3635;24.0;41.3;47.4;13
24128;0.3663;24.0;41.2;47.4;13
24129;0.366;24.0;41.2;47.4;13
24130;0.3657;24.0;41.2;47.4;13
24131;0.3676;24.0;41.2;47.3;13
24132;0.3659;24.0;41.2;47.3;13
24133;0.3649;24.0;41.2;47.3;13
24134;0.3637;24.0;41.2;47.3;13
24135;0.3632;23.9;41.2;47.3;13
24136;0.3626;23.9;41.1;47.3;13
24137;0.3632;23.7;41.2;47.2;13
24138;0.3629;23.7;41.2;47.2;13
24139;0.3633;23.7;41.2;47.2;13
24140;0.3636;23.6;41.1;47.2;13
24141;0.3604;23.6;41.1;47.1;13
24142;0.362;23.6;41.1;47.1;13
24143;0.3641;23.6;41.1;47.1;13
24144;0.3644;23.6;41.1;47.1;13
24145;0.3625;23.6;41.1;47.1;13
24146;0.3636;23.5;41.1;47.1;13
24147;0.363;23.5;41.1;47.1;13
24148;0.3654;23.5;41.1;47.1;13
24149;0.364;23.5;41.1;47.1;13
24150;0.363;23.5;41.1;47.1;13
24151;0.3631;23.5;41.0;47.1;13
24152;0.3636;23.5;41.0;47.2;13
24153;0.362;23.4;41.0;47.1;13
24154;0.3625;23.4;41.0;47.1;13
24155;0.3592;23.4;41.0;47.0;13
24156;0.3621;23.4;41.0;47.0;13
24157;0.3588;23.3;41.0;47.0;13
24158;0.3596;23.3;41.0;47.0;13
24159;0.3626;23.4;40.9;47.0;13
24160;0.3642;23.4;40.9;47.0;13
24161;0.3615;23.3;40.8;47.1;13
24162;0.3628;23.3;40.9;47.0;13
24163;0.3638;23.3;40.9;47.0;13
24164;0.3622;23.2;40.9;47.0;13
24165;0.3625;23.2;40.9;47.0;13
24166;0.3639;23.2;40.9;47.0;13
24167;0.3647;23.2;40.8;47.0;13
24168;0.3635;23.2;40.9;47.1;13
24169;0.3625;23.2;40.8;47.0;13
24170;0.3627;23.3;40.7;47.0;13
24171;0.3636;23.2;40.8;47.1;13
24172;0.3615;23.2;40.8;47.1;13
24173;0.362;23.1;40.8;47.0;13
24174;0.3624;23.1;40.7;47.1;13
24175;0.3632;23.2;40.8;47.1;13
24176;0.3647;23.2;40.8;47.0;13
24177;0.3646;23.1;40.8;47.1;13
24178;0.3658;23.1;40.8;47.0;13
24179;0.3659;23.1;40.7;47.1;13
24180;0.3654;23.0;40.7;47.1;13
24181;0.3665;23.0;40.8;47.1;13
24182;0.3661;23.0;40.7;47.1;13
24183;0.3631;23.0;40.7;47.1;13
24184;0.3637;22.9;40.7;47.0;13
24185;0.3656;22.9;40.6;47.0;13
24186;0.3647;22.8;40.6;47.0;13
24187;0.3679;22.9;40.6;47.0;13
24188;0.3673;22.8;40.6;47.1;13
24189;0.3684;22.8;40.6;47.1;13
24190;0.3681;22.8;40.7;47.1;13
24191;0.3662;22.9;40.7;47.1;13
24192;0.3655;22.8;40.6;47.1;13
24193;0.3672;22.9;40.6;47.1;13
24194;0.3654;22.9;40.5;47.0;13
24195;0.3638;22.9;40.5;47.1;13
24196;0.3643;22.9;40.5;47.0;13
24197;0.3653;22.9;40.6;47.0;13
24198;0.3629;22.9;40.5;47.0;13
24199;0.361;22.9;40.5;47.0;13
24200;0.3636;22.9;40.5;47.0;13
24201;0.3646;22.8;40.5;47.0;13
24202;0.3649;22.8;40.5;47.0;13
24203;0.3659;22.7;40.5;47.0;13
24204;0.3642;22.7;40.5;47.0;13
24205;0.3638;22.7;40.4;47.0;13
24206;0.3637;22.7;40.4;47.0;13
24207;0.3621;22.7;40.4;47.0;13
24208;0.3638;22.8;40.3;47.0;13
24209;0.3647;22.8;40.4;47.0;13
24210;0.3622;22.6;40.4;46.9;13
24211;0.3625;22.7;40.4;46.9;13
24212;0.3631;22.6;40.4;47.0;13
24213;0.3633;22.7;40.4;47.0;13
24214;0.3615;22.7;40.4;47.0;13
24215;0.3615;22.6;40.3;46.9;13
24216;0.3628;22.6;40.3;47.0;13
24217;0.3628;22.5;40.3;46.9;13
24218;0.3598;22.5;40.3;46.9;13
24219;0.3609;22.5;40.3;46.9;13
24220;0.36;22.5;40.2;46.8;13
24221;0.3597;22.5;40.2;46.9;13
24222;0.3584;22.5;40.2;46.8;13
24223;0.358;22.5;40.2;46.8;13
24224;0.3567;22.5;40.3;46.7;13
24225;0.3575;22.5;40.2;46.8;13
24226;0.3579;22.5;40.3;46.8;13
24227;0.3587;22.4;40.3;46.7;13
24228;0.3589;22.5;40.2;46.6;13
24229;0.3593;22.5;40.2;46.7;13
24230;0.3596;22.4;40.2;46.7;13
24231;0.3593;22.5;40.1;46.7;13
24232;0.3596;22.4;40.1;46.6;13
24233;0.3588;22.4;40.1;46.6;13
24234;0.3559;22.3;40.1;46.6;13
24235;0.3555;22.3;40.1;46.6;13
24236;0.3567;22.3;40.1;46.5;13
24237;0.3564;22.3;40.1;46.5;13
24238;0.3551;22.3;40.1;46.4;13
24239;0.3557;22.2;40.0;46.5;13
24240;0.3561;22.2;40.0;46.4;13
24241;0.3552;22.2;40.0;46.4;13
24242;0.3551;22.2;40.0;46.4;13
24243;0.3557;22.2;40.0;46.4;13
24244;0.3558;22.2;40.0;46.3;13
24245;0.3562;22.2;40.0;46.4;13
24246;0.3549;22.2;40.0;46.3;13
24247;0.356;22.2;39.9;46.3;13
24248;0.3564;22.1;39.9;46.3;13
24249;0.3538;22.2;39.9;46.3;13
24250;0.3567;22.1;39.9;46.3;13
24251;0.3546;22.2;39.9;46.3;13
24252;0.3559;22.1;39.9;46.3;13
24253;0.3551;22.2;39.9;46.3;13
24254;0.3554;22.2;39.9;46.2;13
24255;0.3554;22.2;39.9;46.2;13
24256;0.3554;22.2;39.9;46.1;13
24257;0.3554;22.2;39.8;46.2;13
24258;0.356;22.2;39.8;46.2;13
24259;0.3544;22.2;39.8;46.1;13
24260;0.3541;22.1;39.8;46.2;13
24261;0.3534;22.1;39.8;46.1;13
24262;0.3532;22.0;39.8;46.1;13
24263;0.3518;22.0;39.8;46.1;13
24264;0.3505;22.1;39.7;46.1;13
24265;0.3504;22.1;39.7;46.1;13
24266;0.3521;22.0;39.6;46.0;13
24267;0.3511;22.1;39.6;46.0;13
24268;0.352;22.1;39.6;46.0;13
24269;0.3525;22.0;39.6;46.0;13
24270;0.3512;22.0;39.7;46.0;13
24271;0.3523;21.9;39.6;46.0;13
24272;0.3523;21.9;39.6;45.9;13
24273;0.3517;21.9;39.6;45.9;13
24274;0.3502;21.9;39.6;45.9;13
24275;0.3485;21.9;39.6;45.9;13
24276;0.3492;21.9;39.5;45.9;13
24277;0.3487;22.0;39.5;45.9;13
24278;0.3493;22.0;39.5;45.9;13
24279;0.3484;21.9;39.5;45.9;13
24280;0.3503;21.9;39.5;45.9;13
24281;0.3469;21.8;39.5;45.9;13
24282;0.3455;21.8;39.5;45.9;13
24283;0.3469;21.7;39.5;45.9;13
24284;0.3464;21.8;39.5;45.9;13
24285;0.3441;21.8;39.5;45.8;13
24286;0.3442;21.8;39.5;45.7;13
24287;0.3439;21.8;39.4;45.7;13
24288;0.3426;21.8;39.4;45.7;13
24289;0.3416;21.8;39.4;45.6;13
24290;0.3415;21.8;39.4;45.6;13
24291;0.3439;21.8;39.4;45.5;13
24292;0.3425;21.7;39.4;45.6;13
24293;0.342;21.7;39.4;45.5;13
24294;0.3402;21.6;39.4;45.5;13
24295;0.3402;21.6;39.3;45.5;13
24296;0.3396;21.7;39.3;45.4;13
24297;0.3398;21.7;39.3;45.4;13
24298;0.3399;21.6;39.3;45.4;13
24299;0.3417;21.6;39.3;45.4;13
24300;0.3418;21.6;39.3;45.3;13
24301;0.3409;21.6;39.2;45.3;13
24302;0.3406;21.6;39.2;45.3;13
24303;0.3395;21.6;39.2;45.2;13
24304;0.3379;21.6;39.1;45.3;13
24305;0.3385;21.6;39.1;45.2;13
24306;0.3387;21.6;39.2;45.2;13
24307;0.3386;21.6;39.2;45.1;13
24308;0.337;21.5;39.2;45.2;13
24309;0.3357;21.5;39.2;45.1;13
24310;0.3359;21.5;39.2;45.0;13
24311;0.3345;21.4;39.2;45.1;13
24312;0.3355;21.4;39.1;45.0;13
24313;0.333;21.5;39.1;45.1;13
24314;0.3329;21.4;39.1;44.8;13
24315;0.334;21.5;39.1;44.9;13
24316;0.3336;21.3;39.1;45.0;13
24317;0.3324;21.3;39.0;44.8;13
24318;0.3349;21.3;39.0;44.8;13
24319;0.3352;21.3;39.0;44.7;13
24320;0.3341;21.3;38.9;44.7;13
24321;0.3335;21.2;38.9;44.7;13
24322;0.333;21.2;38.9;44.7;13
24323;0.3339;21.2;38.9;44.7;13
24324;0.3319;21.2;39.0;44.6;13
24325;0.3316;21.1;38.9;44.6;13
24326;0.331;21.1;38.8;44.6;13
24327;0.331;21.1;38.8;44.7;13
24328;0.331;21.1;38.8;44.5;13
24329;0.3299;21.1;38.8;44.5;13
24330;0.3306;20.9;38.8;44.5;13
24331;0.3307;20.9;38.8;44.5;13
24332;0.3307;20.9;38.9;44.5;13
24333;0.3321;20.9;38.8;44.4;13
24334;0.3297;20.9;38.7;44.4;13
24335;0.329;20.9;38.7;44.4;13
24336;0.3289;20.9;38.6;44.3;13
24337;0.3297;20.9;38.7;44.3;13
24338;0.3301;20.9;38.7;44.3;13
24339;0.3305;20.9;38.7;44.3;13
24340;0.3297;21.0;38.7;44.3;13
24341;0.3293;20.9;38.6;44.3;13
24342;0.3303;20.9;38.6;44.2;13
24343;0.3312;20.9;38.5;44.2;13
24344;0.3302;20.9;38.5;44.2;13
24345;0.3276;20.9;38.6;44.2;13
24346;0.3295;20.9;38.6;44.2;13
24347;0.3267;20.9;38.6;44.1;13
24348;0.3266;20.9;38.5;44.1;13
24349;0.3251;21.0;38.6;44.1;13
24350;0.3249;21.0;38.6;44.0;13
24351;0.3227;21.0;38.6;44.0;13
24352;0.3233;21.1;38.6;44.0;13
24353;0.3233;21.1;38.6;43.9;13
24354;0.3228;21.1;38.6;43.9;13
24355;0.3237;21.0;38.5;43.9;13
24356;0.3235;21.0;38.4;43.9;13
24357;0.324;21.0;38.5;43.9;13
24358;0.3235;21.0;38.5;43.8;13
24359;0.3219;20.9;38.5;43.8;13
24360;0.3216;20.9;38.5;43.8;13
24361;0.3212;20.9;38.5;43.7;13
24362;0.3225;20.9;38.5;43.7;13
24363;0.3225;21.0;38.4;43.7;13
24364;0.3215;21.0;38.4;43.7;13
24365;0.3218;21.0;38.3;43.6;13
24366;0.321;21.0;38.3;43.6;13
24367;0.3226;20.9;38.3;43.5;13
24368;0.3206;20.8;38.3;43.5;13
24369;0.3221;20.8;38.3;43.5;13
24370;0.3232;20.8;38.3;43.5;13
24371;0.3215;20.8;38.3;43.5;13
24372;0.3194;20.9;38.3;43.4;13
24373;0.3196;20.8;38.3;43.5;13
24374;0.3167;20.8;38.3;43.4;13
24375;0.3186;20.8;38.3;43.4;13
24376;0.3165;20.8;38.2;43.4;13
24377;0.3152;20.9;38.3;43.4;13
24378;0.3156;20.8;38.2;43.3;13
24379;0.3175;20.8;38.1;43.3;13
24380;0.3163;20.8;38.2;43.3;13
24381;0.3172;20.8;38.2;43.2;13
24382;0.3147;20.8;38.1;43.2;13
24383;0.3154;20.8;38.1;43.2;13
24384;0.3137;20.8;38.1;43.1;13
24385;0.3139;20.7;38.1;43.1;13
24386;0.3133;20.8;38.1;43.0;13
24387;0.3149;20.8;38.1;43.0;13
24388;0.3153;20.8;38.1;43.0;13
24389;0.3159;20.7;38.0;42.9;13
24390;0.3153;20.7;38.0;42.9;13
24391;0.3152;20.7;38.0;42.9;13
24392;0.3143;20.6;37.9;42.6;13
24393;0.3134;20.6;37.9;42.8;13
24394;0.3128;20.6;38.0;42.8;13
24395;0.312;20.6;37.9;42.5;13
24396;0.3115;20.6;37.9;42.8;13
24397;0.3107;20.6;37.9;42.6;13
24398;0.3104;20.5;38.0;42.7;13
24399;0.3102;20.5;38.0;42.7;13
24400;0.3108;20.5;38.0;42.5;13
24401;0.3097;20.5;37.9;42.4;13
24402;0.3092;20.4;37.9;42.4;13
24403;0.3066;20.4;37.9;42.3;13
24404;0.3074;20.4;37.9;42.3;13
24405;0.3089;20.4;37.9;42.5;13
24406;0.3096;20.4;37.8;42.5;13
24407;0.3098;20.4;37.8;42.5;13
24408;0.3088;20.5;37.8;42.3;13
24409;0.31;20.5;37.8;42.2;13
24410;0.3114;20.5;37.8;42.2;13
24411;0.3119;20.5;37.7;42.2;13
24412;0.3059;20.3;37.4;42.1;13
24413;0.3042;20.1;37.3;42.0;13
24414;0.3053;20.1;37.2;41.9;13
24415;0.3047;20.0;37.2;41.9;13
24416;0.3046;19.9;37.1;41.8;13
24417;0.3061;19.8;37.1;41.8;13
24418;0.3052;19.8;37.0;41.8;13
24419;0.3058;19.8;37.0;41.8;13
24420;0.3043;19.7;37.0;41.8;13
24421;0.3038;19.6;37.0;41.8;13
24422;0.3035;19.6;36.8;41.8;13
24423;0.3035;19.5;36.9;41.7;13
24424;0.3044;19.6;36.7;41.7;13
24425;0.303;19.5;36.8;41.7;13
24426;0.3049;19.4;36.7;41.6;13
24427;0.3037;19.4;36.6;41.6;13
24428;0.3035;19.4;36.6;41.6;13
24429;0.3053;19.4;36.7;41.6;13
24430;0.3049;19.3;36.3;41.5;13
24431;0.3046;19.2;36.4;41.5;13
24432;0.3062;19.1;36.3;41.5;13
24433;0.3052;19.2;36.2;41.3;13
24434;0.3038;19.2;36.3;41.4;13
24435;0.3056;19.1;36.3;41.4;13
24436;0.3062;19.0;36.3;41.4;13
24437;0.3067;19.0;36.1;41.4;13
24438;0.3071;19.0;36.1;41.4;13
24439;0.3065;19.0;36.1;41.4;13
24440;0.3074;19.1;36.1;41.4;13
24441;0.3052;19.0;36.1;41.3;13
24442;0.3064;19.0;36.0;41.3;13
24443;0.3055;18.9;36.0;41.2;13
24444;0.3067;18.9;36.0;41.2;13
24445;0.3042;18.9;36.0;41.2;13
24446;0.3039;18.9;35.9;41.2;13
24447;0.3036;18.9;35.9;41.2;13
24448;0.3038;18.8;35.9;41.2;13
24449;0.3029;18.8;35.8;41.1;13
24450;0.3017;18.8;35.8;41.1;13
24451;0.3029;18.9;35.8;41.0;13
24452;0.301;18.8;35.8;41.0;13
24453;0.302;18.8;35.8;41.0;13
24454;0.3011;18.8;35.8;41.0;13
24455;0.3027;18.7;35.8;40.9;13
24456;0.3025;18.7;35.7;40.9;13
24457;0.299;18.7;35.7;40.9;13
24458;0.3017;18.7;35.6;40.9;13
24459;0.3014;18.7;35.6;40.9;13
24460;0.3006;18.7;35.6;40.8;13
24461;0.2991;18.7;35.6;40.6;13
24462;0.2993;18.7;35.6;40.8;13
24463;0.2983;18.7;35.6;40.6;13
24464;0.2981;18.7;35.6;40.6;13
24465;0.2992;18.7;35.5;40.6;13
24466;0.2983;18.7;35.5;40.6;13
24467;0.2972;18.7;35.5;40.5;13
24468;0.2974;18.7;35.5;40.5;13
24469;0.2966;18.7;35.5;40.5;13
24470;0.2952;18.7;35.5;40.5;13
24471;0.2963;18.7;35.5;40.5;13
24472;0.2945;18.7;35.5;40.5;13
24473;0.2967;18.7;35.5;40.4;13
24474;0.2969;18.7;35.5;40.4;13
24475;0.2976;18.7;35.4;40.4;13
24476;0.2969;18.7;35.4;40.3;13
24477;0.2959;18.7;35.4;40.3;13
24478;0.2946;18.7;35.4;40.3;13
24479;0.2957;18.7;35.4;40.1;13
24480;0.2948;18.7;35.4;40.0;13
24481;0.2952;18.7;35.3;40.0;13
24482;0.2949;18.7;35.3;40.0;13
24483;0.2962;18.7;35.3;39.9;13
24484;0.295;18.7;35.3;39.9;13
24485;0.2939;18.7;35.3;39.9;13
24486;0.2943;18.7;35.3;39.9;13
24487;0.2934;18.7;35.2;39.9;13
24488;0.2935;18.6;35.2;39.9;13
24489;0.2929;18.6;35.2;39.9;13
24490;0.295;18.6;35.2;39.8;13
24491;0.2948;18.6;35.1;39.8;13
24492;0.2951;18.6;35.2;39.8;13
24493;0.2926;18.6;35.2;39.7;13
24494;0.2936;18.6;35.2;39.7;13
24495;0.2942;18.6;35.2;39.7;13
24496;0.295;18.6;35.2;39.7;13
24497;0.294;18.5;35.2;39.7;13
24498;0.2943;18.6;35.1;39.7;13
24499;0.2946;18.6;35.1;39.7;13
24500;0.2927;18.6;35.1;39.7;13
24501;0.292;18.6;35.0;39.6;13
24502;0.2923;18.6;35.1;39.6;13
24503;0.2931;18.6;35.1;39.6;13
24504;0.291;18.6;35.1;39.6;13
24505;0.291;18.7;35.1;39.5;13
24506;0.2904;18.7;35.1;39.5;13
24507;0.2908;18.7;35.1;39.5;13
24508;0.2907;18.7;35.1;39.5;13
24509;0.2891;18.6;35.0;39.5;13
24510;0.2912;18.6;35.0;39.4;13
24511;0.2926;18.7;35.0;39.4;13
24512;0.2921;18.6;35.0;39.4;13
24513;0.291;18.7;35.0;39.4;13
24514;0.2912;18.7;35.0;39.4;13
24515;0.2917;18.7;35.0;39.4;13
24516;0.2924;18.7;34.9;39.4;13
24517;0.2925;18.7;34.9;39.3;13
24518;0.2911;18.7;35.0;39.3;13
24519;0.289;18.7;35.0;39.4;13
24520;0.2903;18.7;35.0;39.3;13
24521;0.2897;18.7;35.0;39.2;13
24522;0.2909;18.7;35.0;39.2;13
24523;0.2924;18.7;35.0;39.2;13
24524;0.2929;18.8;35.1;39.2;13
24525;0.2938;18.8;35.0;39.2;13
24526;0.2924;18.8;35.1;39.2;13
24527;0.2931;18.8;35.0;39.2;13
24528;0.2946;18.8;35.1;39.2;13
24529;0.2945;18.8;35.0;39.2;13
24530;0.295;18.8;35.0;39.2;13
24531;0.2953;18.8;35.0;39.2;13
24532;0.2926;18.8;35.0;39.2;13
24533;0.2927;18.8;35.0;39.1;13
24534;0.2898;18.9;35.0;39.2;13
24535;0.2909;18.8;35.1;39.1;13
24536;0.2894;18.9;35.0;39.1;13
24537;0.2895;18.9;35.0;39.1;13
24538;0.289;18.9;35.0;39.0;13
24539;0.2874;18.9;35.0;39.0;13
24540;0.2889;18.8;35.0;39.0;13
24541;0.288;18.8;35.1;39.0;13
24542;0.2868;18.8;35.0;39.0;13
24543;0.2896;18.8;35.0;39.0;13
24544;0.2876;18.8;35.1;38.9;13
24545;0.2864;18.8;35.2;39.0;13
24546;0.2866;18.8;35.2;38.9;13
24547;0.286;18.8;35.2;38.9;13
24548;0.2862;18.8;35.1;38.9;13
24549;0.2863;18.8;35.2;38.8;13
24550;0.2858;18.8;35.2;38.8;13
24551;0.2855;18.8;35.2;38.8;13
24552;0.2842;18.7;35.2;38.8;13
24553;0.2852;18.8;35.1;38.8;13
24554;0.287;18.8;35.1;38.8;13
24555;0.2877;18.8;35.1;38.8;13
24556;0.2863;18.8;35.1;38.8;13
24557;0.2854;18.8;35.1;38.8;13
24558;0.2848;18.8;35.1;38.7;13
24559;0.2862;18.8;35.1;38.8;13
24560;0.2865;18.8;35.2;38.7;13
24561;0.2863;18.8;35.2;38.8;13
24562;0.2852;18.8;35.1;38.7;13
24563;0.286;18.9;35.2;38.7;13
24564;0.2847;18.9;35.2;38.7;13
24565;0.2845;18.9;35.2;38.7;13
24566;0.2868;18.9;35.2;38.6;13
24567;0.2865;18.9;35.2;38.6;13
24568;0.2862;18.9;35.2;38.6;13
24569;0.287;18.9;35.2;38.6;13
24570;0.2863;18.9;35.2;38.6;13
24571;0.2854;18.9;35.2;38.6;13
24572;0.2856;18.9;35.2;38.6;13
24573;0.2849;18.9;35.2;38.6;13
24574;0.2841;19.0;35.1;38.6;13
24575;0.2865;19.0;35.0;38.5;13
24576;0.2858;18.9;35.0;38.5;13
24577;0.2859;19.0;35.0;38.6;13
24578;0.285;18.9;35.1;38.5;13
24579;0.2844;18.9;35.1;38.5;13
24580;0.2852;18.9;35.2;38.5;13
24581;0.2849;18.9;35.2;38.5;13
24582;0.2834;18.9;35.2;38.5;13
24583;0.2823;18.9;35.2;38.5;13
24584;0.2828;18.9;35.2;38.5;13
24585;0.2844;19.0;35.2;38.5;13
24586;0.2849;19.0;35.2;38.5;13
24587;0.2843;19.0;35.2;38.5;13
24588;0.2845;19.0;35.2;38.4;13
24589;0.2827;19.0;35.2;38.4;13
24590;0.2822;19.0;35.1;38.4;13
24591;0.2824;19.0;35.2;38.4;13
24592;0.2823;19.0;35.2;38.4;13
24593;0.2832;18.9;35.2;38.3;13
24594;0.2817;18.9;35.2;38.3;13
24595;0.2838;18.9;35.2;38.4;13
24596;0.2837;18.9;35.2;38.3;13
24597;0.2818;18.9;35.2;38.3;13
24598;0.2837;18.9;35.2;38.3;13
24599;0.2849;18.9;35.2;38.3;13
24600;0.2859;18.9;35.2;38.3;13
24601;0.285;18.9;35.2;38.3;13
24602;0.2858;18.9;35.1;38.3;13
24603;0.286;18.9;35.1;38.4;13
24604;0.2852;18.9;35.0;38.3;13
24605;0.2857;18.9;35.0;38.3;13
24606;0.2846;18.9;35.0;38.3;13
24607;0.2852;18.9;35.1;38.3;13
24608;0.2851;18.9;35.1;38.3;13
24609;0.2844;18.9;35.0;38.3;13
24610;0.2852;18.9;35.0;38.3;13
24611;0.2852;18.9;35.0;38.3;13
24612;0.2844;18.9;35.0;38.3;13
24613;0.2838;18.9;35.0;38.3;13
24614;0.282;18.9;35.0;38.3;13
24615;0.2839;18.9;35.0;38.3;13
24616;0.2829;18.9;34.9;38.3;13
24617;0.2826;18.9;34.9;38.2;13
24618;0.2845;18.9;34.9;38.2;13
24619;0.2841;18.9;34.9;38.2;13
24620;0.2842;18.8;34.7;38.2;13
24621;0.2854;18.8;34.8;38.2;13
24622;0.2849;18.8;34.8;38.2;13
24623;0.2843;18.8;34.8;38.2;13
24624;0.2846;18.7;34.6;38.2;13
24625;0.2825;18.7;34.7;38.1;13
24626;0.2826;18.7;34.7;38.1;13
24627;0.2797;18.7;34.7;38.1;13
24628;0.2816;18.7;34.6;38.1;13
24629;0.2826;18.7;34.5;38.1;13
24630;0.283;18.7;34.5;38.0;13
24631;0.2832;18.7;34.5;38.0;13
24632;0.2844;18.6;34.4;38.0;13
24633;0.2849;18.6;34.4;38.0;13
24634;0.2843;18.7;34.5;37.9;13
24635;0.2842;18.7;34.3;37.9;13
24636;0.2844;18.6;34.3;37.9;13
24637;0.2834;18.6;34.3;38.0;13
24638;0.2829;18.6;34.3;37.9;13
24639;0.2825;18.6;34.3;37.9;13
24640;0.2832;18.6;34.3;37.9;13
24641;0.283;18.6;34.2;37.9;13
24642;0.2843;18.7;34.2;37.9;13
24643;0.284;18.7;34.2;37.9;13
24644;0.2835;18.7;34.2;37.8;13
24645;0.2826;18.7;34.2;37.9;13
24646;0.2816;18.7;34.2;37.8;13
24647;0.283;18.7;34.2;37.8;13
24648;0.2811;18.7;34.2;37.9;13
24649;0.2831;18.7;34.2;37.9;13
24650;0.2827;18.7;34.2;37.9;13
24651;0.2828;18.7;34.2;37.8;13
24652;0.2838;18.7;34.2;37.8;13
24653;0.2845;18.7;34.2;37.8;13
24654;0.2839;18.7;34.2;37.8;13
24655;0.2841;18.7;34.2;37.8;13
24656;0.2848;18.7;34.1;37.8;13
24657;0.285;18.7;34.2;37.8;13
24658;0.2831;18.7;34.1;37.8;13
24659;0.2844;18.7;34.1;37.7;13
24660;0.2847;18.7;34.1;37.7;13
24661;0.2844;18.7;34.2;37.8;13
24662;0.2841;18.7;34.1;37.8;13
24663;0.2841;18.6;34.1;37.7;13
24664;0.2824;18.7;34.2;37.7;13
24665;0.2812;18.7;34.1;37.7;13
24666;0.2825;18.6;34.1;37.7;13
24667;0.2833;18.7;34.1;37.7;13
24668;0.2835;18.6;34.1;37.7;13
24669;0.2818;18.6;34.1;37.7;13
24670;0.2824;18.6;34.1;37.7;13
24671;0.2829;18.7;34.1;37.7;13
24672;0.2841;18.6;34.1;37.7;13
24673;0.2826;18.6;34.1;37.7;13
24674;0.2833;18.7;34.1;37.7;13
24675;0.2825;18.6;34.1;37.7;13
24676;0.283;18.6;34.1;37.7;13
24677;0.2837;18.6;34.1;37.7;13
24678;0.2834;18.6;34.1;37.6;13
24679;0.2835;18.6;34.1;37.7;13
24680;0.2854;18.6;34.1;37.7;13
24681;0.2846;18.6;34.1;37.7;13
24682;0.2843;18.6;34.1;37.7;13
24683;0.2848;18.6;34.1;37.7;13
24684;0.2846;18.6;34.2;37.7;13
24685;0.2853;18.6;34.2;37.7;13
24686;0.2857;18.6;34.1;37.6;13
24687;0.2864;18.6;34.2;37.7;13
24688;0.2857;18.6;34.2;37.7;13
24689;0.2855;18.6;34.1;37.7;13
24690;0.2845;18.6;34.2;37.7;13
24691;0.2854;18.6;34.2;37.7;13
24692;0.2849;18.6;34.2;37.7;13
24693;0.2855;18.6;34.2;37.7;13
24694;0.285;18.6;34.2;37.7;13
24695;0.2841;18.6;34.2;37.7;13
24696;0.2857;18.7;34.2;37.6;13
24697;0.2839;18.7;34.2;37.7;13
24698;0.2839;18.6;34.2;37.7;13
24699;0.2857;18.6;34.2;37.7;13
24700;0.2851;18.6;34.2;37.7;13
24701;0.2839;18.6;34.2;37.7;13
24702;0.2851;18.6;34.2;37.7;13
24703;0.2834;18.6;34.2;37.7;13
24704;0.2829;18.6;34.1;37.7;13
24705;0.283;18.5;34.2;37.7;13
24706;0.2817;18.5;34.1;37.7;13
24707;0.282;18.5;34.1;37.7;13
24708;0.2841;18.5;34.1;37.7;13
24709;0.2833;18.5;34.1;37.6;13
24710;0.2831;18.5;34.1;37.6;13
24711;0.2836;18.5;34.1;37.6;13
24712;0.2838;18.5;34.1;37.6;13
24713;0.2842;18.5;34.1;37.6;13
24714;0.2836;18.5;34.1;37.7;13
24715;0.2854;18.5;34.1;37.6;13
24716;0.2855;18.5;34.1;37.6;13
24717;0.2851;18.4;34.2;37.6;13
24718;0.2847;18.5;34.1;37.7;13
24719;0.2848;18.5;34.2;37.6;13
24720;0.2842;18.5;34.1;37.7;13
24721;0.285;18.5;34.1;37.6;13
24722;0.2852;18.5;34.1;37.7;13
24723;0.2871;18.5;34.1;37.7;13
24724;0.2884;18.5;34.1;37.6;13
24725;0.2877;18.5;34.1;37.7;13
24726;0.2872;18.5;34.1;37.6;13
24727;0.2854;18.4;34.1;37.7;13
24728;0.2868;18.4;34.1;37.6;13
24729;0.2881;18.4;34.0;37.7;13
24730;0.2889;18.4;34.0;37.7;13
24731;0.2885;18.4;34.1;37.6;13
24732;0.2883;18.3;34.0;37.7;13
24733;0.2874;18.5;34.0;37.6;13
24734;0.2875;18.4;33.9;37.7;13
24735;0.2861;18.4;33.9;37.7;13
24736;0.288;18.4;33.9;37.7;13
24737;0.2893;18.4;33.9;37.7;13
24738;0.2891;18.4;33.9;37.7;13
24739;0.2892;18.4;33.9;37.7;13
24740;0.2892;18.4;33.8;37.7;13
24741;0.2889;18.3;33.8;37.7;13
24742;0.2893;18.3;33.8;37.7;13
24743;0.2879;18.2;33.9;37.7;13
24744;0.2882;18.3;33.8;37.6;13
24745;0.2877;18.3;33.8;37.6;13
24746;0.2877;18.3;33.7;37.7;13
24747;0.2876;18.2;33.7;37.6;13
24748;0.2875;18.1;33.7;37.7;13
24749;0.2882;18.2;33.7;37.6;13
24750;0.2897;18.2;33.6;37.6;13
24751;0.2891;18.2;33.6;37.6;13
24752;0.2885;18.2;33.6;37.6;13
24753;0.288;18.1;33.6;37.6;13
24754;0.288;18.0;33.6;37.6;13
24755;0.2893;18.0;33.5;37.6;13
24756;0.2896;18.0;33.5;37.6;13
24757;0.2898;18.0;33.5;37.6;13
24758;0.2894;18.0;33.6;37.6;13
24759;0.2902;17.9;33.5;37.6;13
24760;0.29;18.0;33.4;37.6;13
24761;0.2895;18.0;33.4;37.6;13
24762;0.2892;18.0;33.5;37.6;13
24763;0.2883;18.0;33.4;37.6;13
24764;0.2875;18.0;33.5;37.6;13
24765;0.2873;18.0;33.4;37.6;13
24766;0.2867;18.0;33.4;37.6;13
24767;0.2895;18.0;33.4;37.6;13
24768;0.2916;18.0;33.4;37.6;13
24769;0.2941;18.0;33.4;37.6;13
24770;0.2965;18.0;33.4;37.6;13
24771;0.2972;18.0;33.5;37.6;13
24772;0.2968;18.0;33.5;37.6;13
24773;0.2968;18.0;33.4;37.7;13
24774;0.2965;18.0;33.5;37.7;13
24775;0.298;18.0;33.4;37.7;13
24776;0.2992;18.0;33.4;37.8;13
24777;0.3006;18.0;33.5;37.8;13
24778;0.2993;18.0;33.4;37.8;13
24779;0.2998;18.0;33.4;37.9;13
24780;0.2998;18.0;33.4;37.9;13
24781;0.2974;18.0;33.5;37.9;13
24782;0.2999;18.0;33.4;37.9;13
24783;0.3009;18.0;33.5;37.9;13
24784;0.301;18.0;33.5;37.9;13
24785;0.2994;18.0;33.5;37.9;13
24786;0.2999;18.0;33.5;37.9;13
24787;0.2991;18.0;33.4;37.9;13
24788;0.2994;18.0;33.5;37.9;13
24789;0.2992;18.0;33.4;38.0;13
24790;0.2993;18.0;33.4;37.9;13
24791;0.2989;18.0;33.5;37.9;13
24792;0.2996;18.0;33.4;37.9;13
24793;0.3;18.0;33.5;37.9;13
24794;0.2983;18.0;33.4;37.9;13
24795;0.2981;18.0;33.4;37.9;13
24796;0.2989;18.0;33.4;37.9;13
24797;0.2982;18.0;33.4;37.9;13
24798;0.2979;18.0;33.4;37.9;13
24799;0.2974;18.0;33.4;37.9;13
24800;0.2974;18.0;33.3;38.0;13
24801;0.2979;18.0;33.4;37.9;13
24802;0.2989;18.0;33.4;37.9;13
24803;0.2985;18.0;33.4;37.8;13
24804;0.2986;18.0;33.4;37.9;13
24805;0.2981;18.0;33.4;37.8;13
24806;0.2988;18.0;33.4;37.8;13
24807;0.3009;18.0;33.5;37.8;13
24808;0.3009;18.0;33.4;37.9;13
24809;0.2997;18.0;33.4;37.9;13
24810;0.2986;18.0;33.4;37.9;13
24811;0.2984;18.0;33.4;37.9;13
24812;0.2992;17.9;33.4;38.0;13
24813;0.3012;18.0;33.4;37.9;13
24814;0.3011;18.0;33.5;37.8;13
24815;0.3034;17.9;33.4;37.9;13
24816;0.3048;17.9;33.4;37.9;13
24817;0.3027;18.0;33.4;37.9;13
24818;0.3036;18.0;33.5;37.9;13
24819;0.3024;18.0;33.5;38.0;13
24820;0.3026;18.0;33.5;37.9;13
24821;0.302;18.0;33.5;38.0;13
24822;0.3043;18.0;33.5;38.0;13
24823;0.3045;18.1;33.4;38.0;13
24824;0.3032;18.0;33.4;38.0;13
24825;0.304;18.0;33.4;38.0;13
24826;0.3038;18.0;33.4;38.0;13
24827;0.3047;18.0;33.4;38.0;13
24828;0.3067;18.0;33.4;38.0;13
24829;0.3074;18.0;33.5;38.1;13
24830;0.308;18.0;33.4;38.0;13
24831;0.3104;18.0;33.4;38.1;13
24832;0.3105;18.0;33.4;38.1;13
24833;0.3116;18.0;33.5;38.1;13
24834;0.3116;18.0;33.5;38.1;13
24835;0.3106;18.1;33.6;38.1;13
24836;0.3093;18.0;33.6;38.1;13
24837;0.3113;18.1;33.6;38.2;13
24838;0.3101;18.1;33.6;38.1;13
24839;0.3103;18.1;33.6;38.2;13
24840;0.3115;18.1;33.6;38.1;13
24841;0.3111;18.1;33.6;38.2;13
24842;0.3111;18.1;33.6;38.2;13
24843;0.3113;18.2;33.6;38.2;13
24844;0.3127;18.1;33.7;38.2;13
24845;0.3116;18.1;33.6;38.3;13
24846;0.3104;18.1;33.7;38.3;13
24847;0.3123;18.1;33.7;38.3;13
24848;0.3147;18.1;33.7;38.3;13
24849;0.3142;18.1;33.7;38.3;13
24850;0.3144;18.1;33.7;38.3;13
24851;0.3138;18.1;33.7;38.3;13
24852;0.3146;18.1;33.7;38.4;13
24853;0.3155;18.1;33.7;38.4;13
24854;0.3169;18.1;33.7;38.4;13
24855;0.3178;18.1;33.7;38.4;13
24856;0.3165;18.1;33.8;38.4;13
24857;0.3183;18.1;33.8;38.4;13
24858;0.3187;18.1;33.8;38.4;13
24859;0.3197;18.1;33.8;38.5;13
24860;0.32;18.0;33.8;38.5;13
24861;0.3215;18.1;33.8;38.5;13
24862;0.3215;18.1;33.8;38.5;13
24863;0.3237;18.1;33.8;38.6;13
24864;0.3218;18.1;33.8;38.6;13
24865;0.3214;18.1;33.8;38.7;13
24866;0.3197;18.1;33.8;38.7;13
24867;0.3227;18.2;33.8;38.7;13
24868;0.3217;18.2;33.9;38.6;13
24869;0.3229;18.2;33.9;38.7;13
24870;0.3215;18.2;33.9;38.7;13
24871;0.323;18.2;33.9;38.7;13
24872;0.324;18.2;33.9;38.7;13
24873;0.3247;18.2;33.9;38.8;13
24874;0.3258;18.2;33.9;38.7;13
24875;0.3268;18.2;33.9;38.8;13
24876;0.327;18.2;33.9;38.9;13
24877;0.3295;18.2;33.9;38.9;13
24878;0.3274;18.2;34.0;38.9;13
24879;0.2892;18.2;34.0;38.9;13
24880;0.2899;18.2;34.1;38.7;13
24881;0.2913;18.3;34.1;38.6;13
24882;0.2911;18.3;34.0;38.5;13
24883;0.29;18.4;34.1;38.4;13
24884;0.2909;18.4;34.1;38.4;13
24885;0.2917;18.4;34.1;38.3;13
24886;0.2919;18.4;34.1;38.3;13
24887;0.2934;18.4;34.1;38.2;13
24888;0.2951;18.4;34.1;38.2;13
24889;0.2943;18.3;34.2;38.2;13
24890;0.2944;18.5;34.2;38.2;13
24891;0.2968;18.5;34.2;38.1;13
24892;0.2977;18.5;34.2;38.2;13
24893;0.2994;18.5;34.2;38.1;13
24894;0.2981;18.5;34.2;38.1;13
24895;0.2973;18.5;34.2;38.1;13
24896;0.299;18.5;34.2;38.1;13
24897;0.2984;18.5;34.2;38.1;13
24898;0.2995;18.4;34.3;38.1;13
24899;0.3003;18.5;34.3;38.1;13
24900;0.3003;18.5;34.3;38.1;13
24901;0.2999;18.5;34.4;38.1;13
24902;0.3028;18.6;34.3;38.1;13
24903;0.3007;18.6;34.3;38.1;13
24904;0.3023;18.6;34.3;38.1;13
24905;0.301;18.6;34.3;38.1;13
24906;0.3011;18.6;34.3;38.2;13
24907;0.3012;18.6;34.3;38.1;13
24908;0.3021;18.6;34.3;38.1;13
24909;0.3013;18.6;34.4;38.2;13
24910;0.3028;18.7;34.5;38.2;13
24911;0.3038;18.7;34.4;38.1;13
24912;0.3062;18.7;34.4;38.2;13
24913;0.3059;18.7;34.4;38.2;13
24914;0.3064;18.7;34.4;38.2;13
24915;0.3084;18.7;34.4;38.2;13
24916;0.3098;18.7;34.4;38.2;13
24917;0.3069;18.7;34.4;38.3;13
24918;0.3073;18.7;34.4;38.3;13
24919;0.3067;18.7;34.4;38.3;13
24920;0.3086;18.7;34.4;38.3;13
24921;0.3093;18.7;34.4;38.3;13
24922;0.3081;18.7;34.4;38.3;13
24923;0.3078;18.7;34.4;38.4;13
24924;0.31;18.7;34.4;38.4;13
24925;0.3099;18.7;34.4;38.4;13
24926;0.3101;18.8;34.4;38.4;13
24927;0.3099;18.8;34.4;38.4;13
24928;0.3091;18.8;34.5;38.4;13
24929;0.3095;18.9;34.5;38.4;13
24930;0.3112;18.8;34.5;38.4;13
24931;0.3108;18.8;34.5;38.4;13
24932;0.3119;18.8;34.6;38.5;13
24933;0.3118;18.8;34.6;38.5;13
24934;0.3139;18.8;34.6;38.5;13
24935;0.3139;18.8;34.6;38.5;13
24936;0.3168;18.8;34.6;38.6;13
24937;0.3149;18.8;34.5;38.6;13
24938;0.3171;18.8;34.5;38.7;13
24939;0.3172;18.8;34.5;38.7;13
24940;0.3185;18.9;34.5;38.7;13
24941;0.318;18.9;34.5;38.7;13
24942;0.3155;18.9;34.5;38.8;13
24943;0.3195;19.0;34.6;38.8;13
24944;0.3192;18.9;34.6;38.8;13
24945;0.32;19.0;34.5;38.8;13
24946;0.3202;19.0;34.5;38.8;13
24947;0.3205;18.9;34.6;38.9;13
24948;0.3208;18.9;34.6;38.9;13
24949;0.3212;18.9;34.6;38.9;13
24950;0.3209;18.9;34.6;38.9;13
24951;0.3218;18.9;34.7;39.0;13
24952;0.3215;18.9;34.7;39.0;13
24953;0.3232;18.9;34.7;39.0;13
24954;0.3251;18.9;34.7;39.1;13
24955;0.3249;18.9;34.7;39.1;13
24956;0.3259;19.0;34.7;39.1;13
24957;0.3259;18.9;34.7;39.1;13
24958;0.3262;18.9;34.7;39.1;13
24959;0.3257;18.9;34.7;39.2;13
24960;0.3273;19.0;34.6;39.2;13
24961;0.3279;18.9;34.6;39.2;13
24962;0.3275;18.9;34.6;39.3;13
24963;0.3297;19.0;34.6;39.3;13
24964;0.3287;18.9;34.7;39.3;13
24965;0.3295;18.9;34.6;39.4;13
24966;0.329;18.9;34.6;39.4;13
24967;0.3295;18.9;34.7;39.4;13
24968;0.3312;18.9;34.6;39.4;13
24969;0.3325;19.0;34.6;39.4;13
24970;0.3321;19.0;34.7;39.4;13
24971;0.333;19.1;34.6;39.5;13
24972;0.3327;19.1;34.6;39.6;13
24973;0.3337;19.1;34.7;39.5;13
24974;0.3338;19.1;34.7;39.6;13
24975;0.3341;19.1;34.7;39.6;13
24976;0.3341;19.1;34.7;39.6;13
24977;0.3358;19.1;34.7;39.7;13
24978;0.3345;19.1;34.7;39.6;13
24979;0.3356;19.0;34.7;39.8;13
24980;0.3348;19.0;34.7;39.7;13
24981;0.3345;19.1;34.8;39.8;13
24982;0.3353;19.1;34.7;39.7;13
24983;0.3349;19.1;34.8;39.8;13
24984;0.3354;19.1;34.7;39.7;13
24985;0.3339;19.1;34.8;39.8;13
24986;0.3334;19.1;34.8;40.0;13
24987;0.3337;19.1;34.8;39.8;13
24988;0.3362;19.1;34.8;39.9;13
24989;0.3367;19.1;34.8;39.9;13
24990;0.3358;19.1;34.8;39.9;13
24991;0.3366;19.1;34.8;40.1;13
24992;0.337;19.1;34.8;39.9;13
24993;0.337;19.1;34.8;40.2;13
24994;0.3365;19.2;34.8;40.2;13
24995;0.3368;19.2;34.8;40.2;13
24996;0.3378;19.2;34.8;40.3;13
24997;0.3369;19.2;34.8;40.0;13
24998;0.3382;19.1;34.8;40.3;13
24999;0.3377;19.1;34.8;40.3;13
25000;0.3373;19.1;34.8;40.2;13
25001;0.3384;19.2;34.7;40.3;13
25002;0.3366;19.1;34.8;40.4;13
25003;0.3379;19.1;34.8;40.3;13
25004;0.3394;19.1;34.8;40.3;13
25005;0.3395;19.1;34.8;40.4;13
25006;0.3412;19.1;34.9;40.4;13
25007;0.34;19.1;34.8;40.4;13
25008;0.3413;19.1;34.9;40.5;13
25009;0.342;19.1;34.8;40.5;13
25010;0.3419;19.1;34.9;40.5;13
25011;0.3425;19.1;34.9;40.5;13
25012;0.3435;19.1;35.0;40.6;13
25013;0.3435;19.1;34.9;40.6;13
25014;0.3442;19.1;35.0;40.7;13
25015;0.3453;19.1;34.9;40.7;13
25016;0.3428;19.1;34.9;40.7;13
25017;0.3444;19.0;34.9;40.7;13
25018;0.3456;19.1;34.9;40.7;13
25019;0.3454;19.1;34.9;40.7;13
25020;0.3456;19.1;34.9;40.8;13
25021;0.3436;19.1;34.9;40.7;13
25022;0.3443;19.1;34.8;40.8;13
25023;0.3463;19.1;34.9;40.8;13
25024;0.3481;19.1;34.9;40.9;13
25025;0.3491;19.1;34.9;40.8;13
25026;0.3501;19.0;34.9;40.9;13
25027;0.3497;19.0;34.9;40.9;13
25028;0.349;19.0;34.9;40.9;13
25029;0.3488;19.0;34.9;41.0;13
25030;0.349;19.0;34.9;41.0;13
25031;0.3503;19.0;34.9;41.0;13
25032;0.3494;19.0;34.9;41.0;13
25033;0.3498;19.0;34.9;41.0;13
25034;0.3476;19.0;34.9;41.1;13
25035;0.348;19.0;35.0;41.1;13
25036;0.3514;18.9;35.1;41.2;13
25037;0.3524;18.9;35.1;41.2;13
25038;0.3534;19.0;35.1;41.2;13
25039;0.3531;18.9;35.1;41.2;13
25040;0.3517;18.9;35.1;41.2;13
25041;0.3521;19.0;35.0;41.2;13
25042;0.3528;19.0;35.0;41.3;13
25043;0.3522;19.0;35.0;41.3;13
25044;0.3529;19.0;35.1;41.3;13
25045;0.3511;19.0;35.0;41.3;13
25046;0.3514;19.0;35.0;41.3;13
25047;0.351;19.0;35.1;41.3;13
25048;0.3514;19.0;35.1;41.3;13
25049;0.3501;19.0;35.0;41.3;13
25050;0.3514;19.0;35.1;41.4;13
25051;0.3507;19.0;35.2;41.3;13
25052;0.3491;19.0;35.2;41.4;13
25053;0.3495;19.0;35.1;41.4;13
25054;0.3501;19.0;35.2;41.4;13
25055;0.3496;19.0;35.2;41.3;13
25056;0.3509;19.0;35.2;41.4;13
25057;0.3495;19.1;35.2;41.4;13
25058;0.3519;19.1;35.1;41.4;13
25059;0.3534;19.1;35.2;41.4;13
25060;0.3514;19.1;35.2;41.4;13
25061;0.3508;19.1;35.3;41.4;13
25062;0.3518;19.1;35.2;41.5;13
25063;0.3514;19.1;35.3;41.4;13
25064;0.3532;19.1;35.3;41.5;13
25065;0.3535;19.1;35.3;41.5;13
25066;0.354;19.1;35.3;41.5;13
25067;0.3548;19.1;35.2;41.5;13
25068;0.3561;19.1;35.3;41.5;13
25069;0.3539;19.1;35.3;41.5;13
25070;0.355;19.1;35.2;41.6;13
25071;0.3561;19.1;35.3;41.5;13
25072;0.3571;19.1;35.3;41.6;13
25073;0.3555;19.2;35.3;41.6;13
25074;0.3568;19.2;35.3;41.6;13
25075;0.3546;19.2;35.4;41.7;13
25076;0.3534;19.2;35.4;41.7;13
25077;0.3532;19.3;35.4;41.7;13
25078;0.3553;19.2;35.4;41.7;13
25079;0.355;19.3;35.4;41.7;13
25080;0.3561;19.2;35.4;41.7;13
25081;0.3554;19.2;35.4;41.7;13
25082;0.3576;19.2;35.4;41.7;13
25083;0.3578;19.2;35.5;41.8;13
25084;0.3564;19.3;35.5;41.7;13
25085;0.3552;19.2;35.5;41.7;13
25086;0.3566;19.2;35.5;41.8;13
25087;0.3581;19.1;35.5;41.7;13
25088;0.3582;19.2;35.6;41.8;13
25089;0.3589;19.2;35.5;41.8;13
25090;0.3577;19.2;35.5;41.8;13
25091;0.3584;19.2;35.5;41.8;13
25092;0.3577;19.2;35.5;41.8;13
25093;0.3574;19.2;35.5;41.8;13
25094;0.3589;19.3;35.5;41.8;13
25095;0.3576;19.3;35.5;41.8;13
25096;0.3567;19.2;35.5;41.8;13
25097;0.3574;19.2;35.5;41.8;13
25098;0.3571;19.2;35.5;41.8;13
25099;0.359;19.3;35.5;41.8;13
25100;0.3596;19.3;35.5;41.8;13
25101;0.3592;19.4;35.5;41.9;13
25102;0.3594;19.4;35.5;41.9;13
25103;0.3574;19.4;35.5;41.9;13
25104;0.3594;19.3;35.6;41.9;13
25105;0.3587;19.4;35.6;42.0;13
25106;0.3585;19.5;35.6;42.0;13
25107;0.358;19.5;35.6;42.0;13
25108;0.3578;19.5;35.6;42.0;13
25109;0.3588;19.5;35.6;42.0;13
25110;0.3576;19.5;35.7;42.0;13
25111;0.3589;19.5;35.6;42.0;13
25112;0.3589;19.5;35.6;42.0;13
25113;0.3603;19.4;35.6;42.0;13
25114;0.3605;19.5;35.6;42.0;13
25115;0.3612;19.5;35.6;42.0;13
25116;0.3597;19.5;35.6;42.0;13
25117;0.3609;19.5;35.6;42.0;13
25118;0.3609;19.5;35.6;42.0;13
25119;0.3604;19.5;35.6;42.1;13
25120;0.3612;19.5;35.6;42.1;13
25121;0.3624;19.5;35.6;42.0;13
25122;0.3605;19.4;35.6;42.1;13
25123;0.3627;19.5;35.6;42.1;13
25124;0.3617;19.5;35.5;42.0;13
25125;0.3609;19.5;35.5;42.1;13
25126;0.3616;19.5;35.5;42.1;13
25127;0.364;19.5;35.5;42.1;13
25128;0.3615;19.5;35.5;42.1;13
25129;0.3612;19.5;35.5;42.2;13
25130;0.3618;19.5;35.6;42.2;13
25131;0.363;19.5;35.5;42.2;13
25132;0.3641;19.5;35.5;42.1;13
25133;0.3651;19.5;35.5;42.2;13
25134;0.3661;19.5;35.5;42.2;13
25135;0.3667;19.5;35.5;42.3;13
25136;0.3663;19.5;35.5;42.3;13
25137;0.3664;19.5;35.5;42.3;13
25138;0.368;19.6;35.5;42.3;13
25139;0.3672;19.6;35.5;42.3;13
25140;0.3683;19.6;35.5;42.6;13
25141;0.3678;19.6;35.4;42.3;13
25142;0.3669;19.6;35.5;42.4;13
25143;0.3648;19.6;35.5;42.6;13
25144;0.365;19.6;35.4;42.4;13
25145;0.3636;19.6;35.4;42.4;13
25146;0.363;19.6;35.4;42.4;13
25147;0.3619;19.5;35.4;42.4;13
25148;0.3627;19.5;35.4;42.4;13
25149;0.3625;19.5;35.4;42.4;13
25150;0.3631;19.5;35.4;42.4;13
25151;0.3639;19.5;35.5;42.4;13
25152;0.3638;19.5;35.4;42.3;13
25153;0.3638;19.5;35.5;42.4;13
25154;0.3641;19.5;35.4;42.7;13
25155;0.3649;19.5;35.4;42.5;13
25156;0.3648;19.5;35.4;42.7;13
25157;0.3661;19.5;35.4;42.4;13
25158;0.3646;19.5;35.4;42.7;13
25159;0.3664;19.5;35.4;42.5;13
25160;0.3661;19.5;35.5;42.5;13
25161;0.3654;19.5;35.5;42.7;13
25162;0.3658;19.5;35.5;42.5;13
25163;0.3659;19.5;35.5;42.5;13
25164;0.3656;19.5;35.5;42.5;13
25165;0.3633;19.5;35.5;42.5;13
25166;0.3654;19.5;35.5;42.5;13
25167;0.3664;19.5;35.5;42.7;13
25168;0.366;19.5;35.5;42.5;13
25169;0.3647;19.5;35.5;42.7;13
25170;0.3653;19.5;35.5;42.5;13
25171;0.3639;19.5;35.5;42.5;13
25172;0.3659;19.5;35.5;42.5;13
25173;0.366;19.5;35.6;42.5;13
25174;0.3656;19.5;35.6;42.5;13
25175;0.364;19.6;35.6;42.7;13
25176;0.3666;19.6;35.6;42.5;13
25177;0.3662;19.6;35.6;42.8;13
25178;0.364;19.6;35.7;42.8;13
25179;0.3643;19.6;35.7;42.5;13
25180;0.3635;19.6;35.8;42.5;13
25181;0.3635;19.6;35.8;42.8;13
25182;0.3615;19.6;35.7;42.8;13
25183;0.3612;19.7;35.7;42.8;13
25184;0.3619;19.7;35.7;42.7;13
25185;0.3628;19.8;35.7;42.8;13
25186;0.3644;19.7;35.7;42.8;13
25187;0.3641;19.7;35.8;42.6;13
25188;0.363;19.8;35.9;42.8;13
25189;0.3627;19.8;35.9;42.8;13
25190;0.3634;19.8;36.0;42.8;13
25191;0.3633;19.9;36.0;42.6;13
25192;0.3625;19.8;36.0;42.5;13
25193;0.364;19.9;36.1;42.7;13
25194;0.3638;20.0;36.1;42.4;13
25195;0.3622;19.9;36.1;42.5;13
25196;0.3622;20.1;36.1;42.4;13
25197;0.3602;20.1;36.3;42.3;13
25198;0.3606;20.0;36.3;42.6;13
25199;0.3608;20.0;36.2;42.3;13
25200;0.3607;20.1;36.3;42.3;13
25201;0.3607;20.1;36.4;42.3;13
25202;0.3599;20.2;36.3;42.3;13
25203;0.357;20.2;36.5;42.3;13
25204;0.3584;20.2;36.4;42.3;13
25205;0.3604;20.3;36.5;42.3;13
25206;0.3585;20.3;36.6;42.4;13
25207;0.3586;20.3;36.6;42.3;13
25208;0.3584;20.4;36.7;42.3;13
25209;0.359;20.4;36.8;42.3;13
25210;0.3578;20.4;36.7;42.4;13
25211;0.3597;20.5;36.7;42.4;13
25212;0.3601;20.5;36.7;42.4;13
25213;0.3602;20.5;36.9;42.3;13
25214;0.3605;20.5;36.9;42.4;13
25215;0.3603;20.5;36.9;42.4;13
25216;0.3622;20.6;37.0;42.4;13
25217;0.3606;20.6;37.0;42.4;13
25218;0.3589;20.7;37.1;42.4;13
25219;0.3594;20.7;37.1;42.4;13
25220;0.3595;20.8;37.1;42.5;13
25221;0.3605;20.8;37.1;42.4;13
25222;0.3603;20.9;37.1;42.7;13
25223;0.3619;20.9;37.1;42.4;13
25224;0.3619;20.9;37.1;42.5;13
25225;0.3617;20.9;37.1;42.4;13
25226;0.3604;20.9;37.1;42.5;13
25227;0.3594;20.9;37.1;42.5;13
25228;0.3594;20.9;37.2;42.5;13
25229;0.3597;20.9;37.1;42.7;13
25230;0.3601;20.9;37.2;42.5;13
25231;0.3599;20.9;37.2;42.5;13
25232;0.3597;20.9;37.2;42.6;13
25233;0.3599;21.0;37.2;42.5;13
25234;0.3587;20.9;37.3;42.5;13
25235;0.359;20.9;37.3;42.8;13
25236;0.3585;20.9;37.2;42.5;13
25237;0.3573;20.9;37.2;42.8;13
25238;0.3565;20.9;37.2;42.8;13
25239;0.3566;20.9;37.2;42.8;13
25240;0.3561;20.9;37.3;42.8;13
25241;0.3559;20.9;37.3;42.5;13
25242;0.355;20.9;37.3;42.7;13
25243;0.3552;20.9;37.3;42.8;13
25244;0.3565;20.9;37.3;42.5;13
25245;0.3564;20.9;37.3;42.8;13
25246;0.3561;20.9;37.3;42.5;13
25247;0.3562;21.0;37.4;42.8;13
25248;0.3561;21.0;37.5;42.6;13
25249;0.3572;21.1;37.5;42.8;13
25250;0.3572;21.0;37.5;42.9;13
25251;0.3553;21.0;37.6;42.6;13
25252;0.3541;21.2;37.6;42.9;13
25253;0.3557;21.2;37.5;42.8;13
25254;0.3557;21.2;37.6;42.5;13
25255;0.3542;21.3;37.7;42.9;13
25256;0.3572;21.3;37.6;42.9;13
25257;0.3552;21.3;37.7;42.6;13
25258;0.3572;21.3;37.7;42.9;13
25259;0.3544;21.3;37.7;43.0;13
25260;0.3564;21.4;37.7;42.9;13
25261;0.3569;21.4;37.7;43.0;13
25262;0.3544;21.4;37.7;43.0;13
25263;0.3579;21.5;37.7;43.0;13
25264;0.3586;21.5;37.7;43.0;13
25265;0.3591;21.5;37.7;43.0;13
25266;0.3578;21.5;37.7;43.0;13
25267;0.3565;21.6;37.7;43.0;13
25268;0.3567;21.7;37.8;43.0;13
25269;0.3571;21.6;37.8;43.0;13
25270;0.359;21.6;37.7;43.1;13
25271;0.3607;21.6;37.8;43.2;13
25272;0.3581;21.6;37.8;43.2;13
25273;0.3569;21.6;37.8;43.2;13
25274;0.3557;21.6;37.8;43.2;13
25275;0.3538;21.7;37.8;43.2;13
25276;0.3544;21.8;37.8;43.2;13
25277;0.3553;21.8;37.8;43.2;13
25278;0.3561;21.8;37.9;43.2;13
25279;0.3554;21.8;38.1;43.2;13
25280;0.3565;21.7;38.2;43.2;13
25281;0.3562;21.9;38.3;43.3;13
25282;0.3565;21.9;38.4;43.2;13
25283;0.3572;21.9;38.6;43.3;13
25284;0.3559;22.0;38.6;43.3;13
25285;0.3584;22.1;38.7;43.3;13
25286;0.3574;22.0;38.7;43.4;13
25287;0.3586;22.0;38.8;43.4;13
25288;0.36;22.1;38.8;43.4;13
25289;0.3585;22.2;38.9;43.4;13
25290;0.3578;22.2;39.0;43.5;13
25291;0.3577;22.2;38.9;43.5;13
25292;0.3561;22.3;38.9;43.5;13
25293;0.358;22.3;39.1;43.5;13
25294;0.3588;22.3;39.0;43.6;13
25295;0.3598;22.4;39.1;43.5;13
25296;0.358;22.4;39.0;43.6;13
25297;0.3566;22.4;39.0;43.6;13
25298;0.3579;22.4;39.0;43.7;13
25299;0.3576;22.5;39.0;43.6;13
25300;0.3571;22.5;38.9;43.7;13
25301;0.3577;22.5;38.9;43.7;13
25302;0.3576;22.5;38.9;43.6;13
25303;0.3566;22.6;38.9;43.7;13
25304;0.3582;22.6;38.9;43.7;13
25305;0.359;22.6;38.9;43.7;13
25306;0.3565;22.7;38.8;43.7;13
25307;0.3587;22.7;38.9;43.7;13
25308;0.3593;22.7;38.9;43.7;13
25309;0.3577;22.7;38.9;43.8;13
25310;0.3583;22.7;39.0;43.8;13
25311;0.3575;22.6;39.0;43.8;13
25312;0.3568;22.6;38.9;43.8;13
25313;0.3594;22.6;38.9;43.9;13
25314;0.3575;22.6;39.0;43.9;13
25315;0.3575;22.7;38.9;43.9;13
25316;0.3575;22.6;38.9;43.9;13
25317;0.3589;22.6;38.9;43.9;13
25318;0.36;22.7;39.0;43.9;13
25319;0.3582;22.7;39.0;43.9;13
25320;0.3579;22.7;39.0;43.9;13
25321;0.3569;22.7;39.1;43.9;13
25322;0.3544;22.8;39.0;44.0;13
25323;0.3562;22.8;39.1;44.0;13
25324;0.3532;22.9;39.1;43.9;13
25325;0.3533;22.8;39.0;44.0;13
25326;0.3531;23.0;39.0;44.0;13
25327;0.3542;23.0;39.1;44.0;13
25328;0.3531;23.0;39.1;44.0;13
25329;0.3545;23.0;39.1;44.0;13
25330;0.3562;23.1;39.1;44.0;13
25331;0.3552;23.2;39.1;44.0;13
25332;0.3568;23.1;39.2;44.1;13
25333;0.3576;23.1;39.2;44.1;13
25334;0.3557;23.1;39.2;44.1;13
25335;0.3565;23.1;39.3;44.1;13
25336;0.3556;23.2;39.3;44.1;13
25337;0.3568;23.3;39.3;44.1;13
25338;0.3577;23.2;39.3;44.1;13
25339;0.3582;23.2;39.3;44.1;13
25340;0.3571;23.2;39.4;44.1;13
25341;0.3572;23.2;39.4;44.2;13
25342;0.3579;23.2;39.4;44.1;13
25343;0.3575;23.2;39.4;44.2;13
25344;0.3575;23.2;39.4;44.2;13
25345;0.3602;23.3;39.4;44.2;13
25346;0.3591;23.3;39.4;44.2;13
25347;0.359;23.3;39.4;44.2;13
25348;0.3589;23.4;39.4;44.3;13
25349;0.3586;23.4;39.4;44.3;13
25350;0.3593;23.4;39.4;44.3;13
25351;0.3588;23.4;39.4;44.4;13
25352;0.3579;23.4;39.5;44.4;13
25353;0.3582;23.5;39.5;44.5;13
25354;0.3576;23.5;39.5;44.4;13
25355;0.3599;23.5;39.6;44.4;13
25356;0.3592;23.5;39.8;44.5;13
25357;0.3609;23.5;39.9;44.5;13
25358;0.3606;23.6;39.9;44.5;13
25359;0.3614;23.6;40.0;44.5;13
25360;0.3594;23.6;40.0;44.6;13
25361;0.3597;23.6;40.0;44.6;13
25362;0.3598;23.6;40.0;44.6;13
25363;0.3598;23.7;40.0;44.6;13
25364;0.361;23.7;40.0;44.6;13
25365;0.3609;23.7;40.0;44.6;13
25366;0.3612;23.7;39.9;44.6;13
25367;0.362;23.8;39.9;44.6;13
25368;0.3622;23.8;39.9;44.6;13
25369;0.3629;23.8;39.9;44.9;13
25370;0.3625;23.8;39.9;44.8;13
25371;0.3634;23.9;39.9;44.8;13
25372;0.3633;23.9;39.9;44.9;13
25373;0.3634;23.9;39.9;44.8;13
25374;0.3625;23.9;39.9;45.0;13
25375;0.3635;23.9;39.9;45.1;13
25376;0.3623;24.0;39.9;45.1;13
25377;0.3646;24.0;40.0;45.1;13
25378;0.3648;24.0;40.2;45.2;13
25379;0.3661;24.0;40.3;45.2;13
25380;0.3653;23.9;40.4;45.2;13
25381;0.3652;24.0;40.5;45.2;13
25382;0.3656;24.1;40.6;45.3;13
25383;0.364;24.1;40.7;45.3;13
25384;0.3658;24.1;40.6;45.3;13
25385;0.3672;24.1;40.6;45.3;13
25386;0.3655;24.1;40.6;45.4;13
25387;0.3652;24.2;40.7;45.4;13
25388;0.3655;24.2;40.8;45.4;13
25389;0.365;24.2;40.8;45.4;13
25390;0.3667;24.2;40.7;45.4;13
25391;0.3678;24.2;40.6;45.5;13
25392;0.3668;24.2;40.6;45.5;13
25393;0.3659;24.2;40.6;45.5;13
25394;0.3678;24.2;40.6;45.5;13
25395;0.3682;24.2;40.6;45.5;13
25396;0.3681;24.2;40.6;45.6;13
25397;0.3662;24.3;40.6;45.6;13
25398;0.367;24.3;40.6;45.6;13
25399;0.3671;24.3;40.5;45.6;13
25400;0.3675;24.3;40.5;45.7;13
25401;0.367;24.3;40.5;45.7;13
25402;0.3662;24.3;40.5;45.7;13
25403;0.3665;24.4;40.5;45.7;13
25404;0.3659;24.4;40.5;45.7;13
25405;0.3676;24.4;40.5;45.8;13
25406;0.3685;24.3;40.4;45.8;13
25407;0.3674;24.4;40.4;45.8;13
25408;0.3689;24.4;40.4;45.7;13
25409;0.3685;24.5;40.4;45.8;13
25410;0.368;24.4;40.4;45.8;13
25411;0.368;24.4;40.4;45.9;13
25412;0.369;24.4;40.5;45.9;13
25413;0.3666;24.4;40.5;45.9;13
25414;0.3674;24.4;40.4;45.9;13
25415;0.3689;24.4;40.4;45.9;13
25416;0.3695;24.4;40.4;46.0;13
25417;0.3705;24.4;40.4;46.0;13
25418;0.372;24.4;40.4;46.0;13
25419;0.3725;24.4;40.4;46.1;13
25420;0.3736;24.4;40.4;46.1;13
25421;0.3726;24.4;40.4;46.1;13
25422;0.3737;24.4;40.4;46.2;13
25423;0.373;24.4;40.4;46.2;13
25424;0.3731;24.3;40.4;46.2;13
25425;0.3724;24.3;40.4;46.3;13
25426;0.3714;24.3;40.4;46.3;13
25427;0.3717;24.3;40.4;46.4;13
25428;0.369;24.2;40.3;46.3;13
25429;0.3665;24.3;40.4;46.4;13
25430;0.3653;24.2;40.4;46.4;13
25431;0.3634;24.2;40.4;46.3;13
25432;0.3637;24.2;40.4;46.3;13
25433;0.3618;24.2;40.4;46.3;13
25434;0.3618;24.2;40.4;46.2;13
25435;0.3646;24.2;40.4;46.3;13
25436;0.3629;24.2;40.4;46.3;13
25437;0.3647;24.2;40.4;46.3;13
25438;0.3639;24.2;40.3;46.3;13
25439;0.3639;24.1;40.2;46.3;13
25440;0.3632;24.0;40.3;46.2;13
25441;0.3637;23.9;40.3;46.2;13
25442;0.3636;24.0;40.3;46.3;13
25443;0.3641;24.0;40.3;46.3;13
25444;0.3634;24.0;40.3;46.3;13
25445;0.3642;23.9;40.3;46.3;13
25446;0.3639;23.8;40.3;46.2;13
25447;0.3632;23.9;40.3;46.3;13
25448;0.364;23.8;40.3;46.3;13
25449;0.3649;23.8;40.3;46.3;13
25450;0.3652;23.7;40.2;46.3;13
25451;0.3632;23.7;40.3;46.3;13
25452;0.3634;23.7;40.2;46.3;13
25453;0.3636;23.8;40.2;46.4;13
25454;0.3635;23.8;40.3;46.3;13
25455;0.3625;23.7;40.3;46.3;13
25456;0.3624;23.7;40.3;46.3;13
25457;0.3622;23.7;40.3;46.4;13
25458;0.3632;23.7;40.3;46.4;13
25459;0.3621;23.6;40.1;46.4;13
25460;0.3623;23.6;40.1;46.3;13
25461;0.3626;23.6;40.1;46.4;13
25462;0.3614;23.5;40.1;46.3;13
25463;0.362;23.5;40.1;46.4;13
25464;0.3625;23.5;40.2;46.3;13
25465;0.3621;23.5;40.2;46.4;13
25466;0.3617;23.5;40.2;46.4;13
25467;0.3629;23.5;40.2;46.4;13
25468;0.3603;23.5;40.1;46.3;13
25469;0.3607;23.4;40.1;46.4;13
25470;0.3618;23.4;40.0;46.3;13
25471;0.36;23.4;40.0;46.3;13
25472;0.3598;23.2;40.0;46.3;13
25473;0.3596;23.2;40.0;46.4;13
25474;0.3597;23.2;40.0;46.3;13
25475;0.36;23.3;40.0;46.3;13
25476;0.3604;23.2;40.0;46.3;13
25477;0.3623;23.2;40.0;46.3;13
25478;0.361;23.2;40.0;46.3;13
25479;0.3615;23.1;40.0;46.3;13
25480;0.3607;23.2;39.9;46.3;13
25481;0.3613;23.2;39.9;46.3;13
25482;0.3609;23.1;39.9;46.3;13
25483;0.361;23.1;39.9;46.2;13
25484;0.3582;23.0;39.9;46.2;13
25485;0.3608;23.2;39.8;46.2;13
25486;0.3604;23.0;39.9;46.2;13
25487;0.3596;23.1;39.8;46.1;13
25488;0.3607;23.0;40.0;46.2;13
25489;0.3582;23.1;39.8;46.1;13
25490;0.3589;23.1;39.8;46.2;13
25491;0.3571;23.1;39.8;46.1;13
25492;0.3562;23.2;39.8;46.1;13
25493;0.3549;23.2;39.8;46.1;13
25494;0.3546;23.1;39.8;46.0;13
25495;0.3541;23.1;39.7;46.1;13
25496;0.3517;23.1;39.7;46.0;13
25497;0.3511;23.1;39.7;46.0;13
25498;0.3505;23.1;39.7;46.0;13
25499;0.3492;23.1;39.7;45.9;13
25500;0.3504;23.1;39.8;45.9;13
25501;0.3502;23.2;39.8;45.9;13
25502;0.349;23.2;39.8;45.9;13
25503;0.3488;23.2;39.8;45.9;13
25504;0.3486;23.2;39.8;45.8;13
25505;0.3486;23.1;39.7;45.8;13
25506;0.3474;23.2;39.7;45.8;13
25507;0.3482;23.1;39.6;45.8;13
25508;0.3472;23.1;39.6;45.8;13
25509;0.3479;23.1;39.6;45.8;13
25510;0.35;23.1;39.6;45.8;13
25511;0.3474;23.1;39.7;45.7;13
25512;0.3495;23.2;39.6;45.8;13
25513;0.3491;23.1;39.6;45.8;13
25514;0.3519;23.1;39.7;45.8;13
25515;0.3529;23.1;39.7;45.7;13
25516;0.3528;23.1;39.7;45.8;13
25517;0.3521;23.2;39.7;45.7;13
25518;0.3525;23.1;39.7;45.8;13
25519;0.3515;23.1;39.7;45.8;13
25520;0.3539;23.2;39.7;45.7;13
25521;0.3543;23.1;39.8;45.8;13
25522;0.3536;23.1;39.8;45.8;13
25523;0.3531;23.1;39.8;45.8;13
25524;0.3516;23.1;39.8;45.8;13
25525;0.3526;23.2;39.8;45.7;13
25526;0.35;23.2;39.7;45.8;13
25527;0.3487;23.2;39.8;45.8;13
25528;0.3515;23.1;39.8;45.8;13
25529;0.3503;23.1;39.7;45.8;13
25530;0.3506;23.0;39.8;45.8;13
25531;0.3494;23.0;39.7;45.7;13
25532;0.3506;23.0;39.7;45.7;13
25533;0.3468;23.0;39.6;45.7;13
25534;0.348;23.1;39.7;45.7;13
25535;0.3478;22.9;39.6;45.7;13
25536;0.3487;22.9;39.6;45.7;13
25537;0.3483;22.9;39.6;45.6;13
25538;0.3503;22.9;39.6;45.6;13
25539;0.3495;22.9;39.6;45.7;13
25540;0.3519;22.9;39.6;45.6;13
25541;0.3494;22.9;39.6;45.6;13
25542;0.3476;22.9;39.7;45.6;13
25543;0.3445;22.9;39.6;45.6;13
25544;0.3447;22.9;39.6;45.6;13
25545;0.3437;22.7;39.5;45.5;13
25546;0.346;22.7;39.5;45.5;13
25547;0.3468;22.7;39.5;45.5;13
25548;0.3449;22.7;39.5;45.5;13
25549;0.346;22.7;39.5;45.5;13
25550;0.3437;22.6;39.5;45.5;13
25551;0.3447;22.5;39.4;45.4;13
25552;0.345;22.5;39.4;45.4;13
25553;0.3441;22.4;39.4;45.5;13
25554;0.343;22.4;39.4;45.4;13
25555;0.3415;22.3;39.4;45.3;13
25556;0.3427;22.3;39.4;45.3;13
25557;0.3411;22.3;39.4;45.3;13
25558;0.3416;22.2;39.4;45.3;13
25559;0.3412;22.1;39.4;45.3;13
25560;0.3435;22.2;39.4;45.3;13
25561;0.3445;22.1;39.4;45.3;13
25562;0.3431;22.1;39.3;45.2;13
25563;0.3433;22.1;39.3;45.3;13
25564;0.343;22.0;39.3;45.2;13
25565;0.3431;22.0;39.3;45.2;13
25566;0.3419;21.9;39.3;45.2;13
25567;0.3412;21.9;39.3;45.2;13
25568;0.3428;21.8;39.3;45.2;13
25569;0.3437;21.8;39.2;45.2;13
25570;0.3428;21.8;39.2;45.2;13
25571;0.3427;21.8;39.2;45.2;13
25572;0.3436;21.8;39.2;45.1;13
25573;0.3421;21.7;39.2;45.1;13
25574;0.3417;21.7;39.2;45.2;13
25575;0.3419;21.7;39.2;45.1;13
25576;0.3401;21.6;39.2;45.1;13
25577;0.3391;21.6;39.1;45.0;13
25578;0.341;21.5;39.1;45.1;13
25579;0.34;21.5;39.1;45.0;13
25580;0.3394;21.5;39.1;45.0;13
25581;0.3383;21.4;39.1;44.8;13
25582;0.339;21.4;39.0;45.0;13
25583;0.3371;21.4;39.0;45.0;13
25584;0.3388;21.3;39.0;44.8;13
25585;0.3389;21.2;39.0;45.0;13
25586;0.3401;21.2;39.0;44.8;13
25587;0.3383;21.2;39.0;45.0;13
25588;0.3395;21.1;39.0;44.8;13
25589;0.3392;21.1;38.9;44.9;13
25590;0.3401;21.1;38.9;44.9;13
25591;0.3387;21.1;38.8;44.8;13
25592;0.3382;21.1;38.8;44.7;13
25593;0.3382;21.1;38.8;44.7;13
25594;0.3387;21.0;38.8;44.7;13
25595;0.3376;20.9;38.8;44.7;13
25596;0.3382;20.9;38.9;44.6;13
25597;0.3375;20.9;38.9;44.8;13
25598;0.3395;20.9;38.8;44.7;13
25599;0.3398;20.8;38.7;44.8;13
25600;0.3394;20.9;38.7;44.7;13
25601;0.3376;20.9;38.7;44.6;13
25602;0.3381;20.7;38.7;44.6;13
25603;0.3373;20.7;38.7;44.6;13
25604;0.3383;20.7;38.7;44.6;13
25605;0.3383;20.7;38.6;44.6;13
25606;0.3369;20.6;38.6;44.6;13
25607;0.3371;20.6;38.6;44.6;13
25608;0.3367;20.6;38.5;44.6;13
25609;0.339;20.6;38.5;44.5;13
25610;0.3375;20.7;38.5;44.5;13
25611;0.3395;20.6;38.6;44.6;13
25612;0.3377;20.6;38.6;44.6;13
25613;0.3379;20.6;38.6;44.5;13
25614;0.3382;20.6;38.6;44.5;13
25615;0.3403;20.5;38.5;44.5;13
25616;0.3412;20.5;38.4;44.5;13
25617;0.3413;20.6;38.4;44.5;13
25618;0.3398;20.6;38.4;44.5;13
25619;0.3404;20.7;38.4;44.5;13
25620;0.3406;20.7;38.4;44.4;13
25621;0.3409;20.6;38.4;44.5;13
25622;0.341;20.6;38.4;44.4;13
25623;0.3421;20.6;38.5;44.4;13
25624;0.3411;20.6;38.5;44.4;13
25625;0.3423;20.6;38.4;44.4;13
25626;0.3438;20.6;38.3;44.4;13
25627;0.3429;20.6;38.3;44.4;13
25628;0.3418;20.6;38.3;44.6;13
25629;0.3425;20.7;38.4;44.4;13
25630;0.3422;20.6;38.4;44.4;13
25631;0.3423;20.7;38.3;44.4;13
25632;0.3418;20.6;38.4;44.4;13
25633;0.3424;20.6;38.3;44.4;13
25634;0.3426;20.6;38.4;44.4;13
25635;0.3413;20.6;38.4;44.4;13
25636;0.3423;20.7;38.3;44.4;13
25637;0.3416;20.6;38.3;44.4;13
25638;0.3412;20.6;38.3;44.4;13
25639;0.3423;20.7;38.3;44.3;13
25640;0.341;20.7;38.3;44.3;13
25641;0.3423;20.7;38.3;44.3;13
25642;0.3408;20.6;38.4;44.3;13
25643;0.3419;20.6;38.3;44.3;13
25644;0.341;20.7;38.3;44.3;13
25645;0.341;20.7;38.2;44.3;13
25646;0.3421;20.6;38.2;44.3;13
25647;0.3405;20.6;38.1;44.2;13
25648;0.3392;20.6;38.2;44.2;13
25649;0.3384;20.5;38.2;44.2;13
25650;0.3382;20.5;38.2;44.2;13
25651;0.3358;20.5;38.2;44.2;13
25652;0.3369;20.5;38.2;44.2;13
25653;0.3353;20.4;38.2;44.1;13
25654;0.3351;20.4;38.1;44.1;13
25655;0.3337;20.4;38.1;44.1;13
25656;0.3358;20.4;38.1;44.1;13
25657;0.3358;20.4;38.2;44.0;13
25658;0.3386;20.4;38.2;44.1;13
25659;0.3375;20.4;38.1;44.0;13
25660;0.3394;20.4;38.1;44.0;13
25661;0.3387;20.4;38.1;44.1;13
25662;0.338;20.4;38.1;43.9;13
25663;0.3361;20.5;38.1;43.9;13
25664;0.3335;20.4;38.1;43.9;13
25665;0.3319;20.3;38.1;43.9;13
25666;0.3339;20.4;38.1;43.9;13
25667;0.3348;20.4;38.0;43.9;13
25668;0.3356;20.4;38.0;43.9;13
25669;0.3336;20.3;38.0;43.8;13
25670;0.3338;20.4;38.0;43.8;13
25671;0.3349;20.4;37.9;43.8;13
25672;0.3346;20.4;38.0;43.8;13
25673;0.3327;20.4;38.0;43.7;13
25674;0.3337;20.4;37.9;43.7;13
25675;0.3323;20.4;38.0;43.7;13
25676;0.3311;20.4;38.0;43.7;13
25677;0.3315;20.4;38.0;43.7;13
25678;0.3316;20.4;38.0;43.7;13
25679;0.3298;20.4;38.0;43.7;13
25680;0.3305;20.3;38.0;43.6;13
25681;0.328;20.4;38.0;43.5;13
25682;0.3299;20.3;38.0;43.5;13
25683;0.3301;20.3;38.0;43.5;13
25684;0.3285;20.3;38.0;43.5;13
25685;0.3286;20.3;37.9;43.4;13
25686;0.3279;20.3;37.9;43.4;13
25687;0.3263;20.3;37.8;43.4;13
25688;0.3271;20.2;37.8;43.4;13
25689;0.3286;20.2;37.8;43.4;13
25690;0.3307;20.2;37.8;43.4;13
25691;0.33;20.1;37.8;43.4;13
25692;0.3313;20.1;37.8;43.3;13
25693;0.329;20.1;37.8;43.3;13
25694;0.3308;20.1;37.8;43.3;13
25695;0.3299;20.2;37.8;43.3;13
25696;0.3293;20.2;37.8;43.2;13
25697;0.3313;20.2;37.8;43.3;13
25698;0.3305;20.2;37.7;43.3;13
25699;0.3303;20.2;37.7;43.3;13
25700;0.33;20.2;37.7;43.2;13
25701;0.3301;20.1;37.7;43.3;13
25702;0.3291;20.1;37.7;43.2;13
25703;0.3274;20.2;37.7;43.2;13
25704;0.3272;20.1;37.7;43.2;13
25705;0.3271;20.2;37.7;43.1;13
25706;0.327;20.2;37.7;43.1;13
25707;0.3258;20.2;37.7;43.1;13
25708;0.3273;20.1;37.7;43.0;13
25709;0.3257;20.1;37.7;43.0;13
25710;0.3263;20.1;37.7;43.0;13
25711;0.325;20.1;37.7;43.0;13
25712;0.3253;20.1;37.6;43.0;13
25713;0.3247;20.2;37.6;43.0;13
25714;0.3237;20.1;37.6;43.0;13
25715;0.3235;20.1;37.6;42.9;13
25716;0.3225;20.2;37.6;42.8;13
25717;0.3219;20.2;37.5;42.9;13
25718;0.3204;20.2;37.5;42.9;13
25719;0.3215;20.1;37.5;42.8;13
25720;0.3202;20.2;37.4;42.8;13
25721;0.3219;20.2;37.5;42.8;13
25722;0.3202;20.2;37.5;42.8;13
25723;0.3197;20.0;37.5;42.5;13
25724;0.3194;20.1;37.5;42.5;13
25725;0.3198;20.1;37.5;42.5;13
25726;0.3198;20.1;37.5;42.4;13
25727;0.319;20.1;37.4;42.4;13
25728;0.3189;20.1;37.4;42.3;13
25729;0.3182;20.1;37.4;42.4;13
25730;0.3178;20.1;37.3;42.3;13
25731;0.3153;20.0;37.3;42.3;13
25732;0.3152;20.1;37.3;42.3;13
25733;0.3148;20.0;37.3;42.2;13
25734;0.3144;20.0;37.3;42.2;13
25735;0.3151;20.0;37.3;42.1;13
25736;0.3142;20.0;37.3;42.1;13
25737;0.3142;20.0;37.3;42.1;13
25738;0.3129;20.0;37.3;42.1;13
25739;0.3132;20.0;37.3;42.1;13
25740;0.3107;20.0;37.4;42.0;13
25741;0.3114;20.0;37.3;42.0;13
25742;0.3099;20.0;37.3;41.9;13
25743;0.3086;20.0;37.3;41.9;13
25744;0.3076;20.0;37.2;41.8;13
25745;0.3083;20.0;37.2;41.8;13
25746;0.3083;20.0;37.2;41.8;13
25747;0.3095;20.0;37.2;41.7;13
25748;0.3099;19.9;37.2;41.7;13
25749;0.3079;19.9;37.2;41.6;13
25750;0.3065;19.9;37.2;41.6;13
25751;0.3062;19.9;37.2;41.6;13
25752;0.3049;19.9;37.3;41.6;13
25753;0.304;19.9;37.2;41.5;13
25754;0.3035;19.9;37.2;41.5;13
25755;0.3032;19.9;37.2;41.5;13
25756;0.3029;19.9;37.2;41.5;13
25757;0.3026;19.9;37.1;41.5;13
25758;0.3028;19.9;37.1;41.4;13
25759;0.3042;19.9;37.1;41.4;13
25760;0.3029;19.8;37.1;41.4;13
25761;0.3025;19.8;37.1;41.4;13
25762;0.3011;19.8;37.1;41.3;13
25763;0.3001;19.8;37.1;41.3;13
25764;0.3006;19.8;37.1;41.3;13
25765;0.3014;19.8;37.1;41.2;13
25766;0.3018;19.8;37.1;41.2;13
25767;0.3006;19.8;37.1;41.2;13
25768;0.3;19.8;37.1;41.2;13
25769;0.2992;19.8;37.1;41.1;13
25770;0.2998;19.8;37.1;41.2;13
25771;0.2974;19.8;37.1;41.1;13
25772;0.2975;19.8;37.1;41.1;13
25773;0.296;19.8;37.1;41.1;13
25774;0.2958;19.7;37.0;41.0;13
25775;0.2952;19.7;37.0;41.0;13
25776;0.2949;19.7;37.0;41.0;13
25777;0.2936;19.7;37.0;40.9;13
25778;0.2942;19.7;37.0;40.9;13
25779;0.295;19.7;37.0;40.8;13
25780;0.2946;19.6;37.0;40.8;13
25781;0.2929;19.6;37.0;40.8;13
25782;0.2918;19.6;37.0;40.8;13
25783;0.2923;19.6;37.0;40.8;13
25784;0.2917;19.6;37.0;40.6;13
25785;0.2919;19.7;36.9;40.6;13
25786;0.2926;19.7;36.9;40.5;13
25787;0.2912;19.6;36.8;40.6;13
25788;0.292;19.5;36.9;40.5;13
25789;0.2893;19.6;36.9;40.6;13
25790;0.2895;19.6;36.9;40.6;13
25791;0.29;19.5;36.8;40.5;13
25792;0.2873;19.5;36.7;40.5;13
25793;0.2893;19.4;36.7;40.5;13
25794;0.2889;19.4;36.8;40.4;13
25795;0.2874;19.4;36.8;40.4;13
25796;0.2882;19.4;36.8;40.3;13
25797;0.2881;19.4;36.8;40.3;13
25798;0.2885;19.4;36.7;40.1;13
25799;0.2875;19.4;36.8;40.1;13
25800;0.2866;19.4;36.7;40.1;13
25801;0.2862;19.4;36.7;40.2;13
25802;0.2843;19.4;36.7;40.0;13
25803;0.2851;19.4;36.7;40.2;13
25804;0.2855;19.4;36.6;39.9;13
25805;0.2858;19.4;36.6;39.9;13
25806;0.287;19.5;36.6;39.9;13
25807;0.2849;19.5;36.6;39.9;13
25808;0.2848;19.5;36.6;39.9;13
25809;0.2858;19.5;36.6;39.8;13
25810;0.2847;19.4;36.6;39.9;13
25811;0.2854;19.4;36.7;39.8;13
25812;0.2845;19.4;36.7;39.7;13
25813;0.2833;19.5;36.6;39.8;13
25814;0.2824;19.5;36.6;39.7;13
25815;0.281;19.5;36.6;39.7;13
25816;0.2819;19.5;36.6;39.7;13
25817;0.2812;19.5;36.5;39.6;13
25818;0.28;19.6;36.5;39.6;13
25819;0.2802;19.6;36.5;39.6;13
25820;0.2789;19.6;36.5;39.6;13
25821;0.2791;19.6;36.5;39.5;13
25822;0.2779;19.6;36.5;39.5;13
25823;0.2787;19.6;36.5;39.5;13
25824;0.2768;19.6;36.4;39.4;13
25825;0.2763;19.6;36.4;39.4;13
25826;0.2769;19.5;36.3;39.4;13
25827;0.2768;19.6;36.4;39.3;13
25828;0.2766;19.6;36.4;39.3;13
25829;0.2772;19.7;36.4;39.2;13
25830;0.2762;19.6;36.4;39.2;13
25831;0.2756;19.6;36.4;39.2;13
25832;0.2759;19.6;36.3;39.1;13
25833;0.2768;19.5;36.2;39.1;13
25834;0.2761;19.5;36.2;39.1;13
25835;0.2751;19.6;36.3;39.1;13
25836;0.2747;19.6;36.2;39.0;13
25837;0.275;19.6;36.3;39.0;13
25838;0.2734;19.5;36.3;39.0;13
25839;0.2738;19.5;36.3;39.0;13
25840;0.2739;19.6;36.3;39.0;13
25841;0.2758;19.5;36.2;39.0;13
25842;0.2735;19.5;36.3;38.9;13
25843;0.2741;19.5;36.2;38.9;13
25844;0.2728;19.5;36.3;38.9;13
25845;0.2726;19.5;36.3;38.8;13
25846;0.2725;19.6;36.3;38.8;13
25847;0.273;19.6;36.3;38.9;13
25848;0.2728;19.5;36.3;38.8;13
25849;0.2716;19.5;36.3;38.8;13
25850;0.2728;19.6;36.1;38.8;13
25851;0.2731;19.5;36.1;38.7;13
25852;0.2733;19.5;36.1;38.7;13
25853;0.2731;19.5;36.1;38.7;13
25854;0.272;19.4;36.0;38.7;13
25855;0.272;19.4;36.0;38.6;13
25856;0.2708;19.4;36.0;38.6;13
25857;0.2698;19.4;36.0;38.6;13
25858;0.2703;19.4;36.0;38.6;13
25859;0.269;19.3;35.9;38.5;13
25860;0.2696;19.4;36.1;38.6;13
25861;0.269;19.4;36.0;38.5;13
25862;0.2676;19.3;35.9;38.5;13
25863;0.2689;19.4;35.9;38.5;13
25864;0.2681;19.3;35.9;38.5;13
25865;0.2679;19.3;35.9;38.5;13
25866;0.2668;19.3;35.9;38.4;13
25867;0.2693;19.3;35.9;38.5;13
25868;0.266;19.4;35.9;38.4;13
25869;0.2666;19.3;35.9;38.3;13
25870;0.2651;19.3;35.9;38.4;13
25871;0.2653;19.3;35.8;38.3;13
25872;0.2667;19.3;35.8;38.3;13
25873;0.2654;19.3;35.8;38.3;13
25874;0.2659;19.3;35.8;38.3;13
25875;0.2652;19.3;35.8;38.2;13
25876;0.2651;19.2;35.8;38.2;13
25877;0.2658;19.3;35.8;38.2;13
25878;0.265;19.4;35.8;38.2;13
25879;0.2646;19.5;35.8;38.2;13
25880;0.2656;19.4;35.8;38.1;13
25881;0.2657;19.4;35.8;38.2;13
25882;0.2648;19.5;35.8;38.2;13
25883;0.2652;19.5;35.8;38.1;13
25884;0.2665;19.4;35.8;38.1;13
25885;0.2664;19.4;35.8;38.2;13
25886;0.2655;19.4;35.7;38.1;13
25887;0.2641;19.4;35.8;38.1;13
25888;0.266;19.4;35.8;38.0;13
25889;0.266;19.4;35.8;38.0;13
25890;0.2634;19.4;35.8;38.1;13
25891;0.2628;19.4;35.8;38.0;13
25892;0.2626;19.4;35.8;38.0;13
25893;0.2618;19.4;35.8;38.0;13
25894;0.2632;19.4;35.8;37.9;13
25895;0.2617;19.4;35.8;37.9;13
25896;0.2625;19.4;35.7;37.9;13
25897;0.2621;19.4;35.8;37.9;13
25898;0.2626;19.4;35.8;37.9;13
25899;0.2618;19.4;35.8;37.8;13
25900;0.2631;19.4;35.7;37.9;13
25901;0.2642;19.5;35.7;37.8;13
25902;0.2618;19.5;35.6;37.8;13
25903;0.2619;19.6;35.6;37.8;13
25904;0.2612;19.6;35.6;37.7;13
25905;0.2629;19.6;35.7;37.7;13
25906;0.2618;19.5;35.6;37.7;13
25907;0.2615;19.6;35.6;37.6;13
25908;0.2606;19.5;35.6;37.7;13
25909;0.2601;19.6;35.6;37.7;13
25910;0.26;19.6;35.6;37.7;13
25911;0.261;19.5;35.5;37.6;13
25912;0.2599;19.6;35.5;37.6;13
25913;0.2604;19.6;35.6;37.6;13
25914;0.2611;19.6;35.6;37.6;13
25915;0.2605;19.6;35.6;37.6;13
