t;K;theta_a;theta_o;theta_h;ll
0;0.4343;26.7;43.2;51.1;0
1;0.4331;26.8;43.2;51.1;0
2;0.4327;26.8;43.2;51.2;0
3;0.4343;26.7;43.3;51.2;0
4;0.4335;26.8;43.3;51.2;0
5;0.433;26.8;43.4;51.2;0
6;0.4323;26.8;43.4;51.2;0
7;0.4349;26.9;43.4;51.2;0
8;0.4356;26.9;43.5;51.1;0
9;0.4322;27.0;43.6;51.1;0
10;0.4319;27.0;43.5;51.1;0
11;0.4339;27.1;43.6;51.2;0
12;0.4317;27.1;43.7;51.1;0
13;0.4353;27.1;43.6;51.1;0
14;0.4359;27.0;43.7;51.3;0
15;0.4358;27.1;43.8;51.2;0
16;0.4346;27.0;43.7;51.3;0
17;0.4343;27.0;43.8;51.2;0
18;0.4346;27.1;43.8;51.3;0
19;0.4364;27.1;43.9;51.4;0
20;0.4338;27.1;43.9;51.4;0
21;0.4299;27.0;43.9;51.4;0
22;0.4321;27.0;43.9;51.4;0
23;0.4323;26.9;43.9;51.3;0
24;0.4337;26.8;44.0;51.3;0
25;0.4325;26.8;44.1;51.4;0
26;0.4329;26.9;44.0;51.3;0
27;0.4327;26.8;44.0;51.4;0
28;0.4339;26.8;44.0;51.5;0
29;0.432;26.8;44.2;51.4;0
30;0.4325;26.7;44.2;51.4;0
31;0.4357;26.8;44.2;51.5;0
32;0.4341;26.8;44.3;51.5;0
33;0.433;26.9;44.3;51.6;0
34;0.4317;26.9;44.3;51.5;0
35;0.4322;26.9;44.4;51.9;0
36;0.4328;26.9;44.5;51.5;0
37;0.4325;26.8;44.4;51.5;0
38;0.431;26.9;44.5;51.6;0
39;0.4352;26.9;44.5;51.6;0
40;0.4347;27.0;44.5;51.8;0
41;0.4341;26.9;44.6;51.6;0
42;0.4371;26.9;44.7;51.9;0
43;0.4356;27.0;44.6;51.9;0
44;0.437;26.9;44.6;51.7;0
45;0.4358;26.8;44.6;52.1;0
46;0.4331;26.8;44.6;51.9;0
47;0.4342;26.8;44.7;51.9;0
48;0.4361;26.8;44.8;52.0;0
49;0.4368;26.9;44.8;52.2;0
50;0.4345;26.8;44.8;52.1;0
51;0.4338;26.8;44.9;52.1;0
52;0.4336;26.7;44.9;52.1;0
53;0.4346;26.7;44.9;52.2;0
54;0.4352;26.8;44.9;52.1;0
55;0.4338;26.5;44.9;52.1;0
56;0.4366;26.5;44.9;52.1;0
57;0.4348;26.6;44.9;52.2;0
58;0.4357;26.7;44.9;52.1;0
59;0.4356;26.7;45.0;52.2;0
60;0.4339;26.7;45.0;52.1;0
61;0.4325;26.8;45.0;52.2;0
62;0.4339;26.8;45.0;52.2;0
63;0.434;26.9;45.0;52.1;0
64;0.4332;26.9;45.0;52.2;0
65;0.4352;26.8;45.0;52.3;0
66;0.4349;26.8;45.0;52.3;0
67;0.4366;26.9;45.0;52.2;0
68;0.4344;26.9;45.0;52.3;0
69;0.4368;26.8;45.0;52.3;0
70;0.435;26.8;45.0;52.4;0
71;0.4334;26.9;45.0;52.3;0
72;0.4352;27.0;45.0;52.3;0
73;0.4343;27.0;45.0;52.4;0
74;0.4319;27.1;45.0;52.4;0
75;0.4334;27.0;45.0;52.4;0
76;0.4331;27.2;45.0;52.5;0
77;0.4352;27.2;45.0;52.4;0
78;0.4375;27.2;45.0;52.2;0
79;0.4349;27.2;45.0;52.6;0
80;0.4341;27.2;45.0;52.6;0
81;0.437;27.2;44.9;52.6;0
82;0.4341;27.2;44.9;52.5;0
83;0.4336;27.2;44.9;52.5;0
84;0.431;27.2;44.9;52.6;0
85;0.4363;27.2;45.0;52.6;0
86;0.4328;27.2;45.0;52.6;0
87;0.4349;27.3;45.0;52.6;0
88;0.4325;27.2;44.9;52.6;0
89;0.4331;27.2;44.9;52.6;0
90;0.4338;27.2;44.9;52.6;0
91;0.4343;27.2;44.9;52.7;0
92;0.4342;27.2;44.9;52.7;0
93;0.4359;27.3;44.9;52.7;0
94;0.4345;27.3;44.9;52.7;0
95;0.4346;27.3;44.9;52.7;0
96;0.4316;27.3;44.9;52.7;0
97;0.4307;27.3;44.9;52.7;0
98;0.4318;27.4;44.9;52.8;0
99;0.4333;27.4;44.9;52.8;0
100;0.4333;27.4;44.9;52.7;0
101;0.4316;27.4;44.9;52.7;0
102;0.4313;27.4;44.9;52.7;0
103;0.4303;27.4;44.9;52.7;0
104;0.4325;27.4;44.9;52.7;0
105;0.4294;27.3;44.9;52.8;0
106;0.4287;27.3;44.9;52.7;0
107;0.4283;27.3;44.9;52.8;0
108;0.4262;27.3;44.9;52.7;0
109;0.4225;27.3;44.9;52.7;0
110;0.4229;27.4;44.9;52.7;0
111;0.4236;27.4;44.9;52.6;0
112;0.4234;27.4;44.9;52.6;0
113;0.4236;27.4;44.9;52.6;0
114;0.4218;27.4;44.9;52.6;0
115;0.4221;27.5;44.9;52.7;0
116;0.4223;27.5;44.9;52.7;0
117;0.4226;27.5;44.9;52.7;0
118;0.421;27.6;44.9;52.7;0
119;0.4219;27.5;44.9;52.7;0
120;0.4231;27.5;44.9;52.7;0
121;0.4234;27.5;44.9;52.6;0
122;0.4247;27.5;44.9;52.7;0
123;0.4218;27.5;44.9;52.7;0
124;0.4246;27.5;45.0;52.7;0
125;0.4246;27.5;44.9;52.8;0
126;0.4233;27.5;44.9;52.7;0
127;0.4237;27.5;44.9;52.8;0
128;0.4222;27.5;44.9;52.8;0
129;0.4237;27.5;45.0;52.7;0
130;0.4223;27.5;44.9;52.7;0
131;0.4222;27.5;44.9;52.7;0
132;0.4218;27.4;44.9;52.8;0
133;0.4218;27.3;44.9;52.8;0
134;0.4215;27.3;44.9;52.7;0
135;0.4214;27.3;44.9;52.8;0
136;0.423;27.3;44.9;52.8;0
137;0.4233;27.2;44.9;52.8;0
138;0.4224;27.2;44.8;52.8;0
139;0.4208;27.1;44.8;52.8;0
140;0.4225;27.0;44.7;52.8;0
141;0.4202;27.1;44.8;52.8;0
142;0.4201;27.0;44.8;52.8;0
143;0.4199;27.1;44.8;52.8;0
144;0.4186;27.1;44.7;52.9;0
145;0.4196;27.1;44.8;52.8;0
146;0.4186;27.1;44.8;52.9;0
147;0.4208;27.0;44.9;52.8;0
148;0.4206;27.0;44.8;52.8;0
149;0.421;27.1;44.8;52.9;0
150;0.4207;27.2;44.8;52.8;0
151;0.4217;27.2;44.8;52.9;0
152;0.4217;27.2;44.9;53.0;0
153;0.4207;27.3;44.9;52.8;0
154;0.4208;27.3;44.9;53.0;0
155;0.4218;27.3;44.9;53.0;0
156;0.422;27.3;44.9;52.9;0
157;0.4225;27.3;44.9;53.0;0
158;0.4228;27.3;44.9;53.1;0
159;0.4231;27.3;44.9;53.1;0
160;0.421;27.3;44.9;53.0;0
161;0.4203;27.3;44.9;53.1;0
162;0.421;27.3;44.9;53.0;0
163;0.4228;27.2;44.9;53.0;0
164;0.4222;27.3;44.9;53.0;0
165;0.4232;27.3;44.9;53.1;0
166;0.4227;27.3;44.9;53.0;0
167;0.4229;27.3;44.9;53.0;0
168;0.4241;27.3;44.9;53.1;0
169;0.4237;27.3;44.9;53.1;0
170;0.4232;27.3;44.9;53.1;0
171;0.4229;27.3;44.9;53.1;0
172;0.4223;27.3;44.9;53.1;0
173;0.4231;27.3;44.9;53.1;0
174;0.4233;27.2;44.9;53.1;0
175;0.4245;27.2;44.9;53.1;0
176;0.4206;27.2;44.9;53.1;0
177;0.4235;27.2;44.9;53.1;0
178;0.4249;27.2;44.9;53.2;0
179;0.4219;27.2;44.9;53.1;0
180;0.4224;27.2;44.9;53.2;0
181;0.4218;27.2;44.9;53.2;0
182;0.4225;27.2;44.9;53.2;0
183;0.4236;27.2;44.9;53.1;0
184;0.4272;27.2;45.0;53.2;0
185;0.4263;27.2;44.9;53.2;0
186;0.4261;27.2;44.9;53.2;0
187;0.4277;27.2;45.0;53.2;0
188;0.4251;27.1;44.9;53.3;0
189;0.4262;27.1;44.9;53.3;0
190;0.423;27.0;45.0;53.3;0
191;0.4249;27.0;45.0;53.3;0
192;0.4227;27.0;45.0;53.4;0
193;0.4225;27.0;45.0;53.3;0
194;0.4234;26.8;45.0;53.3;0
195;0.4232;26.8;45.0;53.4;0
196;0.426;26.8;45.0;53.3;0
197;0.4244;26.9;45.0;53.4;0
198;0.4274;27.0;45.1;53.4;0
199;0.427;27.0;45.1;53.5;0
200;0.4262;26.9;45.1;53.5;0
201;0.427;27.0;45.1;53.5;0
202;0.4286;27.0;45.1;53.5;0
203;0.4278;27.0;45.2;53.6;0
204;0.4303;27.1;45.1;53.6;0
205;0.4285;27.1;45.1;53.6;0
206;0.4312;27.1;45.2;53.7;0
207;0.4277;27.0;45.1;53.7;0
208;0.4263;27.1;45.1;53.7;0
209;0.4296;27.0;45.1;53.7;0
210;0.4311;26.9;45.1;53.6;0
211;0.4296;27.0;45.2;53.7;0
212;0.4309;27.0;45.1;53.7;0
213;0.4317;26.9;45.1;53.7;0
214;0.4319;26.9;45.1;53.7;0
215;0.4326;26.9;45.1;53.7;0
216;0.4307;26.9;45.1;53.8;0
217;0.4328;27.0;45.2;53.8;0
218;0.4321;26.9;45.2;53.8;0
219;0.4335;26.9;45.1;53.8;0
220;0.4333;26.8;45.0;53.8;0
221;0.4349;26.8;45.0;53.9;0
222;0.4352;26.9;45.0;54.0;0
223;0.4336;26.7;45.0;54.0;0
224;0.4335;26.6;44.9;54.0;0
225;0.4347;26.5;44.9;54.0;0
226;0.4308;26.4;44.9;54.0;0
227;0.4347;26.3;44.9;54.0;0
228;0.4324;26.1;44.9;54.0;0
229;0.4342;25.9;44.8;54.0;0
230;0.436;25.8;44.8;54.0;0
231;0.4368;25.6;44.8;54.0;0
232;0.4346;25.5;44.8;54.0;0
233;0.4377;25.5;44.8;54.0;0
234;0.4368;25.4;44.8;54.0;0
235;0.4358;25.3;44.7;54.0;0
236;0.4369;25.2;44.7;54.2;0
237;0.4366;25.2;44.7;54.2;0
238;0.4346;25.0;44.7;54.0;0
239;0.4378;24.9;44.6;54.0;0
240;0.4359;24.8;44.5;54.1;0
241;0.4377;24.7;44.5;54.2;0
242;0.4352;24.5;44.6;54.2;0
243;0.4369;24.4;44.4;54.1;0
244;0.4371;24.3;44.4;54.1;0
245;0.4366;24.2;44.4;54.1;0
246;0.4367;24.1;44.4;54.2;0
247;0.4377;24.0;44.4;54.1;0
248;0.4408;24.0;44.4;54.2;0
249;0.4402;24.0;44.4;54.1;0
250;0.4423;24.0;44.4;54.3;0
251;0.442;24.0;44.4;54.2;0
252;0.4422;24.0;44.4;54.1;0
253;0.4429;23.9;44.3;54.1;0
254;0.4407;23.9;44.3;54.2;0
255;0.4429;23.8;44.3;54.3;0
256;0.4433;23.9;44.3;54.2;0
257;0.4421;23.8;44.3;54.2;0
258;0.442;23.8;44.2;54.2;0
259;0.4427;23.8;44.2;54.2;0
260;0.4434;23.8;44.2;54.3;0
261;0.4427;23.7;44.2;54.3;0
262;0.4413;23.7;44.2;54.3;0
263;0.4429;23.7;44.2;54.1;0
264;0.4436;23.6;44.2;54.1;0
265;0.4423;23.6;44.2;54.1;0
266;0.4436;23.5;44.1;54.1;0
267;0.4421;23.5;44.0;54.1;0
268;0.4416;23.4;44.0;54.2;0
269;0.441;23.4;44.1;54.1;0
270;0.4422;23.4;44.1;54.1;0
271;0.4433;23.3;44.1;54.1;0
272;0.4441;23.3;44.0;54.1;0
273;0.4432;23.3;44.0;54.1;0
274;0.4401;23.2;43.9;54.1;0
275;0.442;23.2;44.0;54.3;0
276;0.4426;23.2;43.9;54.0;0
277;0.4417;23.1;43.9;54.1;0
278;0.4431;23.0;43.9;54.0;0
279;0.4411;23.0;43.8;53.9;0
280;0.4408;23.1;43.8;53.9;0
281;0.4417;22.9;43.8;53.9;0
282;0.4377;22.9;43.8;53.9;0
283;0.4362;22.8;43.8;53.8;0
284;0.441;22.7;43.8;53.8;0
285;0.4372;22.8;43.7;53.8;0
286;0.4392;22.8;43.7;53.7;0
287;0.4362;22.8;43.6;53.8;0
288;0.4365;22.8;43.6;53.7;0
289;0.4389;22.8;43.6;53.7;0
290;0.4393;22.8;43.7;53.6;0
291;0.4376;22.8;43.6;53.7;0
292;0.4348;22.8;43.6;53.6;0
293;0.4378;22.8;43.5;53.6;0
294;0.4367;22.8;43.5;53.7;0
295;0.4349;22.8;43.6;53.6;0
296;0.432;22.7;43.6;53.6;0
297;0.4323;22.7;43.6;53.5;0
298;0.4329;22.7;43.5;53.5;0
299;0.4342;22.7;43.4;53.5;0
300;0.4346;22.6;43.4;53.5;0
301;0.4375;22.5;43.4;53.4;0
302;0.4356;22.5;43.4;53.5;0
303;0.4341;22.5;43.4;53.5;0
304;0.4359;22.5;43.4;53.5;0
305;0.4357;22.5;43.4;53.4;0
306;0.4362;22.5;43.3;53.4;0
307;0.4339;22.5;43.3;53.4;0
308;0.4342;22.5;43.3;53.4;0
309;0.433;22.4;43.3;53.3;0
310;0.4315;22.4;43.3;53.3;0
311;0.4333;22.3;43.2;53.2;0
312;0.434;22.2;43.2;53.2;0
313;0.4332;22.2;43.2;53.2;0
314;0.4339;22.0;43.1;53.2;0
315;0.4332;22.1;43.1;53.2;0
316;0.435;22.1;43.0;53.2;0
317;0.4314;22.1;43.1;53.2;0
318;0.4305;22.1;43.1;53.2;0
319;0.4327;22.1;43.1;53.1;0
320;0.43;22.0;43.1;53.2;0
321;0.4304;21.9;43.0;53.1;0
322;0.4312;21.9;43.0;53.0;0
323;0.43;21.8;43.0;53.1;0
324;0.4293;21.8;42.9;53.0;0
325;0.4302;21.7;42.9;53.0;0
326;0.4321;21.7;42.8;53.0;0
327;0.4322;21.6;42.8;53.0;0
328;0.4288;21.6;42.8;53.0;0
329;0.4296;21.6;42.8;53.0;0
330;0.4302;21.4;42.7;52.9;0
331;0.4285;21.5;42.7;52.8;0
332;0.4297;21.3;42.6;52.8;0
333;0.4293;21.3;42.6;52.8;0
334;0.4302;21.3;42.5;52.8;0
335;0.4301;21.3;42.6;52.8;0
336;0.4323;21.4;42.6;52.8;0
337;0.4325;21.3;42.5;52.8;0
338;0.4295;21.2;42.5;52.8;0
339;0.4313;21.2;42.5;52.7;0
340;0.4298;21.2;42.5;52.7;0
341;0.4311;21.2;42.4;52.7;0
342;0.4318;21.2;42.4;52.7;0
343;0.4342;21.2;42.3;52.7;0
344;0.4321;21.1;42.3;52.7;0
345;0.4303;21.1;42.3;52.7;0
346;0.4305;21.1;42.3;52.7;0
347;0.4291;21.1;42.3;52.7;0
348;0.4284;21.1;42.2;52.6;0
349;0.4273;21.1;42.2;52.6;0
350;0.4295;21.1;42.2;52.6;0
351;0.4275;21.0;42.2;52.6;0
352;0.4272;21.0;42.1;52.6;0
353;0.4254;20.9;42.1;52.5;0
354;0.4273;20.9;42.0;52.5;0
355;0.426;20.9;42.0;52.4;0
356;0.426;21.0;42.1;52.4;0
357;0.4305;20.9;42.1;52.4;0
358;0.4294;20.8;42.1;52.4;0
359;0.4293;20.8;42.1;52.4;0
360;0.4291;20.8;42.1;52.4;0
361;0.4302;20.9;42.1;52.4;0
362;0.429;20.9;42.0;52.4;0
363;0.4268;20.7;42.0;52.3;0
364;0.4243;20.7;42.0;52.3;0
365;0.4247;20.7;41.9;52.3;0
366;0.4234;20.7;41.8;52.2;0
367;0.425;20.6;41.9;52.2;0
368;0.4255;20.6;41.7;52.0;0
369;0.4223;20.7;41.7;52.1;0
370;0.4216;20.6;41.7;51.9;0
371;0.4211;20.6;41.7;51.9;0
372;0.4231;20.6;41.6;52.0;0
373;0.4216;20.6;41.6;51.9;0
374;0.421;20.6;41.4;51.7;0
375;0.4198;20.6;41.5;51.6;0
376;0.4222;20.6;41.3;51.6;0
377;0.4184;20.6;41.3;51.5;0
378;0.4194;20.7;41.2;51.5;0
379;0.4157;20.5;41.1;51.4;0
380;0.4151;20.5;41.1;51.3;0
381;0.4147;20.5;41.0;51.2;0
382;0.4159;20.4;40.9;51.2;0
383;0.4136;20.3;40.7;51.1;0
384;0.414;20.2;40.5;51.0;0
385;0.4134;20.0;40.4;50.9;0
386;0.4135;19.9;40.1;50.8;0
387;0.4135;19.9;40.1;50.8;0
388;0.4162;19.8;39.9;50.6;0
389;0.4169;19.8;39.8;50.7;0
390;0.4151;19.7;39.6;50.6;0
391;0.4168;19.7;39.5;50.6;0
392;0.4174;19.7;39.4;50.4;0
393;0.4138;19.7;39.3;50.4;0
394;0.4126;19.6;39.2;50.3;0
395;0.4117;19.6;39.2;50.2;0
396;0.4144;19.4;39.1;50.0;0
397;0.4131;19.3;39.0;49.9;0
398;0.4156;19.2;39.0;49.8;0
399;0.4144;19.2;38.8;49.7;0
400;0.4156;19.1;38.8;49.7;0
401;0.4147;18.9;38.6;49.7;0
402;0.4126;19.0;38.7;49.6;0
403;0.4104;18.8;38.7;49.5;0
404;0.4117;18.8;38.6;49.3;0
405;0.4089;18.9;38.6;49.4;0
406;0.4097;18.7;38.6;49.3;0
407;0.41;18.7;38.5;49.2;0
408;0.4102;18.7;38.4;49.2;0
409;0.4107;18.6;38.5;49.2;0
410;0.4075;18.6;38.5;49.1;0
411;0.4086;18.6;38.5;49.1;0
412;0.4095;18.6;38.4;49.1;0
413;0.4056;18.5;38.4;49.1;0
414;0.4079;18.5;38.3;49.0;0
415;0.409;18.6;38.4;49.0;0
416;0.4102;18.6;38.4;49.0;0
417;0.407;18.7;38.3;49.0;0
418;0.4066;18.7;38.3;49.0;0
419;0.4061;18.7;38.3;49.0;0
420;0.4083;18.6;38.2;48.9;0
421;0.4063;18.6;38.2;48.7;0
422;0.4066;18.6;38.2;48.8;0
423;0.4044;18.6;38.2;48.8;0
424;0.4049;18.6;38.2;48.7;0
425;0.4056;18.6;38.1;48.6;0
426;0.4041;18.6;38.1;48.6;0
427;0.405;18.6;38.0;48.5;0
428;0.4034;18.6;37.9;48.5;0
429;0.4032;18.6;37.9;48.4;0
430;0.4015;18.6;37.9;48.4;0
431;0.401;18.6;37.9;48.1;0
432;0.4;18.6;38.0;48.1;0
433;0.4004;18.5;37.8;48.0;0
434;0.4001;18.5;37.8;48.0;0
435;0.3996;18.5;37.8;47.9;0
436;0.3975;18.5;37.8;47.9;0
437;0.3987;18.5;37.8;47.8;0
438;0.3998;18.5;37.8;47.8;0
439;0.3976;18.5;37.7;47.7;0
440;0.3972;18.5;37.7;47.7;0
441;0.3982;18.5;37.7;47.6;0
442;0.3971;18.5;37.7;47.6;0
443;0.3963;18.6;37.7;47.5;0
444;0.397;18.6;37.6;47.6;0
445;0.3955;18.6;37.6;47.4;0
446;0.3972;18.5;37.6;47.4;0
447;0.3986;18.5;37.6;47.5;0
448;0.4001;18.5;37.5;47.4;0
449;0.3985;18.5;37.4;47.4;0
450;0.3989;18.5;37.4;47.3;0
451;0.3992;18.5;37.5;47.3;0
452;0.3992;18.6;37.4;47.3;0
453;0.3986;18.6;37.4;47.3;0
454;0.3976;18.6;37.4;47.2;0
455;0.397;18.6;37.3;47.2;0
456;0.394;18.6;37.3;47.2;0
457;0.3944;18.6;37.3;47.1;0
458;0.3937;18.5;37.4;47.0;0
459;0.3953;18.5;37.3;46.9;0
460;0.3937;18.5;37.3;46.9;0
461;0.3931;18.5;37.4;46.9;0
462;0.3912;18.5;37.3;46.9;0
463;0.3922;18.4;37.3;46.8;0
464;0.3881;18.4;37.2;46.7;0
465;0.3864;18.3;37.2;46.7;0
466;0.3863;18.3;37.2;46.7;0
467;0.385;18.4;37.2;46.6;0
468;0.3841;18.3;37.2;46.5;0
469;0.3827;18.4;37.2;46.5;0
470;0.3814;18.3;37.2;46.4;0
471;0.3803;18.3;37.2;46.3;0
472;0.3803;18.3;37.2;46.3;0
473;0.3801;18.3;37.2;46.2;0
474;0.3796;18.3;37.2;46.1;0
475;0.3772;18.3;37.2;46.1;0
476;0.3759;18.4;37.2;46.0;0
477;0.3744;18.3;37.2;45.9;0
478;0.3752;18.3;37.3;45.8;0
479;0.3737;18.3;37.2;45.8;0
480;0.378;18.2;37.2;45.7;0
481;0.374;18.2;37.2;45.8;0
482;0.3769;18.2;37.2;45.6;0
483;0.3788;18.3;37.2;45.6;0
484;0.3762;18.2;37.2;45.7;0
485;0.3775;18.2;37.2;45.7;0
486;0.3768;18.2;37.2;45.6;0
487;0.3799;18.2;37.2;45.7;0
488;0.3771;18.2;37.2;45.5;0
489;0.3755;18.2;37.2;45.5;0
490;0.374;18.2;37.2;45.4;0
491;0.3738;18.2;37.2;45.4;0
492;0.3747;18.2;37.2;45.3;0
493;0.3703;18.2;37.1;45.2;0
494;0.3716;18.2;37.2;45.2;0
495;0.3663;18.2;37.2;45.2;0
496;0.3666;18.2;37.1;45.1;0
497;0.3655;18.2;37.2;45.0;0
498;0.3633;18.2;37.1;44.8;0
499;0.3627;18.2;37.2;44.8;0
500;0.3635;18.2;37.2;44.8;0
501;0.363;18.2;37.2;44.7;0
502;0.3631;18.2;37.2;44.7;0
503;0.3631;18.2;37.2;44.7;0
504;0.3619;18.2;37.2;44.7;0
505;0.3624;18.2;37.2;44.7;0
506;0.3634;18.2;37.2;44.6;0
507;0.362;18.2;37.1;44.6;0
508;0.3613;18.2;37.2;44.5;0
509;0.3612;18.2;37.2;44.5;0
510;0.3602;18.2;37.2;44.4;0
511;0.3587;18.2;37.2;44.5;0
512;0.3601;18.2;37.2;44.4;0
513;0.3613;18.2;37.2;44.4;0
514;0.3606;18.2;37.2;44.3;0
515;0.3608;18.2;37.3;44.3;0
516;0.3594;18.3;37.2;44.3;0
517;0.3591;18.3;37.2;44.2;0
518;0.358;18.2;37.2;44.2;0
519;0.3589;18.2;37.2;44.1;0
520;0.3558;18.2;37.2;44.1;0
521;0.3583;18.2;37.2;44.0;0
522;0.3571;18.2;37.2;44.0;0
523;0.3564;18.2;37.2;44.0;0
524;0.3558;18.2;37.2;43.9;0
525;0.3562;18.2;37.1;43.9;0
526;0.3563;18.2;37.1;43.9;0
527;0.3544;18.2;37.1;43.8;0
528;0.3546;18.2;37.1;43.8;0
529;0.3527;18.2;37.1;43.7;0
530;0.3543;18.2;37.1;43.7;0
531;0.3544;18.3;37.1;43.7;0
532;0.3572;18.2;37.1;43.6;0
533;0.3574;18.2;37.1;43.6;0
534;0.3552;18.1;37.1;43.6;0
535;0.3548;18.1;36.9;43.5;0
536;0.3544;18.1;37.0;43.5;0
537;0.3566;18.0;37.0;43.5;0
538;0.3542;17.9;36.8;43.4;0
539;0.3557;18.0;36.8;43.4;0
540;0.3535;18.0;36.9;43.4;0
541;0.3541;18.0;36.9;43.4;0
542;0.3518;17.9;36.8;43.3;0
543;0.3535;17.9;36.7;43.3;0
544;0.3529;17.8;36.7;43.3;0
545;0.3529;17.8;36.7;43.2;0
546;0.3489;17.8;36.7;43.2;0
547;0.3491;17.8;36.6;43.2;0
548;0.3477;17.7;36.5;43.2;0
549;0.3513;17.7;36.6;43.1;0
550;0.3494;17.7;36.6;43.1;0
551;0.3475;17.7;36.4;43.1;0
552;0.3479;17.7;36.5;43.0;0
553;0.3466;17.6;36.5;43.0;0
554;0.3466;17.6;36.3;42.9;0
555;0.3476;17.6;36.4;42.9;0
556;0.3443;17.5;36.3;42.8;0
557;0.3444;17.5;36.2;42.5;0
558;0.3425;17.5;36.2;42.5;0
559;0.3414;17.5;36.2;42.4;0
560;0.3419;17.5;36.1;42.4;0
561;0.3424;17.5;36.1;42.3;0
562;0.3405;17.5;36.0;42.3;0
563;0.341;17.5;36.0;42.2;0
564;0.3386;17.5;36.1;42.2;0
565;0.3396;17.4;35.9;42.2;0
566;0.3408;17.4;35.9;42.1;0
567;0.3392;17.3;35.9;42.1;0
568;0.3391;17.4;35.8;42.1;0
569;0.3374;17.3;35.7;42.0;0
570;0.3378;17.3;35.8;42.0;0
571;0.3371;17.3;35.7;42.0;0
572;0.3361;17.3;35.6;41.9;0
573;0.3346;17.3;35.6;41.8;0
574;0.3338;17.3;35.6;41.8;0
575;0.3342;17.3;35.5;41.8;0
576;0.335;17.3;35.5;41.8;0
577;0.3341;17.3;35.5;41.7;0
578;0.3332;17.3;35.5;41.6;0
579;0.3333;17.2;35.4;41.7;0
580;0.3331;17.2;35.4;41.6;0
581;0.331;17.2;35.4;41.6;0
582;0.3325;17.2;35.3;41.5;0
583;0.3294;17.2;35.3;41.5;0
584;0.3292;17.2;35.3;41.5;0
585;0.3302;17.2;35.3;41.4;0
586;0.3286;17.2;35.1;41.4;0
587;0.3269;17.1;34.9;41.2;0
588;0.3266;17.1;34.9;41.1;0
589;0.3264;17.1;34.9;41.1;0
590;0.3262;17.1;34.8;41.0;0
591;0.3239;17.1;34.7;41.0;0
592;0.324;17.1;34.8;40.9;0
593;0.3234;17.1;34.8;40.9;0
594;0.325;17.1;34.6;40.8;0
595;0.3241;17.1;34.7;40.8;0
596;0.3232;17.0;34.7;40.7;0
597;0.3223;17.1;34.6;40.7;0
598;0.3228;17.1;34.5;40.7;0
599;0.3178;17.0;34.4;40.4;0
600;0.3183;17.1;34.4;40.4;0
601;0.3177;17.1;34.3;40.3;0
602;0.3177;17.0;34.3;40.3;0
603;0.3163;17.1;34.3;40.0;0
604;0.3168;17.1;34.4;40.2;0
605;0.317;17.1;34.3;40.2;0
606;0.3163;17.0;34.2;39.9;0
607;0.3156;17.0;34.2;39.9;0
608;0.3146;17.0;34.2;40.0;0
609;0.3152;16.9;34.1;39.8;0
610;0.3157;16.9;34.0;39.8;0
611;0.3177;16.9;34.1;39.7;0
612;0.3159;16.9;34.1;39.7;0
613;0.3163;16.9;34.0;39.7;0
614;0.3165;16.9;33.9;39.7;0
615;0.3172;16.9;33.9;39.6;0
616;0.3152;16.9;33.9;39.7;0
617;0.3148;16.8;33.8;39.5;0
618;0.3138;16.8;33.7;39.5;0
619;0.314;16.8;33.7;39.4;0
620;0.3149;16.8;33.7;39.4;0
621;0.3135;16.8;33.7;39.4;0
622;0.3144;16.8;33.7;39.4;0
623;0.3135;16.8;33.7;39.4;0
624;0.3146;16.8;33.6;39.3;0
625;0.3124;16.8;33.7;39.3;0
626;0.3125;16.8;33.6;39.3;0
627;0.3122;16.8;33.6;39.3;0
628;0.3109;16.8;33.6;39.2;0
629;0.3113;16.7;33.5;39.2;0
630;0.3115;16.8;33.5;39.2;0
631;0.3118;16.8;33.5;39.1;0
632;0.3117;16.8;33.4;39.1;0
633;0.3112;16.8;33.5;39.1;0
634;0.3122;16.8;33.4;39.1;0
635;0.3133;16.8;33.4;39.0;0
636;0.3106;16.8;33.5;39.0;0
637;0.3108;16.8;33.5;39.0;0
638;0.3096;16.8;33.3;38.9;0
639;0.3105;16.8;33.4;39.0;0
640;0.3093;16.8;33.3;38.9;0
641;0.3088;16.8;33.3;38.9;0
642;0.3094;16.8;33.3;38.9;0
643;0.3082;16.8;33.3;38.9;0
644;0.309;16.8;33.3;38.8;0
645;0.3093;16.8;33.3;38.8;0
646;0.3074;16.7;33.3;38.8;0
647;0.3097;16.8;33.3;38.8;0
648;0.3065;16.8;33.3;38.7;0
649;0.3095;16.7;33.4;38.7;0
650;0.3089;16.8;33.3;38.7;0
651;0.3085;16.8;33.3;38.7;0
652;0.3084;16.8;33.4;38.7;0
653;0.309;16.8;33.3;38.7;0
654;0.3078;16.8;33.4;38.7;0
655;0.3073;16.8;33.3;38.6;0
656;0.3051;16.8;33.3;38.6;0
657;0.3041;16.9;33.3;38.6;0
658;0.305;16.9;33.2;38.6;0
659;0.3066;16.9;33.2;38.6;0
660;0.3043;16.8;33.2;38.5;0
661;0.3028;16.8;33.2;38.5;0
662;0.3041;16.8;33.2;38.5;0
663;0.3044;16.8;33.3;38.5;0
664;0.303;16.8;33.3;38.4;0
665;0.304;16.7;33.3;38.4;0
666;0.3031;16.7;33.2;38.4;0
667;0.3049;16.8;33.3;38.4;0
668;0.3044;16.8;33.2;38.4;0
669;0.303;16.8;33.3;38.4;0
670;0.3053;16.8;33.3;38.3;0
671;0.3042;16.8;33.3;38.4;0
672;0.3033;16.8;33.3;38.3;0
673;0.3021;16.8;33.4;38.3;0
674;0.3007;16.8;33.3;38.3;0
675;0.3025;16.7;33.3;38.2;0
676;0.3021;16.8;33.3;38.2;0
677;0.3018;16.8;33.2;38.2;0
678;0.3025;16.8;33.3;38.2;0
679;0.3015;16.8;33.3;38.2;0
680;0.3002;16.8;33.3;38.1;0
681;0.3021;16.8;33.3;38.1;0
682;0.2998;16.7;33.3;38.1;0
683;0.3007;16.8;33.3;38.1;0
684;0.3003;16.8;33.3;38.1;0
685;0.3005;16.8;33.3;38.1;0
686;0.3012;16.8;33.3;38.1;0
687;0.3009;16.8;33.3;38.1;0
688;0.3017;16.8;33.3;38.1;0
689;0.3019;16.9;33.3;38.0;0
690;0.3011;16.8;33.4;38.1;0
691;0.3025;16.8;33.3;38.0;0
692;0.3001;16.8;33.3;38.1;0
693;0.3007;16.8;33.3;38.0;0
694;0.301;16.8;33.3;38.0;0
695;0.3014;16.8;33.3;38.0;0
696;0.3019;16.7;33.3;38.0;0
697;0.3022;16.7;33.3;38.0;0
698;0.3016;16.7;33.3;38.0;0
699;0.302;16.7;33.3;38.0;0
700;0.3009;16.7;33.3;38.0;0
701;0.3013;16.7;33.3;37.9;0
702;0.3001;16.7;33.3;37.9;0
703;0.2994;16.7;33.3;37.9;0
704;0.2971;16.7;33.3;37.9;0
705;0.2967;16.7;33.3;37.9;0
706;0.2961;16.7;33.4;37.8;0
707;0.297;16.7;33.4;37.8;0
708;0.2969;16.7;33.3;37.8;0
709;0.2991;16.7;33.2;37.8;0
710;0.2993;16.7;33.2;37.7;0
711;0.298;16.7;33.2;37.7;0
712;0.2983;16.7;33.1;37.7;0
713;0.299;16.7;33.2;37.7;0
714;0.299;16.7;33.2;37.7;0
715;0.2994;16.7;33.2;37.7;0
716;0.2983;16.7;33.2;37.7;0
717;0.2978;16.7;33.2;37.7;0
718;0.2987;16.7;33.2;37.7;0
719;0.2971;16.7;33.2;37.7;0
720;0.2963;16.7;33.2;37.6;0
721;0.2955;16.7;33.2;37.6;0
722;0.2939;16.8;33.3;37.6;0
723;0.296;16.8;33.2;37.6;0
724;0.2934;16.8;33.2;37.6;0
725;0.2937;16.7;33.2;37.6;0
726;0.2945;16.8;33.2;37.5;0
727;0.2948;16.8;33.2;37.5;0
728;0.297;16.7;33.2;37.5;0
729;0.2948;16.7;33.2;37.5;0
730;0.296;16.7;33.2;37.5;0
731;0.2949;16.7;33.2;37.5;0
732;0.2969;16.6;33.2;37.5;0
733;0.2938;16.6;33.2;37.5;0
734;0.2945;16.6;33.2;37.5;0
735;0.2943;16.6;33.2;37.5;0
736;0.2947;16.6;33.2;37.5;0
737;0.2954;16.6;33.2;37.5;0
738;0.294;16.6;33.2;37.5;0
739;0.294;16.5;33.2;37.5;0
740;0.2945;16.6;33.2;37.5;0
741;0.2951;16.6;33.1;37.4;0
742;0.2942;16.6;33.1;37.4;0
743;0.2937;16.6;33.1;37.4;0
744;0.2943;16.6;33.1;37.4;0
745;0.2936;16.7;33.1;37.4;0
746;0.2939;16.7;33.1;37.4;0
747;0.2928;16.7;33.1;37.4;0
748;0.2923;16.7;33.1;37.3;0
749;0.2928;16.6;33.0;37.4;0
750;0.2929;16.6;33.1;37.4;0
751;0.2925;16.6;33.1;37.3;0
752;0.2909;16.6;33.1;37.3;0
753;0.2911;16.6;33.1;37.3;0
754;0.2899;16.5;33.1;37.3;0
755;0.2931;16.6;33.1;37.3;0
756;0.292;16.6;33.1;37.2;0
757;0.2937;16.6;33.1;37.3;0
758;0.2931;16.6;33.1;37.3;0
759;0.2926;16.6;33.1;37.2;0
760;0.2923;16.5;33.1;37.3;0
761;0.2919;16.6;33.1;37.2;0
762;0.2885;16.6;33.1;37.2;0
763;0.2901;16.6;33.1;37.2;0
764;0.2876;16.5;33.1;37.1;0
765;0.2911;16.5;33.1;37.2;0
766;0.2886;16.6;33.1;37.2;0
767;0.2894;16.6;33.1;37.1;0
768;0.2884;16.6;33.1;37.1;0
769;0.2891;16.6;33.1;37.1;0
770;0.2889;16.6;33.1;37.1;0
771;0.2898;16.6;33.1;37.1;0
772;0.2894;16.6;33.1;37.1;0
773;0.2884;16.5;33.1;37.1;0
774;0.2911;16.5;33.1;37.0;0
775;0.289;16.5;33.1;37.1;0
776;0.2896;16.5;33.1;37.0;0
777;0.29;16.5;33.1;37.1;0
778;0.2909;16.5;33.1;37.0;0
779;0.2903;16.5;33.1;37.0;0
780;0.2895;16.5;33.1;37.0;0
781;0.2905;16.5;33.1;37.0;0
782;0.2934;16.4;33.1;37.0;0
783;0.2908;16.4;33.1;37.0;0
784;0.2919;16.4;33.1;37.0;0
785;0.2909;16.5;33.1;37.0;0
786;0.2905;16.5;33.1;37.1;0
787;0.2896;16.5;33.1;37.0;0
788;0.2883;16.4;33.1;37.0;0
789;0.2877;16.4;33.1;37.0;0
790;0.2876;16.4;33.1;36.9;0
791;0.2877;16.4;33.1;37.0;0
792;0.2872;16.5;33.1;36.9;0
793;0.286;16.5;33.0;36.9;0
794;0.2845;16.4;32.9;36.9;0
795;0.2857;16.5;32.9;36.9;0
796;0.2849;16.5;32.9;36.9;0
797;0.2844;16.5;32.9;36.8;0
798;0.2848;16.5;32.9;36.8;0
799;0.2851;16.5;32.9;36.8;0
800;0.2844;16.5;32.9;36.8;0
801;0.2859;16.4;32.9;36.8;0
802;0.2879;16.5;33.0;36.7;0
803;0.2882;16.4;32.9;36.7;0
804;0.288;16.5;33.0;36.7;0
805;0.287;16.5;33.0;36.7;0
806;0.2865;16.5;33.0;36.7;0
807;0.2871;16.6;33.0;36.7;0
808;0.2859;16.6;33.0;36.6;0
809;0.286;16.6;32.9;36.6;0
810;0.2871;16.6;33.0;36.7;0
811;0.2869;16.6;32.9;36.5;0
812;0.2857;16.6;33.0;36.7;0
813;0.2842;16.5;32.8;36.6;0
814;0.285;16.5;32.8;36.6;0
815;0.2853;16.5;32.8;36.6;0
816;0.2834;16.6;32.7;36.5;0
817;0.2858;16.7;32.6;36.6;0
818;0.2846;16.7;32.5;36.5;0
819;0.2856;16.7;32.6;36.5;0
820;0.285;16.7;32.5;36.6;0
821;0.2856;16.6;32.5;36.6;0
822;0.2857;16.5;32.5;36.4;0
823;0.2882;16.6;32.5;36.5;0
824;0.2887;16.5;32.4;36.4;0
825;0.2897;16.4;32.4;36.5;0
826;0.2893;16.4;32.3;36.4;0
827;0.2892;16.4;32.4;36.5;0
828;0.2872;16.5;32.3;36.3;0
829;0.2868;16.4;32.2;36.4;0
830;0.2876;16.5;32.2;36.3;0
831;0.2874;16.5;32.1;36.3;0
832;0.2884;16.5;32.1;36.3;0
833;0.2877;16.5;32.1;36.3;0
834;0.2877;16.5;32.1;36.2;0
835;0.2864;16.5;32.1;36.2;0
836;0.2854;16.5;32.0;36.2;0
837;0.2862;16.5;32.0;36.2;0
838;0.2856;16.5;32.0;36.1;0
839;0.2862;16.5;32.0;36.1;0
840;0.2863;16.5;32.0;36.2;0
841;0.2871;16.5;32.0;36.1;0
842;0.286;16.4;32.0;36.1;0
843;0.2861;16.3;31.9;36.1;0
844;0.2854;16.3;31.9;36.1;0
845;0.2859;16.3;31.9;36.1;0
846;0.2861;16.4;31.9;36.1;0
847;0.2873;16.3;31.9;36.1;0
848;0.2861;16.4;31.9;36.0;0
849;0.2872;16.4;31.9;36.0;0
850;0.2862;16.4;31.9;36.0;0
851;0.2855;16.3;31.9;36.0;0
852;0.2864;16.3;31.9;36.0;0
853;0.2863;16.3;31.9;36.0;0
854;0.2881;16.3;31.9;36.0;0
855;0.2874;16.2;31.9;36.0;0
856;0.2885;16.2;31.9;36.0;0
857;0.2873;16.1;31.8;36.0;0
858;0.2875;16.2;31.8;36.0;0
859;0.2871;16.1;31.8;36.0;0
860;0.2877;16.1;31.8;36.0;0
861;0.2876;16.0;31.7;36.0;0
862;0.2873;16.0;31.7;36.0;0
863;0.2864;16.0;31.7;36.0;0
864;0.2872;16.0;31.7;36.0;0
865;0.2868;16.0;31.8;35.9;0
866;0.2864;16.0;31.8;36.0;0
867;0.2863;16.0;31.7;35.9;0
868;0.2863;16.0;31.7;35.9;0
869;0.2871;15.9;31.7;35.9;0
870;0.2855;15.9;31.7;35.9;0
871;0.2877;15.9;31.6;35.9;0
872;0.288;15.8;31.6;35.9;0
873;0.2881;15.9;31.6;35.9;0
874;0.2855;15.8;31.6;35.8;0
875;0.286;15.9;31.6;35.9;0
876;0.2923;16.0;31.7;35.8;0
877;0.2924;16.0;31.6;35.8;0
878;0.289;16.0;31.6;35.9;0
879;0.2884;16.0;31.7;35.9;0
880;0.2895;16.0;31.6;35.8;0
881;0.2891;16.0;31.6;35.9;0
882;0.2907;16.0;31.6;35.9;0
883;0.2887;16.0;31.7;35.8;0
884;0.2893;16.0;31.6;35.8;0
885;0.2881;16.0;31.6;35.9;0
886;0.2892;16.0;31.6;35.8;0
887;0.2899;16.1;31.6;35.9;0
888;0.2899;16.1;31.6;35.8;0
889;0.2885;16.1;31.6;35.9;0
890;0.2876;16.1;31.6;35.9;0
891;0.2851;16.1;31.6;35.8;0
892;0.2858;16.1;31.6;35.8;0
893;0.2865;16.1;31.6;35.8;0
894;0.2856;16.1;31.5;35.8;0
895;0.2843;16.1;31.6;35.8;0
896;0.2873;16.1;31.6;35.8;0
897;0.2856;16.1;31.5;35.8;0
898;0.2866;16.1;31.5;35.7;0
899;0.2859;16.1;31.5;35.7;0
900;0.2841;16.1;31.5;35.7;0
901;0.2854;16.1;31.5;35.7;0
902;0.2833;16.1;31.5;35.6;0
903;0.2851;16.1;31.6;35.6;0
904;0.2841;16.1;31.5;35.6;0
905;0.2862;16.1;31.5;35.6;0
906;0.2874;16.1;31.5;35.6;0
907;0.2878;16.1;31.5;35.6;0
908;0.288;16.1;31.5;35.6;0
909;0.2874;16.1;31.5;35.6;0
910;0.2855;16.1;31.5;35.6;0
911;0.2847;16.1;31.5;35.6;0
912;0.2827;16.0;31.5;35.6;0
913;0.2843;16.1;31.5;35.6;0
914;0.2848;16.0;31.5;35.5;0
915;0.2848;16.1;31.5;35.5;0
916;0.2836;16.1;31.5;35.5;0
917;0.2837;16.0;31.5;35.5;0
918;0.2822;16.1;31.5;35.5;0
919;0.2815;16.1;31.5;35.4;0
920;0.2816;16.1;31.5;35.5;0
921;0.2815;16.1;31.5;35.4;0
922;0.2825;16.0;31.5;35.4;0
923;0.2831;16.0;31.5;35.4;0
924;0.2819;16.1;31.5;35.4;0
925;0.283;16.1;31.5;35.4;0
926;0.2835;16.1;31.5;35.4;0
927;0.2844;16.1;31.5;35.3;0
928;0.2821;16.1;31.5;35.4;0
929;0.2831;16.1;31.5;35.4;0
930;0.286;16.1;31.5;35.4;0
931;0.2847;16.1;31.5;35.4;0
932;0.2862;16.1;31.5;35.4;0
933;0.2846;16.0;31.5;35.4;0
934;0.2851;16.0;31.6;35.4;0
935;0.2843;16.0;31.6;35.4;0
936;0.2869;16.0;31.6;35.4;0
937;0.288;16.0;31.6;35.4;0
938;0.289;16.0;31.6;35.4;0
939;0.288;16.1;31.6;35.4;0
940;0.29;16.0;31.7;35.4;0
941;0.2894;16.1;31.6;35.4;0
942;0.2907;16.0;31.7;35.4;0
943;0.2883;16.0;31.7;35.4;0
944;0.2895;16.0;31.7;35.4;0
945;0.2891;16.0;31.7;35.4;0
946;0.2918;16.0;31.8;35.4;0
947;0.291;16.0;31.7;35.5;0
948;0.2939;16.0;31.8;35.5;0
949;0.2933;16.0;31.7;35.6;0
950;0.2928;16.0;31.7;35.5;0
951;0.2915;16.0;31.8;35.6;0
952;0.2919;16.0;31.7;35.6;0
953;0.2908;16.0;31.7;35.6;0
954;0.2896;16.0;31.7;35.5;0
955;0.2896;16.0;31.7;35.6;0
956;0.2881;16.0;31.7;35.5;0
957;0.2911;16.0;31.7;35.6;0
958;0.2894;16.0;31.7;35.5;0
959;0.2914;16.0;31.7;35.5;0
960;0.2923;16.0;31.7;35.6;0
961;0.2927;16.0;31.7;35.6;0
962;0.2932;16.0;31.7;35.6;0
963;0.2939;16.0;31.7;35.6;0
964;0.2934;16.0;31.7;35.6;0
965;0.2949;16.0;31.7;35.6;0
966;0.2959;16.0;31.7;35.6;0
967;0.2965;16.0;31.7;35.6;0
968;0.2953;16.0;31.7;35.6;0
969;0.296;16.0;31.7;35.6;0
970;0.2952;16.0;31.7;35.6;0
971;0.2944;16.0;31.7;35.6;0
972;0.2958;16.0;31.8;35.6;0
973;0.2949;16.0;31.8;35.6;0
974;0.2951;16.0;31.7;35.6;0
975;0.2929;16.0;31.7;35.6;0
976;0.2935;16.0;31.7;35.6;0
977;0.293;16.0;31.7;35.5;0
978;0.2943;16.0;31.8;35.6;0
979;0.2934;16.0;31.7;35.6;0
980;0.2946;16.0;31.7;35.6;0
981;0.292;15.9;31.7;35.6;0
982;0.2936;16.0;31.7;35.6;0
983;0.2948;15.9;31.7;35.6;0
984;0.295;16.0;31.7;35.6;0
985;0.296;16.1;31.8;35.6;0
986;0.298;16.1;31.7;35.6;0
987;0.2966;16.1;31.8;35.6;0
988;0.2977;16.1;31.8;35.6;0
989;0.2991;16.1;31.8;35.7;0
990;0.2983;16.1;31.8;35.7;0
991;0.2991;16.1;31.8;35.7;0
992;0.2985;16.1;31.9;35.6;0
993;0.3001;16.1;31.9;35.7;0
994;0.2996;16.1;31.9;35.7;0
995;0.3012;16.1;31.9;35.7;0
996;0.3047;16.1;31.9;35.7;0
997;0.3046;16.1;31.9;35.8;0
998;0.3054;16.2;31.9;35.8;0
999;0.3045;16.2;31.9;35.8;0
1000;0.3066;16.3;31.9;35.9;0
1001;0.3108;16.2;31.9;35.8;0
1002;0.3109;16.2;31.9;35.9;0
1003;0.3133;16.2;31.9;36.0;0
1004;0.3119;16.2;31.9;36.0;0
1005;0.3149;16.2;31.9;36.0;0
1006;0.3137;16.3;31.9;36.1;0
1007;0.3128;16.3;32.0;36.1;0
1008;0.314;16.3;32.0;36.1;0
1009;0.3163;16.3;32.0;36.2;0
1010;0.3148;16.4;32.0;36.2;0
1011;0.3156;16.3;32.0;36.3;0
1012;0.3166;16.3;32.0;36.3;0
1013;0.3183;16.3;32.0;36.3;0
1014;0.3155;16.3;32.0;36.3;0
1015;0.3167;16.4;32.0;36.4;0
1016;0.3184;16.4;32.1;36.5;0
1017;0.3185;16.5;32.1;36.4;0
1018;0.3213;16.5;32.1;36.5;0
1019;0.3206;16.5;32.1;36.6;0
1020;0.3236;16.5;32.1;36.6;0
1021;0.3232;16.5;32.1;36.6;0
1022;0.3228;16.5;32.1;36.7;0
1023;0.3243;16.5;32.1;36.7;0
1024;0.3247;16.4;32.2;36.7;0
1025;0.3263;16.4;32.2;36.8;0
1026;0.3271;16.4;32.2;36.8;0
1027;0.326;16.5;32.2;36.8;0
1028;0.3279;16.5;32.2;36.9;0
1029;0.3304;16.6;32.2;36.9;0
1030;0.3285;16.6;32.3;36.9;0
1031;0.3305;16.5;32.4;37.0;0
1032;0.3293;16.5;32.4;37.0;0
1033;0.3318;16.5;32.4;37.1;0
1034;0.3309;16.6;32.3;37.1;0
1035;0.33;16.6;32.3;37.1;0
1036;0.3326;16.7;32.4;37.2;0
1037;0.332;16.7;32.4;37.2;0
1038;0.3339;16.7;32.5;37.2;0
1039;0.3335;16.7;32.5;37.2;0
1040;0.3354;16.8;32.5;37.3;0
1041;0.3353;16.8;32.5;37.3;0
1042;0.3373;16.9;32.5;37.4;0
1043;0.3384;16.9;32.5;37.4;0
1044;0.3371;17.0;32.6;37.4;0
1045;0.3386;17.0;32.5;37.5;0
1046;0.3359;16.9;32.6;37.5;0
1047;0.3386;16.9;32.6;37.5;0
1048;0.3402;17.0;32.6;37.6;0
1049;0.3374;17.0;32.6;37.6;0
1050;0.338;17.0;32.6;37.7;0
1051;0.3408;17.0;32.6;37.8;0
1052;0.3423;17.0;32.6;37.8;0
1053;0.3415;17.0;32.7;37.8;0
1054;0.3425;17.0;32.7;37.8;0
1055;0.3436;17.0;32.7;37.9;0
1056;0.3459;17.0;32.7;37.9;0
1057;0.3471;17.0;32.7;38.0;0
1058;0.3514;17.0;32.7;38.0;0
1059;0.3497;17.0;32.8;38.1;0
1060;0.3497;17.0;32.7;38.1;0
1061;0.3491;17.0;32.7;38.2;0
1062;0.3512;17.1;32.7;38.2;0
1063;0.3513;17.0;32.8;38.2;0
1064;0.3497;17.1;32.7;38.2;0
1065;0.354;17.1;32.7;38.3;0
1066;0.3521;17.0;32.7;38.3;0
1067;0.3522;17.1;32.7;38.3;0
1068;0.3526;17.0;32.7;38.3;0
1069;0.353;17.0;32.8;38.4;0
1070;0.3562;17.1;32.9;38.4;0
1071;0.3555;17.0;32.9;38.5;0
1072;0.3591;17.0;32.9;38.5;0
1073;0.3604;17.0;32.8;38.6;0
1074;0.3593;17.0;32.8;38.6;0
1075;0.3601;17.0;32.9;38.6;0
1076;0.3595;17.1;33.0;38.7;0
1077;0.3584;17.1;33.0;38.8;0
1078;0.359;17.1;32.9;38.8;0
1079;0.3603;17.1;33.0;38.8;0
1080;0.3609;17.1;33.0;38.9;0
1081;0.3602;17.2;33.0;38.9;0
1082;0.3631;17.2;33.1;39.0;0
1083;0.363;17.2;33.1;39.0;0
1084;0.3594;17.3;33.1;39.0;0
1085;0.3638;17.4;33.1;39.1;0
1086;0.3658;17.3;33.1;39.1;0
1087;0.3627;17.3;33.1;39.1;0
1088;0.3647;17.3;33.2;39.1;0
1089;0.365;17.3;33.2;39.2;0
1090;0.3647;17.4;33.2;39.3;0
1091;0.3672;17.4;33.3;39.3;0
1092;0.3675;17.4;33.2;39.4;0
1093;0.3681;17.4;33.2;39.4;0
1094;0.3678;17.4;33.3;39.4;0
1095;0.369;17.5;33.3;39.4;0
1096;0.3688;17.5;33.3;39.5;0
1097;0.3697;17.5;33.3;39.6;0
1098;0.3685;17.5;33.3;39.6;0
1099;0.3713;17.5;33.4;39.6;0
1100;0.3728;17.6;33.4;39.7;0
1101;0.372;17.7;33.4;39.7;0
1102;0.3711;17.7;33.4;39.7;0
1103;0.3701;17.7;33.5;39.8;0
1104;0.3713;17.7;33.5;39.8;0
1105;0.3702;17.6;33.5;39.8;0
1106;0.3706;17.6;33.6;39.8;0
1107;0.3715;17.6;33.6;39.8;0
1108;0.3748;17.7;33.6;39.8;0
1109;0.3738;17.7;33.6;39.9;0
1110;0.3745;17.8;33.6;40.1;0
1111;0.3744;17.8;33.7;40.2;0
1112;0.376;17.8;33.7;40.1;0
1113;0.3749;17.9;33.7;40.2;0
1114;0.3763;17.9;33.7;40.3;0
1115;0.3803;17.9;33.7;40.3;0
1116;0.3783;17.9;33.7;40.3;0
1117;0.3779;17.9;33.8;40.3;0
1118;0.382;17.9;33.8;40.4;0
1119;0.3823;17.9;33.8;40.5;0
1120;0.3812;17.9;33.8;40.5;0
1121;0.3827;17.9;33.8;40.5;0
1122;0.381;17.9;33.8;40.6;0
1123;0.3823;17.9;33.8;40.7;0
1124;0.3817;17.9;33.8;40.7;0
1125;0.3834;17.9;33.8;40.7;0
1126;0.3837;17.9;33.9;40.8;0
1127;0.3834;17.9;33.9;40.7;0
1128;0.3823;17.9;33.9;40.8;0
1129;0.3849;17.9;33.9;40.8;0
1130;0.3814;18.0;33.9;40.9;0
1131;0.3823;17.9;33.9;40.9;0
1132;0.3834;17.9;34.0;40.9;0
1133;0.3859;17.9;34.0;41.0;0
1134;0.3852;18.0;34.0;41.0;0
1135;0.3868;17.9;34.1;41.1;0
1136;0.3858;17.9;34.1;41.0;0
1137;0.3891;17.9;34.1;41.2;0
1138;0.388;18.0;34.1;41.2;0
1139;0.3905;17.9;34.0;41.3;0
1140;0.3934;17.8;34.1;41.3;0
1141;0.3905;17.8;34.1;41.4;0
1142;0.3892;17.8;34.0;41.4;0
1143;0.3914;17.8;34.1;41.5;0
1144;0.3908;17.9;34.2;41.5;0
1145;0.3921;17.9;34.2;41.5;0
1146;0.3915;17.9;34.2;41.6;0
1147;0.3911;18.0;34.2;41.6;0
1148;0.391;18.1;34.2;41.6;0
1149;0.3921;18.1;34.3;41.6;0
1150;0.3914;18.1;34.3;41.7;0
1151;0.39;18.0;34.3;41.7;0
1152;0.3922;18.1;34.3;41.7;0
1153;0.3935;18.1;34.3;41.7;0
1154;0.3942;18.2;34.3;41.7;0
1155;0.3935;18.2;34.3;41.7;0
1156;0.3947;18.2;34.3;41.8;0
1157;0.391;18.2;34.3;41.8;0
1158;0.3909;18.2;34.4;41.8;0
1159;0.3918;18.3;34.4;41.8;0
1160;0.3912;18.4;34.4;41.8;0
1161;0.3931;18.4;34.4;41.8;0
1162;0.3919;18.4;34.4;41.8;0
1163;0.3958;18.5;34.5;41.9;0
1164;0.3966;18.5;34.5;41.9;0
1165;0.395;18.6;34.5;41.9;0
1166;0.3949;18.6;34.5;41.9;0
1167;0.3944;18.7;34.5;41.8;0
1168;0.3936;18.8;34.7;41.9;0
1169;0.3943;18.8;34.7;41.9;0
1170;0.3944;18.8;34.6;42.0;0
1171;0.3954;18.9;34.8;41.9;0
1172;0.3948;18.9;34.8;42.1;0
1173;0.3959;19.0;34.8;42.0;0
1174;0.3928;19.0;34.7;42.1;0
1175;0.3942;19.0;34.8;42.1;0
1176;0.3956;19.0;34.9;42.1;0
1177;0.3955;19.1;34.9;42.1;0
1178;0.3958;19.2;35.0;42.3;0
1179;0.398;19.2;35.0;42.3;0
1180;0.3988;19.1;35.1;42.4;0
1181;0.3989;19.2;35.1;42.4;0
1182;0.4004;19.3;35.1;42.4;0
1183;0.403;19.3;35.1;42.5;0
1184;0.4053;19.3;35.2;42.7;0
1185;0.4035;19.3;35.2;42.7;0
1186;0.4023;19.3;35.2;42.6;0
1187;0.4003;19.3;35.1;42.8;0
1188;0.4;19.4;35.2;42.9;0
1189;0.3987;19.4;35.2;42.9;0
1190;0.4002;19.5;35.2;42.9;0
1191;0.3986;19.4;35.3;42.9;0
1192;0.399;19.5;35.3;42.9;0
1193;0.4006;19.5;35.2;43.0;0
1194;0.4019;19.5;35.3;43.0;0
1195;0.4005;19.5;35.4;43.1;0
1196;0.4015;19.6;35.4;43.1;0
1197;0.4018;19.6;35.4;43.1;0
1198;0.399;19.7;35.4;43.2;0
1199;0.4014;19.7;35.4;43.2;0
1200;0.403;19.6;35.5;43.2;0
1201;0.4029;19.6;35.5;43.2;0
1202;0.4035;19.7;35.5;43.3;0
1203;0.401;19.7;35.5;43.3;0
1204;0.401;19.7;35.5;43.3;0
1205;0.4032;19.6;35.6;43.4;0
1206;0.4038;19.7;35.6;43.4;0
1207;0.403;19.7;35.6;43.4;0
1208;0.4038;19.7;35.6;43.4;0
1209;0.4032;19.7;35.6;43.5;0
1210;0.4037;19.7;35.6;43.5;0
1211;0.4024;19.6;35.6;43.6;0
1212;0.4048;19.7;35.6;43.6;0
1213;0.405;19.7;35.7;43.6;0
1214;0.4039;19.7;35.7;43.6;0
1215;0.4047;19.7;35.7;43.7;0
1216;0.4036;19.7;35.7;43.7;0
1217;0.4044;19.7;35.8;43.7;0
1218;0.403;19.7;35.9;43.7;0
1219;0.4031;19.8;35.9;43.7;0
1220;0.4047;19.8;35.9;43.7;0
1221;0.4034;19.8;35.8;43.7;0
1222;0.4038;19.8;35.8;43.7;0
1223;0.406;19.8;35.9;43.8;0
1224;0.4042;19.8;35.9;43.8;0
1225;0.4052;19.8;36.0;43.8;0
1226;0.4074;19.9;36.0;43.8;0
1227;0.4058;19.9;36.0;43.8;0
1228;0.406;20.0;36.0;43.8;0
1229;0.4043;20.0;36.0;43.8;0
1230;0.4036;20.0;36.1;43.8;0
1231;0.4053;20.1;36.1;43.8;0
1232;0.4047;20.1;36.1;43.8;0
1233;0.4032;20.1;36.1;43.9;0
1234;0.4032;20.1;36.2;43.9;0
1235;0.4035;20.1;36.1;43.9;0
1236;0.4025;20.0;36.1;43.9;0
1237;0.4008;20.1;36.2;43.9;0
1238;0.4017;20.0;36.2;43.9;0
1239;0.4023;20.0;36.3;43.9;0
1240;0.4039;20.1;36.2;44.0;0
1241;0.4053;20.1;36.2;44.0;0
1242;0.4044;20.1;36.3;44.0;0
1243;0.4052;20.1;36.4;44.0;0
1244;0.4061;20.2;36.4;44.1;0
1245;0.4061;20.2;36.3;44.1;0
1246;0.403;20.2;36.3;44.1;0
1247;0.405;20.2;36.4;44.1;0
1248;0.4038;20.2;36.5;44.1;0
1249;0.4072;20.2;36.5;44.2;0
1250;0.4072;20.2;36.5;44.2;0
1251;0.4081;20.2;36.5;44.2;0
1252;0.4086;20.2;36.5;44.2;0
1253;0.4087;20.2;36.5;44.2;0
1254;0.406;20.3;36.4;44.3;0
1255;0.4046;20.3;36.5;44.3;0
1256;0.4061;20.3;36.5;44.4;0
1257;0.4074;20.3;36.6;44.4;0
1258;0.4039;20.3;36.6;44.4;0
1259;0.403;20.3;36.6;44.4;0
1260;0.4039;20.4;36.6;44.4;0
1261;0.4029;20.4;36.6;44.4;0
1262;0.4014;20.5;36.6;44.5;0
1263;0.4065;20.5;36.7;44.5;0
1264;0.4072;20.5;36.7;44.5;0
1265;0.4104;20.6;36.7;44.5;0
1266;0.4087;20.6;36.7;44.5;0
1267;0.4092;20.6;36.8;44.5;0
1268;0.409;20.7;36.8;44.6;0
1269;0.407;20.7;36.9;44.6;0
1270;0.4082;20.7;36.9;44.6;0
1271;0.4095;20.7;36.8;44.7;0
1272;0.4113;20.8;36.9;44.7;0
1273;0.4118;20.8;36.9;44.7;0
1274;0.4114;20.8;37.0;44.7;0
1275;0.4124;20.9;37.0;44.8;0
1276;0.4133;20.9;37.0;44.8;0
1277;0.4131;21.0;37.0;44.8;0
1278;0.4114;21.1;37.0;44.9;0
1279;0.4125;21.0;37.1;44.9;0
1280;0.4143;21.2;37.1;44.9;0
1281;0.4129;21.2;37.1;44.9;0
1282;0.4113;21.2;37.2;45.2;0
1283;0.4115;21.3;37.2;44.9;0
1284;0.4078;21.3;37.2;45.2;0
1285;0.4102;21.4;37.2;45.3;0
1286;0.4088;21.4;37.2;45.2;0
1287;0.4105;21.4;37.3;45.3;0
1288;0.408;21.4;37.3;45.3;0
1289;0.4078;21.4;37.4;45.4;0
1290;0.409;21.5;37.4;45.3;0
1291;0.4084;21.5;37.5;45.3;0
1292;0.4104;21.5;37.4;45.4;0
1293;0.4119;21.5;37.4;45.4;0
1294;0.4127;21.6;37.6;45.4;0
1295;0.4129;21.7;37.5;45.4;0
1296;0.4144;21.6;37.6;45.5;0
1297;0.4126;21.7;37.6;45.5;0
1298;0.4118;21.8;37.6;45.5;0
1299;0.4121;21.8;37.7;45.6;0
1300;0.414;21.8;37.7;45.6;0
1301;0.4119;21.8;37.7;45.6;0
1302;0.4098;21.8;37.7;45.6;0
1303;0.4083;21.8;37.7;45.7;0
1304;0.4106;21.8;37.8;45.6;0
1305;0.4103;21.8;37.8;45.7;0
1306;0.4111;21.7;37.8;45.7;0
1307;0.4123;21.8;37.8;45.7;0
1308;0.4133;21.8;37.9;45.7;0
1309;0.4115;21.9;38.0;45.7;0
1310;0.4104;21.9;37.9;45.6;0
1311;0.4123;22.0;38.1;45.7;0
1312;0.4125;22.0;38.0;45.8;0
1313;0.412;22.0;38.0;45.8;0
1314;0.4133;22.1;38.0;45.8;0
1315;0.4128;22.1;38.2;45.8;0
1316;0.4132;22.2;38.2;45.8;0
1317;0.4124;22.2;38.1;45.8;0
1318;0.4162;22.3;38.2;45.9;0
1319;0.4186;22.3;38.2;45.9;0
1320;0.4182;22.2;38.3;46.0;0
1321;0.42;22.3;38.3;46.0;0
1322;0.4177;22.4;38.4;46.1;0
1323;0.4173;22.4;38.4;46.2;0
1324;0.4161;22.5;38.4;46.2;0
1325;0.4157;22.5;38.4;46.2;0
1326;0.4174;22.5;38.5;46.3;0
1327;0.415;22.4;38.5;46.3;0
1328;0.4158;22.5;38.6;46.3;0
1329;0.4168;22.5;38.6;46.3;0
1330;0.4198;22.5;38.6;46.4;0
1331;0.4204;22.5;38.7;46.5;0
1332;0.4201;22.5;38.7;46.5;0
1333;0.4187;22.5;38.6;46.5;0
1334;0.4158;22.5;38.7;46.6;0
1335;0.4205;22.5;38.8;46.6;0
1336;0.4194;22.5;38.8;46.6;0
1337;0.4191;22.5;38.8;46.6;0
1338;0.4191;22.5;38.8;46.6;0
1339;0.4219;22.5;38.8;46.7;0
1340;0.4236;22.3;38.8;46.7;0
1341;0.4214;22.4;38.8;46.7;0
1342;0.4227;22.3;38.8;46.8;0
1343;0.4234;22.3;38.8;46.8;0
1344;0.4213;22.3;38.8;46.8;0
1345;0.4244;22.2;38.8;46.9;0
1346;0.4229;22.2;38.8;46.9;0
1347;0.4218;22.0;38.8;46.9;0
1348;0.4247;22.0;38.8;47.0;0
1349;0.4252;21.9;38.8;47.1;0
1350;0.4257;21.9;38.8;47.1;0
1351;0.4272;21.8;38.8;47.2;0
1352;0.4214;21.7;38.7;47.2;0
1353;0.424;21.7;38.7;47.2;0
1354;0.4264;21.6;38.7;47.3;0
1355;0.426;21.6;38.7;47.3;0
1356;0.4229;21.4;38.7;47.3;0
1357;0.4255;21.3;38.7;47.4;0
1358;0.4261;21.3;38.7;47.4;0
1359;0.4274;21.2;38.7;47.4;0
1360;0.4249;21.1;38.7;47.4;0
1361;0.4244;21.1;38.7;47.4;0
1362;0.4246;21.1;38.7;47.4;0
1363;0.4209;20.9;38.7;47.4;0
1364;0.4192;21.0;38.7;47.4;0
1365;0.4192;20.9;38.7;47.3;0
1366;0.4204;20.8;38.6;47.3;0
1367;0.4202;20.8;38.5;47.3;0
1368;0.4198;20.7;38.6;47.3;0
1369;0.4216;20.7;38.6;47.3;0
1370;0.4201;20.6;38.6;47.3;0
1371;0.421;20.6;38.6;47.3;0
1372;0.4217;20.5;38.5;47.4;0
1373;0.4236;20.4;38.5;47.4;0
1374;0.4216;20.4;38.4;47.4;0
1375;0.4228;20.3;38.5;47.4;0
1376;0.4212;20.3;38.5;47.4;0
1377;0.4214;20.2;38.5;47.4;0
1378;0.4214;20.2;38.4;47.4;0
1379;0.419;20.2;38.3;47.4;0
1380;0.4185;20.1;38.3;47.4;0
1381;0.4205;20.1;38.3;47.4;0
1382;0.4194;19.9;38.3;47.4;0
1383;0.4193;19.9;38.3;47.3;0
1384;0.4195;19.8;38.3;47.4;0
1385;0.4203;19.8;38.2;47.4;0
1386;0.417;19.7;38.2;47.3;0
1387;0.4182;19.7;38.2;47.4;0
1388;0.4182;19.7;38.2;47.3;0
1389;0.4163;19.7;38.2;47.3;0
1390;0.4176;19.5;38.2;47.3;0
1391;0.417;19.6;38.2;47.3;0
1392;0.4203;19.5;38.1;47.3;0
1393;0.4181;19.4;38.1;47.3;0
1394;0.4166;19.4;38.1;47.2;0
1395;0.4174;19.4;37.9;47.2;0
1396;0.4168;19.3;37.9;47.2;0
1397;0.4189;19.3;37.9;47.2;0
1398;0.4182;19.3;37.9;47.2;0
1399;0.4177;19.2;37.8;47.2;0
1400;0.4168;19.2;37.8;47.1;0
1401;0.4203;19.2;37.9;47.0;0
1402;0.418;19.2;37.8;47.0;0
1403;0.4184;19.2;37.7;46.9;0
1404;0.4166;19.2;37.7;46.9;0
1405;0.4153;19.0;37.7;46.9;0
1406;0.416;19.1;37.6;46.9;0
1407;0.4173;19.0;37.6;46.8;0
1408;0.4179;18.9;37.6;46.8;0
1409;0.4145;18.9;37.5;46.8;0
1410;0.4163;19.0;37.4;46.7;0
1411;0.4142;18.9;37.5;46.7;0
1412;0.4126;19.0;37.5;46.6;0
1413;0.4124;19.0;37.5;46.6;0
1414;0.4124;19.0;37.5;46.6;0
1415;0.414;19.0;37.4;46.5;0
1416;0.414;18.9;37.3;46.6;0
1417;0.4131;19.0;37.4;46.6;0
1418;0.4131;18.9;37.3;46.6;0
1419;0.4119;19.0;37.3;46.5;0
1420;0.4164;18.9;37.3;46.5;0
1421;0.412;19.0;37.3;46.5;0
1422;0.4143;19.0;37.2;46.5;0
1423;0.4126;18.9;37.2;46.5;0
1424;0.4125;18.9;37.2;46.4;0
1425;0.4119;18.9;37.2;46.4;0
1426;0.4123;19.0;37.3;46.4;0
1427;0.4115;19.0;37.2;46.5;0
1428;0.4121;19.0;37.3;46.4;0
1429;0.4129;19.0;37.2;46.3;0
1430;0.4108;19.0;37.1;46.3;0
1431;0.4114;19.0;37.1;46.3;0
1432;0.4083;18.9;37.1;46.3;0
1433;0.4119;18.9;37.1;46.2;0
1434;0.4109;18.9;37.0;46.2;0
1435;0.4093;18.9;37.0;46.2;0
1436;0.4083;18.9;37.0;46.2;0
1437;0.4102;19.0;36.9;46.1;0
1438;0.4107;19.0;36.9;46.1;0
1439;0.4096;18.9;36.9;46.1;0
1440;0.4109;18.8;36.9;46.1;0
1441;0.4112;18.8;36.9;46.1;0
1442;0.4114;18.7;36.8;46.1;0
1443;0.4117;18.7;36.7;46.1;0
1444;0.4116;18.6;36.7;46.2;0
1445;0.4114;18.6;36.8;46.2;0
1446;0.41;18.6;36.8;46.2;0
1447;0.4106;18.6;36.7;46.1;0
1448;0.4102;18.6;36.7;46.1;0
1449;0.4069;18.5;36.8;46.1;0
1450;0.4104;18.6;36.8;46.0;0
1451;0.4082;18.6;36.7;46.0;0
1452;0.409;18.6;36.8;46.0;0
1453;0.4096;18.6;36.8;46.0;0
1454;0.4082;18.6;36.8;46.0;0
1455;0.405;18.6;36.7;45.9;0
1456;0.407;18.6;36.7;45.9;0
1457;0.4087;18.7;36.7;45.9;0
1458;0.4059;18.7;36.8;45.9;0
1459;0.4064;18.8;36.9;45.8;0
1460;0.4073;18.8;36.9;45.8;0
1461;0.408;18.8;36.8;45.9;0
1462;0.4063;18.9;36.9;45.8;0
1463;0.4072;18.9;36.9;45.9;0
1464;0.4062;18.9;37.0;45.8;0
1465;0.4054;19.0;36.9;45.8;0
1466;0.4035;19.1;37.0;45.8;0
1467;0.4032;19.0;37.0;45.8;0
1468;0.403;19.1;37.1;45.8;0
1469;0.4027;19.1;37.1;45.8;0
1470;0.4034;19.2;37.1;45.7;0
1471;0.3999;19.3;37.1;45.7;0
1472;0.4026;19.4;37.1;45.7;0
1473;0.4045;19.4;37.1;45.7;0
1474;0.4036;19.5;37.3;45.6;0
1475;0.4057;19.5;37.2;45.6;0
1476;0.4044;19.7;37.3;45.6;0
1477;0.4041;19.7;37.4;45.7;0
1478;0.4034;19.6;37.4;45.6;0
1479;0.4034;19.8;37.3;45.6;0
1480;0.4048;19.8;37.3;45.5;0
1481;0.4034;19.8;37.3;45.5;0
1482;0.4045;19.9;37.4;45.6;0
1483;0.4043;19.9;37.4;45.6;0
1484;0.4035;19.9;37.4;45.5;0
1485;0.4024;19.9;37.4;45.5;0
1486;0.4036;20.0;37.4;45.5;0
1487;0.4029;20.0;37.5;45.5;0
1488;0.4014;20.1;37.5;45.5;0
1489;0.4009;20.1;37.5;45.5;0
1490;0.4004;20.1;37.6;45.5;0
1491;0.4003;20.1;37.6;45.5;0
1492;0.4022;20.1;37.6;45.5;0
1493;0.3994;20.2;37.6;45.5;0
1494;0.4002;20.1;37.6;45.5;0
1495;0.4033;20.1;37.5;45.5;0
1496;0.4036;20.2;37.6;45.5;0
1497;0.4006;20.1;37.5;45.5;0
1498;0.4016;20.1;37.5;45.5;0
1499;0.3989;20.1;37.4;45.5;0
1500;0.4008;20.0;37.4;45.4;0
1501;0.3997;19.9;37.4;45.4;0
1502;0.4002;19.9;37.4;45.4;0
1503;0.4013;19.9;37.4;45.4;0
1504;0.4028;19.8;37.3;45.4;0
1505;0.4025;19.7;37.3;45.5;0
1506;0.4019;19.7;37.2;45.4;0
1507;0.4014;19.6;37.2;45.4;0
1508;0.4059;19.4;37.2;45.5;0
1509;0.4043;19.4;37.1;45.5;0
1510;0.405;19.3;37.1;45.5;0
1511;0.4049;19.3;37.1;45.5;0
1512;0.4054;19.1;37.0;45.6;0
1513;0.4039;19.1;37.0;45.6;0
1514;0.4042;19.2;36.9;45.5;0
1515;0.4044;19.2;37.0;45.5;0
1516;0.404;19.2;37.0;45.6;0
1517;0.4063;19.1;37.0;45.6;0
1518;0.4007;19.1;37.0;45.6;0
1519;0.403;19.2;37.0;45.6;0
1520;0.4048;19.0;37.0;45.6;0
1521;0.3999;19.1;37.0;45.6;0
1522;0.4003;19.2;36.9;45.6;0
1523;0.402;19.1;36.8;45.6;0
1524;0.4;19.2;36.9;45.6;0
1525;0.4042;19.2;36.9;45.6;0
1526;0.4017;19.2;37.0;45.6;0
1527;0.4034;19.3;37.0;45.6;0
1528;0.403;19.3;37.1;45.6;0
1529;0.3999;19.3;37.1;45.6;0
1530;0.4012;19.3;37.2;45.6;0
1531;0.4008;19.4;37.2;45.6;0
1532;0.4021;19.4;37.3;45.6;0
1533;0.4027;19.4;37.4;45.5;0
1534;0.4009;19.4;37.4;45.5;0
1535;0.4042;19.4;37.4;45.5;0
1536;0.4047;19.4;37.3;45.6;0
1537;0.4039;19.4;37.3;45.6;0
1538;0.4046;19.4;37.3;45.6;0
1539;0.4021;19.4;37.2;45.6;0
1540;0.4038;19.5;37.2;45.5;0
1541;0.4028;19.4;37.2;45.5;0
1542;0.4011;19.5;37.2;45.6;0
1543;0.4017;19.4;37.2;45.6;0
1544;0.4;19.4;37.2;45.6;0
1545;0.4027;19.4;37.2;45.5;0
1546;0.4012;19.4;37.2;45.6;0
1547;0.4028;19.4;37.2;45.6;0
1548;0.4;19.4;37.2;45.6;0
1549;0.3972;19.4;37.2;45.5;0
1550;0.3975;19.3;37.2;45.5;0
1551;0.3967;19.4;37.2;45.5;0
1552;0.4004;19.4;37.2;45.5;0
1553;0.4011;19.4;37.2;45.5;0
1554;0.399;19.4;37.2;45.5;0
1555;0.3996;19.4;37.2;45.5;0
1556;0.4016;19.4;37.3;45.5;0
1557;0.4022;19.4;37.3;45.5;0
1558;0.398;19.4;37.3;45.5;0
1559;0.3984;19.3;37.3;45.5;0
1560;0.3972;19.2;37.3;45.5;0
1561;0.399;19.3;37.3;45.4;0
1562;0.4002;19.3;37.3;45.4;0
1563;0.3991;19.3;37.3;45.4;0
1564;0.4;19.3;37.3;45.4;0
1565;0.4013;19.3;37.3;45.4;0
1566;0.4006;19.3;37.3;45.4;0
1567;0.4011;19.3;37.3;45.4;0
1568;0.3985;19.3;37.3;45.4;0
1569;0.399;19.2;37.3;45.4;0
1570;0.399;19.2;37.4;45.4;0
1571;0.3999;19.3;37.4;45.4;0
1572;0.3995;19.2;37.4;45.4;0
1573;0.3999;19.3;37.5;45.4;0
1574;0.4004;19.3;37.5;45.4;0
1575;0.4013;19.3;37.5;45.4;0
1576;0.3988;19.3;37.5;45.3;0
1577;0.4002;19.2;37.4;45.4;0
1578;0.3983;19.2;37.4;45.4;0
1579;0.3982;19.3;37.5;45.4;0
1580;0.4013;19.4;37.5;45.3;0
1581;0.4028;19.4;37.7;45.4;0
1582;0.4039;19.4;37.8;45.4;0
1583;0.4017;19.4;37.9;45.4;0
1584;0.4026;19.4;37.9;45.4;0
1585;0.4035;19.5;38.1;45.5;0
1586;0.4055;19.6;38.1;45.5;0
1587;0.4046;19.6;38.0;45.6;0
1588;0.4058;19.6;38.1;45.6;0
1589;0.4029;19.7;38.2;45.6;0
1590;0.4056;19.7;38.2;45.6;0
1591;0.4039;19.8;38.3;45.6;0
1592;0.4049;19.9;38.3;45.6;0
1593;0.406;19.8;38.3;45.6;0
1594;0.4037;20.0;38.3;45.7;0
1595;0.4022;20.0;38.3;45.7;0
1596;0.4017;20.1;38.3;45.7;0
1597;0.4009;20.1;38.3;45.7;0
1598;0.4003;20.1;38.2;45.6;0
1599;0.3978;20.1;38.1;45.7;0
1600;0.4015;20.2;38.2;45.7;0
1601;0.4048;20.2;38.2;45.6;0
1602;0.402;20.3;38.2;45.7;0
1603;0.402;20.4;38.2;45.7;0
1604;0.402;20.3;38.2;45.7;0
1605;0.4007;20.4;38.2;45.7;0
1606;0.4037;20.3;38.2;45.7;0
1607;0.404;20.3;38.3;45.7;0
1608;0.4036;20.3;38.4;45.7;0
1609;0.4016;20.4;38.3;45.8;0
1610;0.4022;20.3;38.3;45.8;0
1611;0.4029;20.3;38.3;45.8;0
1612;0.4033;20.4;38.2;45.8;0
1613;0.4024;20.3;38.2;45.8;0
1614;0.401;20.4;38.2;45.8;0
1615;0.4013;20.4;38.2;45.8;0
1616;0.4006;20.3;38.2;45.8;0
1617;0.4009;20.3;38.4;45.8;0
1618;0.4021;20.3;38.3;45.8;0
1619;0.4023;20.4;38.3;45.8;0
1620;0.4003;20.4;38.3;45.9;0
1621;0.4015;20.3;38.4;45.9;0
1622;0.4013;20.4;38.4;45.9;0
1623;0.4034;20.4;38.3;45.9;0
1624;0.4042;20.5;38.4;45.9;0
1625;0.4045;20.5;38.4;46.0;0
1626;0.4018;20.5;38.4;46.0;0
1627;0.404;20.6;38.4;46.0;0
1628;0.4055;20.6;38.4;46.0;0
1629;0.402;20.6;38.4;46.0;0
1630;0.4052;20.6;38.3;46.0;0
1631;0.4048;20.5;38.3;46.0;0
1632;0.4048;20.5;38.3;46.0;0
1633;0.4083;20.7;38.2;46.0;0
1634;0.4049;20.6;38.2;46.0;0
1635;0.4013;20.6;38.2;46.0;0
1636;0.403;20.6;38.2;46.0;0
1637;0.4045;20.7;38.2;46.0;0
1638;0.4047;20.6;38.1;46.0;0
1639;0.4035;20.6;38.2;46.0;0
1640;0.4071;20.6;38.2;46.0;0
1641;0.4055;20.6;38.3;46.0;0
1642;0.4067;20.7;38.3;46.0;0
1643;0.4096;20.7;38.3;46.0;0
1644;0.4097;20.7;38.3;46.1;0
1645;0.4111;20.7;38.3;46.1;0
1646;0.4101;20.7;38.3;46.1;0
1647;0.4116;20.8;38.3;46.1;0
1648;0.4113;20.8;38.4;46.2;0
1649;0.4111;20.8;38.4;46.2;0
1650;0.4139;20.9;38.4;46.2;0
1651;0.4148;20.9;38.4;46.3;0
1652;0.4133;20.9;38.4;46.3;0
1653;0.4134;20.9;38.4;46.4;0
1654;0.413;20.9;38.4;46.4;0
1655;0.4149;20.9;38.4;46.4;0
1656;0.4146;21.0;38.4;46.4;0
1657;0.4137;21.0;38.4;46.5;0
1658;0.411;21.0;38.4;46.5;0
1659;0.4128;21.1;38.5;46.5;0
1660;0.4149;21.0;38.4;46.5;0
1661;0.4176;21.1;38.4;46.6;0
1662;0.4169;20.9;38.5;46.6;0
1663;0.4199;20.9;38.5;46.6;0
1664;0.418;20.9;38.5;46.7;0
1665;0.42;21.0;38.5;46.7;0
1666;0.4208;21.0;38.5;46.7;0
1667;0.4227;20.9;38.5;46.8;0
1668;0.423;20.9;38.5;46.8;0
1669;0.4234;20.8;38.4;46.9;0
1670;0.4215;20.8;38.4;46.9;0
1671;0.4218;20.8;38.4;47.0;0
1672;0.4198;20.8;38.4;47.0;0
1673;0.4209;20.8;38.4;47.0;0
1674;0.4226;20.8;38.4;47.0;0
1675;0.4241;20.8;38.4;47.0;0
1676;0.4252;20.7;38.4;47.1;0
1677;0.4257;20.7;38.4;47.2;0
1678;0.4249;20.7;38.4;47.2;0
1679;0.4239;20.7;38.4;47.2;0
1680;0.4253;20.6;38.4;47.2;0
1681;0.4265;20.6;38.4;47.2;0
1682;0.4259;20.6;38.4;47.2;0
1683;0.4271;20.6;38.4;47.2;0
1684;0.4273;20.6;38.4;47.3;0
1685;0.4274;20.6;38.4;47.3;0
1686;0.426;20.6;38.4;47.4;0
1687;0.426;20.5;38.4;47.3;0
1688;0.4292;20.5;38.4;47.4;0
1689;0.4291;20.5;38.4;47.4;0
1690;0.4273;20.5;38.4;47.4;0
1691;0.4282;20.4;38.4;47.4;0
1692;0.4284;20.3;38.4;47.5;0
1693;0.4277;20.3;38.4;47.4;0
1694;0.4265;20.4;38.5;47.5;0
1695;0.4284;20.4;38.4;47.5;0
1696;0.43;20.4;38.4;47.5;0
1697;0.4299;20.3;38.4;47.6;0
1698;0.4272;20.4;38.4;47.5;0
1699;0.427;20.4;38.4;47.5;0
1700;0.4292;20.4;38.4;47.5;0
1701;0.4285;20.4;38.4;47.5;0
1702;0.4281;20.4;38.5;47.6;0
1703;0.4292;20.4;38.4;47.6;0
1704;0.4282;20.4;38.5;47.6;0
1705;0.4257;20.4;38.4;47.6;0
1706;0.4287;20.4;38.5;47.6;0
1707;0.4289;20.4;38.4;47.6;0
1708;0.4299;20.4;38.4;47.6;0
1709;0.4294;20.4;38.4;47.6;0
1710;0.4259;20.4;38.4;47.6;0
1711;0.4255;20.4;38.4;47.6;0
1712;0.426;20.4;38.4;47.7;0
1713;0.4276;20.3;38.4;47.6;0
1714;0.4238;20.4;38.4;47.6;0
1715;0.4255;20.5;38.4;47.6;0
1716;0.4255;20.5;38.4;47.6;0
1717;0.4245;20.5;38.5;47.6;0
1718;0.4244;20.4;38.5;47.6;0
1719;0.4217;20.5;38.5;47.6;0
1720;0.4252;20.5;38.5;47.6;0
1721;0.426;20.4;38.5;47.6;0
1722;0.426;20.6;38.5;47.6;0
1723;0.4234;20.5;38.6;47.7;0
1724;0.4255;20.6;38.5;47.6;0
1725;0.4263;20.5;38.6;47.6;0
1726;0.4218;20.6;38.5;47.7;0
1727;0.4254;20.5;38.5;47.6;0
1728;0.4215;20.6;38.5;47.7;0
1729;0.4242;20.6;38.5;47.7;0
1730;0.4253;20.5;38.5;47.7;0
1731;0.4243;20.6;38.5;47.7;0
1732;0.4236;20.6;38.5;47.6;0
1733;0.4248;20.6;38.5;47.6;0
1734;0.4245;20.6;38.5;47.6;0
1735;0.425;20.6;38.5;47.6;0
1736;0.4249;20.6;38.6;47.6;0
1737;0.4226;20.6;38.5;47.6;0
1738;0.4231;20.6;38.5;47.6;0
1739;0.4224;20.5;38.5;47.6;0
1740;0.4208;20.6;38.5;47.6;0
1741;0.4175;20.6;38.6;47.6;0
1742;0.4166;20.6;38.5;47.5;0
1743;0.4187;20.6;38.6;47.5;0
1744;0.4172;20.7;38.6;47.4;0
1745;0.4172;20.7;38.6;47.4;0
1746;0.4139;20.7;38.6;47.4;0
1747;0.4133;20.7;38.6;47.4;0
1748;0.4126;20.7;38.6;47.4;0
1749;0.4123;20.7;38.6;47.3;0
1750;0.413;20.7;38.6;47.3;0
1751;0.4143;20.7;38.7;47.2;0
1752;0.416;20.8;38.7;47.2;0
1753;0.4156;20.8;38.6;47.2;0
1754;0.4143;20.7;38.5;47.2;0
1755;0.416;20.8;38.6;47.2;0
1756;0.4159;20.8;38.6;47.2;0
1757;0.4157;20.7;38.6;47.2;0
1758;0.4152;20.7;38.6;47.2;0
1759;0.4166;20.8;38.6;47.2;0
1760;0.4162;20.7;38.6;47.2;0
1761;0.4162;20.7;38.6;47.2;0
1762;0.415;20.7;38.6;47.2;0
1763;0.4143;20.7;38.6;47.2;0
1764;0.4152;20.7;38.6;47.2;0
1765;0.4147;20.7;38.6;47.2;0
1766;0.4131;20.7;38.5;47.2;0
1767;0.41;20.7;38.6;47.2;0
1768;0.4132;20.7;38.6;47.1;0
1769;0.4138;20.7;38.6;47.1;0
1770;0.4139;20.6;38.6;47.1;0
1771;0.4134;20.6;38.5;47.0;0
1772;0.4138;20.6;38.4;47.0;0
1773;0.4151;20.6;38.4;47.0;0
1774;0.4146;20.5;38.4;47.0;0
1775;0.4156;20.5;38.5;47.0;0
1776;0.4147;20.5;38.3;47.0;0
1777;0.4135;20.3;38.3;47.0;0
1778;0.4122;20.4;38.3;47.0;0
1779;0.408;20.3;38.2;46.9;0
1780;0.4093;20.2;38.2;46.9;0
1781;0.4099;20.2;38.2;46.9;0
1782;0.4118;20.2;38.2;46.8;0
1783;0.4134;20.1;38.2;46.8;0
1784;0.4132;20.1;38.2;46.9;0
1785;0.4103;20.1;38.3;46.9;0
1786;0.4114;20.1;38.2;46.9;0
1787;0.4134;20.1;38.2;46.9;0
1788;0.4138;20.0;38.1;46.9;0
1789;0.4126;20.0;38.1;46.9;0
1790;0.4123;20.0;38.1;46.8;0
1791;0.4101;20.0;38.2;46.8;0
1792;0.4128;19.9;38.2;46.8;0
1793;0.4116;19.9;38.2;46.8;0
1794;0.4121;19.9;38.2;46.8;0
1795;0.4113;19.9;38.1;46.8;0
1796;0.4123;19.9;38.0;46.8;0
1797;0.4122;19.9;38.1;46.8;0
1798;0.4116;19.8;38.0;46.8;0
1799;0.4125;19.8;38.1;46.7;0
1800;0.4124;19.8;38.0;46.7;0
1801;0.414;19.8;38.0;46.7;0
1802;0.4147;19.8;38.0;46.8;0
1803;0.4141;19.8;37.9;46.8;0
1804;0.4148;19.8;37.9;46.8;0
1805;0.4131;19.8;37.9;46.8;0
1806;0.4121;19.7;37.9;46.8;0
1807;0.4115;19.8;38.0;46.7;0
1808;0.4134;19.8;38.0;46.8;0
1809;0.4139;19.8;38.0;46.8;0
1810;0.4141;19.8;38.0;46.7;0
1811;0.4143;19.8;38.0;46.7;0
1812;0.4129;19.8;38.1;46.7;0
1813;0.4126;19.8;38.1;46.7;0
1814;0.4126;19.8;38.1;46.6;0
1815;0.4122;19.8;38.0;46.6;0
1816;0.4095;19.8;38.0;46.6;0
1817;0.4092;19.8;38.0;46.6;0
1818;0.4083;19.8;38.0;46.5;0
1819;0.4085;19.8;38.1;46.5;0
1820;0.4094;19.9;38.1;46.5;0
1821;0.4067;19.9;38.1;46.4;0
1822;0.4081;19.9;38.0;46.4;0
1823;0.4076;19.9;38.0;46.4;0
1824;0.4075;19.9;38.1;46.4;0
1825;0.4085;19.9;38.1;46.4;0
1826;0.4071;19.9;38.0;46.4;0
1827;0.4057;19.9;38.0;46.4;0
1828;0.4057;19.9;38.1;46.4;0
1829;0.4053;19.8;38.1;46.3;0
1830;0.406;19.9;38.1;46.3;0
1831;0.4061;19.9;38.1;46.3;0
1832;0.4029;19.9;38.1;46.3;0
1833;0.4042;19.9;38.1;46.3;0
1834;0.4053;19.9;38.2;46.3;0
1835;0.4069;19.9;38.1;46.2;0
1836;0.4033;19.9;38.1;46.2;0
1837;0.4042;19.9;38.1;46.2;0
1838;0.4061;19.8;38.1;46.2;0
1839;0.4082;19.7;38.1;46.3;0
1840;0.4057;19.7;38.0;46.2;0
1841;0.4047;19.7;38.0;46.2;0
1842;0.4044;19.8;38.0;46.2;0
1843;0.4051;19.8;38.1;46.2;0
1844;0.4036;19.8;38.1;46.2;0
1845;0.4047;19.8;38.1;46.2;0
1846;0.4072;19.8;38.0;46.2;0
1847;0.4064;19.8;38.0;46.2;0
1848;0.4071;19.7;38.0;46.2;0
1849;0.406;19.8;38.0;46.2;0
1850;0.4065;19.8;38.0;46.2;0
1851;0.4072;19.8;38.0;46.1;0
1852;0.4071;19.7;38.0;46.1;0
1853;0.4061;19.7;38.1;46.1;0
1854;0.4065;19.7;38.1;46.2;0
1855;0.4106;19.8;38.0;46.2;0
1856;0.4077;19.7;38.1;46.1;0
1857;0.4057;19.7;38.1;46.2;0
1858;0.4068;19.7;38.0;46.1;0
1859;0.4042;19.8;38.0;46.2;0
1860;0.4052;19.8;38.1;46.2;0
1861;0.4034;19.8;38.0;46.2;0
1862;0.4058;19.8;38.1;46.2;0
1863;0.4057;19.8;38.1;46.2;0
1864;0.4044;19.8;38.1;46.1;0
1865;0.4032;19.8;38.1;46.1;0
1866;0.403;19.8;38.1;46.1;0
1867;0.4019;19.8;38.0;46.1;0
1868;0.4024;19.8;38.0;46.1;0
1869;0.4015;19.7;38.0;46.1;0
1870;0.4006;19.7;38.1;46.1;0
1871;0.4009;19.7;38.1;46.1;0
1872;0.4;19.6;38.1;46.0;0
1873;0.4001;19.6;38.1;46.0;0
1874;0.402;19.6;38.1;46.0;0
1875;0.3995;19.6;38.1;46.0;0
1876;0.4014;19.6;38.1;46.0;0
1877;0.4003;19.6;38.1;46.0;0
1878;0.4018;19.6;38.0;46.0;0
1879;0.4033;19.5;38.0;46.0;0
1880;0.4043;19.5;37.9;46.1;0
1881;0.4009;19.6;37.9;46.1;0
1882;0.4004;19.5;37.9;46.1;0
1883;0.4001;19.4;37.9;46.1;0
1884;0.3985;19.3;37.9;46.1;0
1885;0.3991;19.4;37.9;46.1;0
1886;0.3992;19.4;37.9;46.0;0
1887;0.3973;19.4;37.9;46.0;0
1888;0.3957;19.4;37.9;46.0;0
1889;0.3993;19.4;37.9;46.0;0
1890;0.3992;19.4;37.9;46.0;0
1891;0.4004;19.4;37.9;46.0;0
1892;0.3998;19.4;37.9;46.0;0
1893;0.3989;19.4;37.9;46.0;0
1894;0.4005;19.4;38.0;46.0;0
1895;0.3999;19.4;37.9;45.9;0
1896;0.3977;19.4;37.9;45.9;0
1897;0.3952;19.4;37.8;45.9;0
1898;0.393;19.4;37.8;45.8;0
1899;0.395;19.4;37.8;45.8;0
1900;0.3951;19.4;37.8;45.8;0
1901;0.3928;19.4;37.8;45.8;0
1902;0.3938;19.4;37.8;45.8;0
1903;0.3912;19.4;37.8;45.8;0
1904;0.3923;19.4;37.8;45.7;0
1905;0.3908;19.4;37.8;45.7;0
1906;0.3906;19.4;37.8;45.7;0
1907;0.3887;19.3;37.8;45.7;0
1908;0.3878;19.3;37.8;45.6;0
1909;0.3872;19.2;37.8;45.6;0
1910;0.3878;19.3;37.8;45.5;0
1911;0.3866;19.3;37.8;45.5;0
1912;0.3867;19.3;37.8;45.4;0
1913;0.3841;19.3;37.8;45.4;0
1914;0.3848;19.3;37.8;45.4;0
1915;0.3849;19.3;37.9;45.2;0
1916;0.386;19.3;37.8;45.3;0
1917;0.3839;19.3;37.8;45.2;0
1918;0.3835;19.3;37.8;45.0;0
1919;0.3836;19.3;37.8;44.9;0
1920;0.3839;19.3;37.8;44.9;0
1921;0.3827;19.4;37.7;45.1;0
1922;0.3783;19.4;37.7;44.9;0
1923;0.3795;19.4;37.7;44.9;0
1924;0.3769;19.4;37.7;44.8;0
1925;0.374;19.4;37.7;44.8;0
1926;0.3735;19.3;37.7;44.7;0
1927;0.3714;19.4;37.7;44.7;0
1928;0.3729;19.4;37.7;44.6;0
1929;0.3712;19.4;37.7;44.6;0
1930;0.372;19.4;37.7;44.5;0
1931;0.369;19.4;37.7;44.5;0
1932;0.3693;19.4;37.7;44.5;0
1933;0.369;19.4;37.7;44.4;0
1934;0.3681;19.4;37.7;44.4;0
1935;0.3672;19.4;37.7;44.3;0
1936;0.3668;19.4;37.7;44.3;0
1937;0.3694;19.4;37.6;44.3;0
1938;0.3683;19.4;37.6;44.2;0
1939;0.3668;19.3;37.6;44.2;0
1940;0.3676;19.4;37.6;44.2;0
1941;0.3678;19.4;37.5;44.1;0
1942;0.3683;19.4;37.5;44.1;0
1943;0.367;19.3;37.6;44.1;0
1944;0.3656;19.3;37.6;44.1;0
1945;0.3658;19.2;37.6;44.0;0
1946;0.3663;19.3;37.5;44.0;0
1947;0.3668;19.3;37.5;44.0;0
1948;0.3647;19.2;37.4;44.0;0
1949;0.3636;19.1;37.5;44.0;0
1950;0.3653;19.1;37.4;44.0;0
1951;0.3653;19.1;37.4;43.9;0
1952;0.3666;19.1;37.4;43.9;0
1953;0.3658;19.2;37.4;43.9;0
1954;0.3649;19.1;37.4;43.9;0
1955;0.3656;19.1;37.4;43.9;0
1956;0.3665;19.1;37.4;43.9;0
1957;0.3634;19.0;37.4;43.9;0
1958;0.3627;19.0;37.4;43.9;0
1959;0.363;19.0;37.3;43.7;0
1960;0.3608;19.1;37.4;43.7;0
1961;0.3608;19.1;37.4;43.8;0
1962;0.3629;19.1;37.4;43.7;0
1963;0.3632;19.1;37.4;43.7;0
1964;0.3629;19.0;37.3;43.7;0
1965;0.3616;19.0;37.3;43.7;0
1966;0.3598;19.0;37.3;43.7;0
1967;0.3551;19.1;37.3;43.6;0
1968;0.3558;19.0;37.2;43.6;0
1969;0.3554;19.0;37.2;43.6;0
1970;0.354;19.1;37.2;43.5;0
1971;0.3553;19.1;37.2;43.5;0
1972;0.3541;19.1;37.2;43.4;0
1973;0.3541;19.1;37.2;43.4;0
1974;0.3561;19.2;37.2;43.4;0
1975;0.3554;19.2;37.1;43.4;0
1976;0.3544;19.2;37.1;43.4;0
1977;0.353;19.1;37.1;43.3;0
1978;0.352;19.1;37.1;43.3;0
1979;0.3528;19.1;37.1;43.3;0
1980;0.3533;19.1;37.1;43.3;0
1981;0.3521;19.1;37.1;43.3;0
1982;0.3528;19.1;37.1;43.3;0
1983;0.3489;19.1;37.0;43.2;0
1984;0.3511;19.1;37.0;43.2;0
1985;0.3502;19.1;37.0;43.1;0
1986;0.3487;19.1;37.0;43.1;0
1987;0.3455;19.1;37.0;43.0;0
1988;0.3471;19.2;37.0;43.0;0
1989;0.3446;19.2;37.0;42.9;0
1990;0.3449;19.2;37.0;42.9;0
1991;0.3433;19.2;37.0;42.9;0
1992;0.3426;19.1;36.9;42.8;0
1993;0.3406;19.1;37.0;42.8;0
1994;0.342;19.1;36.9;42.5;0
1995;0.3398;19.1;36.9;42.7;0
1996;0.3406;19.0;36.8;42.5;0
1997;0.3408;19.1;36.9;42.5;0
1998;0.3421;19.1;36.9;42.5;0
1999;0.3407;19.0;36.9;42.4;0
2000;0.3412;18.9;36.9;42.3;0
2001;0.3394;18.9;36.8;42.3;0
2002;0.3397;18.9;36.7;42.3;0
2003;0.3395;18.9;36.7;42.3;0
2004;0.3376;18.9;36.7;42.3;0
2005;0.337;18.9;36.7;42.2;0
2006;0.3371;18.9;36.8;42.2;0
2007;0.3368;18.9;36.8;42.1;0
2008;0.3371;18.9;36.8;42.1;0
2009;0.3361;18.9;36.8;42.1;0
2010;0.3347;18.9;36.7;42.1;0
2011;0.3334;18.9;36.6;42.0;0
2012;0.3327;18.9;36.6;42.0;0
2013;0.3328;18.9;36.5;42.0;0
2014;0.3327;18.9;36.6;41.9;0
2015;0.3312;18.9;36.6;41.9;0
2016;0.3287;18.9;36.6;41.8;0
2017;0.329;18.9;36.6;41.8;0
2018;0.3272;18.9;36.6;41.8;0
2019;0.3283;18.8;36.5;41.7;0
2020;0.3276;18.8;36.5;41.8;0
2021;0.3278;18.8;36.5;41.7;0
2022;0.3276;18.8;36.5;41.7;0
2023;0.3273;18.8;36.5;41.6;0
2024;0.3288;18.8;36.6;41.6;0
2025;0.3304;18.8;36.3;41.5;0
2026;0.3286;18.8;36.4;41.5;0
2027;0.33;18.7;36.4;41.5;0
2028;0.3276;18.7;36.4;41.4;0
2029;0.3278;18.7;36.3;41.4;0
2030;0.3287;18.7;36.3;41.4;0
2031;0.3261;18.7;36.2;41.4;0
2032;0.3244;18.6;36.2;41.3;0
2033;0.3245;18.6;36.2;41.3;0
2034;0.3259;18.6;36.2;41.3;0
2035;0.3248;18.6;36.2;41.3;0
2036;0.3247;18.6;36.2;41.3;0
2037;0.3256;18.6;36.2;41.3;0
2038;0.3245;18.5;36.3;41.3;0
2039;0.3248;18.4;36.2;41.2;0
2040;0.3254;18.4;36.2;41.3;0
2041;0.3243;18.4;36.2;41.2;0
2042;0.3259;18.5;36.1;41.1;0
2043;0.3258;18.4;36.1;41.2;0
2044;0.3245;18.4;36.1;41.1;0
2045;0.3234;18.4;36.1;41.1;0
2046;0.3235;18.3;36.1;41.1;0
2047;0.3233;18.3;36.1;41.0;0
2048;0.3242;18.3;36.0;41.0;0
2049;0.3229;18.3;36.0;40.9;0
2050;0.3234;18.3;36.0;41.0;0
2051;0.324;18.1;36.0;40.9;0
2052;0.3221;18.1;36.0;40.9;0
2053;0.3222;18.2;36.0;40.9;0
2054;0.3206;18.2;36.0;40.9;0
2055;0.3204;18.2;36.0;40.8;0
2056;0.3202;18.2;35.9;40.9;0
2057;0.3196;18.2;35.9;40.8;0
2058;0.3168;18.2;35.9;40.8;0
2059;0.3152;18.1;35.9;40.7;0
2060;0.3163;18.0;35.9;40.7;0
2061;0.3155;18.1;35.9;40.7;0
2062;0.3138;18.1;35.9;40.7;0
2063;0.3141;18.0;35.9;40.7;0
2064;0.3138;18.0;35.8;40.6;0
2065;0.3126;18.0;35.9;40.5;0
2066;0.3155;18.0;35.8;40.5;0
2067;0.3135;18.0;35.7;40.5;0
2068;0.3132;18.1;35.8;40.5;0
2069;0.3111;18.2;35.8;40.4;0
2070;0.3111;18.2;35.7;40.4;0
2071;0.3106;18.2;35.6;40.4;0
2072;0.311;18.2;35.7;40.3;0
2073;0.311;18.1;35.6;40.1;0
2074;0.3098;18.2;35.6;40.3;0
2075;0.3117;18.2;35.6;40.3;0
2076;0.3115;18.1;35.6;40.3;0
2077;0.3125;18.2;35.6;40.0;0
2078;0.311;18.2;35.6;40.2;0
2079;0.3122;18.2;35.6;39.9;0
2080;0.3121;18.3;35.5;40.1;0
2081;0.3115;18.3;35.5;39.9;0
2082;0.3104;18.2;35.5;39.9;0
2083;0.3114;18.2;35.5;40.1;0
2084;0.3107;18.3;35.5;39.8;0
2085;0.3096;18.2;35.5;40.0;0
2086;0.3085;18.3;35.5;40.0;0
2087;0.3094;18.3;35.5;39.8;0
2088;0.3093;18.3;35.5;39.8;0
2089;0.3079;18.4;35.4;39.8;0
2090;0.3078;18.4;35.4;39.8;0
2091;0.3066;18.4;35.4;39.8;0
2092;0.308;18.4;35.4;39.7;0
2093;0.309;18.4;35.4;39.7;0
2094;0.3072;18.3;35.4;39.7;0
2095;0.3063;18.3;35.4;39.7;0
2096;0.3059;18.3;35.4;39.6;0
2097;0.3054;18.3;35.4;39.6;0
2098;0.3059;18.3;35.4;39.6;0
2099;0.3049;18.3;35.4;39.6;0
2100;0.3052;18.3;35.3;39.6;0
2101;0.3068;18.2;35.3;39.6;0
2102;0.3052;18.1;35.3;39.5;0
2103;0.3068;18.1;35.3;39.5;0
2104;0.3082;18.1;35.3;39.5;0
2105;0.3093;18.2;35.3;39.4;0
2106;0.3084;18.1;35.3;39.4;0
2107;0.3076;18.1;35.2;39.4;0
2108;0.3066;18.1;35.2;39.4;0
2109;0.3062;18.0;35.2;39.4;0
2110;0.3064;18.0;35.2;39.4;0
2111;0.3051;18.0;35.1;39.3;0
2112;0.3036;18.0;35.1;39.4;0
2113;0.306;18.0;35.1;39.3;0
2114;0.306;17.9;35.0;39.3;0
2115;0.3064;17.9;35.0;39.2;0
2116;0.3059;17.9;35.0;39.3;0
2117;0.3066;17.9;35.1;39.3;0
2118;0.3059;17.9;35.0;39.2;0
2119;0.3063;17.9;35.1;39.2;0
2120;0.3046;17.9;35.0;39.2;0
2121;0.3047;17.9;35.0;39.1;0
2122;0.3047;17.9;34.9;39.1;0
2123;0.3033;18.0;34.9;39.1;0
2124;0.3027;17.9;34.9;39.1;0
2125;0.302;17.9;34.9;39.1;0
2126;0.3008;17.8;34.9;39.1;0
2127;0.3027;17.7;34.9;39.0;0
2128;0.3012;17.8;34.9;39.0;0
2129;0.3016;17.8;34.9;39.0;0
2130;0.302;17.8;34.8;38.9;0
2131;0.3024;17.7;34.8;38.9;0
2132;0.3006;17.8;34.8;38.9;0
2133;0.2997;17.8;34.8;38.9;0
2134;0.3004;17.8;34.8;38.9;0
2135;0.3013;17.8;34.8;38.8;0
2136;0.3007;17.8;34.8;38.8;0
2137;0.2981;17.8;34.8;38.8;0
2138;0.2993;17.9;34.8;38.7;0
2139;0.2989;18.0;34.8;38.7;0
2140;0.3004;18.0;34.8;38.7;0
2141;0.3003;18.0;34.8;38.7;0
2142;0.3002;18.0;34.8;38.7;0
2143;0.299;18.0;34.7;38.7;0
2144;0.2999;18.0;34.7;38.6;0
2145;0.2991;18.0;34.7;38.6;0
2146;0.2985;17.9;34.7;38.6;0
2147;0.2987;17.9;34.7;38.6;0
2148;0.2992;17.9;34.7;38.6;0
2149;0.2971;17.9;34.7;38.5;0
2150;0.2975;17.9;34.7;38.5;0
2151;0.2969;17.9;34.7;38.5;0
2152;0.2993;18.0;34.7;38.5;0
2153;0.2977;17.9;34.7;38.5;0
2154;0.2972;17.9;34.7;38.5;0
2155;0.2953;17.8;34.6;38.5;0
2156;0.2955;17.7;34.5;38.5;0
2157;0.2946;17.8;34.5;38.5;0
2158;0.2942;17.8;34.5;38.4;0
2159;0.2945;17.8;34.6;38.4;0
2160;0.2956;17.8;34.6;38.4;0
2161;0.2953;17.8;34.6;38.4;0
2162;0.295;17.6;34.5;38.3;0
2163;0.2935;17.7;34.5;38.3;0
2164;0.2932;17.6;34.4;38.3;0
2165;0.2943;17.6;34.5;38.2;0
2166;0.2931;17.6;34.4;38.2;0
2167;0.292;17.5;34.4;38.1;0
2168;0.2931;17.5;34.3;38.1;0
2169;0.2935;17.5;34.4;38.2;0
2170;0.2946;17.5;34.3;38.1;0
2171;0.2929;17.5;34.3;38.1;0
2172;0.2936;17.5;34.3;38.1;0
2173;0.2956;17.5;34.3;38.1;0
2174;0.2948;17.6;34.3;38.1;0
2175;0.2946;17.5;34.3;38.1;0
2176;0.2956;17.6;34.3;38.1;0
2177;0.296;17.4;34.3;38.1;0
2178;0.2967;17.4;34.3;38.0;0
2179;0.2956;17.4;34.3;38.0;0
2180;0.2959;17.4;34.2;38.0;0
2181;0.2953;17.4;34.2;38.0;0
2182;0.2954;17.5;34.2;37.9;0
2183;0.2944;17.4;34.2;38.0;0
2184;0.2964;17.3;34.2;37.9;0
2185;0.2968;17.3;34.2;37.9;0
2186;0.297;17.3;34.2;37.9;0
2187;0.2959;17.3;34.2;37.9;0
2188;0.2958;17.3;34.2;37.9;0
2189;0.2964;17.4;34.2;37.9;0
2190;0.2956;17.3;34.2;37.9;0
2191;0.2959;17.3;34.1;37.9;0
2192;0.2948;17.3;34.1;37.9;0
2193;0.2951;17.3;34.1;37.9;0
2194;0.2947;17.3;34.1;37.9;0
2195;0.2954;17.2;34.1;37.8;0
2196;0.2961;17.2;34.1;37.8;0
2197;0.2942;17.2;34.1;37.9;0
2198;0.2962;17.2;34.1;37.8;0
2199;0.2962;17.2;34.1;37.8;0
2200;0.2958;17.2;34.1;37.8;0
2201;0.2956;17.2;34.1;37.7;0
2202;0.2933;17.1;34.1;37.8;0
2203;0.2933;17.2;34.1;37.7;0
2204;0.2923;17.1;34.1;37.7;0
2205;0.2939;17.2;34.0;37.7;0
2206;0.2929;17.2;34.0;37.7;0
2207;0.2902;17.2;34.0;37.7;0
2208;0.2913;17.2;33.9;37.6;0
2209;0.2905;17.1;33.9;37.7;0
2210;0.2911;17.2;33.9;37.6;0
2211;0.2909;17.2;33.9;37.6;0
2212;0.2904;17.2;33.9;37.6;0
2213;0.2894;17.2;33.9;37.6;0
2214;0.2893;17.2;33.9;37.5;0
2215;0.2887;17.2;33.9;37.5;0
2216;0.2919;17.2;34.0;37.5;0
2217;0.2923;17.1;33.9;37.5;0
2218;0.2929;17.2;33.9;37.5;0
2219;0.2907;17.1;33.9;37.5;0
2220;0.29;17.2;33.9;37.4;0
2221;0.2891;17.2;33.9;37.4;0
2222;0.2914;17.2;33.9;37.4;0
2223;0.2899;17.2;33.9;37.4;0
2224;0.291;17.2;33.8;37.4;0
2225;0.2918;17.2;33.8;37.4;0
2226;0.2896;17.2;33.8;37.4;0
2227;0.288;17.1;33.8;37.4;0
2228;0.2899;17.1;33.8;37.4;0
2229;0.2883;17.1;33.8;37.4;0
2230;0.2885;17.1;33.8;37.4;0
2231;0.2906;17.1;33.8;37.3;0
2232;0.2896;17.0;33.8;37.3;0
2233;0.2896;17.1;33.8;37.3;0
2234;0.2883;17.0;33.8;37.3;0
2235;0.2889;17.0;33.7;37.3;0
2236;0.2891;17.0;33.7;37.3;0
2237;0.2896;17.1;33.7;37.2;0
2238;0.2881;17.1;33.7;37.2;0
2239;0.2904;17.1;33.7;37.2;0
2240;0.2883;17.0;33.8;37.2;0
2241;0.289;17.0;33.7;37.2;0
2242;0.2882;17.0;33.7;37.2;0
2243;0.2912;17.0;33.7;37.1;0
2244;0.2904;16.9;33.7;37.1;0
2245;0.2917;16.9;33.7;37.2;0
2246;0.2907;16.9;33.7;37.1;0
2247;0.2907;16.9;33.7;37.1;0
2248;0.2889;16.9;33.7;37.1;0
2249;0.2912;16.8;33.6;37.1;0
2250;0.2918;16.8;33.6;37.1;0
2251;0.2902;16.8;33.6;37.0;0
2252;0.2891;16.7;33.6;37.1;0
2253;0.2892;16.6;33.6;37.0;0
2254;0.2876;16.7;33.6;37.0;0
2255;0.2892;16.7;33.5;37.0;0
2256;0.2907;16.7;33.5;37.0;0
2257;0.2903;16.7;33.4;37.0;0
2258;0.291;16.7;33.4;37.0;0
2259;0.2896;16.7;33.4;37.0;0
2260;0.2891;16.7;33.4;36.9;0
2261;0.2881;16.7;33.4;36.9;0
2262;0.2882;16.6;33.4;36.9;0
2263;0.2895;16.7;33.4;36.9;0
2264;0.2922;16.7;33.4;36.9;0
2265;0.2912;16.7;33.3;36.9;0
2266;0.291;16.7;33.3;36.9;0
2267;0.2902;16.7;33.3;36.9;0
2268;0.2903;16.7;33.3;36.9;0
2269;0.2898;16.7;33.3;36.9;0
2270;0.2912;16.6;33.3;36.8;0
2271;0.2914;16.6;33.3;36.8;0
2272;0.2927;16.6;33.3;36.9;0
2273;0.2904;16.6;33.3;36.9;0
2274;0.2903;16.5;33.3;36.9;0
2275;0.2905;16.6;33.3;36.9;0
2276;0.2913;16.5;33.3;36.9;0
2277;0.2895;16.4;33.3;36.9;0
2278;0.2893;16.5;33.2;36.9;0
2279;0.29;16.4;33.2;36.8;0
2280;0.2897;16.5;33.2;36.8;0
2281;0.2904;16.5;33.2;36.8;0
2282;0.2891;16.4;33.2;36.8;0
2283;0.2877;16.5;33.2;36.7;0
2284;0.2874;16.4;33.1;36.7;0
2285;0.2891;16.3;33.1;36.7;0
2286;0.2865;16.4;33.1;36.7;0
2287;0.2857;16.3;33.1;36.7;0
2288;0.2856;16.3;33.1;36.7;0
2289;0.2873;16.3;33.1;36.7;0
2290;0.2871;16.4;33.1;36.6;0
2291;0.2875;16.4;33.1;36.6;0
2292;0.289;16.4;33.1;36.6;0
2293;0.2877;16.4;33.1;36.5;0
2294;0.2884;16.3;33.1;36.6;0
2295;0.2876;16.3;33.1;36.6;0
2296;0.2883;16.3;33.1;36.5;0
2297;0.2862;16.3;33.0;36.6;0
2298;0.287;16.3;32.9;36.4;0
2299;0.2852;16.3;33.0;36.4;0
2300;0.2852;16.3;33.0;36.4;0
2301;0.2857;16.3;32.9;36.4;0
2302;0.2861;16.3;33.0;36.3;0
2303;0.2845;16.3;33.0;36.4;0
2304;0.2842;16.4;33.0;36.4;0
2305;0.2844;16.4;33.0;36.3;0
2306;0.2859;16.4;32.9;36.3;0
2307;0.2848;16.5;33.0;36.3;0
2308;0.2875;16.4;33.0;36.2;0
2309;0.291;16.4;32.9;36.3;0
2310;0.2908;16.4;32.9;36.3;0
2311;0.2905;16.4;33.0;36.3;0
2312;0.2913;16.5;33.0;36.3;0
2313;0.293;16.4;32.9;36.3;0
2314;0.292;16.4;32.9;36.3;0
2315;0.2921;16.4;32.8;36.3;0
2316;0.2903;16.4;32.9;36.3;0
2317;0.2916;16.4;32.8;36.3;0
2318;0.2914;16.3;32.9;36.3;0
2319;0.2908;16.3;32.8;36.3;0
2320;0.2907;16.3;32.9;36.3;0
2321;0.2927;16.3;32.8;36.3;0
2322;0.2908;16.3;32.8;36.3;0
2323;0.2916;16.3;32.9;36.3;0
2324;0.2893;16.3;32.9;36.3;0
2325;0.29;16.3;32.9;36.3;0
2326;0.2888;16.2;32.9;36.3;0
2327;0.2872;16.1;32.8;36.2;0
2328;0.2866;16.1;32.8;36.2;0
2329;0.2877;16.2;32.7;36.2;0
2330;0.2891;16.2;32.7;36.2;0
2331;0.2876;16.2;32.7;36.3;0
2332;0.2867;16.1;32.8;36.2;0
2333;0.2872;16.1;32.8;36.1;0
2334;0.2859;16.1;32.8;36.1;0
2335;0.2863;16.1;32.7;36.1;0
2336;0.2858;16.0;32.7;36.1;0
2337;0.2866;15.9;32.7;36.0;0
2338;0.2906;16.0;32.7;36.0;0
2339;0.2885;16.0;32.6;36.1;0
2340;0.2893;16.0;32.6;36.0;0
2341;0.2867;16.0;32.6;36.0;0
2342;0.288;15.9;32.6;36.0;0
2343;0.2876;15.9;32.6;36.0;0
2344;0.2874;15.8;32.6;36.0;0
2345;0.287;15.8;32.6;36.0;0
2346;0.2876;15.8;32.5;36.0;0
2347;0.286;15.8;32.5;36.0;0
2348;0.2862;15.8;32.5;36.0;0
2349;0.2868;15.9;32.5;36.0;0
2350;0.2881;15.8;32.5;36.0;0
2351;0.2873;15.8;32.5;36.0;0
2352;0.2873;15.8;32.5;36.0;0
2353;0.2883;15.8;32.5;35.9;0
2354;0.2876;15.7;32.5;35.9;0
2355;0.2912;15.7;32.4;35.9;0
2356;0.2907;15.6;32.4;35.9;0
2357;0.2898;15.6;32.4;35.9;0
2358;0.2895;15.7;32.3;35.9;0
2359;0.2897;15.7;32.3;35.9;0
2360;0.2892;15.7;32.4;35.9;0
2361;0.2903;15.7;32.3;35.8;0
2362;0.2882;15.7;32.3;35.9;0
2363;0.2883;15.7;32.4;35.8;0
2364;0.2884;15.6;32.4;35.9;0
2365;0.2899;15.6;32.4;35.8;0
2366;0.2899;15.6;32.4;35.8;0
2367;0.2914;15.6;32.4;35.8;0
2368;0.2911;15.6;32.4;35.8;0
2369;0.2917;15.6;32.4;35.8;0
2370;0.2925;15.6;32.3;35.8;0
2371;0.2921;15.5;32.4;35.8;0
2372;0.2928;15.6;32.4;35.8;0
2373;0.2918;15.6;32.4;35.9;0
2374;0.2922;15.5;32.4;35.9;0
2375;0.2918;15.5;32.4;35.9;0
2376;0.2919;15.4;32.4;35.8;0
2377;0.2916;15.4;32.4;35.8;0
2378;0.2929;15.4;32.4;35.8;0
2379;0.2894;15.4;32.3;35.9;0
2380;0.2891;15.4;32.3;35.9;0
2381;0.2885;15.3;32.3;35.8;0
2382;0.2915;15.3;32.3;35.8;0
2383;0.2907;15.2;32.3;35.8;0
2384;0.2908;15.2;32.3;35.8;0
2385;0.2917;15.2;32.3;35.8;0
2386;0.2899;15.2;32.3;35.8;0
2387;0.2911;15.2;32.3;35.8;0
2388;0.2911;15.3;32.3;35.8;0
2389;0.2912;15.2;32.3;35.7;0
2390;0.2906;15.1;32.3;35.7;0
2391;0.2919;15.1;32.2;35.7;0
2392;0.2929;15.1;32.1;35.7;0
2393;0.2903;15.1;32.1;35.8;0
2394;0.291;15.1;32.1;35.7;0
2395;0.291;15.1;32.1;35.7;0
2396;0.2892;15.1;32.1;35.7;0
2397;0.2911;15.1;32.1;35.7;0
2398;0.2883;15.1;32.1;35.7;0
2399;0.2883;15.1;32.1;35.7;0
2400;0.2889;15.0;32.1;35.7;0
2401;0.2909;14.9;32.1;35.7;0
2402;0.2921;14.9;32.0;35.6;0
2403;0.2915;14.9;32.0;35.7;0
2404;0.2918;14.9;32.0;35.6;0
2405;0.2911;14.9;32.0;35.6;0
2406;0.2921;14.9;32.0;35.6;0
2407;0.2893;14.9;32.0;35.6;0
2408;0.2896;15.0;32.0;35.6;0
2409;0.2896;15.0;32.0;35.6;0
2410;0.2894;15.0;32.0;35.6;0
2411;0.2906;14.9;32.0;35.6;0
2412;0.2912;14.9;32.0;35.6;0
2413;0.2924;14.9;32.0;35.6;0
2414;0.2931;15.0;32.0;35.6;0
2415;0.2915;14.9;32.0;35.6;0
2416;0.2901;14.9;32.0;35.6;0
2417;0.2911;14.9;32.0;35.6;0
2418;0.2913;14.9;32.0;35.6;0
2419;0.2916;14.9;32.0;35.6;0
2420;0.2899;15.0;32.0;35.6;0
2421;0.2883;14.9;32.0;35.5;0
2422;0.2894;14.9;32.0;35.5;0
2423;0.2894;14.9;32.0;35.5;0
2424;0.2885;14.9;32.0;35.5;0
2425;0.2899;14.9;32.0;35.5;0
2426;0.2899;15.0;32.0;35.5;0
2427;0.2914;15.0;32.0;35.5;0
2428;0.2906;15.1;31.9;35.5;0
2429;0.2933;15.0;31.9;35.5;0
2430;0.2948;15.1;31.9;35.5;0
2431;0.2951;15.1;31.9;35.5;0
2432;0.2963;15.0;31.9;35.5;0
2433;0.2969;15.1;31.9;35.5;0
2434;0.2983;15.1;31.9;35.5;0
2435;0.2988;15.1;31.9;35.6;0
2436;0.3006;15.0;31.9;35.6;0
2437;0.3044;15.1;31.9;35.6;0
2438;0.3028;15.0;31.9;35.6;0
2439;0.3068;15.0;31.9;35.7;0
2440;0.3041;15.0;31.9;35.7;0
2441;0.3028;15.1;31.9;35.7;0
2442;0.3016;15.0;31.9;35.7;0
2443;0.301;15.1;31.9;35.7;0
2444;0.3014;15.0;31.9;35.7;0
2445;0.3017;15.1;31.9;35.7;0
2446;0.3006;15.1;31.9;35.8;0
2447;0.2993;15.1;31.9;35.8;0
2448;0.2989;15.2;31.9;35.7;0
2449;0.2981;15.2;31.9;35.8;0
2450;0.2999;15.1;31.9;35.7;0
2451;0.2985;15.2;31.9;35.7;0
2452;0.2979;15.2;31.9;35.7;0
2453;0.2992;15.3;31.9;35.7;0
2454;0.2989;15.3;31.9;35.7;0
2455;0.3012;15.3;31.9;35.7;0
2456;0.3022;15.3;31.9;35.7;0
2457;0.3027;15.3;31.9;35.7;0
2458;0.3019;15.3;31.9;35.8;0
2459;0.3019;15.3;31.9;35.7;0
2460;0.302;15.4;31.9;35.7;0
2461;0.303;15.3;31.9;35.8;0
2462;0.3029;15.4;31.9;35.8;0
2463;0.3035;15.4;31.9;35.8;0
2464;0.3029;15.3;31.9;35.8;0
2465;0.3022;15.4;31.9;35.8;0
2466;0.302;15.4;31.9;35.7;0
2467;0.3031;15.5;31.9;35.7;0
2468;0.3003;15.5;31.9;35.8;0
2469;0.302;15.5;31.9;35.8;0
2470;0.3002;15.5;32.0;35.7;0
2471;0.3025;15.6;32.0;35.8;0
2472;0.3026;15.6;32.0;35.8;0
2473;0.304;15.6;32.0;35.8;0
2474;0.3035;15.6;32.0;35.8;0
2475;0.3047;15.7;32.0;35.8;0
2476;0.3063;15.8;32.0;35.8;0
2477;0.308;15.8;32.0;35.8;0
2478;0.3087;15.8;32.0;35.8;0
2479;0.3083;15.9;32.0;35.8;0
2480;0.3095;15.9;32.0;35.8;0
2481;0.3082;15.8;32.0;35.8;0
2482;0.3079;15.9;32.0;35.8;0
2483;0.3101;16.0;32.0;35.8;0
2484;0.3088;16.0;32.1;35.9;0
2485;0.3081;16.0;32.1;35.9;0
2486;0.3085;16.0;32.1;35.9;0
2487;0.3098;16.1;32.2;35.9;0
2488;0.3103;16.1;32.1;35.9;0
2489;0.3132;16.1;32.1;35.9;0
2490;0.3172;16.1;32.1;36.0;0
2491;0.3163;16.1;32.1;36.0;0
2492;0.3174;16.1;32.1;36.0;0
2493;0.3174;16.1;32.2;36.1;0
2494;0.3175;16.1;32.2;36.0;0
2495;0.3171;16.1;32.2;36.1;0
2496;0.3185;16.1;32.2;36.1;0
2497;0.3196;16.1;32.2;36.1;0
2498;0.3207;16.2;32.2;36.2;0
2499;0.3215;16.2;32.2;36.2;0
2500;0.3209;16.2;32.3;36.2;0
2501;0.321;16.2;32.2;36.3;0
2502;0.3219;16.2;32.2;36.3;0
2503;0.3236;16.2;32.2;36.4;0
2504;0.3241;16.3;32.2;36.3;0
2505;0.3236;16.4;32.2;36.3;0
2506;0.3232;16.3;32.2;36.4;0
2507;0.3274;16.3;32.4;36.5;0
2508;0.3245;16.3;32.4;36.5;0
2509;0.3256;16.3;32.3;36.6;0
2510;0.3267;16.3;32.4;36.4;0
2511;0.3269;16.3;32.4;36.5;0
2512;0.3251;16.3;32.4;36.6;0
2513;0.3257;16.3;32.4;36.6;0
2514;0.329;16.3;32.4;36.7;0
2515;0.3296;16.3;32.3;36.7;0
2516;0.3271;16.3;32.3;36.7;0
2517;0.3273;16.3;32.3;36.8;0
2518;0.3316;16.3;32.3;36.8;0
2519;0.3328;16.4;32.3;36.8;0
2520;0.3333;16.4;32.4;36.8;0
2521;0.332;16.5;32.4;36.9;0
2522;0.3341;16.5;32.5;36.9;0
2523;0.3342;16.5;32.5;37.0;0
2524;0.3367;16.5;32.5;37.0;0
2525;0.3364;16.6;32.4;37.1;0
2526;0.3358;16.6;32.5;37.1;0
2527;0.338;16.6;32.5;37.1;0
2528;0.3374;16.6;32.5;37.2;0
2529;0.3372;16.6;32.5;37.2;0
2530;0.3354;16.6;32.6;37.2;0
2531;0.3384;16.7;32.6;37.2;0
2532;0.3367;16.7;32.6;37.3;0
2533;0.3367;16.7;32.6;37.3;0
2534;0.3377;16.7;32.6;37.3;0
2535;0.3369;16.8;32.7;37.3;0
2536;0.3381;16.8;32.8;37.4;0
2537;0.3383;16.8;32.8;37.4;0
2538;0.3385;16.9;32.7;37.4;0
2539;0.3383;16.9;32.7;37.5;0
2540;0.3388;16.9;32.7;37.5;0
2541;0.3412;16.9;32.7;37.5;0
2542;0.3398;17.1;32.7;37.6;0
2543;0.3398;17.1;32.7;37.6;0
2544;0.3428;17.0;32.8;37.6;0
2545;0.3406;17.0;32.9;37.7;0
2546;0.3408;17.1;32.9;37.7;0
2547;0.3417;17.1;32.9;37.7;0
2548;0.3402;17.2;32.8;37.7;0
2549;0.3419;17.3;32.8;37.8;0
2550;0.3413;17.3;32.9;37.8;0
2551;0.342;17.3;33.0;37.8;0
2552;0.3434;17.3;33.0;37.8;0
2553;0.3437;17.4;32.9;37.9;0
2554;0.3445;17.4;32.9;38.0;0
2555;0.3466;17.4;33.0;38.0;0
2556;0.3462;17.4;33.1;38.0;0
2557;0.3468;17.6;33.1;38.0;0
2558;0.3474;17.6;33.1;38.1;0
2559;0.3489;17.5;33.1;38.1;0
2560;0.3498;17.5;33.1;38.1;0
2561;0.3507;17.5;33.1;38.2;0
2562;0.3529;17.7;33.1;38.3;0
2563;0.352;17.7;33.3;38.4;0
2564;0.3515;17.6;33.2;38.2;0
2565;0.3532;17.8;33.3;38.4;0
2566;0.3515;17.6;33.2;38.3;0
2567;0.3509;17.8;33.3;38.4;0
2568;0.3518;17.6;33.2;38.3;0
2569;0.3517;17.8;33.3;38.4;0
2570;0.3519;17.7;33.3;38.4;0
2571;0.352;17.8;33.3;38.5;0
2572;0.3516;17.9;33.4;38.5;0
2573;0.354;17.9;33.4;38.5;0
2574;0.3538;17.9;33.4;38.6;0
2575;0.354;17.9;33.4;38.6;0
2576;0.3521;18.1;33.4;38.7;0
2577;0.3555;18.1;33.5;38.7;0
2578;0.356;18.0;33.6;38.7;0
2579;0.3564;18.0;33.6;38.8;0
2580;0.357;18.0;33.6;38.8;0
2581;0.3551;18.1;33.6;38.8;0
2582;0.3592;18.1;33.6;38.9;0
2583;0.3602;18.2;33.7;38.9;0
2584;0.3583;18.2;33.7;39.0;0
2585;0.3587;18.2;33.7;39.0;0
2586;0.3584;18.1;33.7;39.1;0
2587;0.3609;18.2;33.8;39.1;0
2588;0.3615;18.3;33.8;39.1;0
2589;0.3631;18.3;33.8;39.2;0
2590;0.3647;18.3;33.8;39.2;0
2591;0.3622;18.3;33.8;39.3;0
2592;0.3661;18.3;33.8;39.3;0
2593;0.3669;18.4;33.8;39.4;0
2594;0.3657;18.4;33.8;39.4;0
2595;0.3651;18.4;33.9;39.4;0
2596;0.3655;18.4;33.9;39.5;0
2597;0.3673;18.5;33.9;39.5;0
2598;0.3682;18.5;33.9;39.6;0
2599;0.3684;18.5;34.0;39.6;0
2600;0.3667;18.6;34.0;39.6;0
2601;0.3673;18.6;34.1;39.7;0
2602;0.3695;18.7;34.1;39.8;0
2603;0.3675;18.6;34.0;39.8;0
2604;0.3693;18.7;34.1;40.0;0
2605;0.3668;18.8;34.2;39.9;0
2606;0.3657;18.8;34.2;39.9;0
2607;0.3669;18.8;34.2;39.8;0
2608;0.3657;18.8;34.2;39.8;0
2609;0.367;18.9;34.2;39.8;0
2610;0.367;18.9;34.3;39.8;0
2611;0.3699;18.9;34.3;39.9;0
2612;0.3712;19.0;34.3;39.8;0
2613;0.3719;19.0;34.3;39.9;0
2614;0.3722;19.0;34.3;40.1;0
2615;0.3731;19.1;34.4;40.2;0
2616;0.3733;19.2;34.4;40.3;0
2617;0.3733;19.2;34.4;40.3;0
2618;0.3742;19.1;34.4;40.3;0
2619;0.3732;19.2;34.4;40.3;0
2620;0.3724;19.3;34.4;40.4;0
2621;0.3745;19.3;34.4;40.4;0
2622;0.374;19.2;34.5;40.5;0
2623;0.376;19.3;34.5;40.5;0
2624;0.3785;19.4;34.5;40.6;0
2625;0.3793;19.4;34.5;40.6;0
2626;0.3763;19.4;34.5;40.6;0
2627;0.3782;19.5;34.7;40.7;0
2628;0.3775;19.5;34.7;40.7;0
2629;0.3774;19.5;34.7;40.7;0
2630;0.3801;19.5;34.7;40.7;0
2631;0.3802;19.5;34.7;40.8;0
2632;0.3781;19.5;34.7;40.8;0
2633;0.3793;19.5;34.8;40.9;0
2634;0.3811;19.7;34.8;40.9;0
2635;0.3826;19.7;34.8;40.9;0
2636;0.3816;19.7;34.8;41.0;0
2637;0.3818;19.8;34.8;41.0;0
2638;0.3811;19.8;34.9;41.1;0
2639;0.3828;19.8;34.9;41.2;0
2640;0.3831;19.8;34.9;41.2;0
2641;0.3864;19.7;34.9;41.2;0
2642;0.3845;19.8;34.9;41.3;0
2643;0.384;19.7;35.0;41.4;0
2644;0.3819;19.8;35.1;41.4;0
2645;0.3816;19.9;35.1;41.4;0
2646;0.3827;19.9;35.0;41.4;0
2647;0.3827;19.9;35.0;41.4;0
2648;0.3859;19.8;35.0;41.5;0
2649;0.3834;19.9;35.0;41.5;0
2650;0.3833;19.9;35.1;41.5;0
2651;0.3846;19.9;35.2;41.6;0
2652;0.3846;19.9;35.2;41.6;0
2653;0.3844;20.0;35.2;41.6;0
2654;0.3832;19.9;35.2;41.6;0
2655;0.3853;19.9;35.2;41.6;0
2656;0.383;19.9;35.3;41.6;0
2657;0.3873;20.0;35.3;41.7;0
2658;0.3866;20.0;35.3;41.8;0
2659;0.3862;20.0;35.2;41.8;0
2660;0.3876;20.1;35.3;41.8;0
2661;0.3852;20.0;35.5;42.0;0
2662;0.3844;20.0;35.5;42.0;0
2663;0.3857;20.0;35.5;42.0;0
2664;0.3846;20.0;35.5;42.1;0
2665;0.3865;20.0;35.5;42.1;0
2666;0.3851;20.0;35.5;42.1;0
2667;0.3858;20.0;35.6;42.1;0
2668;0.3888;20.0;35.6;42.1;0
2669;0.3873;20.0;35.6;42.1;0
2670;0.3893;20.0;35.6;42.2;0
2671;0.3896;20.0;35.6;42.2;0
2672;0.3884;20.0;35.6;42.2;0
2673;0.3904;20.1;35.7;42.3;0
2674;0.39;20.2;35.7;42.3;0
2675;0.3898;20.2;35.7;42.3;0
2676;0.3927;20.2;35.8;42.3;0
2677;0.3924;20.2;35.8;42.4;0
2678;0.3915;20.2;35.8;42.5;0
2679;0.3909;20.2;35.8;42.8;0
2680;0.3916;20.2;35.7;42.7;0
2681;0.3929;20.2;35.7;42.8;0
2682;0.3911;20.2;35.8;42.8;0
2683;0.3893;20.2;35.8;42.8;0
2684;0.389;20.2;35.9;42.6;0
2685;0.3927;20.3;35.9;42.9;0
2686;0.392;20.3;35.8;43.0;0
2687;0.3936;20.3;35.9;43.0;0
2688;0.3932;20.3;36.0;43.0;0
2689;0.393;20.4;36.0;43.0;0
2690;0.393;20.4;36.0;43.0;0
2691;0.394;20.5;36.0;43.0;0
2692;0.3903;20.8;36.1;43.2;0
2693;0.3891;20.8;36.2;43.2;0
2694;0.3909;20.8;36.3;43.2;0
2695;0.3925;20.8;36.3;43.2;0
2696;0.3939;20.8;36.2;43.1;0
2697;0.3919;20.8;36.3;43.2;0
2698;0.3931;20.8;36.3;43.2;0
2699;0.3911;20.8;36.3;43.2;0
2700;0.392;20.8;36.4;43.3;0
2701;0.3926;20.9;36.3;43.3;0
2702;0.3924;20.9;36.3;43.3;0
2703;0.3941;20.8;36.4;43.3;0
2704;0.3932;20.8;36.4;43.3;0
2705;0.3934;20.8;36.5;43.3;0
2706;0.3922;20.8;36.5;43.3;0
2707;0.3932;20.8;36.5;43.5;0
2708;0.3922;20.8;36.5;43.4;0
2709;0.3915;20.8;36.5;43.5;0
2710;0.3891;20.9;36.5;43.5;0
2711;0.3884;20.9;36.6;43.5;0
2712;0.3879;20.9;36.6;43.4;0
2713;0.3885;20.9;36.6;43.5;0
2714;0.3893;21.1;36.6;43.5;0
2715;0.3885;21.1;36.6;43.6;0
2716;0.3889;21.0;36.6;43.6;0
2717;0.3911;21.0;36.7;43.6;0
2718;0.392;21.0;36.8;43.6;0
2719;0.3905;21.2;36.8;43.7;0
2720;0.3942;21.1;36.7;43.7;0
2721;0.3949;21.1;36.7;43.6;0
2722;0.3937;21.3;36.9;43.6;0
2723;0.393;21.3;36.9;43.8;0
2724;0.393;21.4;36.9;43.7;0
2725;0.3942;21.4;36.9;43.8;0
2726;0.3962;21.5;37.0;43.9;0
2727;0.3932;21.5;37.0;43.9;0
2728;0.3918;21.6;37.0;43.8;0
2729;0.3934;21.6;37.0;44.0;0
2730;0.3934;21.6;37.0;43.9;0
2731;0.3952;21.6;37.0;43.9;0
2732;0.3938;21.8;37.0;44.0;0
2733;0.3942;21.8;37.1;44.0;0
2734;0.3948;21.8;37.1;44.0;0
2735;0.3968;21.8;37.1;44.0;0
2736;0.3961;21.8;37.1;44.0;0
2737;0.3942;21.7;37.1;44.1;0
2738;0.3966;21.9;37.2;44.1;0
2739;0.3953;21.9;37.2;44.1;0
2740;0.398;21.9;37.2;44.1;0
2741;0.396;21.9;37.2;44.2;0
2742;0.3976;21.9;37.3;44.2;0
2743;0.3985;21.9;37.3;44.2;0
2744;0.3997;22.0;37.4;44.2;0
2745;0.3986;22.0;37.4;44.2;0
2746;0.4;22.0;37.4;44.3;0
2747;0.3973;22.1;37.5;44.3;0
2748;0.3995;22.1;37.6;44.3;0
2749;0.3973;22.1;37.6;44.3;0
2750;0.3993;22.2;37.6;44.4;0
2751;0.3976;22.2;37.6;44.4;0
2752;0.3999;22.2;37.6;44.4;0
2753;0.3981;22.2;37.6;44.4;0
2754;0.3971;22.3;37.7;44.5;0
2755;0.3947;22.2;37.7;44.5;1
2756;0.3951;22.3;37.7;44.5;1
2757;0.3996;22.3;37.7;44.5;1
2758;0.4001;22.2;37.7;44.5;1
2759;0.3986;22.3;37.8;44.6;1
2760;0.3988;22.3;37.8;44.7;1
2761;0.4014;22.4;37.8;44.7;1
2762;0.4004;22.4;37.9;44.7;1
2763;0.3998;22.4;38.0;44.7;1
2764;0.4028;22.4;37.9;44.8;1
2765;0.4023;22.5;37.9;44.8;1
2766;0.4012;22.5;37.9;44.9;1
2767;0.4001;22.5;38.0;45.0;1
2768;0.4022;22.5;38.1;44.9;1
2769;0.4001;22.5;38.1;45.1;1
2770;0.3977;22.5;38.1;45.0;1
2771;0.4008;22.5;38.1;45.0;1
2772;0.4022;22.5;38.2;45.1;1
2773;0.4029;22.5;38.2;45.1;1
2774;0.4025;22.5;38.2;45.1;1
2775;0.4029;22.4;38.2;45.1;1
2776;0.4059;22.4;38.2;45.2;1
2777;0.4054;22.4;38.2;45.2;1
2778;0.4065;22.6;38.3;45.3;1
2779;0.4064;22.5;38.4;45.5;1
2780;0.4061;22.5;38.3;45.5;1
2781;0.404;22.5;38.3;45.5;1
2782;0.4045;22.6;38.3;45.5;1
2783;0.4019;22.6;38.3;45.6;1
2784;0.403;22.7;38.4;45.6;1
2785;0.4024;22.6;38.5;45.6;1
2786;0.4017;22.7;38.4;45.6;1
2787;0.4015;22.7;38.4;45.6;1
2788;0.4039;22.9;38.5;45.7;1
2789;0.4031;22.8;38.6;45.7;1
2790;0.4032;23.0;38.6;45.7;1
2791;0.4018;22.9;38.6;45.7;1
2792;0.4023;23.0;38.6;45.8;1
2793;0.4031;23.0;38.6;45.8;1
2794;0.4034;23.0;38.7;45.8;1
2795;0.4024;23.0;38.7;45.8;1
2796;0.404;23.0;38.7;45.8;1
2797;0.4038;23.0;38.7;45.9;1
2798;0.4047;23.1;38.7;45.9;1
2799;0.4055;23.1;38.7;45.9;1
2800;0.4038;23.1;38.8;45.9;1
2801;0.4018;23.2;38.8;45.9;1
2802;0.4011;23.2;38.8;46.0;1
2803;0.4046;23.3;38.9;46.0;1
2804;0.4023;23.3;38.9;46.0;1
2805;0.4032;23.5;38.9;46.0;1
2806;0.405;23.6;39.1;46.1;1
2807;0.4033;23.6;39.0;46.1;1
2808;0.4046;23.7;39.1;46.1;1
2809;0.4046;23.7;39.1;46.1;1
2810;0.4056;23.8;39.2;46.2;1
2811;0.4051;23.8;39.2;46.2;1
2812;0.4039;24.0;39.2;46.2;1
2813;0.4028;24.0;39.2;46.3;1
2814;0.4029;24.0;39.3;46.3;1
2815;0.4038;24.1;39.3;46.3;1
2816;0.4043;24.1;39.3;46.3;1
2817;0.4055;24.1;39.3;46.3;1
2818;0.4059;24.2;39.3;46.3;1
2819;0.4058;24.2;39.4;46.4;1
2820;0.4063;24.2;39.4;46.4;1
2821;0.4031;24.2;39.4;46.4;1
2822;0.4033;24.3;39.5;46.5;1
2823;0.4055;24.5;39.5;46.5;1
2824;0.4035;24.4;39.5;46.6;1
2825;0.4018;24.5;39.7;46.5;1
2826;0.4035;24.6;39.6;46.5;1
2827;0.4009;24.5;39.7;46.6;1
2828;0.4017;24.6;39.7;46.6;1
2829;0.4026;24.6;39.7;46.6;1
2830;0.4032;24.7;39.8;46.6;1
2831;0.4023;24.7;39.8;46.6;1
2832;0.4014;24.7;39.7;46.6;1
2833;0.4023;24.6;39.9;46.6;1
2834;0.4029;24.6;39.9;46.6;1
2835;0.4022;24.7;39.9;46.6;1
2836;0.4;24.8;40.0;46.7;1
2837;0.4026;24.9;40.0;46.6;1
2838;0.4016;24.9;40.0;46.7;1
2839;0.4018;24.9;40.1;46.8;1
2840;0.4015;24.9;40.1;46.7;1
2841;0.3995;25.0;40.1;46.8;1
2842;0.4022;25.0;40.1;46.8;1
2843;0.4032;24.9;40.2;46.8;1
2844;0.4032;24.9;40.3;46.8;1
2845;0.4045;25.0;40.3;46.8;1
2846;0.4018;25.0;40.4;46.9;1
2847;0.4023;25.1;40.4;46.8;1
2848;0.4041;25.2;40.4;46.9;1
2849;0.4055;25.1;40.5;46.9;1
2850;0.4047;25.1;40.5;46.9;1
2851;0.4043;25.2;40.6;47.0;1
2852;0.4035;25.2;40.6;47.0;1
2853;0.4056;25.2;40.6;47.0;1
2854;0.4034;25.2;40.6;47.1;1
2855;0.4027;25.1;40.6;47.1;1
2856;0.4037;25.1;40.8;47.1;1
2857;0.4045;25.1;40.7;47.1;1
2858;0.4032;25.1;40.8;47.1;1
2859;0.4026;25.1;40.9;47.2;1
2860;0.4019;25.1;40.9;47.1;1
2861;0.4024;25.1;40.9;47.1;1
2862;0.4;25.1;41.0;47.1;1
2863;0.4019;25.1;41.0;47.2;1
2864;0.4025;25.1;41.1;47.2;1
2865;0.4004;25.1;41.1;47.2;1
2866;0.3986;25.0;41.1;47.2;1
2867;0.3988;25.0;41.2;47.2;1
2868;0.3996;24.9;41.2;47.2;1
2869;0.4009;24.9;41.2;47.2;1
2870;0.3992;24.9;41.2;47.2;1
2871;0.3987;24.8;41.2;47.2;1
2872;0.4001;24.8;41.2;47.2;1
2873;0.3983;24.8;41.3;47.2;1
2874;0.3977;24.7;41.2;47.2;1
2875;0.3993;24.7;41.2;47.2;1
2876;0.3981;24.7;41.3;47.3;1
2877;0.3995;24.7;41.3;47.3;1
2878;0.4007;24.7;41.3;47.3;1
2879;0.3999;24.7;41.3;47.3;1
2880;0.3991;24.7;41.3;47.3;1
2881;0.3976;24.7;41.3;47.3;1
2882;0.3962;24.7;41.4;47.3;1
2883;0.3938;24.7;41.4;47.3;1
2884;0.397;24.6;41.3;47.3;1
2885;0.3953;24.6;41.2;47.4;1
2886;0.3968;24.5;41.2;47.3;1
2887;0.3937;24.6;41.2;47.4;1
2888;0.3941;24.6;41.2;47.4;1
2889;0.394;24.5;41.2;47.4;1
2890;0.393;24.5;41.2;47.4;1
2891;0.3931;24.5;41.2;47.4;1
2892;0.3929;24.6;41.3;47.4;1
2893;0.393;24.5;41.3;47.3;1
2894;0.3918;24.6;41.3;47.3;1
2895;0.3915;24.5;41.3;47.3;1
2896;0.3918;24.6;41.3;47.3;1
2897;0.3916;24.5;41.2;47.3;1
2898;0.3898;24.5;41.2;47.3;1
2899;0.3912;24.5;41.2;47.3;1
2900;0.3881;24.6;41.2;47.2;1
2901;0.3887;24.5;41.2;47.2;1
2902;0.3898;24.4;41.2;47.2;1
2903;0.387;24.4;41.3;47.2;1
2904;0.3881;24.5;41.2;47.1;1
2905;0.3871;24.4;41.2;47.2;1
2906;0.3883;24.4;41.2;47.1;1
2907;0.3861;24.3;41.2;47.1;1
2908;0.386;24.3;41.2;47.1;1
2909;0.3876;24.3;41.2;47.1;1
2910;0.3858;24.3;41.2;47.2;1
2911;0.3864;24.3;41.2;47.2;1
2912;0.3892;24.3;41.2;47.2;1
2913;0.389;24.3;41.2;47.2;1
2914;0.3857;24.2;41.3;47.2;1
2915;0.3849;24.2;41.2;47.2;1
2916;0.3863;24.2;41.2;47.3;1
2917;0.3886;24.2;41.2;47.2;1
2918;0.3885;24.2;41.2;47.2;1
2919;0.3889;24.2;41.3;47.2;1
2920;0.3884;24.2;41.2;47.3;1
2921;0.391;24.1;41.2;47.3;1
2922;0.3865;24.1;41.3;47.3;1
2923;0.3871;24.1;41.2;47.3;1
2924;0.3871;24.1;41.3;47.3;1
2925;0.3867;24.2;41.3;47.2;1
2926;0.3837;24.2;41.2;47.3;1
2927;0.3849;24.2;41.3;47.2;1
2928;0.3844;24.3;41.3;47.2;1
2929;0.3854;24.2;41.2;47.2;1
2930;0.3859;24.2;41.2;47.1;1
2931;0.3851;24.2;41.2;47.2;1
2932;0.3844;24.2;41.3;47.2;1
2933;0.3853;24.2;41.4;47.1;1
2934;0.3817;24.2;41.3;47.2;1
2935;0.3824;24.2;41.4;47.2;1
2936;0.3824;24.2;41.5;47.2;1
2937;0.3829;24.2;41.5;47.2;1
2938;0.3827;24.2;41.5;47.2;1
2939;0.3835;24.2;41.6;47.3;1
2940;0.3878;24.2;41.6;47.2;1
2941;0.3853;24.2;41.7;47.3;1
2942;0.3834;24.2;41.7;47.3;1
2943;0.3843;24.2;41.8;47.3;1
2944;0.3838;24.2;41.8;47.3;1
2945;0.3831;24.3;41.9;47.3;1
2946;0.3848;24.3;41.8;47.3;1
2947;0.3851;24.3;41.8;47.3;1
2948;0.3855;24.3;41.9;47.3;1
2949;0.3852;24.3;42.0;47.3;1
2950;0.3846;24.3;42.0;47.3;1
2951;0.3886;24.3;42.0;47.4;1
2952;0.3866;24.3;42.0;47.5;1
2953;0.3906;24.3;42.1;47.5;1
2954;0.3868;24.4;42.1;47.5;1
2955;0.3872;24.4;42.1;47.5;1
2956;0.3833;24.5;42.1;47.4;1
2957;0.3836;24.4;42.1;47.5;1
2958;0.3826;24.5;42.1;47.5;1
2959;0.3833;24.4;41.9;47.5;1
2960;0.3843;24.3;42.0;47.5;1
2961;0.3843;24.3;41.8;47.6;1
2962;0.3835;24.3;41.8;47.5;1
2963;0.384;24.3;41.8;47.5;1
2964;0.3821;24.3;41.8;47.5;1
2965;0.3843;24.3;41.7;47.5;1
2966;0.3847;24.3;41.7;47.5;1
2967;0.3837;24.2;41.6;47.5;1
2968;0.383;24.2;41.6;47.5;1
2969;0.381;24.2;41.6;47.5;1
2970;0.3829;24.2;41.6;47.5;1
2971;0.3821;24.2;41.6;47.5;1
2972;0.3815;24.2;41.5;47.5;1
2973;0.3784;24.2;41.5;47.4;1
2974;0.3774;24.2;41.5;47.5;1
2975;0.3782;24.2;41.5;47.4;1
2976;0.3805;24.2;41.5;47.4;1
2977;0.3826;24.2;41.6;47.5;1
2978;0.3791;24.1;41.6;47.4;1
2979;0.3807;24.2;41.5;47.4;1
2980;0.38;24.2;41.6;47.5;1
2981;0.3824;24.2;41.5;47.5;1
2982;0.3809;24.2;41.7;47.4;1
2983;0.3799;24.2;41.6;47.5;1
2984;0.3798;24.2;41.6;47.5;1
2985;0.3788;24.2;41.6;47.5;1
2986;0.3791;24.2;41.6;47.5;1
2987;0.3786;24.2;41.6;47.5;1
2988;0.3795;24.3;41.6;47.5;1
2989;0.3791;24.3;41.6;47.5;1
2990;0.3804;24.3;41.6;47.5;1
2991;0.3833;24.3;41.6;47.5;1
2992;0.3794;24.3;41.6;47.5;1
2993;0.381;24.4;41.6;47.6;1
2994;0.3808;24.4;41.6;47.6;1
2995;0.3814;24.4;41.6;47.6;1
2996;0.3797;24.4;41.6;47.6;1
2997;0.3802;24.4;41.6;47.7;1
2998;0.3842;24.4;41.6;47.6;1
2999;0.3789;24.4;41.6;47.6;1
3000;0.3814;24.4;41.6;47.6;1
3001;0.3789;24.4;41.6;47.7;1
3002;0.3793;24.5;41.6;47.6;1
3003;0.3796;24.5;41.5;47.6;1
3004;0.3786;24.4;41.5;47.7;1
3005;0.3795;24.4;41.5;47.6;1
3006;0.3782;24.4;41.5;47.6;1
3007;0.378;24.3;41.5;47.6;1
3008;0.3782;24.4;41.4;47.6;1
3009;0.378;24.4;41.5;47.6;1
3010;0.3768;24.3;41.4;47.6;1
3011;0.377;24.3;41.4;47.6;1
3012;0.3785;24.3;41.4;47.6;1
3013;0.3775;24.3;41.4;47.6;1
3014;0.3748;24.3;41.4;47.6;1
3015;0.377;24.3;41.4;47.6;1
3016;0.378;24.3;41.4;47.6;1
3017;0.3779;24.4;41.4;47.6;1
3018;0.3769;24.4;41.4;47.6;1
3019;0.3754;24.4;41.4;47.6;1
3020;0.3746;24.4;41.4;47.6;1
3021;0.3758;24.4;41.4;47.6;1
3022;0.3753;24.4;41.4;47.6;1
3023;0.3778;24.4;41.5;47.5;1
3024;0.3765;24.4;41.5;47.5;1
3025;0.3769;24.5;41.4;47.6;1
3026;0.3782;24.3;41.5;47.6;1
3027;0.3769;24.3;41.5;47.6;1
3028;0.3771;24.3;41.5;47.6;1
3029;0.3784;24.2;41.5;47.6;1
3030;0.3774;24.2;41.4;47.5;1
3031;0.3782;24.2;41.5;47.6;1
3032;0.3773;24.2;41.5;47.7;1
3033;0.3788;24.2;41.5;47.7;1
3034;0.379;24.2;41.5;47.6;1
3035;0.3789;24.2;41.5;47.7;1
3036;0.3792;24.2;41.5;47.7;1
3037;0.3803;24.2;41.5;47.7;1
3038;0.3796;24.2;41.5;47.7;1
3039;0.3825;24.2;41.4;47.7;1
3040;0.3825;24.2;41.5;47.7;1
3041;0.381;24.2;41.5;47.7;1
3042;0.3813;24.2;41.5;47.7;1
3043;0.3809;24.2;41.6;47.7;1
3044;0.3807;24.3;41.5;47.7;1
3045;0.3806;24.3;41.5;47.7;1
3046;0.3807;24.3;41.6;47.8;1
3047;0.378;24.3;41.6;47.7;1
3048;0.3798;24.3;41.6;47.7;1
3049;0.3794;24.4;41.6;47.8;1
3050;0.3783;24.4;41.6;47.7;1
3051;0.3768;24.4;41.7;47.8;1
3052;0.3762;24.4;41.6;47.7;1
3053;0.3793;24.4;41.6;47.7;1
3054;0.3796;24.4;41.6;47.8;1
3055;0.3799;24.4;41.6;47.8;1
3056;0.3797;24.4;41.7;47.8;1
3057;0.3781;24.6;41.7;47.8;1
3058;0.3795;24.5;41.7;47.8;1
3059;0.38;24.5;41.7;47.8;1
3060;0.378;24.5;41.7;47.8;1
3061;0.3789;24.6;41.7;47.7;1
3062;0.38;24.7;41.7;47.7;1
3063;0.3791;24.7;41.7;47.8;1
3064;0.3777;24.6;41.7;47.8;1
3065;0.3808;24.6;41.7;47.8;1
3066;0.3766;24.6;41.8;47.8;1
3067;0.3771;24.6;41.9;47.8;1
3068;0.3779;24.6;41.9;47.8;1
3069;0.378;24.7;41.9;47.8;1
3070;0.3801;24.7;41.9;47.8;1
3071;0.3805;24.7;41.8;47.8;1
3072;0.3792;24.7;41.9;47.8;1
3073;0.3799;24.7;41.9;47.9;1
3074;0.3805;24.7;41.9;48.0;1
3075;0.3819;24.7;41.8;48.0;1
3076;0.3817;24.6;41.8;48.0;1
3077;0.3832;24.7;41.8;48.0;1
3078;0.3839;24.6;41.9;48.0;1
3079;0.3843;24.6;41.8;48.0;1
3080;0.3826;24.6;41.8;48.0;1
3081;0.3819;24.7;41.8;48.0;1
3082;0.3854;24.6;41.8;48.0;1
3083;0.3854;24.7;41.8;48.0;1
3084;0.3862;24.7;41.8;48.0;1
3085;0.3818;24.6;41.8;48.1;1
3086;0.3834;24.6;41.8;48.1;1
3087;0.3822;24.6;41.8;48.1;1
3088;0.3828;24.6;41.8;48.1;1
3089;0.3832;24.6;41.7;48.1;1
3090;0.3816;24.5;41.7;48.1;1
3091;0.3818;24.5;41.7;48.1;1
3092;0.3812;24.5;41.7;48.1;1
3093;0.3802;24.5;41.7;48.1;1
3094;0.3785;24.5;41.7;48.1;1
3095;0.3769;24.5;41.7;48.1;1
3096;0.3781;24.5;41.7;48.1;1
3097;0.3771;24.5;41.7;48.0;1
3098;0.3748;24.5;41.7;48.0;1
3099;0.3737;24.6;41.7;48.0;1
3100;0.3752;24.7;41.7;48.0;1
3101;0.3764;24.7;41.7;48.0;1
3102;0.3747;24.6;41.7;48.0;1
3103;0.3778;24.7;41.7;48.0;1
3104;0.3778;24.7;41.7;47.9;1
3105;0.3783;24.8;41.7;48.0;1
3106;0.3784;24.8;41.8;48.0;1
3107;0.3775;24.7;41.8;47.9;1
3108;0.3764;24.8;41.8;47.9;1
3109;0.3769;24.7;41.8;47.9;1
3110;0.3766;24.8;41.8;47.9;1
3111;0.3743;24.7;41.8;47.9;1
3112;0.3746;24.7;41.8;47.9;1
3113;0.3765;24.7;41.8;47.9;1
3114;0.3786;24.8;41.9;48.0;1
3115;0.379;24.8;41.8;48.0;1
3116;0.3811;24.8;41.8;48.0;1
3117;0.3805;24.9;41.8;48.0;1
3118;0.3793;24.9;41.9;48.0;1
3119;0.3775;24.9;41.8;48.0;1
3120;0.3783;24.9;41.8;48.0;1
3121;0.3764;24.9;41.9;48.0;1
3122;0.3777;24.9;41.9;48.0;1
3123;0.3758;24.9;41.9;48.0;1
3124;0.3778;24.9;41.8;48.0;1
3125;0.378;25.0;41.9;48.0;1
3126;0.3777;25.0;41.8;48.0;1
3127;0.3775;24.9;41.8;48.0;1
3128;0.3772;24.9;41.8;48.0;1
3129;0.3764;24.9;41.8;48.0;1
3130;0.3771;24.9;41.8;47.9;1
3131;0.3764;24.9;41.8;47.9;1
3132;0.3773;24.9;41.8;47.9;1
3133;0.3766;24.9;41.9;47.9;1
3134;0.3764;24.9;41.8;47.9;1
3135;0.3763;24.9;41.8;47.9;1
3136;0.3754;24.9;41.8;47.9;1
3137;0.3778;24.9;41.8;47.9;1
3138;0.3762;24.9;41.8;47.9;1
3139;0.3736;24.9;41.8;47.9;1
3140;0.3744;24.8;41.8;47.9;1
3141;0.3737;24.9;41.8;47.9;1
3142;0.3763;24.7;41.8;47.9;1
3143;0.3778;24.8;41.8;47.9;1
3144;0.3767;24.7;41.8;47.8;1
3145;0.3781;24.7;41.8;47.9;1
3146;0.3775;24.6;41.8;47.9;1
3147;0.375;24.7;41.9;47.8;1
3148;0.3776;24.6;41.8;47.8;1
3149;0.3776;24.6;41.7;47.8;1
3150;0.3767;24.7;41.7;47.8;1
3151;0.3769;24.8;41.7;47.8;1
3152;0.3733;24.8;41.8;47.8;1
3153;0.3728;24.8;41.8;47.8;1
3154;0.374;24.8;41.8;47.8;1
3155;0.3759;24.8;41.9;47.7;1
3156;0.3729;24.7;41.9;47.8;1
3157;0.3747;24.7;41.9;47.8;1
3158;0.3749;24.7;41.8;47.9;1
3159;0.3758;24.7;41.9;47.9;1
3160;0.3764;24.8;41.8;47.8;1
3161;0.3741;24.8;41.8;47.9;1
3162;0.3736;24.8;41.8;47.8;1
3163;0.3725;24.8;41.8;47.8;1
3164;0.3703;24.8;41.8;47.8;1
3165;0.3722;24.7;41.8;47.8;1
3166;0.3717;24.8;41.8;47.8;1
3167;0.3719;24.8;41.8;47.8;1
3168;0.3713;24.8;41.9;47.8;1
3169;0.3726;24.8;41.8;47.8;1
3170;0.3737;24.8;41.7;47.8;1
3171;0.3732;24.8;41.7;47.8;1
3172;0.3726;24.7;41.7;47.8;1
3173;0.3701;24.7;41.7;47.8;1
3174;0.3663;24.7;41.7;47.7;1
3175;0.3698;24.8;41.7;47.7;1
3176;0.3701;24.8;41.7;47.7;1
3177;0.3723;24.8;41.7;47.7;1
3178;0.3721;24.8;41.7;47.7;1
3179;0.3747;24.8;41.7;47.7;1
3180;0.3741;24.8;41.6;47.7;1
3181;0.3741;24.7;41.6;47.7;1
3182;0.375;24.7;41.6;47.7;1
3183;0.3732;24.7;41.6;47.6;1
3184;0.3724;24.6;41.6;47.7;1
3185;0.373;24.6;41.6;47.7;1
3186;0.3729;24.6;41.7;47.7;1
3187;0.3721;24.7;41.6;47.7;1
3188;0.371;24.7;41.6;47.6;1
3189;0.3707;24.7;41.5;47.6;1
3190;0.3744;24.7;41.5;47.6;1
3191;0.3716;24.6;41.5;47.6;1
3192;0.3714;24.5;41.5;47.6;1
3193;0.3714;24.5;41.5;47.6;1
3194;0.3723;24.4;41.5;47.6;1
3195;0.3701;24.5;41.4;47.6;1
3196;0.3734;24.3;41.4;47.6;1
3197;0.3728;24.3;41.4;47.6;1
3198;0.3711;24.3;41.4;47.5;1
3199;0.3725;24.3;41.4;47.5;1
3200;0.3734;24.2;41.3;47.5;1
3201;0.3728;24.2;41.3;47.5;1
3202;0.373;24.2;41.4;47.5;1
3203;0.3708;24.2;41.3;47.5;1
3204;0.369;24.2;41.3;47.5;1
3205;0.3726;24.2;41.3;47.5;1
3206;0.3716;24.0;41.3;47.5;1
3207;0.3731;24.1;41.3;47.5;1
3208;0.3705;24.1;41.3;47.6;1
3209;0.3671;24.0;41.3;47.5;1
3210;0.3661;24.0;41.3;47.4;1
3211;0.3643;24.0;41.3;47.4;1
3212;0.3635;24.0;41.3;47.4;1
3213;0.3663;24.0;41.2;47.4;1
3214;0.366;24.0;41.2;47.4;1
3215;0.3657;24.0;41.2;47.4;1
3216;0.3676;24.0;41.2;47.3;1
3217;0.3659;24.0;41.2;47.3;1
3218;0.3649;24.0;41.2;47.3;1
3219;0.3637;24.0;41.2;47.3;1
3220;0.3632;23.9;41.2;47.3;1
3221;0.3626;23.9;41.1;47.3;1
3222;0.3632;23.7;41.2;47.2;1
3223;0.3629;23.7;41.2;47.2;1
3224;0.3633;23.7;41.2;47.2;1
3225;0.3636;23.6;41.1;47.2;1
3226;0.3604;23.6;41.1;47.1;1
3227;0.362;23.6;41.1;47.1;1
3228;0.3641;23.6;41.1;47.1;1
3229;0.3644;23.6;41.1;47.1;1
3230;0.3625;23.6;41.1;47.1;1
3231;0.3636;23.5;41.1;47.1;1
3232;0.363;23.5;41.1;47.1;1
3233;0.3654;23.5;41.1;47.1;1
3234;0.364;23.5;41.1;47.1;1
3235;0.363;23.5;41.1;47.1;1
3236;0.3631;23.5;41.0;47.1;1
3237;0.3636;23.5;41.0;47.2;1
3238;0.362;23.4;41.0;47.1;1
3239;0.3625;23.4;41.0;47.1;1
3240;0.3592;23.4;41.0;47.0;1
3241;0.3621;23.4;41.0;47.0;1
3242;0.3588;23.3;41.0;47.0;1
3243;0.3596;23.3;41.0;47.0;1
3244;0.3626;23.4;40.9;47.0;1
3245;0.3642;23.4;40.9;47.0;1
3246;0.3615;23.3;40.8;47.1;1
3247;0.3628;23.3;40.9;47.0;1
3248;0.3638;23.3;40.9;47.0;1
3249;0.3622;23.2;40.9;47.0;1
3250;0.3625;23.2;40.9;47.0;1
3251;0.3639;23.2;40.9;47.0;1
3252;0.3647;23.2;40.8;47.0;1
3253;0.3635;23.2;40.9;47.1;1
3254;0.3625;23.2;40.8;47.0;1
3255;0.3627;23.3;40.7;47.0;1
3256;0.3636;23.2;40.8;47.1;1
3257;0.3615;23.2;40.8;47.1;1
3258;0.362;23.1;40.8;47.0;1
3259;0.3624;23.1;40.7;47.1;1
3260;0.3632;23.2;40.8;47.1;1
3261;0.3647;23.2;40.8;47.0;1
3262;0.3646;23.1;40.8;47.1;1
3263;0.3658;23.1;40.8;47.0;1
3264;0.3659;23.1;40.7;47.1;1
3265;0.3654;23.0;40.7;47.1;1
3266;0.3665;23.0;40.8;47.1;1
3267;0.3661;23.0;40.7;47.1;1
3268;0.3631;23.0;40.7;47.1;1
3269;0.3637;22.9;40.7;47.0;1
3270;0.3656;22.9;40.6;47.0;1
3271;0.3647;22.8;40.6;47.0;1
3272;0.3679;22.9;40.6;47.0;1
3273;0.3673;22.8;40.6;47.1;1
3274;0.3684;22.8;40.6;47.1;1
3275;0.3681;22.8;40.7;47.1;1
3276;0.3662;22.9;40.7;47.1;1
3277;0.3655;22.8;40.6;47.1;1
3278;0.3672;22.9;40.6;47.1;1
3279;0.3654;22.9;40.5;47.0;1
3280;0.3638;22.9;40.5;47.1;1
3281;0.3643;22.9;40.5;47.0;1
3282;0.3653;22.9;40.6;47.0;1
3283;0.3629;22.9;40.5;47.0;1
3284;0.361;22.9;40.5;47.0;1
3285;0.3636;22.9;40.5;47.0;1
3286;0.3646;22.8;40.5;47.0;1
3287;0.3649;22.8;40.5;47.0;1
3288;0.3659;22.7;40.5;47.0;1
3289;0.3642;22.7;40.5;47.0;1
3290;0.3638;22.7;40.4;47.0;1
3291;0.3637;22.7;40.4;47.0;1
3292;0.3621;22.7;40.4;47.0;1
3293;0.3638;22.8;40.3;47.0;1
3294;0.3647;22.8;40.4;47.0;1
3295;0.3622;22.6;40.4;46.9;1
3296;0.3625;22.7;40.4;46.9;1
3297;0.3631;22.6;40.4;47.0;1
3298;0.3633;22.7;40.4;47.0;1
3299;0.3615;22.7;40.4;47.0;1
3300;0.3615;22.6;40.3;46.9;1
3301;0.3628;22.6;40.3;47.0;1
3302;0.3628;22.5;40.3;46.9;1
3303;0.3598;22.5;40.3;46.9;1
3304;0.3609;22.5;40.3;46.9;1
3305;0.36;22.5;40.2;46.8;1
3306;0.3597;22.5;40.2;46.9;1
3307;0.3584;22.5;40.2;46.8;1
3308;0.358;22.5;40.2;46.8;1
3309;0.3567;22.5;40.3;46.7;1
3310;0.3575;22.5;40.2;46.8;1
3311;0.3579;22.5;40.3;46.8;1
3312;0.3587;22.4;40.3;46.7;1
3313;0.3589;22.5;40.2;46.6;1
3314;0.3593;22.5;40.2;46.7;1
3315;0.3596;22.4;40.2;46.7;1
3316;0.3593;22.5;40.1;46.7;1
3317;0.3596;22.4;40.1;46.6;1
3318;0.3588;22.4;40.1;46.6;1
3319;0.3559;22.3;40.1;46.6;1
3320;0.3555;22.3;40.1;46.6;1
3321;0.3567;22.3;40.1;46.5;1
3322;0.3564;22.3;40.1;46.5;1
3323;0.3551;22.3;40.1;46.4;1
3324;0.3557;22.2;40.0;46.5;1
3325;0.3561;22.2;40.0;46.4;1
3326;0.3552;22.2;40.0;46.4;1
3327;0.3551;22.2;40.0;46.4;1
3328;0.3557;22.2;40.0;46.4;1
3329;0.3558;22.2;40.0;46.3;1
3330;0.3562;22.2;40.0;46.4;1
3331;0.3549;22.2;40.0;46.3;1
3332;0.356;22.2;39.9;46.3;1
3333;0.3564;22.1;39.9;46.3;1
3334;0.3538;22.2;39.9;46.3;1
3335;0.3567;22.1;39.9;46.3;1
3336;0.3546;22.2;39.9;46.3;1
3337;0.3559;22.1;39.9;46.3;1
3338;0.3551;22.2;39.9;46.3;1
3339;0.3554;22.2;39.9;46.2;1
3340;0.3554;22.2;39.9;46.2;1
3341;0.3554;22.2;39.9;46.1;1
3342;0.3554;22.2;39.8;46.2;1
3343;0.356;22.2;39.8;46.2;1
3344;0.3544;22.2;39.8;46.1;1
3345;0.3541;22.1;39.8;46.2;1
3346;0.3534;22.1;39.8;46.1;1
3347;0.3532;22.0;39.8;46.1;1
3348;0.3518;22.0;39.8;46.1;1
3349;0.3505;22.1;39.7;46.1;1
3350;0.3504;22.1;39.7;46.1;1
3351;0.3521;22.0;39.6;46.0;1
3352;0.3511;22.1;39.6;46.0;1
3353;0.352;22.1;39.6;46.0;1
3354;0.3525;22.0;39.6;46.0;1
3355;0.3512;22.0;39.7;46.0;1
3356;0.3523;21.9;39.6;46.0;1
3357;0.3523;21.9;39.6;45.9;1
3358;0.3517;21.9;39.6;45.9;1
3359;0.3502;21.9;39.6;45.9;1
3360;0.3485;21.9;39.6;45.9;1
3361;0.3492;21.9;39.5;45.9;1
3362;0.3487;22.0;39.5;45.9;1
3363;0.3493;22.0;39.5;45.9;1
3364;0.3484;21.9;39.5;45.9;1
3365;0.3503;21.9;39.5;45.9;1
3366;0.3469;21.8;39.5;45.9;1
3367;0.3455;21.8;39.5;45.9;1
3368;0.3469;21.7;39.5;45.9;1
3369;0.3464;21.8;39.5;45.9;1
3370;0.3441;21.8;39.5;45.8;1
3371;0.3442;21.8;39.5;45.7;1
3372;0.3439;21.8;39.4;45.7;1
3373;0.3426;21.8;39.4;45.7;1
3374;0.3416;21.8;39.4;45.6;1
3375;0.3415;21.8;39.4;45.6;1
3376;0.3439;21.8;39.4;45.5;1
3377;0.3425;21.7;39.4;45.6;1
3378;0.342;21.7;39.4;45.5;1
3379;0.3402;21.6;39.4;45.5;1
3380;0.3402;21.6;39.3;45.5;1
3381;0.3396;21.7;39.3;45.4;1
3382;0.3398;21.7;39.3;45.4;1
3383;0.3399;21.6;39.3;45.4;1
3384;0.3417;21.6;39.3;45.4;1
3385;0.3418;21.6;39.3;45.3;1
3386;0.3409;21.6;39.2;45.3;1
3387;0.3406;21.6;39.2;45.3;1
3388;0.3395;21.6;39.2;45.2;1
3389;0.3379;21.6;39.1;45.3;1
3390;0.3385;21.6;39.1;45.2;1
3391;0.3387;21.6;39.2;45.2;1
3392;0.3386;21.6;39.2;45.1;1
3393;0.337;21.5;39.2;45.2;1
3394;0.3357;21.5;39.2;45.1;1
3395;0.3359;21.5;39.2;45.0;1
3396;0.3345;21.4;39.2;45.1;1
3397;0.3355;21.4;39.1;45.0;1
3398;0.333;21.5;39.1;45.1;1
3399;0.3329;21.4;39.1;44.8;1
3400;0.334;21.5;39.1;44.9;1
3401;0.3336;21.3;39.1;45.0;1
3402;0.3324;21.3;39.0;44.8;1
3403;0.3349;21.3;39.0;44.8;1
3404;0.3352;21.3;39.0;44.7;1
3405;0.3341;21.3;38.9;44.7;1
3406;0.3335;21.2;38.9;44.7;1
3407;0.333;21.2;38.9;44.7;1
3408;0.3339;21.2;38.9;44.7;1
3409;0.3319;21.2;39.0;44.6;1
3410;0.3316;21.1;38.9;44.6;1
3411;0.331;21.1;38.8;44.6;1
3412;0.331;21.1;38.8;44.7;1
3413;0.331;21.1;38.8;44.5;1
3414;0.3299;21.1;38.8;44.5;1
3415;0.3306;20.9;38.8;44.5;1
3416;0.3307;20.9;38.8;44.5;1
3417;0.3307;20.9;38.9;44.5;1
3418;0.3321;20.9;38.8;44.4;1
3419;0.3297;20.9;38.7;44.4;1
3420;0.329;20.9;38.7;44.4;1
3421;0.3289;20.9;38.6;44.3;1
3422;0.3297;20.9;38.7;44.3;1
3423;0.3301;20.9;38.7;44.3;1
3424;0.3305;20.9;38.7;44.3;1
3425;0.3297;21.0;38.7;44.3;1
3426;0.3293;20.9;38.6;44.3;1
3427;0.3303;20.9;38.6;44.2;1
3428;0.3312;20.9;38.5;44.2;1
3429;0.3302;20.9;38.5;44.2;1
3430;0.3276;20.9;38.6;44.2;1
3431;0.3295;20.9;38.6;44.2;1
3432;0.3267;20.9;38.6;44.1;1
3433;0.3266;20.9;38.5;44.1;1
3434;0.3251;21.0;38.6;44.1;1
3435;0.3249;21.0;38.6;44.0;1
3436;0.3227;21.0;38.6;44.0;1
3437;0.3233;21.1;38.6;44.0;1
3438;0.3233;21.1;38.6;43.9;1
3439;0.3228;21.1;38.6;43.9;1
3440;0.3237;21.0;38.5;43.9;1
3441;0.3235;21.0;38.4;43.9;1
3442;0.324;21.0;38.5;43.9;1
3443;0.3235;21.0;38.5;43.8;1
3444;0.3219;20.9;38.5;43.8;1
3445;0.3216;20.9;38.5;43.8;1
3446;0.3212;20.9;38.5;43.7;1
3447;0.3225;20.9;38.5;43.7;1
3448;0.3225;21.0;38.4;43.7;1
3449;0.3215;21.0;38.4;43.7;1
3450;0.3218;21.0;38.3;43.6;1
3451;0.321;21.0;38.3;43.6;1
3452;0.3226;20.9;38.3;43.5;1
3453;0.3206;20.8;38.3;43.5;1
3454;0.3221;20.8;38.3;43.5;1
3455;0.3232;20.8;38.3;43.5;1
3456;0.3215;20.8;38.3;43.5;1
3457;0.3194;20.9;38.3;43.4;1
3458;0.3196;20.8;38.3;43.5;1
3459;0.3167;20.8;38.3;43.4;1
3460;0.3186;20.8;38.3;43.4;1
3461;0.3165;20.8;38.2;43.4;1
3462;0.3152;20.9;38.3;43.4;1
3463;0.3156;20.8;38.2;43.3;1
3464;0.3175;20.8;38.1;43.3;1
3465;0.3163;20.8;38.2;43.3;1
3466;0.3172;20.8;38.2;43.2;1
3467;0.3147;20.8;38.1;43.2;1
3468;0.3154;20.8;38.1;43.2;1
3469;0.3137;20.8;38.1;43.1;1
3470;0.3139;20.7;38.1;43.1;1
3471;0.3133;20.8;38.1;43.0;1
3472;0.3149;20.8;38.1;43.0;1
3473;0.3153;20.8;38.1;43.0;1
3474;0.3159;20.7;38.0;42.9;1
3475;0.3153;20.7;38.0;42.9;1
3476;0.3152;20.7;38.0;42.9;1
3477;0.3143;20.6;37.9;42.6;1
3478;0.3134;20.6;37.9;42.8;1
3479;0.3128;20.6;38.0;42.8;1
3480;0.312;20.6;37.9;42.5;1
3481;0.3115;20.6;37.9;42.8;1
3482;0.3107;20.6;37.9;42.6;1
3483;0.3104;20.5;38.0;42.7;1
3484;0.3102;20.5;38.0;42.7;1
3485;0.3108;20.5;38.0;42.5;1
3486;0.3097;20.5;37.9;42.4;1
3487;0.3092;20.4;37.9;42.4;1
3488;0.3066;20.4;37.9;42.3;1
3489;0.3074;20.4;37.9;42.3;1
3490;0.3089;20.4;37.9;42.5;1
3491;0.3096;20.4;37.8;42.5;1
3492;0.3098;20.4;37.8;42.5;1
3493;0.3088;20.5;37.8;42.3;1
3494;0.31;20.5;37.8;42.2;1
3495;0.3114;20.5;37.8;42.2;1
3496;0.3119;20.5;37.7;42.2;1
3497;0.3059;20.3;37.4;42.1;1
3498;0.3042;20.1;37.3;42.0;1
3499;0.3053;20.1;37.2;41.9;1
3500;0.3047;20.0;37.2;41.9;1
3501;0.3046;19.9;37.1;41.8;1
3502;0.3061;19.8;37.1;41.8;1
3503;0.3052;19.8;37.0;41.8;1
3504;0.3058;19.8;37.0;41.8;1
3505;0.3043;19.7;37.0;41.8;1
3506;0.3038;19.6;37.0;41.8;1
3507;0.3035;19.6;36.8;41.8;1
3508;0.3035;19.5;36.9;41.7;1
3509;0.3044;19.6;36.7;41.7;1
3510;0.303;19.5;36.8;41.7;1
3511;0.3049;19.4;36.7;41.6;1
3512;0.3037;19.4;36.6;41.6;1
3513;0.3035;19.4;36.6;41.6;1
3514;0.3053;19.4;36.7;41.6;1
3515;0.3049;19.3;36.3;41.5;1
3516;0.3046;19.2;36.4;41.5;1
3517;0.3062;19.1;36.3;41.5;1
3518;0.3052;19.2;36.2;41.3;1
3519;0.3038;19.2;36.3;41.4;1
3520;0.3056;19.1;36.3;41.4;1
3521;0.3062;19.0;36.3;41.4;1
3522;0.3067;19.0;36.1;41.4;1
3523;0.3071;19.0;36.1;41.4;1
3524;0.3065;19.0;36.1;41.4;1
3525;0.3074;19.1;36.1;41.4;1
3526;0.3052;19.0;36.1;41.3;1
3527;0.3064;19.0;36.0;41.3;1
3528;0.3055;18.9;36.0;41.2;1
3529;0.3067;18.9;36.0;41.2;1
3530;0.3042;18.9;36.0;41.2;1
3531;0.3039;18.9;35.9;41.2;1
3532;0.3036;18.9;35.9;41.2;1
3533;0.3038;18.8;35.9;41.2;1
3534;0.3029;18.8;35.8;41.1;1
3535;0.3017;18.8;35.8;41.1;1
3536;0.3029;18.9;35.8;41.0;1
3537;0.301;18.8;35.8;41.0;1
3538;0.302;18.8;35.8;41.0;1
3539;0.3011;18.8;35.8;41.0;1
3540;0.3027;18.7;35.8;40.9;1
3541;0.3025;18.7;35.7;40.9;1
3542;0.299;18.7;35.7;40.9;1
3543;0.3017;18.7;35.6;40.9;1
3544;0.3014;18.7;35.6;40.9;1
3545;0.3006;18.7;35.6;40.8;1
3546;0.2991;18.7;35.6;40.6;1
3547;0.2993;18.7;35.6;40.8;1
3548;0.2983;18.7;35.6;40.6;1
3549;0.2981;18.7;35.6;40.6;1
3550;0.2992;18.7;35.5;40.6;1
3551;0.2983;18.7;35.5;40.6;1
3552;0.2972;18.7;35.5;40.5;1
3553;0.2974;18.7;35.5;40.5;1
3554;0.2966;18.7;35.5;40.5;1
3555;0.2952;18.7;35.5;40.5;1
3556;0.2963;18.7;35.5;40.5;1
3557;0.2945;18.7;35.5;40.5;1
3558;0.2967;18.7;35.5;40.4;1
3559;0.2969;18.7;35.5;40.4;1
3560;0.2976;18.7;35.4;40.4;1
3561;0.2969;18.7;35.4;40.3;1
3562;0.2959;18.7;35.4;40.3;1
3563;0.2946;18.7;35.4;40.3;1
3564;0.2957;18.7;35.4;40.1;1
3565;0.2948;18.7;35.4;40.0;1
3566;0.2952;18.7;35.3;40.0;1
3567;0.2949;18.7;35.3;40.0;1
3568;0.2962;18.7;35.3;39.9;1
3569;0.295;18.7;35.3;39.9;1
3570;0.2939;18.7;35.3;39.9;1
3571;0.2943;18.7;35.3;39.9;1
3572;0.2934;18.7;35.2;39.9;1
3573;0.2935;18.6;35.2;39.9;1
3574;0.2929;18.6;35.2;39.9;1
3575;0.295;18.6;35.2;39.8;1
3576;0.2948;18.6;35.1;39.8;1
3577;0.2951;18.6;35.2;39.8;1
3578;0.2926;18.6;35.2;39.7;1
3579;0.2936;18.6;35.2;39.7;1
3580;0.2942;18.6;35.2;39.7;1
3581;0.295;18.6;35.2;39.7;1
3582;0.294;18.5;35.2;39.7;1
3583;0.2943;18.6;35.1;39.7;1
3584;0.2946;18.6;35.1;39.7;1
3585;0.2927;18.6;35.1;39.7;1
3586;0.292;18.6;35.0;39.6;1
3587;0.2923;18.6;35.1;39.6;1
3588;0.2931;18.6;35.1;39.6;1
3589;0.291;18.6;35.1;39.6;1
3590;0.291;18.7;35.1;39.5;1
3591;0.2904;18.7;35.1;39.5;1
3592;0.2908;18.7;35.1;39.5;1
3593;0.2907;18.7;35.1;39.5;1
3594;0.2891;18.6;35.0;39.5;1
3595;0.2912;18.6;35.0;39.4;1
3596;0.2926;18.7;35.0;39.4;1
3597;0.2921;18.6;35.0;39.4;1
3598;0.291;18.7;35.0;39.4;1
3599;0.2912;18.7;35.0;39.4;1
3600;0.2917;18.7;35.0;39.4;1
3601;0.2924;18.7;34.9;39.4;1
3602;0.2925;18.7;34.9;39.3;1
3603;0.2911;18.7;35.0;39.3;1
3604;0.289;18.7;35.0;39.4;1
3605;0.2903;18.7;35.0;39.3;1
3606;0.2897;18.7;35.0;39.2;1
3607;0.2909;18.7;35.0;39.2;1
3608;0.2924;18.7;35.0;39.2;1
3609;0.2929;18.8;35.1;39.2;1
3610;0.2938;18.8;35.0;39.2;1
3611;0.2924;18.8;35.1;39.2;1
3612;0.2931;18.8;35.0;39.2;1
3613;0.2946;18.8;35.1;39.2;1
3614;0.2945;18.8;35.0;39.2;1
3615;0.295;18.8;35.0;39.2;1
3616;0.2953;18.8;35.0;39.2;1
3617;0.2926;18.8;35.0;39.2;1
3618;0.2927;18.8;35.0;39.1;1
3619;0.2898;18.9;35.0;39.2;1
3620;0.2909;18.8;35.1;39.1;1
3621;0.2894;18.9;35.0;39.1;1
3622;0.2895;18.9;35.0;39.1;1
3623;0.289;18.9;35.0;39.0;1
3624;0.2874;18.9;35.0;39.0;1
3625;0.2889;18.8;35.0;39.0;1
3626;0.288;18.8;35.1;39.0;1
3627;0.2868;18.8;35.0;39.0;1
3628;0.2896;18.8;35.0;39.0;1
3629;0.2876;18.8;35.1;38.9;1
3630;0.2864;18.8;35.2;39.0;1
3631;0.2866;18.8;35.2;38.9;1
3632;0.286;18.8;35.2;38.9;1
3633;0.2862;18.8;35.1;38.9;1
3634;0.2863;18.8;35.2;38.8;1
3635;0.2858;18.8;35.2;38.8;1
3636;0.2855;18.8;35.2;38.8;1
3637;0.2842;18.7;35.2;38.8;1
3638;0.2852;18.8;35.1;38.8;1
3639;0.287;18.8;35.1;38.8;1
3640;0.2877;18.8;35.1;38.8;1
3641;0.2863;18.8;35.1;38.8;1
3642;0.2854;18.8;35.1;38.8;1
3643;0.2848;18.8;35.1;38.7;1
3644;0.2862;18.8;35.1;38.8;1
3645;0.2865;18.8;35.2;38.7;1
3646;0.2863;18.8;35.2;38.8;1
3647;0.2852;18.8;35.1;38.7;1
3648;0.286;18.9;35.2;38.7;1
3649;0.2847;18.9;35.2;38.7;1
3650;0.2845;18.9;35.2;38.7;1
3651;0.2868;18.9;35.2;38.6;1
3652;0.2865;18.9;35.2;38.6;1
3653;0.2862;18.9;35.2;38.6;1
3654;0.287;18.9;35.2;38.6;1
3655;0.2863;18.9;35.2;38.6;1
3656;0.2854;18.9;35.2;38.6;1
3657;0.2856;18.9;35.2;38.6;1
3658;0.2849;18.9;35.2;38.6;1
3659;0.2841;19.0;35.1;38.6;1
3660;0.2865;19.0;35.0;38.5;1
3661;0.2858;18.9;35.0;38.5;1
3662;0.2859;19.0;35.0;38.6;1
3663;0.285;18.9;35.1;38.5;1
3664;0.2844;18.9;35.1;38.5;1
3665;0.2852;18.9;35.2;38.5;1
3666;0.2849;18.9;35.2;38.5;1
3667;0.2834;18.9;35.2;38.5;1
3668;0.2823;18.9;35.2;38.5;1
3669;0.2828;18.9;35.2;38.5;1
3670;0.2844;19.0;35.2;38.5;1
3671;0.2849;19.0;35.2;38.5;1
3672;0.2843;19.0;35.2;38.5;1
3673;0.2845;19.0;35.2;38.4;1
3674;0.2827;19.0;35.2;38.4;1
3675;0.2822;19.0;35.1;38.4;1
3676;0.2824;19.0;35.2;38.4;1
3677;0.2823;19.0;35.2;38.4;1
3678;0.2832;18.9;35.2;38.3;1
3679;0.2817;18.9;35.2;38.3;1
3680;0.2838;18.9;35.2;38.4;1
3681;0.2837;18.9;35.2;38.3;1
3682;0.2818;18.9;35.2;38.3;1
3683;0.2837;18.9;35.2;38.3;1
3684;0.2849;18.9;35.2;38.3;1
3685;0.2859;18.9;35.2;38.3;1
3686;0.285;18.9;35.2;38.3;1
3687;0.2858;18.9;35.1;38.3;1
3688;0.286;18.9;35.1;38.4;1
3689;0.2852;18.9;35.0;38.3;1
3690;0.2857;18.9;35.0;38.3;1
3691;0.2846;18.9;35.0;38.3;1
3692;0.2852;18.9;35.1;38.3;1
3693;0.2851;18.9;35.1;38.3;1
3694;0.2844;18.9;35.0;38.3;1
3695;0.2852;18.9;35.0;38.3;1
3696;0.2852;18.9;35.0;38.3;1
3697;0.2844;18.9;35.0;38.3;1
3698;0.2838;18.9;35.0;38.3;1
3699;0.282;18.9;35.0;38.3;1
3700;0.2839;18.9;35.0;38.3;1
3701;0.2829;18.9;34.9;38.3;1
3702;0.2826;18.9;34.9;38.2;1
3703;0.2845;18.9;34.9;38.2;1
3704;0.2841;18.9;34.9;38.2;1
3705;0.2842;18.8;34.7;38.2;1
3706;0.2854;18.8;34.8;38.2;1
3707;0.2849;18.8;34.8;38.2;1
3708;0.2843;18.8;34.8;38.2;1
3709;0.2846;18.7;34.6;38.2;1
3710;0.2825;18.7;34.7;38.1;1
3711;0.2826;18.7;34.7;38.1;1
3712;0.2797;18.7;34.7;38.1;1
3713;0.2816;18.7;34.6;38.1;1
3714;0.2826;18.7;34.5;38.1;1
3715;0.283;18.7;34.5;38.0;1
3716;0.2832;18.7;34.5;38.0;1
3717;0.2844;18.6;34.4;38.0;1
3718;0.2849;18.6;34.4;38.0;1
3719;0.2843;18.7;34.5;37.9;1
3720;0.2842;18.7;34.3;37.9;1
3721;0.2844;18.6;34.3;37.9;1
3722;0.2834;18.6;34.3;38.0;1
3723;0.2829;18.6;34.3;37.9;1
3724;0.2825;18.6;34.3;37.9;1
3725;0.2832;18.6;34.3;37.9;1
3726;0.283;18.6;34.2;37.9;1
3727;0.2843;18.7;34.2;37.9;1
3728;0.284;18.7;34.2;37.9;1
3729;0.2835;18.7;34.2;37.8;1
3730;0.2826;18.7;34.2;37.9;1
3731;0.2816;18.7;34.2;37.8;1
3732;0.283;18.7;34.2;37.8;1
3733;0.2811;18.7;34.2;37.9;1
3734;0.2831;18.7;34.2;37.9;1
3735;0.2827;18.7;34.2;37.9;1
3736;0.2828;18.7;34.2;37.8;1
3737;0.2838;18.7;34.2;37.8;1
3738;0.2845;18.7;34.2;37.8;1
3739;0.2839;18.7;34.2;37.8;1
3740;0.2841;18.7;34.2;37.8;1
3741;0.2848;18.7;34.1;37.8;1
3742;0.285;18.7;34.2;37.8;1
3743;0.2831;18.7;34.1;37.8;1
3744;0.2844;18.7;34.1;37.7;1
3745;0.2847;18.7;34.1;37.7;1
3746;0.2844;18.7;34.2;37.8;1
3747;0.2841;18.7;34.1;37.8;1
3748;0.2841;18.6;34.1;37.7;1
3749;0.2824;18.7;34.2;37.7;1
3750;0.2812;18.7;34.1;37.7;1
3751;0.2825;18.6;34.1;37.7;1
3752;0.2833;18.7;34.1;37.7;1
3753;0.2835;18.6;34.1;37.7;1
3754;0.2818;18.6;34.1;37.7;1
3755;0.2824;18.6;34.1;37.7;1
3756;0.2829;18.7;34.1;37.7;1
3757;0.2841;18.6;34.1;37.7;1
3758;0.2826;18.6;34.1;37.7;1
3759;0.2833;18.7;34.1;37.7;1
3760;0.2825;18.6;34.1;37.7;1
3761;0.283;18.6;34.1;37.7;1
3762;0.2837;18.6;34.1;37.7;1
3763;0.2834;18.6;34.1;37.6;1
3764;0.2835;18.6;34.1;37.7;1
3765;0.2854;18.6;34.1;37.7;1
3766;0.2846;18.6;34.1;37.7;1
3767;0.2843;18.6;34.1;37.7;1
3768;0.2848;18.6;34.1;37.7;1
3769;0.2846;18.6;34.2;37.7;1
3770;0.2853;18.6;34.2;37.7;1
3771;0.2857;18.6;34.1;37.6;1
3772;0.2864;18.6;34.2;37.7;1
3773;0.2857;18.6;34.2;37.7;1
3774;0.2855;18.6;34.1;37.7;1
3775;0.2845;18.6;34.2;37.7;1
3776;0.2854;18.6;34.2;37.7;1
3777;0.2849;18.6;34.2;37.7;1
3778;0.2855;18.6;34.2;37.7;1
3779;0.285;18.6;34.2;37.7;1
3780;0.2841;18.6;34.2;37.7;1
3781;0.2857;18.7;34.2;37.6;1
3782;0.2839;18.7;34.2;37.7;1
3783;0.2839;18.6;34.2;37.7;1
3784;0.2857;18.6;34.2;37.7;1
3785;0.2851;18.6;34.2;37.7;1
3786;0.2839;18.6;34.2;37.7;1
3787;0.2851;18.6;34.2;37.7;1
3788;0.2834;18.6;34.2;37.7;1
3789;0.2829;18.6;34.1;37.7;1
3790;0.283;18.5;34.2;37.7;1
3791;0.2817;18.5;34.1;37.7;1
3792;0.282;18.5;34.1;37.7;1
3793;0.2841;18.5;34.1;37.7;1
3794;0.2833;18.5;34.1;37.6;1
3795;0.2831;18.5;34.1;37.6;1
3796;0.2836;18.5;34.1;37.6;1
3797;0.2838;18.5;34.1;37.6;1
3798;0.2842;18.5;34.1;37.6;1
3799;0.2836;18.5;34.1;37.7;1
3800;0.2854;18.5;34.1;37.6;1
3801;0.2855;18.5;34.1;37.6;1
3802;0.2851;18.4;34.2;37.6;1
3803;0.2847;18.5;34.1;37.7;1
3804;0.2848;18.5;34.2;37.6;1
3805;0.2842;18.5;34.1;37.7;1
3806;0.285;18.5;34.1;37.6;1
3807;0.2852;18.5;34.1;37.7;1
3808;0.2871;18.5;34.1;37.7;1
3809;0.2884;18.5;34.1;37.6;1
3810;0.2877;18.5;34.1;37.7;1
3811;0.2872;18.5;34.1;37.6;1
3812;0.2854;18.4;34.1;37.7;1
3813;0.2868;18.4;34.1;37.6;1
3814;0.2881;18.4;34.0;37.7;1
3815;0.2889;18.4;34.0;37.7;1
3816;0.2885;18.4;34.1;37.6;1
3817;0.2883;18.3;34.0;37.7;1
3818;0.2874;18.5;34.0;37.6;1
3819;0.2875;18.4;33.9;37.7;1
3820;0.2861;18.4;33.9;37.7;1
3821;0.288;18.4;33.9;37.7;1
3822;0.2893;18.4;33.9;37.7;1
3823;0.2891;18.4;33.9;37.7;1
3824;0.2892;18.4;33.9;37.7;1
3825;0.2892;18.4;33.8;37.7;1
3826;0.2889;18.3;33.8;37.7;1
3827;0.2893;18.3;33.8;37.7;1
3828;0.2879;18.2;33.9;37.7;1
3829;0.2882;18.3;33.8;37.6;1
3830;0.2877;18.3;33.8;37.6;1
3831;0.2877;18.3;33.7;37.7;1
3832;0.2876;18.2;33.7;37.6;1
3833;0.2875;18.1;33.7;37.7;1
3834;0.2882;18.2;33.7;37.6;1
3835;0.2897;18.2;33.6;37.6;1
3836;0.2891;18.2;33.6;37.6;1
3837;0.2885;18.2;33.6;37.6;1
3838;0.288;18.1;33.6;37.6;1
3839;0.288;18.0;33.6;37.6;1
3840;0.2893;18.0;33.5;37.6;1
3841;0.2896;18.0;33.5;37.6;1
3842;0.2898;18.0;33.5;37.6;1
3843;0.2894;18.0;33.6;37.6;1
3844;0.2902;17.9;33.5;37.6;1
3845;0.29;18.0;33.4;37.6;1
3846;0.2895;18.0;33.4;37.6;1
3847;0.2892;18.0;33.5;37.6;1
3848;0.2883;18.0;33.4;37.6;1
3849;0.2875;18.0;33.5;37.6;1
3850;0.2873;18.0;33.4;37.6;1
3851;0.2867;18.0;33.4;37.6;1
3852;0.2895;18.0;33.4;37.6;1
3853;0.2916;18.0;33.4;37.6;1
3854;0.2941;18.0;33.4;37.6;1
3855;0.2965;18.0;33.4;37.6;1
3856;0.2972;18.0;33.5;37.6;1
3857;0.2968;18.0;33.5;37.6;1
3858;0.2968;18.0;33.4;37.7;1
3859;0.2965;18.0;33.5;37.7;1
3860;0.298;18.0;33.4;37.7;1
3861;0.2992;18.0;33.4;37.8;1
3862;0.3006;18.0;33.5;37.8;1
3863;0.2993;18.0;33.4;37.8;1
3864;0.2998;18.0;33.4;37.9;1
3865;0.2998;18.0;33.4;37.9;1
3866;0.2974;18.0;33.5;37.9;1
3867;0.2999;18.0;33.4;37.9;1
3868;0.3009;18.0;33.5;37.9;1
3869;0.301;18.0;33.5;37.9;1
3870;0.2994;18.0;33.5;37.9;1
3871;0.2999;18.0;33.5;37.9;1
3872;0.2991;18.0;33.4;37.9;1
3873;0.2994;18.0;33.5;37.9;1
3874;0.2992;18.0;33.4;38.0;1
3875;0.2993;18.0;33.4;37.9;1
3876;0.2989;18.0;33.5;37.9;1
3877;0.2996;18.0;33.4;37.9;1
3878;0.3;18.0;33.5;37.9;1
3879;0.2983;18.0;33.4;37.9;1
3880;0.2981;18.0;33.4;37.9;1
3881;0.2989;18.0;33.4;37.9;1
3882;0.2982;18.0;33.4;37.9;1
3883;0.2979;18.0;33.4;37.9;1
3884;0.2974;18.0;33.4;37.9;1
3885;0.2974;18.0;33.3;38.0;1
3886;0.2979;18.0;33.4;37.9;1
3887;0.2989;18.0;33.4;37.9;1
3888;0.2985;18.0;33.4;37.8;1
3889;0.2986;18.0;33.4;37.9;1
3890;0.2981;18.0;33.4;37.8;1
3891;0.2988;18.0;33.4;37.8;1
3892;0.3009;18.0;33.5;37.8;1
3893;0.3009;18.0;33.4;37.9;1
3894;0.2997;18.0;33.4;37.9;1
3895;0.2986;18.0;33.4;37.9;1
3896;0.2984;18.0;33.4;37.9;1
3897;0.2992;17.9;33.4;38.0;1
3898;0.3012;18.0;33.4;37.9;1
3899;0.3011;18.0;33.5;37.8;1
3900;0.3034;17.9;33.4;37.9;1
3901;0.3048;17.9;33.4;37.9;1
3902;0.3027;18.0;33.4;37.9;1
3903;0.3036;18.0;33.5;37.9;1
3904;0.3024;18.0;33.5;38.0;1
3905;0.3026;18.0;33.5;37.9;1
3906;0.302;18.0;33.5;38.0;1
3907;0.3043;18.0;33.5;38.0;1
3908;0.3045;18.1;33.4;38.0;1
3909;0.3032;18.0;33.4;38.0;1
3910;0.304;18.0;33.4;38.0;1
3911;0.3038;18.0;33.4;38.0;1
3912;0.3047;18.0;33.4;38.0;1
3913;0.3067;18.0;33.4;38.0;1
3914;0.3074;18.0;33.5;38.1;1
3915;0.308;18.0;33.4;38.0;1
3916;0.3104;18.0;33.4;38.1;1
3917;0.3105;18.0;33.4;38.1;1
3918;0.3116;18.0;33.5;38.1;1
3919;0.3116;18.0;33.5;38.1;1
3920;0.3106;18.1;33.6;38.1;1
3921;0.3093;18.0;33.6;38.1;1
3922;0.3113;18.1;33.6;38.2;1
3923;0.3101;18.1;33.6;38.1;1
3924;0.3103;18.1;33.6;38.2;1
3925;0.3115;18.1;33.6;38.1;1
3926;0.3111;18.1;33.6;38.2;1
3927;0.3111;18.1;33.6;38.2;1
3928;0.3113;18.2;33.6;38.2;1
3929;0.3127;18.1;33.7;38.2;1
3930;0.3116;18.1;33.6;38.3;1
3931;0.3104;18.1;33.7;38.3;1
3932;0.3123;18.1;33.7;38.3;1
3933;0.3147;18.1;33.7;38.3;1
3934;0.3142;18.1;33.7;38.3;1
3935;0.3144;18.1;33.7;38.3;1
3936;0.3138;18.1;33.7;38.3;1
3937;0.3146;18.1;33.7;38.4;1
3938;0.3155;18.1;33.7;38.4;1
3939;0.3169;18.1;33.7;38.4;1
3940;0.3178;18.1;33.7;38.4;1
3941;0.3165;18.1;33.8;38.4;1
3942;0.3183;18.1;33.8;38.4;1
3943;0.3187;18.1;33.8;38.4;1
3944;0.3197;18.1;33.8;38.5;1
3945;0.32;18.0;33.8;38.5;1
3946;0.3215;18.1;33.8;38.5;1
3947;0.3215;18.1;33.8;38.5;1
3948;0.3237;18.1;33.8;38.6;1
3949;0.3218;18.1;33.8;38.6;1
3950;0.3214;18.1;33.8;38.7;1
3951;0.3197;18.1;33.8;38.7;1
3952;0.3227;18.2;33.8;38.7;1
3953;0.3217;18.2;33.9;38.6;1
3954;0.3229;18.2;33.9;38.7;1
3955;0.3215;18.2;33.9;38.7;1
3956;0.323;18.2;33.9;38.7;1
3957;0.324;18.2;33.9;38.7;1
3958;0.3247;18.2;33.9;38.8;1
3959;0.3258;18.2;33.9;38.7;1
3960;0.3268;18.2;33.9;38.8;1
3961;0.327;18.2;33.9;38.9;1
3962;0.3295;18.2;33.9;38.9;1
3963;0.3274;18.2;34.0;38.9;1
3964;0.2892;18.2;34.0;38.9;1
3965;0.2899;18.2;34.1;38.7;1
3966;0.2913;18.3;34.1;38.6;1
3967;0.2911;18.3;34.0;38.5;1
3968;0.29;18.4;34.1;38.4;1
3969;0.2909;18.4;34.1;38.4;1
3970;0.2917;18.4;34.1;38.3;1
3971;0.2919;18.4;34.1;38.3;1
3972;0.2934;18.4;34.1;38.2;1
3973;0.2951;18.4;34.1;38.2;1
3974;0.2943;18.3;34.2;38.2;1
3975;0.2944;18.5;34.2;38.2;1
3976;0.2968;18.5;34.2;38.1;1
3977;0.2977;18.5;34.2;38.2;1
3978;0.2994;18.5;34.2;38.1;1
3979;0.2981;18.5;34.2;38.1;1
3980;0.2973;18.5;34.2;38.1;1
3981;0.299;18.5;34.2;38.1;1
3982;0.2984;18.5;34.2;38.1;1
3983;0.2995;18.4;34.3;38.1;1
3984;0.3003;18.5;34.3;38.1;1
3985;0.3003;18.5;34.3;38.1;1
3986;0.2999;18.5;34.4;38.1;1
3987;0.3028;18.6;34.3;38.1;1
3988;0.3007;18.6;34.3;38.1;1
3989;0.3023;18.6;34.3;38.1;1
3990;0.301;18.6;34.3;38.1;1
3991;0.3011;18.6;34.3;38.2;1
3992;0.3012;18.6;34.3;38.1;1
3993;0.3021;18.6;34.3;38.1;1
3994;0.3013;18.6;34.4;38.2;1
3995;0.3028;18.7;34.5;38.2;1
3996;0.3038;18.7;34.4;38.1;1
3997;0.3062;18.7;34.4;38.2;1
3998;0.3059;18.7;34.4;38.2;1
3999;0.3064;18.7;34.4;38.2;1
4000;0.3084;18.7;34.4;38.2;1
4001;0.3098;18.7;34.4;38.2;1
4002;0.3069;18.7;34.4;38.3;1
4003;0.3073;18.7;34.4;38.3;1
4004;0.3067;18.7;34.4;38.3;1
4005;0.3086;18.7;34.4;38.3;1
4006;0.3093;18.7;34.4;38.3;1
4007;0.3081;18.7;34.4;38.3;1
4008;0.3078;18.7;34.4;38.4;1
4009;0.31;18.7;34.4;38.4;1
4010;0.3099;18.7;34.4;38.4;1
4011;0.3101;18.8;34.4;38.4;1
4012;0.3099;18.8;34.4;38.4;1
4013;0.3091;18.8;34.5;38.4;1
4014;0.3095;18.9;34.5;38.4;1
4015;0.3112;18.8;34.5;38.4;1
4016;0.3108;18.8;34.5;38.4;1
4017;0.3119;18.8;34.6;38.5;1
4018;0.3118;18.8;34.6;38.5;1
4019;0.3139;18.8;34.6;38.5;1
4020;0.3139;18.8;34.6;38.5;1
4021;0.3168;18.8;34.6;38.6;1
4022;0.3149;18.8;34.5;38.6;1
4023;0.3171;18.8;34.5;38.7;1
4024;0.3172;18.8;34.5;38.7;1
4025;0.3185;18.9;34.5;38.7;1
4026;0.318;18.9;34.5;38.7;1
4027;0.3155;18.9;34.5;38.8;1
4028;0.3195;19.0;34.6;38.8;1
4029;0.3192;18.9;34.6;38.8;1
4030;0.32;19.0;34.5;38.8;1
4031;0.3202;19.0;34.5;38.8;1
4032;0.3205;18.9;34.6;38.9;1
4033;0.3208;18.9;34.6;38.9;1
4034;0.3212;18.9;34.6;38.9;1
4035;0.3209;18.9;34.6;38.9;1
4036;0.3218;18.9;34.7;39.0;1
4037;0.3215;18.9;34.7;39.0;1
4038;0.3232;18.9;34.7;39.0;1
4039;0.3251;18.9;34.7;39.1;1
4040;0.3249;18.9;34.7;39.1;1
4041;0.3259;19.0;34.7;39.1;1
4042;0.3259;18.9;34.7;39.1;1
4043;0.3262;18.9;34.7;39.1;1
4044;0.3257;18.9;34.7;39.2;1
4045;0.3273;19.0;34.6;39.2;1
4046;0.3279;18.9;34.6;39.2;1
4047;0.3275;18.9;34.6;39.3;1
4048;0.3297;19.0;34.6;39.3;1
4049;0.3287;18.9;34.7;39.3;1
4050;0.3295;18.9;34.6;39.4;1
4051;0.329;18.9;34.6;39.4;1
4052;0.3295;18.9;34.7;39.4;1
4053;0.3312;18.9;34.6;39.4;1
4054;0.3325;19.0;34.6;39.4;1
4055;0.3321;19.0;34.7;39.4;1
4056;0.333;19.1;34.6;39.5;1
4057;0.3327;19.1;34.6;39.6;1
4058;0.3337;19.1;34.7;39.5;1
4059;0.3338;19.1;34.7;39.6;1
4060;0.3341;19.1;34.7;39.6;1
4061;0.3341;19.1;34.7;39.6;1
4062;0.3358;19.1;34.7;39.7;1
4063;0.3345;19.1;34.7;39.6;1
4064;0.3356;19.0;34.7;39.8;1
4065;0.3348;19.0;34.7;39.7;1
4066;0.3345;19.1;34.8;39.8;1
4067;0.3353;19.1;34.7;39.7;1
4068;0.3349;19.1;34.8;39.8;1
4069;0.3354;19.1;34.7;39.7;1
4070;0.3339;19.1;34.8;39.8;1
4071;0.3334;19.1;34.8;40.0;1
4072;0.3337;19.1;34.8;39.8;1
4073;0.3362;19.1;34.8;39.9;1
4074;0.3367;19.1;34.8;39.9;1
4075;0.3358;19.1;34.8;39.9;1
4076;0.3366;19.1;34.8;40.1;1
4077;0.337;19.1;34.8;39.9;1
4078;0.337;19.1;34.8;40.2;1
4079;0.3365;19.2;34.8;40.2;1
4080;0.3368;19.2;34.8;40.2;1
4081;0.3378;19.2;34.8;40.3;1
4082;0.3369;19.2;34.8;40.0;1
4083;0.3382;19.1;34.8;40.3;1
4084;0.3377;19.1;34.8;40.3;1
4085;0.3373;19.1;34.8;40.2;1
4086;0.3384;19.2;34.7;40.3;1
4087;0.3366;19.1;34.8;40.4;1
4088;0.3379;19.1;34.8;40.3;1
4089;0.3394;19.1;34.8;40.3;1
4090;0.3395;19.1;34.8;40.4;1
4091;0.3412;19.1;34.9;40.4;1
4092;0.34;19.1;34.8;40.4;1
4093;0.3413;19.1;34.9;40.5;1
4094;0.342;19.1;34.8;40.5;1
4095;0.3419;19.1;34.9;40.5;1
4096;0.3425;19.1;34.9;40.5;1
4097;0.3435;19.1;35.0;40.6;1
4098;0.3435;19.1;34.9;40.6;1
4099;0.3442;19.1;35.0;40.7;1
4100;0.3453;19.1;34.9;40.7;1
4101;0.3428;19.1;34.9;40.7;1
4102;0.3444;19.0;34.9;40.7;1
4103;0.3456;19.1;34.9;40.7;1
4104;0.3454;19.1;34.9;40.7;1
4105;0.3456;19.1;34.9;40.8;1
4106;0.3436;19.1;34.9;40.7;1
4107;0.3443;19.1;34.8;40.8;1
4108;0.3463;19.1;34.9;40.8;1
4109;0.3481;19.1;34.9;40.9;1
4110;0.3491;19.1;34.9;40.8;1
4111;0.3501;19.0;34.9;40.9;1
4112;0.3497;19.0;34.9;40.9;1
4113;0.349;19.0;34.9;40.9;1
4114;0.3488;19.0;34.9;41.0;1
4115;0.349;19.0;34.9;41.0;1
4116;0.3503;19.0;34.9;41.0;1
4117;0.3494;19.0;34.9;41.0;1
4118;0.3498;19.0;34.9;41.0;1
4119;0.3476;19.0;34.9;41.1;1
4120;0.348;19.0;35.0;41.1;1
4121;0.3514;18.9;35.1;41.2;1
4122;0.3524;18.9;35.1;41.2;1
4123;0.3534;19.0;35.1;41.2;1
4124;0.3531;18.9;35.1;41.2;1
4125;0.3517;18.9;35.1;41.2;1
4126;0.3521;19.0;35.0;41.2;1
4127;0.3528;19.0;35.0;41.3;1
4128;0.3522;19.0;35.0;41.3;1
4129;0.3529;19.0;35.1;41.3;1
4130;0.3511;19.0;35.0;41.3;1
4131;0.3514;19.0;35.0;41.3;1
4132;0.351;19.0;35.1;41.3;1
4133;0.3514;19.0;35.1;41.3;1
4134;0.3501;19.0;35.0;41.3;1
4135;0.3514;19.0;35.1;41.4;1
4136;0.3507;19.0;35.2;41.3;1
4137;0.3491;19.0;35.2;41.4;1
4138;0.3495;19.0;35.1;41.4;1
4139;0.3501;19.0;35.2;41.4;1
4140;0.3496;19.0;35.2;41.3;1
4141;0.3509;19.0;35.2;41.4;1
4142;0.3495;19.1;35.2;41.4;1
4143;0.3519;19.1;35.1;41.4;1
4144;0.3534;19.1;35.2;41.4;1
4145;0.3514;19.1;35.2;41.4;1
4146;0.3508;19.1;35.3;41.4;1
4147;0.3518;19.1;35.2;41.5;1
4148;0.3514;19.1;35.3;41.4;1
4149;0.3532;19.1;35.3;41.5;1
4150;0.3535;19.1;35.3;41.5;1
4151;0.354;19.1;35.3;41.5;1
4152;0.3548;19.1;35.2;41.5;1
4153;0.3561;19.1;35.3;41.5;1
4154;0.3539;19.1;35.3;41.5;1
4155;0.355;19.1;35.2;41.6;1
4156;0.3561;19.1;35.3;41.5;1
4157;0.3571;19.1;35.3;41.6;1
4158;0.3555;19.2;35.3;41.6;1
4159;0.3568;19.2;35.3;41.6;1
4160;0.3546;19.2;35.4;41.7;1
4161;0.3534;19.2;35.4;41.7;1
4162;0.3532;19.3;35.4;41.7;1
4163;0.3553;19.2;35.4;41.7;1
4164;0.355;19.3;35.4;41.7;1
4165;0.3561;19.2;35.4;41.7;1
4166;0.3554;19.2;35.4;41.7;1
4167;0.3576;19.2;35.4;41.7;1
4168;0.3578;19.2;35.5;41.8;1
4169;0.3564;19.3;35.5;41.7;1
4170;0.3552;19.2;35.5;41.7;1
4171;0.3566;19.2;35.5;41.8;1
4172;0.3581;19.1;35.5;41.7;1
4173;0.3582;19.2;35.6;41.8;1
4174;0.3589;19.2;35.5;41.8;1
4175;0.3577;19.2;35.5;41.8;1
4176;0.3584;19.2;35.5;41.8;1
4177;0.3577;19.2;35.5;41.8;1
4178;0.3574;19.2;35.5;41.8;1
4179;0.3589;19.3;35.5;41.8;1
4180;0.3576;19.3;35.5;41.8;1
4181;0.3567;19.2;35.5;41.8;1
4182;0.3574;19.2;35.5;41.8;1
4183;0.3571;19.2;35.5;41.8;1
4184;0.359;19.3;35.5;41.8;1
4185;0.3596;19.3;35.5;41.8;1
4186;0.3592;19.4;35.5;41.9;1
4187;0.3594;19.4;35.5;41.9;1
4188;0.3574;19.4;35.5;41.9;1
4189;0.3594;19.3;35.6;41.9;1
4190;0.3587;19.4;35.6;42.0;1
4191;0.3585;19.5;35.6;42.0;1
4192;0.358;19.5;35.6;42.0;1
4193;0.3578;19.5;35.6;42.0;1
4194;0.3588;19.5;35.6;42.0;1
4195;0.3576;19.5;35.7;42.0;1
4196;0.3589;19.5;35.6;42.0;1
4197;0.3589;19.5;35.6;42.0;1
4198;0.3603;19.4;35.6;42.0;1
4199;0.3605;19.5;35.6;42.0;1
4200;0.3612;19.5;35.6;42.0;1
4201;0.3597;19.5;35.6;42.0;1
4202;0.3609;19.5;35.6;42.0;1
4203;0.3609;19.5;35.6;42.0;1
4204;0.3604;19.5;35.6;42.1;1
4205;0.3612;19.5;35.6;42.1;1
4206;0.3624;19.5;35.6;42.0;1
4207;0.3605;19.4;35.6;42.1;1
4208;0.3627;19.5;35.6;42.1;1
4209;0.3617;19.5;35.5;42.0;1
4210;0.3609;19.5;35.5;42.1;1
4211;0.3616;19.5;35.5;42.1;1
4212;0.364;19.5;35.5;42.1;1
4213;0.3615;19.5;35.5;42.1;1
4214;0.3612;19.5;35.5;42.2;1
4215;0.3618;19.5;35.6;42.2;1
4216;0.363;19.5;35.5;42.2;1
4217;0.3641;19.5;35.5;42.1;1
4218;0.3651;19.5;35.5;42.2;1
4219;0.3661;19.5;35.5;42.2;1
4220;0.3667;19.5;35.5;42.3;1
4221;0.3663;19.5;35.5;42.3;1
4222;0.3664;19.5;35.5;42.3;1
4223;0.368;19.6;35.5;42.3;1
4224;0.3672;19.6;35.5;42.3;1
4225;0.3683;19.6;35.5;42.6;1
4226;0.3678;19.6;35.4;42.3;1
4227;0.3669;19.6;35.5;42.4;1
4228;0.3648;19.6;35.5;42.6;1
4229;0.365;19.6;35.4;42.4;1
4230;0.3636;19.6;35.4;42.4;1
4231;0.363;19.6;35.4;42.4;1
4232;0.3619;19.5;35.4;42.4;1
4233;0.3627;19.5;35.4;42.4;1
4234;0.3625;19.5;35.4;42.4;1
4235;0.3631;19.5;35.4;42.4;1
4236;0.3639;19.5;35.5;42.4;1
4237;0.3638;19.5;35.4;42.3;1
4238;0.3638;19.5;35.5;42.4;1
4239;0.3641;19.5;35.4;42.7;1
4240;0.3649;19.5;35.4;42.5;1
4241;0.3648;19.5;35.4;42.7;1
4242;0.3661;19.5;35.4;42.4;1
4243;0.3646;19.5;35.4;42.7;1
4244;0.3664;19.5;35.4;42.5;1
4245;0.3661;19.5;35.5;42.5;1
4246;0.3654;19.5;35.5;42.7;1
4247;0.3658;19.5;35.5;42.5;1
4248;0.3659;19.5;35.5;42.5;1
4249;0.3656;19.5;35.5;42.5;1
4250;0.3633;19.5;35.5;42.5;1
4251;0.3654;19.5;35.5;42.5;1
4252;0.3664;19.5;35.5;42.7;1
4253;0.366;19.5;35.5;42.5;1
4254;0.3647;19.5;35.5;42.7;1
4255;0.3653;19.5;35.5;42.5;1
4256;0.3639;19.5;35.5;42.5;1
4257;0.3659;19.5;35.5;42.5;1
4258;0.366;19.5;35.6;42.5;1
4259;0.3656;19.5;35.6;42.5;1
4260;0.364;19.6;35.6;42.7;1
4261;0.3666;19.6;35.6;42.5;1
4262;0.3662;19.6;35.6;42.8;1
4263;0.364;19.6;35.7;42.8;1
4264;0.3643;19.6;35.7;42.5;1
4265;0.3635;19.6;35.8;42.5;1
4266;0.3635;19.6;35.8;42.8;1
4267;0.3615;19.6;35.7;42.8;1
4268;0.3612;19.7;35.7;42.8;1
4269;0.3619;19.7;35.7;42.7;1
4270;0.3628;19.8;35.7;42.8;1
4271;0.3644;19.7;35.7;42.8;1
4272;0.3641;19.7;35.8;42.6;1
4273;0.363;19.8;35.9;42.8;1
4274;0.3627;19.8;35.9;42.8;1
4275;0.3634;19.8;36.0;42.8;1
4276;0.3633;19.9;36.0;42.6;1
4277;0.3625;19.8;36.0;42.5;1
4278;0.364;19.9;36.1;42.7;1
4279;0.3638;20.0;36.1;42.4;1
4280;0.3622;19.9;36.1;42.5;1
4281;0.3622;20.1;36.1;42.4;1
4282;0.3602;20.1;36.3;42.3;1
4283;0.3606;20.0;36.3;42.6;1
4284;0.3608;20.0;36.2;42.3;1
4285;0.3607;20.1;36.3;42.3;1
4286;0.3607;20.1;36.4;42.3;1
4287;0.3599;20.2;36.3;42.3;1
4288;0.357;20.2;36.5;42.3;1
4289;0.3584;20.2;36.4;42.3;1
4290;0.3604;20.3;36.5;42.3;1
4291;0.3585;20.3;36.6;42.4;1
4292;0.3586;20.3;36.6;42.3;1
4293;0.3584;20.4;36.7;42.3;1
4294;0.359;20.4;36.8;42.3;1
4295;0.3578;20.4;36.7;42.4;1
4296;0.3597;20.5;36.7;42.4;1
4297;0.3601;20.5;36.7;42.4;1
4298;0.3602;20.5;36.9;42.3;1
4299;0.3605;20.5;36.9;42.4;1
4300;0.3603;20.5;36.9;42.4;1
4301;0.3622;20.6;37.0;42.4;1
4302;0.3606;20.6;37.0;42.4;1
4303;0.3589;20.7;37.1;42.4;1
4304;0.3594;20.7;37.1;42.4;1
4305;0.3595;20.8;37.1;42.5;1
4306;0.3605;20.8;37.1;42.4;1
4307;0.3603;20.9;37.1;42.7;1
4308;0.3619;20.9;37.1;42.4;1
4309;0.3619;20.9;37.1;42.5;1
4310;0.3617;20.9;37.1;42.4;1
4311;0.3604;20.9;37.1;42.5;1
4312;0.3594;20.9;37.1;42.5;1
4313;0.3594;20.9;37.2;42.5;1
4314;0.3597;20.9;37.1;42.7;1
4315;0.3601;20.9;37.2;42.5;1
4316;0.3599;20.9;37.2;42.5;1
4317;0.3597;20.9;37.2;42.6;1
4318;0.3599;21.0;37.2;42.5;1
4319;0.3587;20.9;37.3;42.5;1
4320;0.359;20.9;37.3;42.8;1
4321;0.3585;20.9;37.2;42.5;1
4322;0.3573;20.9;37.2;42.8;1
4323;0.3565;20.9;37.2;42.8;1
4324;0.3566;20.9;37.2;42.8;1
4325;0.3561;20.9;37.3;42.8;1
4326;0.3559;20.9;37.3;42.5;1
4327;0.355;20.9;37.3;42.7;1
4328;0.3552;20.9;37.3;42.8;1
4329;0.3565;20.9;37.3;42.5;1
4330;0.3564;20.9;37.3;42.8;1
4331;0.3561;20.9;37.3;42.5;1
4332;0.3562;21.0;37.4;42.8;1
4333;0.3561;21.0;37.5;42.6;1
4334;0.3572;21.1;37.5;42.8;1
4335;0.3572;21.0;37.5;42.9;1
4336;0.3553;21.0;37.6;42.6;1
4337;0.3541;21.2;37.6;42.9;1
4338;0.3557;21.2;37.5;42.8;1
4339;0.3557;21.2;37.6;42.5;1
4340;0.3542;21.3;37.7;42.9;1
4341;0.3572;21.3;37.6;42.9;1
4342;0.3552;21.3;37.7;42.6;1
4343;0.3572;21.3;37.7;42.9;1
4344;0.3544;21.3;37.7;43.0;1
4345;0.3564;21.4;37.7;42.9;1
4346;0.3569;21.4;37.7;43.0;1
4347;0.3544;21.4;37.7;43.0;1
4348;0.3579;21.5;37.7;43.0;1
4349;0.3586;21.5;37.7;43.0;1
4350;0.3591;21.5;37.7;43.0;1
4351;0.3578;21.5;37.7;43.0;1
4352;0.3565;21.6;37.7;43.0;1
4353;0.3567;21.7;37.8;43.0;1
4354;0.3571;21.6;37.8;43.0;1
4355;0.359;21.6;37.7;43.1;1
4356;0.3607;21.6;37.8;43.2;1
4357;0.3581;21.6;37.8;43.2;1
4358;0.3569;21.6;37.8;43.2;1
4359;0.3557;21.6;37.8;43.2;1
4360;0.3538;21.7;37.8;43.2;1
4361;0.3544;21.8;37.8;43.2;1
4362;0.3553;21.8;37.8;43.2;1
4363;0.3561;21.8;37.9;43.2;1
4364;0.3554;21.8;38.1;43.2;1
4365;0.3565;21.7;38.2;43.2;1
4366;0.3562;21.9;38.3;43.3;1
4367;0.3565;21.9;38.4;43.2;1
4368;0.3572;21.9;38.6;43.3;1
4369;0.3559;22.0;38.6;43.3;1
4370;0.3584;22.1;38.7;43.3;1
4371;0.3574;22.0;38.7;43.4;1
4372;0.3586;22.0;38.8;43.4;1
4373;0.36;22.1;38.8;43.4;1
4374;0.3585;22.2;38.9;43.4;1
4375;0.3578;22.2;39.0;43.5;1
4376;0.3577;22.2;38.9;43.5;1
4377;0.3561;22.3;38.9;43.5;1
4378;0.358;22.3;39.1;43.5;1
4379;0.3588;22.3;39.0;43.6;1
4380;0.3598;22.4;39.1;43.5;1
4381;0.358;22.4;39.0;43.6;1
4382;0.3566;22.4;39.0;43.6;1
4383;0.3579;22.4;39.0;43.7;1
4384;0.3576;22.5;39.0;43.6;1
4385;0.3571;22.5;38.9;43.7;1
4386;0.3577;22.5;38.9;43.7;1
4387;0.3576;22.5;38.9;43.6;1
4388;0.3566;22.6;38.9;43.7;1
4389;0.3582;22.6;38.9;43.7;1
4390;0.359;22.6;38.9;43.7;1
4391;0.3565;22.7;38.8;43.7;1
4392;0.3587;22.7;38.9;43.7;1
4393;0.3593;22.7;38.9;43.7;1
4394;0.3577;22.7;38.9;43.8;1
4395;0.3583;22.7;39.0;43.8;1
4396;0.3575;22.6;39.0;43.8;1
4397;0.3568;22.6;38.9;43.8;1
4398;0.3594;22.6;38.9;43.9;1
4399;0.3575;22.6;39.0;43.9;1
4400;0.3575;22.7;38.9;43.9;1
4401;0.3575;22.6;38.9;43.9;1
4402;0.3589;22.6;38.9;43.9;1
4403;0.36;22.7;39.0;43.9;1
4404;0.3582;22.7;39.0;43.9;1
4405;0.3579;22.7;39.0;43.9;1
4406;0.3569;22.7;39.1;43.9;1
4407;0.3544;22.8;39.0;44.0;1
4408;0.3562;22.8;39.1;44.0;1
4409;0.3532;22.9;39.1;43.9;1
4410;0.3533;22.8;39.0;44.0;1
4411;0.3531;23.0;39.0;44.0;1
4412;0.3542;23.0;39.1;44.0;1
4413;0.3531;23.0;39.1;44.0;1
4414;0.3545;23.0;39.1;44.0;1
4415;0.3562;23.1;39.1;44.0;1
4416;0.3552;23.2;39.1;44.0;1
4417;0.3568;23.1;39.2;44.1;1
4418;0.3576;23.1;39.2;44.1;1
4419;0.3557;23.1;39.2;44.1;1
4420;0.3565;23.1;39.3;44.1;1
4421;0.3556;23.2;39.3;44.1;1
4422;0.3568;23.3;39.3;44.1;1
4423;0.3577;23.2;39.3;44.1;1
4424;0.3582;23.2;39.3;44.1;1
4425;0.3571;23.2;39.4;44.1;1
4426;0.3572;23.2;39.4;44.2;1
4427;0.3579;23.2;39.4;44.1;1
4428;0.3575;23.2;39.4;44.2;1
4429;0.3575;23.2;39.4;44.2;1
4430;0.3602;23.3;39.4;44.2;1
4431;0.3591;23.3;39.4;44.2;1
4432;0.359;23.3;39.4;44.2;1
4433;0.3589;23.4;39.4;44.3;1
4434;0.3586;23.4;39.4;44.3;1
4435;0.3593;23.4;39.4;44.3;1
4436;0.3588;23.4;39.4;44.4;1
4437;0.3579;23.4;39.5;44.4;1
4438;0.3582;23.5;39.5;44.5;1
4439;0.3576;23.5;39.5;44.4;1
4440;0.3599;23.5;39.6;44.4;1
4441;0.3592;23.5;39.8;44.5;1
4442;0.3609;23.5;39.9;44.5;1
4443;0.3606;23.6;39.9;44.5;1
4444;0.3614;23.6;40.0;44.5;1
4445;0.3594;23.6;40.0;44.6;1
4446;0.3597;23.6;40.0;44.6;1
4447;0.3598;23.6;40.0;44.6;1
4448;0.3598;23.7;40.0;44.6;1
4449;0.361;23.7;40.0;44.6;1
4450;0.3609;23.7;40.0;44.6;1
4451;0.3612;23.7;39.9;44.6;1
4452;0.362;23.8;39.9;44.6;1
4453;0.3622;23.8;39.9;44.6;1
4454;0.3629;23.8;39.9;44.9;1
4455;0.3625;23.8;39.9;44.8;1
4456;0.3634;23.9;39.9;44.8;1
4457;0.3633;23.9;39.9;44.9;1
4458;0.3634;23.9;39.9;44.8;1
4459;0.3625;23.9;39.9;45.0;1
4460;0.3635;23.9;39.9;45.1;1
4461;0.3623;24.0;39.9;45.1;1
4462;0.3646;24.0;40.0;45.1;1
4463;0.3648;24.0;40.2;45.2;1
4464;0.3661;24.0;40.3;45.2;1
4465;0.3653;23.9;40.4;45.2;1
4466;0.3652;24.0;40.5;45.2;1
4467;0.3656;24.1;40.6;45.3;1
4468;0.364;24.1;40.7;45.3;1
4469;0.3658;24.1;40.6;45.3;1
4470;0.3672;24.1;40.6;45.3;1
4471;0.3655;24.1;40.6;45.4;1
4472;0.3652;24.2;40.7;45.4;1
4473;0.3655;24.2;40.8;45.4;1
4474;0.365;24.2;40.8;45.4;1
4475;0.3667;24.2;40.7;45.4;1
4476;0.3678;24.2;40.6;45.5;1
4477;0.3668;24.2;40.6;45.5;1
4478;0.3659;24.2;40.6;45.5;1
4479;0.3678;24.2;40.6;45.5;1
4480;0.3682;24.2;40.6;45.5;1
4481;0.3681;24.2;40.6;45.6;1
4482;0.3662;24.3;40.6;45.6;1
4483;0.367;24.3;40.6;45.6;1
4484;0.3671;24.3;40.5;45.6;1
4485;0.3675;24.3;40.5;45.7;1
4486;0.367;24.3;40.5;45.7;1
4487;0.3662;24.3;40.5;45.7;1
4488;0.3665;24.4;40.5;45.7;1
4489;0.3659;24.4;40.5;45.7;1
4490;0.3676;24.4;40.5;45.8;1
4491;0.3685;24.3;40.4;45.8;1
4492;0.3674;24.4;40.4;45.8;1
4493;0.3689;24.4;40.4;45.7;1
4494;0.3685;24.5;40.4;45.8;1
4495;0.368;24.4;40.4;45.8;1
4496;0.368;24.4;40.4;45.9;1
4497;0.369;24.4;40.5;45.9;1
4498;0.3666;24.4;40.5;45.9;1
4499;0.3674;24.4;40.4;45.9;1
4500;0.3689;24.4;40.4;45.9;1
4501;0.3695;24.4;40.4;46.0;1
4502;0.3705;24.4;40.4;46.0;1
4503;0.372;24.4;40.4;46.0;1
4504;0.3725;24.4;40.4;46.1;1
4505;0.3736;24.4;40.4;46.1;1
4506;0.3726;24.4;40.4;46.1;1
4507;0.3737;24.4;40.4;46.2;1
4508;0.373;24.4;40.4;46.2;1
4509;0.3731;24.3;40.4;46.2;1
4510;0.3724;24.3;40.4;46.3;1
4511;0.3714;24.3;40.4;46.3;1
4512;0.3717;24.3;40.4;46.4;1
4513;0.369;24.2;40.3;46.3;1
4514;0.3665;24.3;40.4;46.4;1
4515;0.3653;24.2;40.4;46.4;1
4516;0.3634;24.2;40.4;46.3;1
4517;0.3637;24.2;40.4;46.3;1
4518;0.3618;24.2;40.4;46.3;1
4519;0.3618;24.2;40.4;46.2;1
4520;0.3646;24.2;40.4;46.3;1
4521;0.3629;24.2;40.4;46.3;1
4522;0.3647;24.2;40.4;46.3;1
4523;0.3639;24.2;40.3;46.3;1
4524;0.3639;24.1;40.2;46.3;1
4525;0.3632;24.0;40.3;46.2;1
4526;0.3637;23.9;40.3;46.2;1
4527;0.3636;24.0;40.3;46.3;1
4528;0.3641;24.0;40.3;46.3;1
4529;0.3634;24.0;40.3;46.3;1
4530;0.3642;23.9;40.3;46.3;1
4531;0.3639;23.8;40.3;46.2;1
4532;0.3632;23.9;40.3;46.3;1
4533;0.364;23.8;40.3;46.3;1
4534;0.3649;23.8;40.3;46.3;1
4535;0.3652;23.7;40.2;46.3;1
4536;0.3632;23.7;40.3;46.3;1
4537;0.3634;23.7;40.2;46.3;1
4538;0.3636;23.8;40.2;46.4;1
4539;0.3635;23.8;40.3;46.3;1
4540;0.3625;23.7;40.3;46.3;1
4541;0.3624;23.7;40.3;46.3;1
4542;0.3622;23.7;40.3;46.4;1
4543;0.3632;23.7;40.3;46.4;1
4544;0.3621;23.6;40.1;46.4;1
4545;0.3623;23.6;40.1;46.3;1
4546;0.3626;23.6;40.1;46.4;1
4547;0.3614;23.5;40.1;46.3;1
4548;0.362;23.5;40.1;46.4;1
4549;0.3625;23.5;40.2;46.3;1
4550;0.3621;23.5;40.2;46.4;1
4551;0.3617;23.5;40.2;46.4;1
4552;0.3629;23.5;40.2;46.4;1
4553;0.3603;23.5;40.1;46.3;1
4554;0.3607;23.4;40.1;46.4;1
4555;0.3618;23.4;40.0;46.3;1
4556;0.36;23.4;40.0;46.3;1
4557;0.3598;23.2;40.0;46.3;1
4558;0.3596;23.2;40.0;46.4;1
4559;0.3597;23.2;40.0;46.3;1
4560;0.36;23.3;40.0;46.3;1
4561;0.3604;23.2;40.0;46.3;1
4562;0.3623;23.2;40.0;46.3;1
4563;0.361;23.2;40.0;46.3;1
4564;0.3615;23.1;40.0;46.3;1
4565;0.3607;23.2;39.9;46.3;1
4566;0.3613;23.2;39.9;46.3;1
4567;0.3609;23.1;39.9;46.3;1
4568;0.361;23.1;39.9;46.2;1
4569;0.3582;23.0;39.9;46.2;1
4570;0.3608;23.2;39.8;46.2;1
4571;0.3604;23.0;39.9;46.2;1
4572;0.3596;23.1;39.8;46.1;1
4573;0.3607;23.0;40.0;46.2;1
4574;0.3582;23.1;39.8;46.1;1
4575;0.3589;23.1;39.8;46.2;1
4576;0.3571;23.1;39.8;46.1;1
4577;0.3562;23.2;39.8;46.1;1
4578;0.3549;23.2;39.8;46.1;1
4579;0.3546;23.1;39.8;46.0;1
4580;0.3541;23.1;39.7;46.1;1
4581;0.3517;23.1;39.7;46.0;1
4582;0.3511;23.1;39.7;46.0;1
4583;0.3505;23.1;39.7;46.0;1
4584;0.3492;23.1;39.7;45.9;1
4585;0.3504;23.1;39.8;45.9;1
4586;0.3502;23.2;39.8;45.9;1
4587;0.349;23.2;39.8;45.9;1
4588;0.3488;23.2;39.8;45.9;1
4589;0.3486;23.2;39.8;45.8;1
4590;0.3486;23.1;39.7;45.8;1
4591;0.3474;23.2;39.7;45.8;1
4592;0.3482;23.1;39.6;45.8;1
4593;0.3472;23.1;39.6;45.8;1
4594;0.3479;23.1;39.6;45.8;1
4595;0.35;23.1;39.6;45.8;1
4596;0.3474;23.1;39.7;45.7;1
4597;0.3495;23.2;39.6;45.8;1
4598;0.3491;23.1;39.6;45.8;1
4599;0.3519;23.1;39.7;45.8;1
4600;0.3529;23.1;39.7;45.7;1
4601;0.3528;23.1;39.7;45.8;1
4602;0.3521;23.2;39.7;45.7;1
4603;0.3525;23.1;39.7;45.8;1
4604;0.3515;23.1;39.7;45.8;1
4605;0.3539;23.2;39.7;45.7;1
4606;0.3543;23.1;39.8;45.8;1
4607;0.3536;23.1;39.8;45.8;1
4608;0.3531;23.1;39.8;45.8;1
4609;0.3516;23.1;39.8;45.8;1
4610;0.3526;23.2;39.8;45.7;1
4611;0.35;23.2;39.7;45.8;1
4612;0.3487;23.2;39.8;45.8;1
4613;0.3515;23.1;39.8;45.8;1
4614;0.3503;23.1;39.7;45.8;1
4615;0.3506;23.0;39.8;45.8;1
4616;0.3494;23.0;39.7;45.7;1
4617;0.3506;23.0;39.7;45.7;1
4618;0.3468;23.0;39.6;45.7;1
4619;0.348;23.1;39.7;45.7;1
4620;0.3478;22.9;39.6;45.7;1
4621;0.3487;22.9;39.6;45.7;1
4622;0.3483;22.9;39.6;45.6;1
4623;0.3503;22.9;39.6;45.6;1
4624;0.3495;22.9;39.6;45.7;1
4625;0.3519;22.9;39.6;45.6;1
4626;0.3494;22.9;39.6;45.6;1
4627;0.3476;22.9;39.7;45.6;1
4628;0.3445;22.9;39.6;45.6;1
4629;0.3447;22.9;39.6;45.6;1
4630;0.3437;22.7;39.5;45.5;1
4631;0.346;22.7;39.5;45.5;1
4632;0.3468;22.7;39.5;45.5;1
4633;0.3449;22.7;39.5;45.5;1
4634;0.346;22.7;39.5;45.5;1
4635;0.3437;22.6;39.5;45.5;1
4636;0.3447;22.5;39.4;45.4;1
4637;0.345;22.5;39.4;45.4;1
4638;0.3441;22.4;39.4;45.5;1
4639;0.343;22.4;39.4;45.4;1
4640;0.3415;22.3;39.4;45.3;1
4641;0.3427;22.3;39.4;45.3;1
4642;0.3411;22.3;39.4;45.3;1
4643;0.3416;22.2;39.4;45.3;1
4644;0.3412;22.1;39.4;45.3;1
4645;0.3435;22.2;39.4;45.3;1
4646;0.3445;22.1;39.4;45.3;1
4647;0.3431;22.1;39.3;45.2;1
4648;0.3433;22.1;39.3;45.3;1
4649;0.343;22.0;39.3;45.2;1
4650;0.3431;22.0;39.3;45.2;1
4651;0.3419;21.9;39.3;45.2;1
4652;0.3412;21.9;39.3;45.2;1
4653;0.3428;21.8;39.3;45.2;1
4654;0.3437;21.8;39.2;45.2;1
4655;0.3428;21.8;39.2;45.2;1
4656;0.3427;21.8;39.2;45.2;1
4657;0.3436;21.8;39.2;45.1;1
4658;0.3421;21.7;39.2;45.1;1
4659;0.3417;21.7;39.2;45.2;1
4660;0.3419;21.7;39.2;45.1;1
4661;0.3401;21.6;39.2;45.1;1
4662;0.3391;21.6;39.1;45.0;1
4663;0.341;21.5;39.1;45.1;1
4664;0.34;21.5;39.1;45.0;1
4665;0.3394;21.5;39.1;45.0;1
4666;0.3383;21.4;39.1;44.8;1
4667;0.339;21.4;39.0;45.0;1
4668;0.3371;21.4;39.0;45.0;1
4669;0.3388;21.3;39.0;44.8;1
4670;0.3389;21.2;39.0;45.0;1
4671;0.3401;21.2;39.0;44.8;1
4672;0.3383;21.2;39.0;45.0;1
4673;0.3395;21.1;39.0;44.8;1
4674;0.3392;21.1;38.9;44.9;1
4675;0.3401;21.1;38.9;44.9;1
4676;0.3387;21.1;38.8;44.8;1
4677;0.3382;21.1;38.8;44.7;1
4678;0.3382;21.1;38.8;44.7;1
4679;0.3387;21.0;38.8;44.7;1
4680;0.3376;20.9;38.8;44.7;1
4681;0.3382;20.9;38.9;44.6;1
4682;0.3375;20.9;38.9;44.8;1
4683;0.3395;20.9;38.8;44.7;1
4684;0.3398;20.8;38.7;44.8;1
4685;0.3394;20.9;38.7;44.7;1
4686;0.3376;20.9;38.7;44.6;1
4687;0.3381;20.7;38.7;44.6;1
4688;0.3373;20.7;38.7;44.6;1
4689;0.3383;20.7;38.7;44.6;1
4690;0.3383;20.7;38.6;44.6;1
4691;0.3369;20.6;38.6;44.6;1
4692;0.3371;20.6;38.6;44.6;1
4693;0.3367;20.6;38.5;44.6;1
4694;0.339;20.6;38.5;44.5;1
4695;0.3375;20.7;38.5;44.5;1
4696;0.3395;20.6;38.6;44.6;1
4697;0.3377;20.6;38.6;44.6;1
4698;0.3379;20.6;38.6;44.5;1
4699;0.3382;20.6;38.6;44.5;1
4700;0.3403;20.5;38.5;44.5;1
4701;0.3412;20.5;38.4;44.5;1
4702;0.3413;20.6;38.4;44.5;1
4703;0.3398;20.6;38.4;44.5;1
4704;0.3404;20.7;38.4;44.5;1
4705;0.3406;20.7;38.4;44.4;1
4706;0.3409;20.6;38.4;44.5;1
4707;0.341;20.6;38.4;44.4;1
4708;0.3421;20.6;38.5;44.4;1
4709;0.3411;20.6;38.5;44.4;1
4710;0.3423;20.6;38.4;44.4;1
4711;0.3438;20.6;38.3;44.4;1
4712;0.3429;20.6;38.3;44.4;1
4713;0.3418;20.6;38.3;44.6;1
4714;0.3425;20.7;38.4;44.4;1
4715;0.3422;20.6;38.4;44.4;1
4716;0.3423;20.7;38.3;44.4;1
4717;0.3418;20.6;38.4;44.4;1
4718;0.3424;20.6;38.3;44.4;1
4719;0.3426;20.6;38.4;44.4;1
4720;0.3413;20.6;38.4;44.4;1
4721;0.3423;20.7;38.3;44.4;1
4722;0.3416;20.6;38.3;44.4;1
4723;0.3412;20.6;38.3;44.4;1
4724;0.3423;20.7;38.3;44.3;1
4725;0.341;20.7;38.3;44.3;1
4726;0.3423;20.7;38.3;44.3;1
4727;0.3408;20.6;38.4;44.3;1
4728;0.3419;20.6;38.3;44.3;1
4729;0.341;20.7;38.3;44.3;1
4730;0.341;20.7;38.2;44.3;1
4731;0.3421;20.6;38.2;44.3;1
4732;0.3405;20.6;38.1;44.2;1
4733;0.3392;20.6;38.2;44.2;1
4734;0.3384;20.5;38.2;44.2;1
4735;0.3382;20.5;38.2;44.2;1
4736;0.3358;20.5;38.2;44.2;1
4737;0.3369;20.5;38.2;44.2;1
4738;0.3353;20.4;38.2;44.1;1
4739;0.3351;20.4;38.1;44.1;1
4740;0.3337;20.4;38.1;44.1;1
4741;0.3358;20.4;38.1;44.1;1
4742;0.3358;20.4;38.2;44.0;1
4743;0.3386;20.4;38.2;44.1;1
4744;0.3375;20.4;38.1;44.0;1
4745;0.3394;20.4;38.1;44.0;1
4746;0.3387;20.4;38.1;44.1;1
4747;0.338;20.4;38.1;43.9;1
4748;0.3361;20.5;38.1;43.9;1
4749;0.3335;20.4;38.1;43.9;1
4750;0.3319;20.3;38.1;43.9;1
4751;0.3339;20.4;38.1;43.9;1
4752;0.3348;20.4;38.0;43.9;1
4753;0.3356;20.4;38.0;43.9;1
4754;0.3336;20.3;38.0;43.8;1
4755;0.3338;20.4;38.0;43.8;1
4756;0.3349;20.4;37.9;43.8;1
4757;0.3346;20.4;38.0;43.8;1
4758;0.3327;20.4;38.0;43.7;1
4759;0.3337;20.4;37.9;43.7;1
4760;0.3323;20.4;38.0;43.7;1
4761;0.3311;20.4;38.0;43.7;1
4762;0.3315;20.4;38.0;43.7;1
4763;0.3316;20.4;38.0;43.7;1
4764;0.3298;20.4;38.0;43.7;1
4765;0.3305;20.3;38.0;43.6;1
4766;0.328;20.4;38.0;43.5;1
4767;0.3299;20.3;38.0;43.5;1
4768;0.3301;20.3;38.0;43.5;1
4769;0.3285;20.3;38.0;43.5;1
4770;0.3286;20.3;37.9;43.4;1
4771;0.3279;20.3;37.9;43.4;1
4772;0.3263;20.3;37.8;43.4;1
4773;0.3271;20.2;37.8;43.4;1
4774;0.3286;20.2;37.8;43.4;1
4775;0.3307;20.2;37.8;43.4;1
4776;0.33;20.1;37.8;43.4;1
4777;0.3313;20.1;37.8;43.3;1
4778;0.329;20.1;37.8;43.3;1
4779;0.3308;20.1;37.8;43.3;1
4780;0.3299;20.2;37.8;43.3;1
4781;0.3293;20.2;37.8;43.2;1
4782;0.3313;20.2;37.8;43.3;1
4783;0.3305;20.2;37.7;43.3;1
4784;0.3303;20.2;37.7;43.3;1
4785;0.33;20.2;37.7;43.2;1
4786;0.3301;20.1;37.7;43.3;1
4787;0.3291;20.1;37.7;43.2;1
4788;0.3274;20.2;37.7;43.2;1
4789;0.3272;20.1;37.7;43.2;1
4790;0.3271;20.2;37.7;43.1;1
4791;0.327;20.2;37.7;43.1;1
4792;0.3258;20.2;37.7;43.1;1
4793;0.3273;20.1;37.7;43.0;1
4794;0.3257;20.1;37.7;43.0;1
4795;0.3263;20.1;37.7;43.0;1
4796;0.325;20.1;37.7;43.0;1
4797;0.3253;20.1;37.6;43.0;1
4798;0.3247;20.2;37.6;43.0;1
4799;0.3237;20.1;37.6;43.0;1
4800;0.3235;20.1;37.6;42.9;1
4801;0.3225;20.2;37.6;42.8;1
4802;0.3219;20.2;37.5;42.9;1
4803;0.3204;20.2;37.5;42.9;1
4804;0.3215;20.1;37.5;42.8;1
4805;0.3202;20.2;37.4;42.8;1
4806;0.3219;20.2;37.5;42.8;1
4807;0.3202;20.2;37.5;42.8;1
4808;0.3197;20.0;37.5;42.5;1
4809;0.3194;20.1;37.5;42.5;1
4810;0.3198;20.1;37.5;42.5;1
4811;0.3198;20.1;37.5;42.4;1
4812;0.319;20.1;37.4;42.4;1
4813;0.3189;20.1;37.4;42.3;1
4814;0.3182;20.1;37.4;42.4;1
4815;0.3178;20.1;37.3;42.3;1
4816;0.3153;20.0;37.3;42.3;1
4817;0.3152;20.1;37.3;42.3;1
4818;0.3148;20.0;37.3;42.2;1
4819;0.3144;20.0;37.3;42.2;1
4820;0.3151;20.0;37.3;42.1;1
4821;0.3142;20.0;37.3;42.1;1
4822;0.3142;20.0;37.3;42.1;1
4823;0.3129;20.0;37.3;42.1;1
4824;0.3132;20.0;37.3;42.1;1
4825;0.3107;20.0;37.4;42.0;1
4826;0.3114;20.0;37.3;42.0;1
4827;0.3099;20.0;37.3;41.9;1
4828;0.3086;20.0;37.3;41.9;1
4829;0.3076;20.0;37.2;41.8;1
4830;0.3083;20.0;37.2;41.8;1
4831;0.3083;20.0;37.2;41.8;1
4832;0.3095;20.0;37.2;41.7;1
4833;0.3099;19.9;37.2;41.7;1
4834;0.3079;19.9;37.2;41.6;1
4835;0.3065;19.9;37.2;41.6;1
4836;0.3062;19.9;37.2;41.6;1
4837;0.3049;19.9;37.3;41.6;1
4838;0.304;19.9;37.2;41.5;1
4839;0.3035;19.9;37.2;41.5;1
4840;0.3032;19.9;37.2;41.5;1
4841;0.3029;19.9;37.2;41.5;1
4842;0.3026;19.9;37.1;41.5;1
4843;0.3028;19.9;37.1;41.4;1
4844;0.3042;19.9;37.1;41.4;1
4845;0.3029;19.8;37.1;41.4;1
4846;0.3025;19.8;37.1;41.4;1
4847;0.3011;19.8;37.1;41.3;1
4848;0.3001;19.8;37.1;41.3;1
4849;0.3006;19.8;37.1;41.3;1
4850;0.3014;19.8;37.1;41.2;1
4851;0.3018;19.8;37.1;41.2;1
4852;0.3006;19.8;37.1;41.2;1
4853;0.3;19.8;37.1;41.2;1
4854;0.2992;19.8;37.1;41.1;1
4855;0.2998;19.8;37.1;41.2;1
4856;0.2974;19.8;37.1;41.1;1
4857;0.2975;19.8;37.1;41.1;1
4858;0.296;19.8;37.1;41.1;1
4859;0.2958;19.7;37.0;41.0;1
4860;0.2952;19.7;37.0;41.0;1
4861;0.2949;19.7;37.0;41.0;1
4862;0.2936;19.7;37.0;40.9;1
4863;0.2942;19.7;37.0;40.9;1
4864;0.295;19.7;37.0;40.8;1
4865;0.2946;19.6;37.0;40.8;1
4866;0.2929;19.6;37.0;40.8;1
4867;0.2918;19.6;37.0;40.8;1
4868;0.2923;19.6;37.0;40.8;1
4869;0.2917;19.6;37.0;40.6;1
4870;0.2919;19.7;36.9;40.6;1
4871;0.2926;19.7;36.9;40.5;1
4872;0.2912;19.6;36.8;40.6;1
4873;0.292;19.5;36.9;40.5;1
4874;0.2893;19.6;36.9;40.6;1
4875;0.2895;19.6;36.9;40.6;1
4876;0.29;19.5;36.8;40.5;1
4877;0.2873;19.5;36.7;40.5;1
4878;0.2893;19.4;36.7;40.5;1
4879;0.2889;19.4;36.8;40.4;1
4880;0.2874;19.4;36.8;40.4;1
4881;0.2882;19.4;36.8;40.3;1
4882;0.2881;19.4;36.8;40.3;1
4883;0.2885;19.4;36.7;40.1;1
4884;0.2875;19.4;36.8;40.1;1
4885;0.2866;19.4;36.7;40.1;1
4886;0.2862;19.4;36.7;40.2;1
4887;0.2843;19.4;36.7;40.0;1
4888;0.2851;19.4;36.7;40.2;1
4889;0.2855;19.4;36.6;39.9;1
4890;0.2858;19.4;36.6;39.9;1
4891;0.287;19.5;36.6;39.9;1
4892;0.2849;19.5;36.6;39.9;1
4893;0.2848;19.5;36.6;39.9;1
4894;0.2858;19.5;36.6;39.8;1
4895;0.2847;19.4;36.6;39.9;1
4896;0.2854;19.4;36.7;39.8;1
4897;0.2845;19.4;36.7;39.7;1
4898;0.2833;19.5;36.6;39.8;1
4899;0.2824;19.5;36.6;39.7;1
4900;0.281;19.5;36.6;39.7;1
4901;0.2819;19.5;36.6;39.7;1
4902;0.2812;19.5;36.5;39.6;1
4903;0.28;19.6;36.5;39.6;1
4904;0.2802;19.6;36.5;39.6;1
4905;0.2789;19.6;36.5;39.6;1
4906;0.2791;19.6;36.5;39.5;1
4907;0.2779;19.6;36.5;39.5;1
4908;0.2787;19.6;36.5;39.5;1
4909;0.2768;19.6;36.4;39.4;1
4910;0.2763;19.6;36.4;39.4;1
4911;0.2769;19.5;36.3;39.4;1
4912;0.2768;19.6;36.4;39.3;1
4913;0.2766;19.6;36.4;39.3;1
4914;0.2772;19.7;36.4;39.2;1
4915;0.2762;19.6;36.4;39.2;1
4916;0.2756;19.6;36.4;39.2;1
4917;0.2759;19.6;36.3;39.1;1
4918;0.2768;19.5;36.2;39.1;1
4919;0.2761;19.5;36.2;39.1;1
4920;0.2751;19.6;36.3;39.1;1
4921;0.2747;19.6;36.2;39.0;1
4922;0.275;19.6;36.3;39.0;1
4923;0.2734;19.5;36.3;39.0;1
4924;0.2738;19.5;36.3;39.0;1
4925;0.2739;19.6;36.3;39.0;1
4926;0.2758;19.5;36.2;39.0;1
4927;0.2735;19.5;36.3;38.9;1
4928;0.2741;19.5;36.2;38.9;1
4929;0.2728;19.5;36.3;38.9;1
4930;0.2726;19.5;36.3;38.8;1
4931;0.2725;19.6;36.3;38.8;1
4932;0.273;19.6;36.3;38.9;1
4933;0.2728;19.5;36.3;38.8;1
4934;0.2716;19.5;36.3;38.8;1
4935;0.2728;19.6;36.1;38.8;1
4936;0.2731;19.5;36.1;38.7;1
4937;0.2733;19.5;36.1;38.7;1
4938;0.2731;19.5;36.1;38.7;1
4939;0.272;19.4;36.0;38.7;1
4940;0.272;19.4;36.0;38.6;1
4941;0.2708;19.4;36.0;38.6;1
4942;0.2698;19.4;36.0;38.6;1
4943;0.2703;19.4;36.0;38.6;1
4944;0.269;19.3;35.9;38.5;1
4945;0.2696;19.4;36.1;38.6;1
4946;0.269;19.4;36.0;38.5;1
4947;0.2676;19.3;35.9;38.5;1
4948;0.2689;19.4;35.9;38.5;1
4949;0.2681;19.3;35.9;38.5;1
4950;0.2679;19.3;35.9;38.5;1
4951;0.2668;19.3;35.9;38.4;1
4952;0.2693;19.3;35.9;38.5;1
4953;0.266;19.4;35.9;38.4;1
4954;0.2666;19.3;35.9;38.3;1
4955;0.2651;19.3;35.9;38.4;1
4956;0.2653;19.3;35.8;38.3;1
4957;0.2667;19.3;35.8;38.3;1
4958;0.2654;19.3;35.8;38.3;1
4959;0.2659;19.3;35.8;38.3;1
4960;0.2652;19.3;35.8;38.2;1
4961;0.2651;19.2;35.8;38.2;1
4962;0.2658;19.3;35.8;38.2;1
4963;0.265;19.4;35.8;38.2;1
4964;0.2646;19.5;35.8;38.2;1
4965;0.2656;19.4;35.8;38.1;1
4966;0.2657;19.4;35.8;38.2;1
4967;0.2648;19.5;35.8;38.2;1
4968;0.2652;19.5;35.8;38.1;1
4969;0.2665;19.4;35.8;38.1;1
4970;0.2664;19.4;35.8;38.2;1
4971;0.2655;19.4;35.7;38.1;1
4972;0.2641;19.4;35.8;38.1;1
4973;0.266;19.4;35.8;38.0;1
4974;0.266;19.4;35.8;38.0;1
4975;0.2634;19.4;35.8;38.1;1
4976;0.2628;19.4;35.8;38.0;1
4977;0.2626;19.4;35.8;38.0;1
4978;0.2618;19.4;35.8;38.0;1
4979;0.2632;19.4;35.8;37.9;1
4980;0.2617;19.4;35.8;37.9;1
4981;0.2625;19.4;35.7;37.9;1
4982;0.2621;19.4;35.8;37.9;1
4983;0.2626;19.4;35.8;37.9;1
4984;0.2618;19.4;35.8;37.8;1
4985;0.2631;19.4;35.7;37.9;1
4986;0.2642;19.5;35.7;37.8;1
4987;0.2618;19.5;35.6;37.8;1
4988;0.2619;19.6;35.6;37.8;1
4989;0.2612;19.6;35.6;37.7;1
4990;0.2629;19.6;35.7;37.7;1
4991;0.2618;19.5;35.6;37.7;1
4992;0.2615;19.6;35.6;37.6;1
4993;0.2606;19.5;35.6;37.7;1
4994;0.2601;19.6;35.6;37.7;1
4995;0.26;19.6;35.6;37.7;1
4996;0.261;19.5;35.5;37.6;1
4997;0.2599;19.6;35.5;37.6;1
4998;0.2604;19.6;35.6;37.6;1
4999;0.2611;19.6;35.6;37.6;1
